Timestamp,User_ID,Login_Attempts_Per_Hour,CPU_Usage_Percent,Data_Transfer_MB,Access_Hour,Active_Sessions,Error_Count,Label
2024-01-30 12:35:00,USR-0235,9,32.5,33.23,10,1,0,Normal
2024-01-18 08:30:00,USR-0399,1,14.3,31.13,13,1,1,Normal
2024-01-04 09:20:00,USR-0145,4,45.0,3.72,11,4,0,Normal
2024-01-17 04:35:00,USR-0347,1,14.5,11.18,8,5,0,Normal
2024-02-03 10:45:00,USR-0017,26,95.5,335.19,2,42,4,Suspicious
2024-01-15 10:45:00,USR-0194,3,14.3,22.43,19,3,0,Normal
2024-01-03 02:30:00,USR-0420,3,31.9,24.37,13,3,0,Normal
2024-01-10 11:20:00,USR-0481,0,10.9,24.42,10,5,0,Normal
2024-01-10 16:30:00,USR-0191,3,24.0,21.88,14,4,0,Normal
2024-01-09 22:55:00,USR-0067,1,42.2,8.96,11,2,1,Normal
2024-01-09 07:50:00,USR-0237,5,37.8,5.85,14,3,0,Normal
2024-01-27 03:20:00,USR-0040,3,45.5,22.09,15,5,0,Normal
2024-01-14 11:45:00,USR-0194,4,19.5,10.03,13,6,0,Normal
2024-01-22 02:20:00,USR-0433,7,48.9,1.57,8,5,0,Normal
2024-01-04 09:10:00,USR-0080,4,14.4,1.31,8,6,0,Normal
2024-01-26 14:55:00,USR-0312,2,30.4,57.6,10,7,0,Normal
2024-01-09 11:25:00,USR-0325,1,23.4,20.45,10,4,0,Normal
2024-01-08 04:40:00,USR-0434,3,37.3,16.06,12,1,1,Normal
2024-01-21 11:40:00,USR-0382,3,44.0,1.21,11,6,0,Normal
2024-01-10 07:50:00,USR-0073,2,9.7,29.15,13,4,1,Normal
2024-01-12 22:20:00,USR-0406,3,38.5,12.93,14,4,1,Normal
2024-02-02 22:35:00,USR-0203,21,99.2,471.06,4,15,11,Suspicious
2024-01-29 08:15:00,USR-0454,2,16.3,13.56,7,7,1,Normal
2024-01-03 05:10:00,USR-0314,5,45.0,0.5,13,2,1,Normal
2024-01-19 05:55:00,USR-0266,2,27.9,12.53,8,7,0,Normal
2024-01-28 01:40:00,USR-0213,1,37.8,62.1,11,4,1,Normal
2024-01-14 20:25:00,USR-0147,5,38.0,12.34,9,5,0,Normal
2024-01-18 18:20:00,USR-0239,5,21.5,4.21,19,6,0,Normal
2024-01-31 19:00:00,USR-0135,3,36.3,13.42,9,7,1,Normal
2024-01-17 16:25:00,USR-0447,5,44.2,30.31,12,5,0,Normal
2024-01-23 04:35:00,USR-0063,6,23.8,14.99,9,1,0,Normal
2024-02-03 23:15:00,USR-0418,9,98.5,225.89,3,35,4,Suspicious
2024-01-06 18:40:00,USR-0365,2,16.6,6.95,14,1,0,Normal
2024-01-31 19:55:00,USR-0496,2,36.2,19.21,16,4,1,Normal
2024-01-26 07:55:00,USR-0199,1,30.3,3.09,13,2,1,Normal
2024-01-22 20:25:00,USR-0460,4,14.6,13.21,16,3,2,Normal
2024-02-02 11:25:00,USR-0093,18,93.9,347.43,3,29,7,Suspicious
2024-01-20 19:30:00,USR-0295,3,28.9,42.61,13,6,1,Normal
2024-01-24 04:15:00,USR-0034,0,28.3,12.56,10,2,0,Normal
2024-01-04 09:05:00,USR-0208,2,37.5,2.29,10,4,0,Normal
2024-01-13 11:10:00,USR-0292,1,17.1,7.75,9,7,1,Normal
2024-02-01 10:40:00,USR-0457,3,34.3,3.43,9,6,0,Normal
2024-01-02 05:00:00,USR-0464,8,25.8,10.58,8,6,1,Normal
2024-01-29 21:15:00,USR-0249,9,31.7,14.76,14,4,0,Normal
2024-01-08 08:55:00,USR-0012,1,40.3,8.08,12,7,1,Normal
2024-01-03 12:15:00,USR-0279,5,14.8,15.96,13,3,2,Normal
2024-01-31 08:35:00,USR-0472,1,22.8,15.71,12,6,0,Normal
2024-01-06 19:05:00,USR-0382,4,28.1,25.79,13,7,0,Normal
2024-01-23 16:25:00,USR-0393,3,14.5,9.21,11,2,0,Normal
2024-01-14 01:30:00,USR-0016,4,42.8,2.48,13,3,0,Normal
2024-01-03 14:30:00,USR-0468,4,11.5,38.58,14,7,0,Normal
2024-01-08 23:50:00,USR-0170,0,6.6,5.94,9,2,0,Normal
2024-01-29 17:50:00,USR-0340,4,21.5,14.37,14,2,0,Normal
2024-02-01 05:15:00,USR-0470,2,12.2,19.98,13,4,0,Normal
2024-01-31 09:40:00,USR-0243,2,49.3,4.7,12,5,2,Normal
2024-02-04 12:55:00,USR-0023,22,90.2,548.34,2,46,14,Suspicious
2024-02-02 21:15:00,USR-0201,24,87.1,127.39,2,22,6,Suspicious
2024-02-04 04:20:00,USR-0310,20,94.0,107.3,1,42,8,Suspicious
2024-01-24 17:10:00,USR-0135,4,19.6,28.15,11,6,1,Normal
2024-01-03 18:30:00,USR-0422,4,14.8,2.91,13,4,0,Normal
2024-02-04 13:30:00,USR-0362,27,97.6,158.41,3,43,12,Suspicious
2024-02-02 15:50:00,USR-0030,16,89.6,412.76,4,29,6,Suspicious
2024-01-28 15:20:00,USR-0119,5,29.0,2.17,14,7,0,Normal
2024-02-03 11:40:00,USR-0164,25,86.4,120.69,5,34,9,Suspicious
2024-01-04 11:10:00,USR-0484,4,42.1,15.0,12,3,0,Normal
2024-01-05 01:30:00,USR-0387,3,22.7,11.35,14,5,0,Normal
2024-01-12 03:40:00,USR-0470,4,44.4,6.87,10,2,0,Normal
2024-01-18 01:55:00,USR-0365,4,40.1,4.29,19,5,0,Normal
2024-01-04 20:50:00,USR-0289,3,15.8,32.42,13,1,1,Normal
2024-01-27 02:45:00,USR-0076,3,22.8,27.08,15,5,0,Normal
2024-01-11 21:40:00,USR-0100,2,23.1,1.83,11,5,0,Normal
2024-01-18 11:25:00,USR-0322,4,51.0,37.59,13,4,1,Normal
2024-02-03 10:05:00,USR-0149,26,94.1,978.75,4,33,5,Suspicious
2024-01-17 22:25:00,USR-0358,3,13.8,13.46,13,5,0,Normal
2024-01-07 13:05:00,USR-0430,6,15.3,11.93,9,5,1,Normal
2024-01-12 02:25:00,USR-0403,3,29.3,30.17,11,4,0,Normal
2024-01-01 06:50:00,USR-0042,1,25.6,11.54,16,6,3,Normal
2024-01-23 16:10:00,USR-0462,2,33.7,13.64,10,5,0,Normal
2024-01-04 13:10:00,USR-0015,0,24.0,11.18,11,5,0,Normal
2024-01-03 08:55:00,USR-0494,2,19.7,9.81,13,6,0,Normal
2024-01-25 08:45:00,USR-0377,6,49.3,16.71,10,6,0,Normal
2024-01-29 05:25:00,USR-0462,1,28.8,20.38,8,3,1,Normal
2024-01-07 06:05:00,USR-0474,7,45.8,36.42,11,4,2,Normal
2024-01-14 03:40:00,USR-0125,5,33.5,5.26,9,1,1,Normal
2024-01-30 10:00:00,USR-0211,4,13.2,22.98,12,5,0,Normal
2024-01-27 10:50:00,USR-0187,4,16.1,10.93,14,7,0,Normal
2024-01-06 16:20:00,USR-0016,5,22.9,11.87,14,2,0,Normal
2024-02-02 00:35:00,USR-0254,18,88.7,984.7,5,45,11,Suspicious
2024-01-21 04:35:00,USR-0492,6,36.4,3.62,10,2,0,Normal
2024-01-24 21:05:00,USR-0397,6,19.5,6.84,14,4,0,Normal
2024-02-02 10:45:00,USR-0095,17,97.9,220.01,0,22,8,Suspicious
2024-01-27 06:35:00,USR-0265,5,61.4,19.88,12,6,0,Normal
2024-01-06 18:45:00,USR-0365,6,29.7,18.09,11,2,0,Normal
2024-02-03 14:40:00,USR-0458,17,95.7,155.9,2,19,4,Suspicious
2024-01-11 21:55:00,USR-0065,2,38.2,9.53,9,7,0,Normal
2024-01-25 06:15:00,USR-0221,3,31.0,29.7,13,2,0,Normal
2024-01-27 01:55:00,USR-0244,2,18.1,18.91,18,4,0,Normal
2024-01-21 09:35:00,USR-0065,5,22.1,4.17,12,2,1,Normal
2024-01-16 20:20:00,USR-0285,3,16.8,8.12,13,3,2,Normal
2024-01-18 19:20:00,USR-0055,3,13.0,27.17,15,7,2,Normal
2024-01-05 08:40:00,USR-0261,1,42.3,21.71,13,3,0,Normal
2024-01-07 23:55:00,USR-0077,4,55.7,4.81,14,6,1,Normal
2024-01-10 18:05:00,USR-0161,3,23.4,9.4,14,1,0,Normal
2024-01-21 11:35:00,USR-0001,1,52.5,11.57,10,4,1,Normal
2024-01-06 23:15:00,USR-0060,2,18.7,37.55,15,5,0,Normal
2024-01-15 18:10:00,USR-0013,1,43.4,22.13,13,2,0,Normal
2024-01-23 05:05:00,USR-0477,2,15.2,26.86,13,5,0,Normal
2024-02-01 04:10:00,USR-0380,1,13.7,15.24,15,3,0,Normal
2024-02-03 22:00:00,USR-0006,19,86.7,126.24,0,46,6,Suspicious
2024-01-27 21:45:00,USR-0081,2,14.0,18.41,11,5,0,Normal
2024-01-29 07:35:00,USR-0023,1,16.8,0.85,13,2,0,Normal
2024-01-14 10:50:00,USR-0030,3,21.2,15.64,11,3,1,Normal
2024-01-15 13:45:00,USR-0273,3,54.9,40.92,14,5,1,Normal
2024-01-30 02:55:00,USR-0182,2,22.1,1.84,7,7,0,Normal
2024-01-01 19:05:00,USR-0180,3,34.4,9.49,8,4,1,Normal
2024-01-24 10:00:00,USR-0261,3,25.8,5.33,11,4,1,Normal
2024-01-31 02:25:00,USR-0054,6,46.3,22.96,12,6,1,Normal
2024-01-08 19:30:00,USR-0111,3,18.7,1.73,16,6,0,Normal
2024-01-19 09:25:00,USR-0376,5,17.0,14.8,13,4,0,Normal
2024-02-04 03:30:00,USR-0257,25,87.5,546.87,0,48,10,Suspicious
2024-01-05 12:00:00,USR-0257,3,54.5,25.72,14,6,0,Normal
2024-01-12 00:15:00,USR-0351,2,48.2,0.9,9,4,1,Normal
2024-02-02 17:50:00,USR-0005,21,98.8,289.16,4,46,5,Suspicious
2024-01-12 09:05:00,USR-0071,2,40.0,1.29,13,3,1,Normal
2024-01-30 21:25:00,USR-0304,3,19.5,1.99,11,5,1,Normal
2024-01-28 16:55:00,USR-0438,6,42.5,31.14,15,5,1,Normal
2024-01-09 23:25:00,USR-0184,3,21.1,3.74,14,1,0,Normal
2024-01-10 21:25:00,USR-0298,3,34.9,19.53,10,4,0,Normal
2024-01-26 17:05:00,USR-0260,2,20.1,36.58,10,3,0,Normal
2024-01-29 17:05:00,USR-0256,1,9.3,30.03,15,4,0,Normal
2024-01-20 11:20:00,USR-0034,5,50.3,30.95,14,4,0,Normal
2024-01-28 21:35:00,USR-0059,1,13.5,11.87,14,7,1,Normal
2024-01-11 02:45:00,USR-0149,2,11.1,17.67,15,2,0,Normal
2024-01-05 07:25:00,USR-0120,1,53.2,2.17,12,1,1,Normal
2024-01-12 04:45:00,USR-0280,5,26.0,3.46,14,6,0,Normal
2024-01-09 10:25:00,USR-0490,3,11.6,0.72,12,5,0,Normal
2024-01-03 01:25:00,USR-0372,3,32.4,1.14,12,7,3,Normal
2024-01-29 11:00:00,USR-0396,3,17.6,18.64,10,1,1,Normal
2024-01-20 21:00:00,USR-0017,2,14.2,13.53,10,2,0,Normal
2024-01-03 09:15:00,USR-0266,2,31.6,73.97,11,3,0,Normal
2024-01-17 00:20:00,USR-0254,6,20.3,5.72,17,6,0,Normal
2024-01-24 23:10:00,USR-0374,6,33.8,1.99,7,7,0,Normal
2024-02-03 14:35:00,USR-0208,22,89.8,463.98,1,42,9,Suspicious
2024-01-25 14:25:00,USR-0410,2,27.6,15.77,14,6,1,Normal
2024-01-16 22:35:00,USR-0349,4,15.9,10.99,11,1,2,Normal
2024-01-23 00:40:00,USR-0164,2,37.2,18.34,13,3,0,Normal
2024-01-28 23:50:00,USR-0232,3,18.6,17.95,8,2,1,Normal
2024-01-27 17:40:00,USR-0198,2,29.0,4.83,16,2,1,Normal
2024-01-30 01:00:00,USR-0171,5,31.8,1.68,11,1,0,Normal
2024-01-12 08:35:00,USR-0132,3,21.8,4.5,16,1,0,Normal
2024-01-23 03:20:00,USR-0369,3,8.3,2.79,16,6,0,Normal
2024-01-20 14:40:00,USR-0450,2,33.1,23.45,15,6,0,Normal
2024-02-04 06:25:00,USR-0331,28,92.6,439.91,3,35,7,Suspicious
2024-01-14 12:45:00,USR-0087,0,37.7,9.55,11,4,0,Normal
2024-01-06 08:10:00,USR-0075,2,18.9,20.61,10,2,0,Normal
2024-01-27 16:45:00,USR-0474,2,41.5,10.76,12,4,0,Normal
2024-01-16 22:55:00,USR-0061,2,20.9,27.65,14,5,3,Normal
2024-01-06 06:05:00,USR-0011,1,42.1,2.67,9,1,0,Normal
2024-01-10 16:00:00,USR-0249,3,17.7,6.6,12,3,1,Normal
2024-01-22 19:45:00,USR-0328,3,13.3,3.95,10,1,0,Normal
2024-01-30 01:30:00,USR-0099,0,17.2,3.61,14,7,1,Normal
2024-01-12 00:45:00,USR-0202,4,7.6,33.13,9,6,0,Normal
2024-01-03 23:25:00,USR-0292,5,19.3,31.4,16,7,1,Normal
2024-01-12 12:00:00,USR-0433,6,17.6,13.98,10,4,1,Normal
2024-01-01 18:00:00,USR-0144,2,24.1,35.23,14,5,0,Normal
2024-01-31 04:50:00,USR-0042,2,29.5,49.51,9,3,0,Normal
2024-01-18 10:40:00,USR-0004,5,11.4,60.1,13,7,1,Normal
2024-01-29 04:45:00,USR-0363,2,29.0,24.26,9,7,0,Normal
2024-01-30 10:35:00,USR-0252,1,23.8,16.57,10,6,2,Normal
2024-01-31 07:10:00,USR-0393,5,13.2,12.4,12,4,0,Normal
2024-01-25 19:05:00,USR-0369,2,20.5,0.63,15,2,1,Normal
2024-02-01 07:00:00,USR-0469,4,29.4,71.13,12,1,1,Normal
2024-01-24 18:40:00,USR-0442,3,9.7,4.05,11,5,0,Normal
2024-01-18 19:30:00,USR-0140,1,25.7,14.0,8,2,0,Normal
2024-01-06 07:25:00,USR-0018,5,22.0,14.74,10,4,0,Normal
2024-01-15 18:25:00,USR-0186,3,5.1,6.85,15,4,1,Normal
2024-01-15 04:30:00,USR-0367,6,18.3,5.25,10,3,0,Normal
2024-02-02 12:45:00,USR-0463,14,92.7,715.37,0,33,6,Suspicious
2024-01-28 17:05:00,USR-0047,1,17.6,5.9,11,7,1,Normal
2024-01-03 14:20:00,USR-0233,3,22.6,25.94,9,3,0,Normal
2024-01-16 01:30:00,USR-0246,3,26.6,15.89,10,4,0,Normal
2024-01-03 01:10:00,USR-0303,4,35.8,8.1,11,4,0,Normal
2024-01-09 23:00:00,USR-0341,3,14.0,4.65,12,6,0,Normal
2024-01-18 22:50:00,USR-0192,4,37.4,3.7,12,4,0,Normal
2024-01-14 09:55:00,USR-0317,7,13.7,13.35,9,7,0,Normal
2024-01-28 09:45:00,USR-0286,2,37.9,14.57,9,1,2,Normal
2024-01-28 23:05:00,USR-0008,3,27.5,13.56,9,7,1,Normal
2024-01-05 04:20:00,USR-0325,3,35.1,4.34,8,7,0,Normal
2024-01-12 05:50:00,USR-0259,5,19.1,9.86,12,3,0,Normal
2024-01-12 07:25:00,USR-0052,3,40.4,5.42,14,2,0,Normal
2024-01-22 11:00:00,USR-0089,3,34.0,20.04,10,2,0,Normal
2024-01-13 09:00:00,USR-0183,7,5.2,19.12,19,5,0,Normal
2024-01-11 03:35:00,USR-0073,2,20.8,15.36,10,1,0,Normal
2024-01-01 06:45:00,USR-0093,1,44.8,33.03,8,5,0,Normal
2024-01-07 02:10:00,USR-0445,4,34.9,7.32,10,4,0,Normal
2024-01-27 22:40:00,USR-0400,1,14.7,29.2,10,5,1,Normal
2024-01-03 12:50:00,USR-0449,3,37.1,3.71,11,4,0,Normal
2024-01-15 17:10:00,USR-0031,3,24.3,26.38,11,4,2,Normal
2024-01-14 22:25:00,USR-0297,3,17.6,32.03,11,1,0,Normal
2024-01-16 13:55:00,USR-0141,3,19.1,3.72,11,1,1,Normal
2024-01-16 09:50:00,USR-0107,4,31.6,21.03,9,6,0,Normal
2024-01-24 03:30:00,USR-0129,2,39.3,18.8,10,6,0,Normal
2024-01-06 15:05:00,USR-0282,5,31.7,36.84,12,2,1,Normal
2024-01-04 11:05:00,USR-0070,6,55.5,28.99,8,2,1,Normal
2024-02-01 07:40:00,USR-0031,2,27.8,14.52,10,2,0,Normal
2024-01-24 18:20:00,USR-0046,2,36.7,9.82,11,5,1,Normal
2024-02-03 22:45:00,USR-0216,18,95.2,1354.02,4,29,7,Suspicious
2024-01-11 09:45:00,USR-0248,1,18.9,29.61,10,6,0,Normal
2024-01-30 22:25:00,USR-0407,2,23.2,15.5,9,1,0,Normal
2024-01-17 00:15:00,USR-0317,6,30.5,10.12,9,6,0,Normal
2024-02-03 19:55:00,USR-0415,18,89.9,241.86,1,35,9,Suspicious
2024-01-03 02:20:00,USR-0480,4,14.4,3.81,8,2,4,Normal
2024-01-12 23:35:00,USR-0363,0,18.8,27.67,15,1,1,Normal
2024-01-31 06:55:00,USR-0208,3,37.5,28.73,14,1,1,Normal
2024-01-02 19:25:00,USR-0498,4,14.1,1.77,13,1,0,Normal
2024-01-23 17:40:00,USR-0351,3,34.1,31.18,8,2,1,Normal
2024-01-12 19:10:00,USR-0261,0,23.6,13.09,16,4,0,Normal
2024-01-13 14:30:00,USR-0500,3,38.8,10.61,9,4,1,Normal
2024-01-14 18:10:00,USR-0329,3,23.3,3.72,14,3,1,Normal
2024-01-18 02:20:00,USR-0244,3,27.3,2.57,9,4,2,Normal
2024-01-25 19:20:00,USR-0238,1,17.2,11.18,8,5,1,Normal
2024-01-23 12:20:00,USR-0226,3,10.3,15.64,14,6,0,Normal
2024-01-28 04:35:00,USR-0157,1,44.4,16.47,9,4,0,Normal
2024-01-14 20:20:00,USR-0309,1,36.2,0.85,11,2,1,Normal
2024-01-04 22:50:00,USR-0324,2,40.5,23.15,15,1,0,Normal
2024-02-01 17:55:00,USR-0414,2,54.7,9.96,12,7,2,Normal
2024-01-01 07:00:00,USR-0011,0,46.7,2.18,12,3,0,Normal
2024-01-20 00:40:00,USR-0037,3,51.0,4.01,13,5,0,Normal
2024-01-15 08:05:00,USR-0218,1,8.0,57.72,8,5,1,Normal
2024-01-20 20:10:00,USR-0133,1,40.0,11.64,14,4,0,Normal
2024-02-04 07:00:00,USR-0297,27,97.1,663.24,5,44,4,Suspicious
2024-01-09 13:35:00,USR-0384,1,39.6,10.53,15,4,0,Normal
2024-02-01 15:20:00,USR-0491,4,14.7,35.48,19,5,0,Normal
2024-01-30 17:20:00,USR-0479,3,42.7,14.36,11,5,0,Normal
2024-01-04 22:30:00,USR-0355,2,47.3,1.21,15,2,0,Normal
2024-01-20 07:45:00,USR-0255,3,12.6,6.74,10,4,2,Normal
2024-01-09 09:45:00,USR-0159,1,22.9,28.45,9,5,0,Normal
2024-01-24 06:25:00,USR-0381,3,15.9,4.22,18,1,0,Normal
2024-01-24 03:10:00,USR-0245,3,19.0,13.5,14,3,0,Normal
2024-02-01 21:40:00,USR-0210,4,40.2,10.28,12,2,1,Normal
2024-01-31 21:25:00,USR-0030,0,32.1,2.63,9,3,1,Normal
2024-01-29 08:50:00,USR-0281,2,34.8,9.17,14,1,0,Normal
2024-01-22 05:05:00,USR-0171,2,19.1,37.93,14,3,1,Normal
2024-02-03 11:25:00,USR-0463,11,99.9,370.76,1,33,10,Suspicious
2024-01-23 17:00:00,USR-0428,1,16.4,35.0,14,5,0,Normal
2024-01-03 05:35:00,USR-0456,2,14.9,8.1,14,4,1,Normal
2024-01-02 08:45:00,USR-0405,5,32.2,1.13,10,5,1,Normal
2024-01-05 21:20:00,USR-0050,3,36.4,9.56,9,7,0,Normal
2024-02-01 14:05:00,USR-0334,2,35.8,6.64,17,3,0,Normal
2024-01-03 03:00:00,USR-0497,2,43.1,0.59,13,2,0,Normal
2024-01-16 13:45:00,USR-0042,5,46.3,5.42,15,2,0,Normal
2024-01-14 11:10:00,USR-0418,4,24.0,14.55,7,3,1,Normal
2024-01-29 07:45:00,USR-0095,5,19.7,1.42,17,7,1,Normal
2024-02-02 09:40:00,USR-0461,25,99.2,162.85,5,25,3,Suspicious
2024-01-14 01:25:00,USR-0421,2,23.9,56.21,15,3,1,Normal
2024-01-15 20:40:00,USR-0423,2,47.6,0.56,9,2,1,Normal
2024-01-19 07:00:00,USR-0388,5,56.8,9.31,11,5,0,Normal
2024-01-25 12:00:00,USR-0285,1,18.7,19.17,13,7,0,Normal
2024-01-29 10:50:00,USR-0209,5,18.9,10.26,7,6,0,Normal
2024-01-24 11:45:00,USR-0331,0,31.3,3.93,8,7,0,Normal
2024-01-21 20:30:00,USR-0095,2,53.8,3.62,16,1,0,Normal
2024-01-31 02:00:00,USR-0130,5,37.4,3.54,13,7,1,Normal
2024-01-21 01:25:00,USR-0454,3,13.3,8.34,8,6,0,Normal
2024-01-06 22:25:00,USR-0390,3,9.7,7.12,9,1,0,Normal
2024-01-20 20:40:00,USR-0169,2,56.6,67.89,12,7,0,Normal
2024-02-04 00:05:00,USR-0201,25,87.8,177.28,5,38,8,Suspicious
2024-01-29 12:20:00,USR-0070,3,35.5,2.92,10,4,0,Normal
2024-01-24 00:30:00,USR-0394,3,21.0,4.76,19,5,0,Normal
2024-01-09 19:05:00,USR-0261,1,10.5,30.05,12,2,2,Normal
2024-01-28 08:30:00,USR-0050,1,33.0,6.76,16,6,1,Normal
2024-01-24 04:55:00,USR-0379,2,13.6,17.27,14,2,1,Normal
2024-01-14 22:10:00,USR-0332,2,23.8,10.28,12,5,0,Normal
2024-01-03 08:10:00,USR-0452,1,27.1,15.8,18,7,0,Normal
2024-01-21 11:05:00,USR-0312,4,10.3,8.14,7,2,0,Normal
2024-01-04 23:45:00,USR-0171,3,22.6,16.44,16,7,0,Normal
2024-01-05 20:00:00,USR-0003,1,20.8,16.6,12,5,1,Normal
2024-01-02 00:55:00,USR-0458,3,46.1,3.39,8,6,1,Normal
2024-01-21 14:20:00,USR-0265,4,38.3,3.12,11,5,1,Normal
2024-01-03 04:30:00,USR-0387,3,27.9,18.81,17,7,0,Normal
2024-02-01 22:15:00,USR-0291,3,42.8,16.09,16,1,0,Normal
2024-01-22 04:40:00,USR-0138,1,17.2,6.23,14,4,0,Normal
2024-01-11 14:15:00,USR-0354,5,46.7,18.5,14,3,0,Normal
2024-01-27 08:15:00,USR-0336,7,37.1,3.61,9,6,0,Normal
2024-02-03 09:55:00,USR-0139,29,96.5,770.46,2,40,11,Suspicious
2024-01-13 00:00:00,USR-0193,4,23.3,16.67,8,7,3,Normal
2024-02-03 01:05:00,USR-0002,24,96.3,513.19,1,28,3,Suspicious
2024-01-05 21:05:00,USR-0394,1,35.4,9.51,8,2,0,Normal
2024-01-19 02:45:00,USR-0137,2,27.7,42.68,16,2,1,Normal
2024-02-02 05:05:00,USR-0450,19,89.1,136.18,3,15,4,Suspicious
2024-01-19 13:10:00,USR-0368,4,26.3,14.58,17,1,1,Normal
2024-02-02 10:25:00,USR-0128,20,95.0,309.64,4,40,11,Suspicious
2024-01-19 15:55:00,USR-0231,5,25.8,6.79,12,5,2,Normal
2024-01-07 22:20:00,USR-0101,4,15.9,10.84,8,4,0,Normal
2024-01-17 07:15:00,USR-0476,0,23.0,59.45,13,1,0,Normal
2024-01-24 13:20:00,USR-0082,2,18.0,4.96,12,5,0,Normal
2024-01-13 02:20:00,USR-0189,6,36.2,33.16,11,2,2,Normal
2024-01-04 12:15:00,USR-0374,2,14.3,59.61,17,4,0,Normal
2024-01-14 09:00:00,USR-0453,7,8.1,17.65,15,7,0,Normal
2024-01-01 08:20:00,USR-0146,3,22.9,18.69,9,5,0,Normal
2024-01-12 05:35:00,USR-0433,3,29.3,18.2,16,4,1,Normal
2024-01-30 20:35:00,USR-0044,2,34.3,28.05,10,6,0,Normal
2024-01-11 09:50:00,USR-0009,7,27.2,3.23,7,6,2,Normal
2024-02-01 02:50:00,USR-0289,3,15.2,16.16,16,1,0,Normal
2024-01-09 01:20:00,USR-0339,4,19.4,12.15,12,6,0,Normal
2024-01-09 22:00:00,USR-0176,3,12.7,44.3,14,4,1,Normal
2024-01-24 05:35:00,USR-0345,3,29.5,22.29,11,2,0,Normal
2024-02-04 05:55:00,USR-0199,16,93.7,872.91,0,23,10,Suspicious
2024-01-11 18:20:00,USR-0275,1,31.4,2.71,7,1,1,Normal
2024-01-13 09:50:00,USR-0123,7,39.6,36.16,10,7,0,Normal
2024-01-12 18:10:00,USR-0228,3,34.3,5.4,10,2,1,Normal
2024-01-30 04:10:00,USR-0274,1,30.4,5.52,13,6,1,Normal
2024-01-28 00:00:00,USR-0326,3,5.8,11.67,16,7,1,Normal
2024-01-30 19:20:00,USR-0457,2,36.9,4.26,10,2,0,Normal
2024-01-08 15:20:00,USR-0214,2,16.7,17.41,15,7,0,Normal
2024-01-22 13:55:00,USR-0252,1,29.0,26.27,14,1,0,Normal
2024-01-27 03:15:00,USR-0055,1,47.7,11.81,10,4,0,Normal
2024-01-12 14:05:00,USR-0222,5,39.1,6.11,12,2,0,Normal
2024-01-03 17:00:00,USR-0147,1,10.0,36.85,12,3,0,Normal
2024-02-02 13:05:00,USR-0414,27,89.7,1111.69,2,47,9,Suspicious
2024-02-02 04:35:00,USR-0002,33,86.0,611.81,3,31,9,Suspicious
2024-01-20 18:35:00,USR-0371,3,19.3,22.63,10,4,0,Normal
2024-01-08 14:25:00,USR-0134,3,18.5,3.47,7,1,0,Normal
2024-01-24 07:10:00,USR-0306,2,35.3,1.39,13,6,0,Normal
2024-01-03 04:15:00,USR-0178,7,23.6,23.83,19,7,0,Normal
2024-01-17 16:15:00,USR-0129,2,33.8,1.06,15,7,1,Normal
2024-01-27 19:45:00,USR-0107,4,10.5,3.96,11,4,0,Normal
2024-01-12 05:20:00,USR-0309,5,41.5,11.82,11,1,0,Normal
2024-01-06 03:55:00,USR-0424,5,40.8,50.12,11,1,0,Normal
2024-01-20 04:00:00,USR-0365,2,56.5,9.61,11,5,1,Normal
2024-01-21 09:30:00,USR-0466,5,9.7,9.48,10,6,0,Normal
2024-01-21 01:40:00,USR-0178,3,22.1,8.48,11,7,0,Normal
2024-01-25 12:45:00,USR-0059,4,11.2,3.01,12,6,1,Normal
2024-01-26 09:35:00,USR-0110,4,34.5,1.31,17,7,1,Normal
2024-01-03 19:00:00,USR-0485,5,18.7,5.33,14,1,0,Normal
2024-01-06 18:35:00,USR-0374,1,33.6,1.48,14,2,0,Normal
2024-01-11 09:40:00,USR-0423,3,40.5,28.95,11,1,0,Normal
2024-02-03 03:25:00,USR-0031,32,99.3,631.7,0,34,11,Suspicious
2024-01-15 13:40:00,USR-0083,5,52.5,25.27,11,1,0,Normal
2024-01-28 19:15:00,USR-0472,3,28.8,0.81,7,4,1,Normal
2024-01-02 18:45:00,USR-0182,0,26.5,2.0,18,6,2,Normal
2024-01-07 09:10:00,USR-0319,2,31.1,27.04,15,1,0,Normal
2024-01-11 08:10:00,USR-0148,2,27.0,6.82,9,2,2,Normal
2024-01-08 18:45:00,USR-0299,2,28.2,16.19,10,1,0,Normal
2024-01-14 05:00:00,USR-0188,4,24.0,3.8,13,5,1,Normal
2024-01-15 17:40:00,USR-0439,3,39.4,0.89,13,5,1,Normal
2024-01-15 09:35:00,USR-0193,3,22.5,0.76,7,3,1,Normal
2024-01-02 14:45:00,USR-0229,3,16.3,9.56,10,6,1,Normal
2024-01-14 16:00:00,USR-0473,4,16.1,3.99,13,1,1,Normal
2024-01-20 12:35:00,USR-0356,2,15.6,5.77,14,1,1,Normal
2024-01-22 11:15:00,USR-0429,2,48.3,46.2,9,1,0,Normal
2024-01-05 15:10:00,USR-0220,5,51.9,0.87,11,5,2,Normal
2024-01-28 17:20:00,USR-0390,6,30.6,4.23,10,7,0,Normal
2024-01-04 12:35:00,USR-0235,2,33.5,1.63,14,3,0,Normal
2024-01-24 14:55:00,USR-0029,1,28.1,7.05,7,1,2,Normal
2024-01-25 20:30:00,USR-0445,2,24.9,12.32,13,4,0,Normal
2024-01-25 21:25:00,USR-0141,3,16.0,20.06,15,6,0,Normal
2024-01-22 05:50:00,USR-0399,2,30.1,13.35,11,5,1,Normal
2024-01-19 14:15:00,USR-0401,2,14.5,6.51,18,5,1,Normal
2024-01-11 14:35:00,USR-0232,6,26.5,32.44,10,7,0,Normal
2024-01-25 23:10:00,USR-0221,5,16.9,4.22,13,3,0,Normal
2024-01-25 11:00:00,USR-0472,6,34.7,9.13,17,5,1,Normal
2024-01-30 16:20:00,USR-0356,2,9.5,0.56,9,2,2,Normal
2024-01-22 22:30:00,USR-0330,3,17.2,13.69,12,4,0,Normal
2024-01-13 15:35:00,USR-0125,0,58.5,6.02,11,3,0,Normal
2024-01-05 02:10:00,USR-0202,3,33.1,23.08,9,7,0,Normal
2024-01-17 13:55:00,USR-0166,2,41.7,23.24,10,3,0,Normal
2024-02-03 19:05:00,USR-0336,28,87.7,801.26,4,45,6,Suspicious
2024-01-20 12:20:00,USR-0269,0,35.9,3.96,9,1,0,Normal
2024-01-17 11:50:00,USR-0148,2,17.2,1.4,12,4,1,Normal
2024-01-20 17:50:00,USR-0072,4,13.3,7.25,15,1,0,Normal
2024-02-02 03:35:00,USR-0485,22,95.2,146.57,1,33,12,Suspicious
2024-01-13 08:25:00,USR-0494,4,17.2,8.47,11,3,1,Normal
2024-01-04 15:45:00,USR-0368,5,16.9,42.38,12,1,0,Normal
2024-01-24 04:50:00,USR-0160,3,39.9,9.84,7,1,1,Normal
2024-01-20 01:20:00,USR-0305,9,35.5,25.47,14,3,0,Normal
2024-01-08 01:50:00,USR-0309,4,22.8,20.32,9,5,1,Normal
2024-01-26 23:30:00,USR-0189,4,17.7,4.33,8,4,0,Normal
2024-01-14 08:05:00,USR-0222,4,28.6,9.72,11,2,0,Normal
2024-01-15 14:10:00,USR-0232,3,28.0,28.39,10,4,1,Normal
2024-02-04 00:45:00,USR-0499,27,88.3,252.82,0,32,9,Suspicious
2024-01-20 07:20:00,USR-0451,3,19.5,21.16,11,3,0,Normal
2024-01-18 21:10:00,USR-0003,0,16.1,15.66,12,6,2,Normal
2024-01-10 16:45:00,USR-0257,4,40.8,14.4,13,7,1,Normal
2024-01-28 14:05:00,USR-0395,3,30.5,1.09,12,4,0,Normal
2024-01-26 07:15:00,USR-0156,4,46.1,16.74,10,2,0,Normal
2024-01-21 20:50:00,USR-0267,1,14.2,0.7,17,3,1,Normal
2024-02-02 11:20:00,USR-0459,25,99.7,437.3,5,25,11,Suspicious
2024-01-06 22:20:00,USR-0426,6,26.3,0.72,9,5,1,Normal
2024-01-30 15:05:00,USR-0436,2,20.3,8.04,7,5,1,Normal
2024-01-16 02:15:00,USR-0235,3,47.9,9.25,12,3,0,Normal
2024-01-18 09:05:00,USR-0440,3,16.4,4.79,18,5,0,Normal
2024-01-12 02:30:00,USR-0445,4,50.7,36.72,17,7,1,Normal
2024-01-15 16:55:00,USR-0157,1,38.3,10.77,10,4,2,Normal
2024-01-13 13:10:00,USR-0482,4,21.9,25.55,14,5,1,Normal
2024-01-14 15:05:00,USR-0024,2,9.2,9.52,15,1,0,Normal
2024-01-24 19:10:00,USR-0109,3,49.3,56.09,12,2,2,Normal
2024-01-26 02:05:00,USR-0453,4,21.3,11.96,11,2,1,Normal
2024-01-17 19:15:00,USR-0049,1,32.6,30.01,9,3,0,Normal
2024-01-31 06:10:00,USR-0493,4,48.0,3.64,10,1,1,Normal
2024-01-22 01:35:00,USR-0403,2,28.0,16.0,13,7,0,Normal
2024-01-01 12:45:00,USR-0492,6,12.7,13.78,14,3,0,Normal
2024-01-19 00:55:00,USR-0009,1,17.6,18.22,16,4,1,Normal
2024-01-02 04:10:00,USR-0018,1,32.1,13.54,10,4,0,Normal
2024-02-03 23:45:00,USR-0354,25,92.8,223.37,3,47,7,Suspicious
2024-01-29 13:00:00,USR-0480,4,26.7,36.68,11,5,0,Normal
2024-01-26 10:40:00,USR-0067,4,28.2,21.53,13,5,0,Normal
2024-01-31 18:50:00,USR-0361,3,45.1,13.42,19,1,0,Normal
2024-01-06 06:35:00,USR-0090,1,21.9,11.15,16,7,1,Normal
2024-01-12 03:35:00,USR-0170,0,13.9,7.16,19,2,1,Normal
2024-01-29 20:15:00,USR-0004,3,41.6,7.63,18,6,1,Normal
2024-02-02 09:55:00,USR-0183,17,89.2,311.93,1,46,8,Suspicious
2024-01-11 13:25:00,USR-0176,2,14.1,13.11,10,6,0,Normal
2024-01-22 06:50:00,USR-0132,5,46.2,31.04,13,2,0,Normal
2024-01-12 11:15:00,USR-0108,2,15.7,39.44,19,6,0,Normal
2024-01-08 13:10:00,USR-0041,1,17.9,31.21,17,2,0,Normal
2024-01-19 13:25:00,USR-0085,1,35.6,10.5,8,3,0,Normal
2024-02-01 09:05:00,USR-0030,3,17.1,22.26,12,2,0,Normal
2024-02-02 06:20:00,USR-0342,21,89.3,822.51,4,29,6,Suspicious
2024-01-06 21:15:00,USR-0325,3,13.4,12.02,12,4,0,Normal
2024-01-17 10:35:00,USR-0116,3,27.8,2.33,18,2,0,Normal
2024-01-08 04:30:00,USR-0376,8,25.3,48.27,14,4,1,Normal
2024-01-30 09:30:00,USR-0046,4,29.7,4.08,15,4,0,Normal
2024-01-20 16:05:00,USR-0055,2,21.4,2.56,9,4,0,Normal
2024-01-01 22:55:00,USR-0454,3,30.9,14.63,17,6,0,Normal
2024-01-27 21:05:00,USR-0302,3,16.1,29.79,9,4,1,Normal
2024-01-10 01:10:00,USR-0071,0,23.5,1.33,16,7,0,Normal
2024-01-09 12:15:00,USR-0269,2,42.1,17.14,10,2,1,Normal
2024-02-01 10:05:00,USR-0099,4,22.0,3.72,9,7,2,Normal
2024-01-03 09:50:00,USR-0194,4,41.0,8.27,12,2,0,Normal
2024-01-11 12:05:00,USR-0470,2,28.7,11.69,8,1,1,Normal
2024-01-28 05:20:00,USR-0293,4,38.0,38.28,8,2,0,Normal
2024-01-12 16:15:00,USR-0430,2,13.8,3.59,10,3,0,Normal
2024-01-02 23:05:00,USR-0282,2,9.6,14.6,10,2,2,Normal
2024-01-21 06:30:00,USR-0236,0,11.1,18.21,9,6,0,Normal
2024-01-04 23:20:00,USR-0089,1,61.4,3.99,14,3,1,Normal
2024-01-14 15:50:00,USR-0290,3,22.7,10.18,9,5,0,Normal
2024-01-31 05:40:00,USR-0092,5,11.7,7.87,16,1,0,Normal
2024-01-09 19:25:00,USR-0060,4,19.4,18.35,10,2,0,Normal
2024-01-12 22:50:00,USR-0254,2,24.3,42.44,17,2,0,Normal
2024-01-08 21:40:00,USR-0044,2,58.0,1.15,10,5,0,Normal
2024-01-18 14:00:00,USR-0231,2,36.4,53.72,10,4,0,Normal
2024-01-05 18:20:00,USR-0356,3,22.0,5.82,10,1,0,Normal
2024-01-21 22:45:00,USR-0217,3,14.3,0.91,15,2,0,Normal
2024-01-11 08:30:00,USR-0140,2,28.9,9.91,12,1,0,Normal
2024-01-15 20:30:00,USR-0201,5,6.9,6.98,10,6,0,Normal
2024-01-25 12:25:00,USR-0028,5,10.5,14.0,16,7,0,Normal
2024-01-14 07:25:00,USR-0192,2,20.8,11.15,8,1,1,Normal
2024-01-01 15:50:00,USR-0233,3,13.8,16.91,13,2,0,Normal
2024-01-23 22:00:00,USR-0338,1,8.7,8.1,11,1,0,Normal
2024-02-03 04:30:00,USR-0043,33,86.8,243.65,2,39,8,Suspicious
2024-01-28 18:50:00,USR-0169,1,27.4,8.04,10,4,0,Normal
2024-01-04 16:20:00,USR-0232,2,63.3,6.77,10,3,1,Normal
2024-01-20 13:10:00,USR-0196,6,38.7,7.39,12,3,1,Normal
2024-01-01 20:05:00,USR-0284,2,20.5,1.73,9,1,0,Normal
2024-01-13 21:00:00,USR-0038,3,26.4,2.89,11,5,0,Normal
2024-01-20 16:20:00,USR-0314,2,45.3,11.44,15,3,2,Normal
2024-01-02 18:15:00,USR-0048,3,34.9,12.99,14,1,1,Normal
2024-01-24 01:15:00,USR-0279,1,25.7,7.18,17,4,1,Normal
2024-01-29 04:40:00,USR-0223,3,15.8,4.08,8,1,0,Normal
2024-01-19 21:05:00,USR-0055,3,9.6,10.12,10,7,0,Normal
2024-01-16 21:50:00,USR-0369,8,32.0,21.9,13,4,1,Normal
2024-01-25 16:55:00,USR-0225,4,15.2,10.3,12,5,0,Normal
2024-01-19 18:20:00,USR-0100,1,30.8,5.55,17,3,0,Normal
2024-01-18 09:00:00,USR-0251,3,36.7,11.51,11,5,1,Normal
2024-01-22 22:05:00,USR-0480,1,39.0,0.76,16,6,0,Normal
2024-01-06 03:10:00,USR-0164,2,23.5,25.71,7,7,0,Normal
2024-01-07 06:00:00,USR-0146,1,8.8,14.61,13,2,0,Normal
2024-01-07 15:20:00,USR-0188,2,12.0,22.97,11,6,0,Normal
2024-01-02 16:10:00,USR-0491,2,29.7,21.13,10,3,1,Normal
2024-01-04 20:55:00,USR-0076,2,27.1,8.77,13,3,2,Normal
2024-01-04 17:30:00,USR-0240,0,22.6,0.88,14,5,1,Normal
2024-01-31 00:10:00,USR-0205,0,66.2,15.76,13,1,0,Normal
2024-01-14 23:55:00,USR-0253,5,16.8,3.72,15,5,1,Normal
2024-01-02 15:15:00,USR-0203,4,38.9,24.41,12,4,0,Normal
2024-01-10 00:00:00,USR-0265,2,12.7,1.84,11,3,0,Normal
2024-01-12 01:15:00,USR-0185,2,49.0,0.7,15,5,1,Normal
2024-01-23 17:35:00,USR-0157,2,14.5,15.41,10,7,1,Normal
2024-01-06 09:15:00,USR-0282,4,18.3,18.16,9,3,0,Normal
2024-01-07 18:20:00,USR-0440,2,19.4,4.32,13,6,1,Normal
2024-02-02 21:25:00,USR-0385,27,99.2,165.35,2,40,8,Suspicious
2024-01-06 07:30:00,USR-0256,4,20.0,1.52,13,4,2,Normal
2024-01-13 07:05:00,USR-0451,2,29.1,22.22,12,7,0,Normal
2024-01-03 18:05:00,USR-0327,0,47.0,13.09,11,5,0,Normal
2024-01-23 22:30:00,USR-0395,3,17.4,5.14,10,4,0,Normal
2024-01-11 01:40:00,USR-0154,1,47.7,24.88,15,3,1,Normal
2024-01-17 06:05:00,USR-0497,5,14.1,18.22,9,4,0,Normal
2024-01-06 20:05:00,USR-0231,4,10.7,17.57,13,3,0,Normal
2024-02-01 09:35:00,USR-0172,2,27.4,15.38,9,6,2,Normal
2024-01-26 10:45:00,USR-0140,6,9.0,4.57,15,1,0,Normal
2024-01-22 22:35:00,USR-0172,4,11.2,14.62,14,1,0,Normal
2024-01-19 12:15:00,USR-0485,5,22.2,37.32,9,4,0,Normal
2024-01-04 01:10:00,USR-0377,1,20.2,11.08,11,1,0,Normal
2024-01-25 22:25:00,USR-0197,2,36.4,22.51,15,4,1,Normal
2024-01-20 12:00:00,USR-0016,3,34.0,3.26,12,4,0,Normal
2024-01-12 22:15:00,USR-0480,5,21.3,6.16,12,2,1,Normal
2024-01-21 04:25:00,USR-0499,2,27.8,12.82,12,7,0,Normal
2024-01-17 02:30:00,USR-0423,1,20.3,5.96,13,3,1,Normal
2024-01-11 05:50:00,USR-0316,4,40.4,21.68,13,5,0,Normal
2024-02-02 12:20:00,USR-0476,24,93.9,290.87,0,27,14,Suspicious
2024-01-29 16:05:00,USR-0045,3,16.9,4.57,12,3,1,Normal
2024-01-13 21:30:00,USR-0291,3,23.3,1.06,12,5,0,Normal
2024-01-19 10:10:00,USR-0028,3,29.5,3.81,11,2,0,Normal
2024-01-23 02:55:00,USR-0136,4,28.7,0.72,13,6,0,Normal
2024-01-29 10:20:00,USR-0222,4,27.6,96.38,10,2,1,Normal
2024-01-10 08:00:00,USR-0098,3,49.5,2.24,18,7,2,Normal
2024-01-21 04:55:00,USR-0350,2,62.2,31.53,13,4,0,Normal
2024-01-23 16:55:00,USR-0159,3,25.5,3.07,13,4,0,Normal
2024-01-13 04:45:00,USR-0070,1,22.2,15.97,19,5,1,Normal
2024-01-03 09:20:00,USR-0139,2,39.8,2.42,8,2,0,Normal
2024-01-18 23:55:00,USR-0337,2,31.0,10.7,9,3,0,Normal
2024-01-14 10:30:00,USR-0349,5,22.6,5.1,18,7,0,Normal
2024-01-13 07:50:00,USR-0096,0,33.0,5.51,15,1,0,Normal
2024-01-05 14:30:00,USR-0396,1,31.6,17.43,11,6,1,Normal
2024-01-14 22:20:00,USR-0239,3,23.4,30.43,11,7,1,Normal
2024-01-13 08:15:00,USR-0393,1,31.4,12.69,13,5,1,Normal
2024-01-13 23:05:00,USR-0357,5,51.1,8.2,18,2,0,Normal
2024-01-04 10:20:00,USR-0317,3,32.2,40.64,12,3,0,Normal
2024-02-02 06:25:00,USR-0213,20,88.2,262.07,4,47,7,Suspicious
2024-01-06 22:35:00,USR-0458,0,44.9,33.08,10,7,0,Normal
2024-01-27 14:10:00,USR-0163,3,44.9,15.24,14,1,0,Normal
2024-01-29 23:20:00,USR-0128,3,39.0,32.02,13,5,0,Normal
2024-01-10 05:05:00,USR-0315,8,15.4,9.07,17,1,0,Normal
2024-01-29 21:20:00,USR-0259,1,33.6,6.38,16,7,0,Normal
2024-01-19 10:40:00,USR-0383,4,23.1,7.67,14,7,0,Normal
2024-01-25 05:55:00,USR-0344,2,15.3,32.31,11,7,0,Normal
2024-01-20 19:20:00,USR-0373,1,8.1,17.02,15,4,1,Normal
2024-01-21 14:40:00,USR-0457,2,56.5,3.84,14,1,0,Normal
2024-01-05 14:55:00,USR-0018,6,29.3,2.07,15,1,1,Normal
2024-01-01 12:20:00,USR-0442,4,17.3,2.77,13,1,0,Normal
2024-01-04 00:05:00,USR-0136,4,28.4,13.99,12,2,1,Normal
2024-01-17 22:55:00,USR-0386,2,50.9,29.74,16,3,0,Normal
2024-01-15 17:50:00,USR-0437,0,10.3,9.5,10,4,0,Normal
2024-01-19 04:45:00,USR-0058,3,56.6,13.3,13,2,0,Normal
2024-01-27 21:00:00,USR-0263,3,35.3,20.12,11,4,0,Normal
2024-01-01 11:40:00,USR-0226,2,21.2,30.91,15,5,1,Normal
2024-01-09 08:25:00,USR-0167,1,24.0,42.89,17,4,0,Normal
2024-01-15 04:55:00,USR-0085,2,17.4,7.0,19,1,1,Normal
2024-01-13 02:40:00,USR-0262,4,30.5,27.68,16,6,0,Normal
2024-01-18 08:55:00,USR-0431,2,49.4,18.1,16,7,0,Normal
2024-01-25 08:15:00,USR-0295,0,14.5,3.56,11,5,1,Normal
2024-01-04 18:00:00,USR-0010,1,42.4,15.69,17,2,0,Normal
2024-01-25 23:35:00,USR-0151,3,22.0,33.44,10,6,0,Normal
2024-01-09 15:15:00,USR-0457,2,18.1,3.46,11,5,0,Normal
2024-02-02 07:00:00,USR-0043,19,93.1,439.83,3,40,10,Suspicious
2024-01-30 15:40:00,USR-0337,2,53.4,28.2,15,4,0,Normal
2024-01-04 21:50:00,USR-0203,1,12.0,15.42,10,2,1,Normal
2024-01-01 02:35:00,USR-0449,2,29.9,12.59,14,4,1,Normal
2024-01-15 09:55:00,USR-0500,2,59.2,5.84,14,7,0,Normal
2024-01-31 20:25:00,USR-0160,2,41.1,17.95,9,4,0,Normal
2024-01-01 17:45:00,USR-0172,2,36.5,2.96,11,2,0,Normal
2024-01-24 15:10:00,USR-0413,5,14.4,14.91,15,5,0,Normal
2024-01-26 10:00:00,USR-0396,1,24.4,38.76,12,5,1,Normal
2024-01-19 01:40:00,USR-0173,2,44.1,27.18,10,7,1,Normal
2024-01-08 22:10:00,USR-0024,4,20.7,9.3,14,2,0,Normal
2024-02-04 01:25:00,USR-0224,27,96.1,165.99,0,31,10,Suspicious
2024-02-04 04:25:00,USR-0160,23,97.4,263.5,1,17,8,Suspicious
2024-01-14 12:05:00,USR-0156,1,13.5,12.44,8,1,0,Normal
2024-01-07 02:50:00,USR-0290,3,42.9,0.8,11,6,1,Normal
2024-01-29 13:50:00,USR-0415,1,45.1,8.27,8,4,2,Normal
2024-01-10 04:40:00,USR-0092,0,12.8,47.72,11,4,0,Normal
2024-01-01 23:55:00,USR-0326,4,20.5,5.84,8,1,0,Normal
2024-01-07 22:45:00,USR-0073,2,34.8,8.95,9,6,0,Normal
2024-01-20 10:15:00,USR-0456,4,59.0,6.96,13,7,0,Normal
2024-01-27 13:10:00,USR-0189,4,44.1,11.87,9,6,0,Normal
2024-01-09 02:30:00,USR-0403,4,37.9,1.48,7,6,0,Normal
2024-01-04 14:05:00,USR-0393,3,17.5,0.67,14,1,0,Normal
2024-01-11 08:45:00,USR-0241,4,10.8,11.28,9,5,0,Normal
2024-01-26 13:50:00,USR-0491,0,19.2,13.56,10,4,0,Normal
2024-01-30 04:05:00,USR-0332,2,9.8,5.55,9,2,1,Normal
2024-01-13 09:20:00,USR-0122,3,45.7,17.97,15,3,0,Normal
2024-01-14 08:20:00,USR-0370,5,18.3,5.04,13,6,2,Normal
2024-01-31 06:30:00,USR-0150,4,38.8,30.28,12,6,0,Normal
2024-01-24 07:20:00,USR-0469,2,25.8,3.92,16,3,0,Normal
2024-01-11 04:35:00,USR-0005,7,13.4,15.51,19,6,0,Normal
2024-01-18 11:15:00,USR-0048,5,37.5,10.96,13,4,1,Normal
2024-01-05 18:05:00,USR-0222,5,9.7,46.97,17,6,2,Normal
2024-01-28 15:50:00,USR-0242,1,16.4,0.66,9,5,0,Normal
2024-01-07 09:20:00,USR-0079,4,23.4,15.17,13,7,2,Normal
2024-01-16 23:25:00,USR-0108,2,20.8,29.68,18,4,0,Normal
2024-01-15 18:40:00,USR-0436,5,49.5,17.41,12,2,0,Normal
2024-01-11 03:20:00,USR-0422,2,26.6,8.89,16,4,4,Normal
2024-01-19 18:40:00,USR-0480,2,29.9,13.44,10,6,0,Normal
2024-01-29 21:35:00,USR-0157,4,23.3,22.14,10,4,0,Normal
2024-02-03 13:50:00,USR-0426,24,92.8,263.18,5,16,8,Suspicious
2024-01-07 01:10:00,USR-0316,7,28.1,15.0,15,7,0,Normal
2024-01-31 00:45:00,USR-0052,2,17.8,19.89,12,1,1,Normal
2024-01-01 22:10:00,USR-0008,5,37.3,0.98,14,1,1,Normal
2024-01-20 04:30:00,USR-0418,6,17.4,2.07,10,4,0,Normal
2024-02-02 08:40:00,USR-0388,27,95.0,572.4,3,31,6,Suspicious
2024-01-21 15:05:00,USR-0296,3,22.3,18.18,10,1,0,Normal
2024-01-03 22:30:00,USR-0473,3,26.2,14.41,12,6,2,Normal
2024-01-29 23:05:00,USR-0418,1,13.3,10.41,8,7,0,Normal
2024-01-15 04:50:00,USR-0238,0,15.4,2.15,13,3,1,Normal
2024-01-27 18:35:00,USR-0429,2,22.6,68.58,13,6,1,Normal
2024-01-06 23:45:00,USR-0017,1,36.9,23.93,7,7,1,Normal
2024-01-28 19:05:00,USR-0087,1,18.0,3.23,12,4,0,Normal
2024-01-14 17:25:00,USR-0401,4,28.1,21.03,19,7,0,Normal
2024-01-29 17:55:00,USR-0280,2,13.5,10.61,11,7,0,Normal
2024-01-31 21:35:00,USR-0257,4,9.6,5.19,10,6,1,Normal
2024-01-22 23:15:00,USR-0059,1,29.2,23.72,10,6,0,Normal
2024-01-24 02:25:00,USR-0128,4,16.6,18.0,11,1,2,Normal
2024-01-15 13:25:00,USR-0465,0,33.0,8.56,16,6,0,Normal
2024-01-09 22:20:00,USR-0249,1,33.7,11.97,17,6,0,Normal
2024-01-25 10:45:00,USR-0309,1,15.5,5.29,12,6,1,Normal
2024-01-01 22:45:00,USR-0041,4,28.7,35.46,13,3,0,Normal
2024-01-27 02:20:00,USR-0467,0,48.3,5.1,15,6,1,Normal
2024-01-25 07:30:00,USR-0352,1,9.6,19.08,12,2,0,Normal
2024-01-16 11:55:00,USR-0234,2,46.0,3.09,13,1,1,Normal
2024-01-14 10:55:00,USR-0351,3,12.0,6.68,11,4,0,Normal
2024-02-03 02:15:00,USR-0067,24,99.7,161.86,3,43,6,Suspicious
2024-01-06 17:00:00,USR-0229,3,15.0,18.42,10,4,0,Normal
2024-01-06 02:00:00,USR-0340,0,16.4,7.99,11,5,1,Normal
2024-01-22 17:45:00,USR-0189,2,16.6,25.96,10,5,1,Normal
2024-01-18 09:25:00,USR-0109,0,46.1,53.35,15,6,1,Normal
2024-01-04 00:45:00,USR-0445,5,33.4,9.22,7,1,4,Normal
2024-01-02 19:30:00,USR-0495,2,23.0,8.14,11,5,0,Normal
2024-01-23 09:15:00,USR-0132,3,40.0,32.02,8,2,1,Normal
2024-01-23 15:15:00,USR-0443,1,11.1,2.11,9,4,0,Normal
2024-01-10 03:55:00,USR-0216,5,16.0,2.38,10,2,3,Normal
2024-01-07 07:15:00,USR-0491,2,13.5,13.68,16,1,0,Normal
2024-01-09 20:00:00,USR-0164,2,27.4,1.2,10,5,0,Normal
2024-01-23 00:35:00,USR-0132,1,48.1,3.82,9,7,0,Normal
2024-01-20 06:25:00,USR-0005,3,37.9,2.24,9,5,0,Normal
2024-02-03 06:05:00,USR-0054,15,89.6,289.33,1,40,5,Suspicious
2024-01-15 16:00:00,USR-0020,3,26.2,16.43,7,7,0,Normal
2024-01-04 13:45:00,USR-0352,1,26.1,19.52,11,1,0,Normal
2024-02-01 20:45:00,USR-0209,5,16.4,21.05,10,3,0,Normal
2024-01-13 03:25:00,USR-0239,3,19.6,26.16,16,7,0,Normal
2024-01-27 20:45:00,USR-0481,0,24.8,2.5,17,4,0,Normal
2024-01-21 04:30:00,USR-0181,5,23.2,9.42,15,3,0,Normal
2024-01-07 09:30:00,USR-0308,5,25.1,25.08,8,1,0,Normal
2024-01-16 12:25:00,USR-0054,1,20.9,34.51,9,3,3,Normal
2024-01-30 09:05:00,USR-0383,2,31.8,31.57,10,5,0,Normal
2024-02-01 00:20:00,USR-0222,1,27.7,7.68,9,2,0,Normal
2024-01-19 14:25:00,USR-0332,3,32.8,1.99,11,5,0,Normal
2024-01-16 14:15:00,USR-0187,5,30.1,5.84,12,5,0,Normal
2024-01-07 22:50:00,USR-0065,2,28.2,25.36,10,3,0,Normal
2024-01-15 03:05:00,USR-0133,3,23.7,36.38,9,2,1,Normal
2024-01-18 22:15:00,USR-0397,6,30.3,46.91,11,3,0,Normal
2024-02-03 08:05:00,USR-0067,17,92.8,146.14,2,39,11,Suspicious
2024-01-18 17:00:00,USR-0268,4,16.1,2.83,9,6,0,Normal
2024-01-29 20:00:00,USR-0352,2,37.1,17.39,7,5,1,Normal
2024-01-27 07:40:00,USR-0157,4,6.7,5.65,18,6,0,Normal
2024-01-23 18:55:00,USR-0363,4,28.4,13.3,9,5,1,Normal
2024-01-16 03:20:00,USR-0340,3,27.4,42.48,17,3,0,Normal
2024-01-10 02:10:00,USR-0168,4,10.8,5.69,13,6,1,Normal
2024-01-11 03:25:00,USR-0400,6,7.1,10.02,10,3,1,Normal
2024-01-04 05:45:00,USR-0091,3,52.7,18.42,8,7,0,Normal
2024-01-16 01:00:00,USR-0370,4,44.1,3.06,10,6,0,Normal
2024-01-12 09:45:00,USR-0229,2,22.1,1.4,11,3,1,Normal
2024-01-14 07:15:00,USR-0116,1,14.0,22.57,9,7,2,Normal
2024-01-21 23:45:00,USR-0088,2,22.0,7.45,11,3,0,Normal
2024-01-28 22:25:00,USR-0420,4,39.9,3.45,10,2,0,Normal
2024-01-17 20:35:00,USR-0027,3,9.1,28.61,9,2,1,Normal
2024-02-02 20:50:00,USR-0452,24,98.2,364.57,0,19,5,Suspicious
2024-01-08 03:05:00,USR-0240,3,57.8,13.62,13,1,0,Normal
2024-01-21 10:30:00,USR-0183,5,57.7,4.18,16,2,1,Normal
2024-01-26 08:10:00,USR-0058,1,11.8,5.97,12,1,0,Normal
2024-01-12 00:40:00,USR-0471,1,24.5,14.37,9,2,1,Normal
2024-01-22 06:00:00,USR-0469,2,44.0,4.44,14,5,1,Normal
2024-01-30 01:40:00,USR-0002,5,22.0,12.08,14,5,0,Normal
2024-01-30 16:35:00,USR-0282,4,38.6,13.8,13,2,0,Normal
2024-01-29 02:35:00,USR-0407,2,15.4,1.73,11,3,2,Normal
2024-01-08 06:10:00,USR-0307,4,22.9,23.48,15,2,0,Normal
2024-01-23 06:20:00,USR-0237,2,34.5,11.49,19,3,1,Normal
2024-01-02 19:20:00,USR-0465,1,32.2,1.21,12,7,0,Normal
2024-01-18 10:30:00,USR-0137,1,12.2,2.2,15,4,0,Normal
2024-01-09 20:25:00,USR-0493,3,39.0,1.2,15,6,0,Normal
2024-01-10 14:05:00,USR-0245,1,38.2,11.54,14,1,1,Normal
2024-01-01 02:25:00,USR-0356,5,25.6,16.38,9,3,2,Normal
2024-01-16 23:00:00,USR-0170,5,43.3,12.63,16,7,0,Normal
2024-01-09 21:10:00,USR-0219,2,61.6,29.53,19,2,0,Normal
2024-01-25 11:25:00,USR-0453,3,16.1,3.38,12,1,0,Normal
2024-01-13 00:20:00,USR-0421,5,54.8,1.1,12,7,1,Normal
2024-01-16 23:35:00,USR-0066,2,45.8,1.18,9,5,1,Normal
2024-01-09 06:00:00,USR-0439,5,13.1,3.98,8,5,1,Normal
2024-01-13 13:45:00,USR-0295,3,25.2,11.22,14,1,0,Normal
2024-01-18 05:50:00,USR-0378,8,67.5,34.72,13,2,1,Normal
2024-01-24 06:20:00,USR-0479,1,29.0,19.98,9,7,0,Normal
2024-01-19 10:05:00,USR-0120,3,38.7,1.02,14,6,0,Normal
2024-01-10 12:00:00,USR-0213,0,16.3,15.68,9,6,1,Normal
2024-01-01 14:05:00,USR-0232,6,52.9,29.09,19,7,2,Normal
2024-01-16 18:35:00,USR-0220,4,31.7,25.55,10,2,1,Normal
2024-01-26 15:40:00,USR-0158,2,12.9,26.3,12,3,1,Normal
2024-01-17 21:50:00,USR-0089,4,27.1,4.51,8,7,0,Normal
2024-01-30 17:05:00,USR-0084,1,39.6,2.97,16,5,1,Normal
2024-01-02 12:25:00,USR-0203,4,24.8,23.73,13,2,0,Normal
2024-01-16 01:55:00,USR-0391,3,20.9,24.85,12,7,1,Normal
2024-01-27 09:40:00,USR-0262,4,20.5,0.76,7,7,0,Normal
2024-01-03 10:45:00,USR-0361,3,34.7,20.66,10,5,1,Normal
2024-01-24 10:20:00,USR-0070,6,58.5,12.3,17,5,0,Normal
2024-01-21 18:15:00,USR-0481,1,6.1,16.68,11,3,0,Normal
2024-01-14 17:55:00,USR-0134,4,26.3,16.7,9,1,0,Normal
2024-01-07 03:10:00,USR-0242,4,27.2,30.31,13,3,0,Normal
2024-01-23 04:40:00,USR-0264,4,47.6,4.81,13,2,1,Normal
2024-01-29 00:45:00,USR-0152,1,24.2,21.96,13,5,0,Normal
2024-01-05 23:00:00,USR-0375,4,36.4,2.94,10,1,1,Normal
2024-01-06 10:50:00,USR-0179,3,39.1,67.46,9,1,1,Normal
2024-01-26 09:45:00,USR-0247,3,20.3,2.92,15,7,0,Normal
2024-01-25 10:40:00,USR-0046,3,24.8,4.56,16,3,0,Normal
2024-01-15 11:10:00,USR-0402,4,29.9,24.04,8,6,0,Normal
2024-01-24 20:20:00,USR-0204,2,17.2,2.56,11,1,2,Normal
2024-01-11 15:15:00,USR-0027,4,10.4,5.97,8,5,0,Normal
2024-01-10 05:00:00,USR-0479,3,25.0,11.62,10,4,0,Normal
2024-01-06 00:25:00,USR-0218,4,39.9,13.71,9,6,2,Normal
2024-01-17 13:45:00,USR-0206,4,22.9,37.44,14,4,0,Normal
2024-02-01 04:25:00,USR-0009,2,18.6,28.43,10,5,0,Normal
2024-01-12 12:10:00,USR-0435,4,23.1,1.98,9,3,0,Normal
2024-01-10 17:05:00,USR-0131,4,35.2,10.02,19,7,0,Normal
2024-01-18 06:45:00,USR-0498,1,44.9,0.89,13,7,1,Normal
2024-01-23 23:05:00,USR-0112,4,19.7,22.94,14,1,0,Normal
2024-01-25 01:30:00,USR-0112,6,42.9,3.53,9,3,1,Normal
2024-01-30 05:55:00,USR-0293,3,28.7,19.35,13,5,0,Normal
2024-01-18 14:25:00,USR-0258,5,34.7,25.15,17,7,0,Normal
2024-01-13 03:35:00,USR-0276,5,7.1,12.3,12,6,1,Normal
2024-01-07 11:25:00,USR-0366,3,21.0,5.69,9,5,0,Normal
2024-01-09 12:05:00,USR-0071,3,37.3,7.23,12,7,0,Normal
2024-01-31 04:25:00,USR-0013,3,21.2,2.64,13,5,1,Normal
2024-01-20 01:30:00,USR-0126,3,8.1,6.81,11,1,0,Normal
2024-01-10 22:20:00,USR-0201,3,18.2,4.02,9,2,1,Normal
2024-01-03 13:35:00,USR-0145,1,33.6,41.15,11,1,0,Normal
2024-02-02 06:30:00,USR-0331,23,97.9,542.45,2,35,5,Suspicious
2024-01-26 19:55:00,USR-0331,1,29.5,14.2,8,3,1,Normal
2024-02-01 15:50:00,USR-0099,5,18.4,62.07,9,7,0,Normal
2024-01-17 02:20:00,USR-0395,4,19.4,16.49,9,2,0,Normal
2024-02-01 18:05:00,USR-0450,1,21.0,10.98,10,5,0,Normal
2024-01-17 01:50:00,USR-0044,6,32.8,25.83,9,4,1,Normal
2024-01-24 07:05:00,USR-0292,2,9.9,13.89,9,7,0,Normal
2024-02-01 19:05:00,USR-0310,4,27.0,9.63,10,5,0,Normal
2024-01-18 10:35:00,USR-0240,2,18.3,6.88,13,4,0,Normal
2024-01-08 11:25:00,USR-0019,2,21.9,0.52,15,3,0,Normal
2024-01-17 07:35:00,USR-0086,2,31.2,5.64,10,7,0,Normal
2024-01-17 13:05:00,USR-0058,3,27.9,4.65,9,5,0,Normal
2024-01-16 22:00:00,USR-0135,2,28.2,6.08,14,1,1,Normal
2024-01-29 07:40:00,USR-0235,2,18.7,12.76,13,7,1,Normal
2024-01-26 05:00:00,USR-0336,10,49.5,9.07,14,2,1,Normal
2024-01-20 09:55:00,USR-0186,2,36.9,14.22,13,1,0,Normal
2024-01-11 01:50:00,USR-0483,3,26.0,10.15,13,3,1,Normal
2024-01-12 19:50:00,USR-0422,5,27.5,1.5,10,6,0,Normal
2024-02-01 06:35:00,USR-0126,2,41.5,7.21,9,2,0,Normal
2024-01-25 08:40:00,USR-0358,2,6.3,9.79,7,6,0,Normal
2024-01-25 14:45:00,USR-0402,5,14.7,2.59,17,4,1,Normal
2024-01-22 21:50:00,USR-0169,3,12.9,15.45,12,6,0,Normal
2024-01-04 05:15:00,USR-0015,3,9.0,63.62,10,6,1,Normal
2024-01-24 08:45:00,USR-0338,2,53.7,1.49,15,1,1,Normal
2024-02-03 07:00:00,USR-0494,17,90.7,880.8,1,43,11,Suspicious
2024-01-03 01:50:00,USR-0204,3,56.3,2.02,16,7,0,Normal
2024-01-31 04:00:00,USR-0414,3,9.1,15.54,8,4,0,Normal
2024-01-01 22:40:00,USR-0441,5,31.1,12.36,13,5,0,Normal
2024-01-07 04:10:00,USR-0224,0,37.7,39.75,10,4,1,Normal
2024-01-14 08:55:00,USR-0089,5,19.2,12.4,11,1,0,Normal
2024-01-23 15:05:00,USR-0172,3,37.7,10.1,12,6,1,Normal
2024-01-18 09:50:00,USR-0046,4,18.1,12.62,9,3,0,Normal
2024-01-01 00:40:00,USR-0244,4,13.8,15.64,10,7,1,Normal
2024-01-12 07:45:00,USR-0363,1,26.4,9.78,8,3,1,Normal
2024-01-15 22:00:00,USR-0107,4,32.1,2.85,16,2,0,Normal
2024-01-21 01:15:00,USR-0019,3,31.3,45.56,13,2,0,Normal
2024-01-16 09:15:00,USR-0360,2,22.3,1.67,16,7,0,Normal
2024-01-14 13:25:00,USR-0323,3,23.7,18.82,12,4,2,Normal
2024-01-10 11:30:00,USR-0274,4,49.8,1.27,9,5,0,Normal
2024-01-21 20:20:00,USR-0015,4,30.9,6.35,12,1,0,Normal
2024-01-20 14:55:00,USR-0363,6,9.7,34.85,7,7,0,Normal
2024-01-22 17:10:00,USR-0319,5,27.1,8.0,11,1,1,Normal
2024-01-07 00:55:00,USR-0249,4,21.4,8.53,17,6,0,Normal
2024-01-19 09:10:00,USR-0061,5,53.0,4.36,14,7,0,Normal
2024-01-02 18:00:00,USR-0355,3,27.0,0.61,11,5,0,Normal
2024-01-11 01:30:00,USR-0484,5,14.6,5.7,17,1,1,Normal
2024-01-23 23:15:00,USR-0476,4,51.4,7.64,19,3,0,Normal
2024-01-10 01:55:00,USR-0364,4,20.0,46.05,11,5,1,Normal
2024-01-29 01:15:00,USR-0251,3,34.3,47.49,16,1,0,Normal
2024-02-01 16:30:00,USR-0398,3,14.8,33.58,11,1,0,Normal
2024-01-30 00:20:00,USR-0437,3,57.9,9.67,9,5,0,Normal
2024-02-01 13:40:00,USR-0260,1,25.2,48.1,9,3,1,Normal
2024-01-01 10:10:00,USR-0267,2,38.3,25.21,10,2,3,Normal
2024-01-11 21:35:00,USR-0313,2,19.5,4.44,11,2,2,Normal
2024-01-28 08:50:00,USR-0308,3,60.4,2.44,9,4,0,Normal
2024-01-03 22:25:00,USR-0166,5,23.2,14.54,13,7,2,Normal
2024-01-18 23:25:00,USR-0131,3,20.9,23.78,12,4,1,Normal
2024-01-26 23:15:00,USR-0088,4,51.4,24.33,10,6,0,Normal
2024-01-02 10:00:00,USR-0261,2,21.1,2.0,12,6,0,Normal
2024-01-29 00:00:00,USR-0436,2,22.6,28.99,12,2,1,Normal
2024-01-12 04:35:00,USR-0369,3,30.4,15.21,17,3,0,Normal
2024-01-30 09:15:00,USR-0238,1,29.6,3.67,19,4,1,Normal
2024-01-07 01:50:00,USR-0439,4,13.6,4.8,14,1,0,Normal
2024-01-24 18:05:00,USR-0455,4,15.9,24.65,10,6,0,Normal
2024-01-15 11:25:00,USR-0388,3,62.8,5.81,13,2,1,Normal
2024-02-01 06:05:00,USR-0430,3,33.6,9.9,10,1,1,Normal
2024-01-11 07:45:00,USR-0130,2,28.9,2.84,15,4,0,Normal
2024-01-19 15:25:00,USR-0034,2,37.5,6.01,16,7,3,Normal
2024-01-04 23:15:00,USR-0431,1,26.2,0.54,10,1,1,Normal
2024-01-28 22:35:00,USR-0068,2,34.5,5.34,11,1,1,Normal
2024-01-04 00:55:00,USR-0156,9,24.4,16.76,17,2,1,Normal
2024-01-17 10:25:00,USR-0032,2,31.4,19.09,15,5,0,Normal
2024-01-11 10:15:00,USR-0026,2,18.3,7.35,9,5,1,Normal
2024-01-26 09:10:00,USR-0002,2,11.0,9.59,19,6,1,Normal
2024-01-24 05:50:00,USR-0038,4,19.6,3.24,9,1,2,Normal
2024-01-10 14:45:00,USR-0173,1,16.7,8.34,8,7,1,Normal
2024-01-19 16:50:00,USR-0481,2,13.3,1.37,13,6,0,Normal
2024-01-17 03:35:00,USR-0443,1,57.5,55.4,15,1,1,Normal
2024-01-31 02:30:00,USR-0281,2,38.0,2.64,13,4,2,Normal
2024-01-30 14:00:00,USR-0197,3,30.3,3.81,11,6,0,Normal
2024-01-18 11:05:00,USR-0160,4,15.1,26.68,18,7,0,Normal
2024-01-15 18:05:00,USR-0343,7,29.4,12.58,15,4,1,Normal
2024-01-24 11:05:00,USR-0440,3,20.2,2.48,10,3,1,Normal
2024-02-02 23:45:00,USR-0354,16,96.1,1274.52,1,19,4,Suspicious
2024-01-07 06:35:00,USR-0063,2,53.7,40.34,15,2,2,Normal
2024-01-26 07:20:00,USR-0462,3,27.6,6.07,9,3,1,Normal
2024-01-14 20:15:00,USR-0194,2,28.7,1.22,9,2,1,Normal
2024-01-28 02:40:00,USR-0256,6,6.6,22.11,14,4,1,Normal
2024-01-13 14:05:00,USR-0247,5,23.3,20.48,11,6,1,Normal
2024-01-26 15:25:00,USR-0021,1,15.8,2.25,10,5,0,Normal
2024-01-01 16:50:00,USR-0049,3,11.7,0.99,10,6,0,Normal
2024-02-03 05:30:00,USR-0364,26,86.6,723.61,0,29,10,Suspicious
2024-02-02 09:05:00,USR-0109,17,93.8,464.95,0,27,6,Suspicious
2024-01-06 12:30:00,USR-0326,6,28.5,6.05,11,3,1,Normal
2024-01-28 19:20:00,USR-0338,6,31.6,0.68,9,2,0,Normal
2024-01-26 16:30:00,USR-0391,3,27.1,11.51,16,5,1,Normal
2024-02-01 10:25:00,USR-0112,2,13.1,32.72,11,6,0,Normal
2024-01-19 08:25:00,USR-0391,3,32.0,10.72,8,3,0,Normal
2024-02-02 01:30:00,USR-0210,23,88.5,207.19,4,26,8,Suspicious
2024-01-27 01:25:00,USR-0221,2,6.6,48.21,8,7,3,Normal
2024-01-12 11:50:00,USR-0036,9,36.6,13.18,8,6,2,Normal
2024-01-14 09:05:00,USR-0216,1,13.6,25.45,14,3,0,Normal
2024-01-31 22:20:00,USR-0086,5,31.8,7.18,9,2,0,Normal
2024-01-01 18:45:00,USR-0079,3,50.5,8.89,13,1,1,Normal
2024-01-16 08:05:00,USR-0036,4,40.8,1.71,7,5,0,Normal
2024-01-02 03:10:00,USR-0142,7,18.7,44.05,9,3,2,Normal
2024-01-07 13:15:00,USR-0388,3,18.8,2.7,9,4,0,Normal
2024-01-15 12:15:00,USR-0393,3,45.4,48.61,15,5,0,Normal
2024-01-02 13:10:00,USR-0194,5,20.4,6.0,11,2,2,Normal
2024-02-03 09:45:00,USR-0043,28,91.5,146.32,3,32,9,Suspicious
2024-01-11 13:20:00,USR-0089,0,29.5,35.54,18,3,0,Normal
2024-01-10 22:35:00,USR-0204,2,25.9,12.92,7,3,0,Normal
2024-01-10 15:00:00,USR-0212,1,41.0,39.91,13,4,0,Normal
2024-01-24 14:10:00,USR-0133,2,32.7,17.18,8,2,2,Normal
2024-01-23 21:10:00,USR-0202,3,52.6,3.97,10,2,0,Normal
2024-01-03 05:45:00,USR-0301,3,37.5,1.71,13,5,0,Normal
2024-01-08 17:10:00,USR-0124,6,29.3,14.86,17,5,0,Normal
2024-02-01 20:05:00,USR-0468,2,64.9,25.54,13,5,1,Normal
2024-02-04 06:50:00,USR-0420,16,98.9,519.97,2,31,11,Suspicious
2024-01-01 09:10:00,USR-0352,4,25.1,26.96,15,4,0,Normal
2024-01-13 20:05:00,USR-0480,2,42.7,2.46,13,6,1,Normal
2024-01-31 06:35:00,USR-0211,2,24.1,12.57,9,5,0,Normal
2024-01-05 23:35:00,USR-0043,2,30.5,19.54,12,3,0,Normal
2024-01-10 22:30:00,USR-0426,3,12.9,44.92,9,5,0,Normal
2024-01-18 01:45:00,USR-0337,3,17.5,17.64,18,2,0,Normal
2024-01-23 12:35:00,USR-0027,1,14.9,7.29,10,2,2,Normal
2024-02-02 06:35:00,USR-0220,16,96.5,215.71,3,25,12,Suspicious
2024-01-08 22:55:00,USR-0412,2,25.7,19.11,16,3,2,Normal
2024-01-21 01:05:00,USR-0266,4,46.2,3.76,11,6,1,Normal
2024-01-01 00:30:00,USR-0351,3,22.2,3.0,15,5,0,Normal
2024-01-31 23:00:00,USR-0033,3,32.0,14.92,7,2,1,Normal
2024-01-15 14:50:00,USR-0458,4,23.5,1.2,9,7,1,Normal
2024-01-26 03:25:00,USR-0044,1,53.7,62.14,12,7,0,Normal
2024-01-28 06:15:00,USR-0339,4,27.8,4.55,11,1,0,Normal
2024-01-17 04:10:00,USR-0444,0,29.3,23.03,14,1,0,Normal
2024-01-08 14:10:00,USR-0036,3,38.1,20.66,10,3,0,Normal
2024-01-08 03:40:00,USR-0209,0,8.1,9.33,13,1,0,Normal
2024-01-06 05:10:00,USR-0148,5,16.6,8.08,14,3,1,Normal
2024-01-12 09:35:00,USR-0037,6,8.4,35.99,14,2,0,Normal
2024-01-02 03:55:00,USR-0205,2,40.7,4.9,10,4,1,Normal
2024-01-08 18:10:00,USR-0458,1,34.7,19.26,11,2,1,Normal
2024-01-24 09:40:00,USR-0202,4,35.7,5.01,11,7,0,Normal
2024-01-27 04:55:00,USR-0256,1,18.5,3.16,14,6,2,Normal
2024-01-14 14:50:00,USR-0062,0,12.7,22.54,12,1,0,Normal
2024-01-30 19:15:00,USR-0379,4,47.9,16.11,10,7,0,Normal
2024-01-02 09:45:00,USR-0417,3,14.9,13.9,10,1,1,Normal
2024-01-26 04:25:00,USR-0371,4,10.0,9.6,9,4,1,Normal
2024-01-28 04:05:00,USR-0182,4,14.6,21.82,12,7,0,Normal
2024-01-03 15:00:00,USR-0463,3,59.6,7.57,19,4,0,Normal
2024-01-05 14:50:00,USR-0212,3,11.7,22.3,18,4,1,Normal
2024-01-08 20:25:00,USR-0455,2,30.7,3.59,11,4,0,Normal
2024-01-11 02:40:00,USR-0014,1,13.7,0.79,11,5,1,Normal
2024-01-16 21:20:00,USR-0380,3,21.9,3.83,7,1,1,Normal
2024-01-11 19:40:00,USR-0254,4,40.9,2.17,10,5,2,Normal
2024-01-21 03:25:00,USR-0499,3,42.2,36.52,10,6,0,Normal
2024-01-21 17:30:00,USR-0098,0,32.9,11.92,13,1,0,Normal
2024-01-13 17:40:00,USR-0248,2,20.4,13.9,13,4,1,Normal
2024-01-12 20:40:00,USR-0449,3,11.0,63.46,11,7,1,Normal
2024-01-26 17:20:00,USR-0258,3,39.7,5.11,9,2,0,Normal
2024-01-04 13:40:00,USR-0027,4,37.2,5.15,16,6,0,Normal
2024-01-25 11:50:00,USR-0142,5,30.8,1.74,16,3,1,Normal
2024-02-02 08:05:00,USR-0309,26,86.7,228.3,0,49,6,Suspicious
2024-01-12 18:15:00,USR-0301,1,20.4,2.49,9,1,0,Normal
2024-01-11 22:55:00,USR-0190,4,25.0,6.62,9,1,1,Normal
2024-01-30 22:00:00,USR-0310,5,29.9,7.43,13,1,1,Normal
2024-01-11 00:25:00,USR-0433,6,57.7,9.33,14,5,1,Normal
2024-01-21 09:05:00,USR-0108,3,34.4,11.98,13,1,0,Normal
2024-01-07 10:10:00,USR-0226,2,54.7,38.46,10,5,0,Normal
2024-01-12 08:50:00,USR-0114,5,34.3,2.55,12,5,1,Normal
2024-01-28 23:40:00,USR-0195,3,12.2,1.61,19,3,0,Normal
2024-02-01 15:35:00,USR-0175,1,47.7,2.96,9,5,0,Normal
2024-01-13 18:10:00,USR-0114,1,33.4,17.41,14,3,1,Normal
2024-01-01 19:35:00,USR-0459,5,33.7,28.11,8,4,0,Normal
2024-01-04 14:15:00,USR-0286,3,60.7,0.66,14,5,2,Normal
2024-01-16 09:10:00,USR-0471,2,19.0,19.31,19,3,0,Normal
2024-01-18 06:35:00,USR-0252,4,12.7,14.81,15,7,0,Normal
2024-01-23 09:20:00,USR-0001,1,18.2,23.11,18,3,0,Normal
2024-01-03 04:05:00,USR-0384,1,25.4,9.3,15,5,1,Normal
2024-01-21 12:00:00,USR-0435,3,34.2,22.63,11,5,0,Normal
2024-01-02 13:55:00,USR-0312,3,27.1,5.77,12,2,0,Normal
2024-01-21 03:30:00,USR-0088,3,10.9,13.01,10,1,1,Normal
2024-01-10 23:40:00,USR-0204,5,16.3,0.91,13,3,0,Normal
2024-01-13 07:40:00,USR-0311,2,30.2,4.93,11,2,1,Normal
2024-02-02 22:45:00,USR-0053,23,85.5,319.71,1,25,12,Suspicious
2024-02-02 02:05:00,USR-0031,24,92.0,121.12,4,34,5,Suspicious
2024-01-04 01:00:00,USR-0273,4,20.0,11.01,18,1,0,Normal
2024-01-05 21:25:00,USR-0447,3,19.9,15.96,11,6,2,Normal
2024-02-02 04:00:00,USR-0045,18,93.6,156.77,0,18,4,Suspicious
2024-01-26 12:45:00,USR-0022,3,35.1,35.48,14,6,1,Normal
2024-01-13 00:50:00,USR-0259,6,19.6,21.32,12,4,0,Normal
2024-01-01 08:35:00,USR-0284,2,54.5,3.06,15,6,1,Normal
2024-01-31 00:15:00,USR-0360,4,36.1,31.67,13,7,0,Normal
2024-01-15 00:15:00,USR-0281,3,25.9,5.72,14,1,1,Normal
2024-01-31 20:35:00,USR-0411,1,63.1,8.22,10,6,0,Normal
2024-01-10 23:45:00,USR-0409,2,42.0,3.5,15,7,0,Normal
2024-01-16 17:25:00,USR-0499,2,35.0,1.34,10,4,2,Normal
2024-01-11 23:45:00,USR-0184,3,25.6,8.18,18,4,0,Normal
2024-01-16 18:25:00,USR-0443,2,15.5,1.85,15,3,2,Normal
2024-01-15 06:50:00,USR-0434,2,14.2,7.55,8,7,0,Normal
2024-01-13 23:10:00,USR-0458,3,10.4,4.95,9,6,0,Normal
2024-01-24 20:30:00,USR-0003,6,12.8,1.68,13,2,1,Normal
2024-01-08 01:35:00,USR-0177,3,35.1,4.55,11,2,0,Normal
2024-01-25 13:10:00,USR-0079,1,11.4,0.95,10,6,2,Normal
2024-01-11 06:15:00,USR-0265,1,32.7,5.4,13,4,1,Normal
2024-01-22 07:45:00,USR-0039,4,49.7,22.92,13,5,0,Normal
2024-01-24 17:55:00,USR-0455,2,28.8,13.41,15,6,0,Normal
2024-01-04 22:55:00,USR-0019,3,49.5,10.69,11,1,0,Normal
2024-01-26 17:45:00,USR-0024,0,31.7,11.79,13,1,0,Normal
2024-02-02 05:55:00,USR-0454,19,96.7,758.09,1,23,7,Suspicious
2024-01-23 08:45:00,USR-0013,5,12.5,15.29,14,7,1,Normal
2024-02-04 12:50:00,USR-0284,22,90.0,196.17,5,27,7,Suspicious
2024-01-24 03:15:00,USR-0168,6,36.6,41.43,8,3,2,Normal
2024-01-06 04:40:00,USR-0483,1,27.4,5.27,10,3,0,Normal
2024-01-08 04:10:00,USR-0154,3,39.6,9.02,12,3,0,Normal
2024-01-10 03:50:00,USR-0234,7,26.8,58.59,15,4,0,Normal
2024-01-18 17:35:00,USR-0319,2,25.2,9.72,12,6,0,Normal
2024-01-27 09:45:00,USR-0133,3,29.2,3.28,9,5,0,Normal
2024-01-26 21:15:00,USR-0340,2,20.4,9.32,17,2,1,Normal
2024-01-11 09:35:00,USR-0150,1,30.6,14.98,8,5,0,Normal
2024-01-04 18:30:00,USR-0304,3,24.4,8.31,12,1,1,Normal
2024-01-24 08:10:00,USR-0252,7,16.2,15.25,12,2,1,Normal
2024-02-03 23:55:00,USR-0251,32,93.2,360.57,2,43,8,Suspicious
2024-01-17 11:00:00,USR-0066,1,12.9,13.2,11,5,0,Normal
2024-01-24 02:50:00,USR-0256,4,49.0,3.1,17,2,0,Normal
2024-01-19 19:10:00,USR-0430,1,28.4,4.85,11,6,0,Normal
2024-01-29 13:05:00,USR-0320,0,32.0,16.77,11,5,1,Normal
2024-01-13 21:55:00,USR-0477,4,14.7,5.85,9,4,1,Normal
2024-01-29 05:00:00,USR-0431,3,15.3,3.52,19,7,2,Normal
2024-01-10 16:10:00,USR-0272,5,38.5,5.52,11,3,0,Normal
2024-01-14 08:10:00,USR-0326,1,57.3,4.75,11,7,0,Normal
2024-01-02 01:15:00,USR-0290,2,32.5,15.08,8,1,0,Normal
2024-01-30 01:20:00,USR-0411,5,30.0,5.41,11,2,1,Normal
2024-01-05 19:15:00,USR-0310,2,8.9,7.98,7,2,0,Normal
2024-01-10 08:55:00,USR-0081,3,12.9,1.09,11,5,0,Normal
2024-01-14 14:15:00,USR-0486,3,30.7,10.48,13,1,1,Normal
2024-01-27 18:20:00,USR-0332,2,44.7,36.54,16,6,0,Normal
2024-01-23 15:10:00,USR-0160,2,29.7,20.65,10,1,0,Normal
2024-01-17 20:55:00,USR-0068,6,43.5,2.49,12,1,0,Normal
2024-01-09 05:40:00,USR-0349,3,26.8,0.75,9,2,1,Normal
2024-01-28 12:45:00,USR-0074,1,25.8,7.52,12,3,1,Normal
2024-02-01 01:55:00,USR-0225,4,46.8,12.65,13,6,0,Normal
2024-01-14 16:55:00,USR-0046,7,23.2,15.71,11,6,0,Normal
2024-01-14 12:30:00,USR-0313,5,6.0,30.5,11,1,0,Normal
2024-01-01 07:45:00,USR-0470,3,21.0,5.76,10,1,0,Normal
2024-01-21 21:15:00,USR-0463,5,17.2,6.92,10,5,1,Normal
2024-02-04 10:05:00,USR-0010,23,98.2,201.12,0,15,9,Suspicious
2024-01-14 19:00:00,USR-0139,3,5.9,27.87,18,6,0,Normal
2024-01-04 06:40:00,USR-0106,1,59.0,15.94,18,7,0,Normal
2024-01-22 19:25:00,USR-0072,3,8.9,12.22,11,7,1,Normal
2024-01-15 08:20:00,USR-0362,4,40.1,7.98,9,4,0,Normal
2024-01-17 00:40:00,USR-0097,3,37.3,24.55,13,1,0,Normal
2024-01-23 17:15:00,USR-0329,0,30.7,5.8,8,6,0,Normal
2024-02-04 15:55:00,USR-0228,23,97.9,279.36,1,15,3,Suspicious
2024-01-27 19:05:00,USR-0320,3,24.4,1.86,13,3,2,Normal
2024-01-23 15:20:00,USR-0004,0,31.9,12.57,8,1,3,Normal
2024-01-27 10:25:00,USR-0443,0,18.4,0.85,16,6,0,Normal
2024-01-17 20:50:00,USR-0374,3,13.8,33.87,11,1,0,Normal
2024-01-02 19:40:00,USR-0038,2,7.4,3.18,9,4,0,Normal
2024-01-19 17:20:00,USR-0184,6,31.5,5.97,9,5,1,Normal
2024-01-01 04:35:00,USR-0232,2,12.3,3.63,8,5,1,Normal
2024-01-14 21:25:00,USR-0038,4,15.9,8.38,10,6,0,Normal
2024-01-28 21:40:00,USR-0133,2,21.7,21.25,15,4,1,Normal
2024-01-28 10:20:00,USR-0196,4,13.1,50.94,8,6,1,Normal
2024-01-03 23:00:00,USR-0496,3,10.8,13.75,13,5,1,Normal
2024-01-26 08:45:00,USR-0457,2,13.9,10.28,15,2,0,Normal
2024-01-16 10:55:00,USR-0138,4,31.4,5.72,10,7,0,Normal
2024-01-30 10:40:00,USR-0247,3,21.2,4.46,10,4,0,Normal
2024-01-07 16:55:00,USR-0137,3,11.3,17.8,12,1,0,Normal
2024-01-31 17:20:00,USR-0461,3,34.4,41.48,10,5,0,Normal
2024-01-25 18:00:00,USR-0137,2,30.5,16.98,10,7,0,Normal
2024-01-24 13:05:00,USR-0001,3,37.9,4.17,11,4,2,Normal
2024-01-04 16:50:00,USR-0038,1,16.6,1.57,13,5,0,Normal
2024-01-18 10:10:00,USR-0188,2,21.6,5.25,11,1,0,Normal
2024-01-20 15:50:00,USR-0119,2,11.8,10.58,12,1,0,Normal
2024-02-01 17:15:00,USR-0207,2,21.1,24.78,17,5,0,Normal
2024-01-16 00:55:00,USR-0055,2,11.9,3.7,11,4,1,Normal
2024-01-26 07:10:00,USR-0217,4,45.3,0.98,17,6,1,Normal
2024-01-20 03:45:00,USR-0306,1,20.3,1.58,12,5,0,Normal
2024-01-11 11:25:00,USR-0410,3,38.7,29.39,9,4,3,Normal
2024-01-20 18:30:00,USR-0360,3,12.4,1.4,8,2,0,Normal
2024-01-19 07:20:00,USR-0213,1,19.5,17.08,17,2,0,Normal
2024-01-14 04:45:00,USR-0020,1,27.5,9.26,9,1,0,Normal
2024-01-16 11:20:00,USR-0103,3,28.5,4.41,10,5,0,Normal
2024-01-29 10:55:00,USR-0450,3,27.4,23.7,10,3,1,Normal
2024-01-24 14:30:00,USR-0180,1,13.6,28.15,12,1,1,Normal
2024-01-04 11:45:00,USR-0116,4,40.8,18.73,9,7,0,Normal
2024-01-06 03:05:00,USR-0241,2,21.0,14.09,18,2,0,Normal
2024-01-22 22:50:00,USR-0456,2,40.2,8.19,19,6,0,Normal
2024-02-02 04:15:00,USR-0161,26,93.5,186.85,3,30,5,Suspicious
2024-01-18 15:25:00,USR-0075,2,32.6,26.53,15,4,1,Normal
2024-01-22 03:05:00,USR-0358,2,25.6,28.21,14,1,1,Normal
2024-02-02 02:30:00,USR-0101,27,95.9,119.4,2,49,8,Suspicious
2024-01-30 03:50:00,USR-0142,4,34.1,17.5,17,1,0,Normal
2024-01-16 19:05:00,USR-0132,2,15.5,76.03,16,6,0,Normal
2024-01-08 21:10:00,USR-0370,1,39.7,2.33,12,2,0,Normal
2024-01-08 07:55:00,USR-0045,2,17.1,1.91,18,4,0,Normal
2024-01-08 01:15:00,USR-0196,5,54.6,4.39,14,5,0,Normal
2024-01-31 14:50:00,USR-0005,0,13.4,17.87,12,6,0,Normal
2024-01-30 02:05:00,USR-0334,1,25.3,12.28,12,6,1,Normal
2024-02-01 20:50:00,USR-0011,2,31.0,21.82,9,3,0,Normal
2024-01-09 13:25:00,USR-0490,4,28.1,32.97,14,4,0,Normal
2024-02-02 03:40:00,USR-0439,15,100.0,435.25,4,46,8,Suspicious
2024-01-26 20:50:00,USR-0137,4,42.7,20.43,15,6,1,Normal
2024-01-23 11:25:00,USR-0399,1,40.4,7.74,8,5,2,Normal
2024-01-18 00:15:00,USR-0261,3,35.8,50.05,15,2,2,Normal
2024-02-02 17:15:00,USR-0006,21,94.6,306.19,5,25,7,Suspicious
2024-02-04 09:30:00,USR-0348,20,90.3,109.6,0,30,7,Suspicious
2024-01-21 07:30:00,USR-0207,2,38.5,4.01,7,6,0,Normal
2024-01-21 11:00:00,USR-0489,2,16.9,16.01,11,5,0,Normal
2024-01-18 17:50:00,USR-0183,4,19.1,13.09,15,7,1,Normal
2024-01-02 07:35:00,USR-0064,9,34.7,7.47,15,1,0,Normal
2024-01-07 06:55:00,USR-0270,5,19.3,7.02,18,4,1,Normal
2024-01-28 21:00:00,USR-0408,4,47.0,7.79,13,2,1,Normal
2024-01-14 08:25:00,USR-0412,3,37.5,20.66,14,7,0,Normal
2024-01-02 22:15:00,USR-0450,4,36.5,56.23,11,4,0,Normal
2024-01-03 11:35:00,USR-0066,5,11.4,37.96,11,4,0,Normal
2024-01-12 08:20:00,USR-0339,3,27.4,22.65,9,7,0,Normal
2024-01-17 15:00:00,USR-0460,7,37.5,26.81,8,6,0,Normal
2024-01-03 22:20:00,USR-0444,4,43.8,22.61,15,1,0,Normal
2024-02-01 17:00:00,USR-0253,1,37.8,7.39,15,1,0,Normal
2024-01-07 11:50:00,USR-0361,2,35.9,5.87,17,3,0,Normal
2024-01-27 22:15:00,USR-0323,2,25.1,4.82,9,7,1,Normal
2024-02-03 12:00:00,USR-0398,26,95.4,198.36,4,25,5,Suspicious
2024-01-07 06:20:00,USR-0312,3,23.7,7.71,9,1,0,Normal
2024-01-10 08:40:00,USR-0273,2,36.5,4.66,14,6,0,Normal
2024-01-21 17:50:00,USR-0400,3,46.0,15.47,15,6,1,Normal
2024-01-22 17:20:00,USR-0407,4,30.6,10.93,13,3,1,Normal
2024-01-24 07:00:00,USR-0145,5,15.5,7.52,15,6,0,Normal
2024-01-12 05:05:00,USR-0387,4,51.1,0.51,10,3,1,Normal
2024-01-03 22:10:00,USR-0031,7,21.8,19.76,8,4,0,Normal
2024-01-15 16:05:00,USR-0454,5,49.7,10.78,13,4,2,Normal
2024-01-21 04:00:00,USR-0064,6,34.4,10.75,11,6,0,Normal
2024-02-04 04:45:00,USR-0152,26,97.4,226.44,2,42,12,Suspicious
2024-01-21 10:50:00,USR-0407,0,26.1,19.89,9,4,0,Normal
2024-01-28 19:25:00,USR-0334,3,33.0,6.37,15,5,0,Normal
2024-01-19 22:15:00,USR-0489,4,20.8,4.28,17,1,0,Normal
2024-01-16 15:55:00,USR-0100,6,11.8,62.79,10,6,0,Normal
2024-01-31 01:10:00,USR-0157,2,34.6,7.35,8,6,1,Normal
2024-02-01 07:25:00,USR-0134,1,24.7,15.41,11,7,1,Normal
2024-01-05 01:10:00,USR-0316,2,19.0,3.85,11,7,0,Normal
2024-01-12 01:55:00,USR-0071,5,18.6,36.88,9,3,0,Normal
2024-01-12 02:55:00,USR-0279,3,34.6,17.77,11,6,0,Normal
2024-01-03 07:05:00,USR-0428,3,39.5,41.95,18,3,0,Normal
2024-02-02 22:50:00,USR-0278,26,86.9,408.62,3,23,12,Suspicious
2024-01-28 16:15:00,USR-0101,3,45.1,9.83,13,1,0,Normal
2024-01-10 17:50:00,USR-0324,2,30.9,22.9,11,3,1,Normal
2024-01-29 02:10:00,USR-0323,3,56.0,27.42,9,2,2,Normal
2024-01-25 21:15:00,USR-0401,3,18.6,20.72,15,5,0,Normal
2024-01-16 19:30:00,USR-0038,3,13.7,10.02,11,1,0,Normal
2024-01-19 16:20:00,USR-0322,4,20.6,24.43,12,5,2,Normal
2024-01-20 15:55:00,USR-0232,3,18.7,0.64,11,1,0,Normal
2024-01-10 07:30:00,USR-0405,4,13.3,6.55,14,5,0,Normal
2024-01-02 08:15:00,USR-0422,3,13.1,11.15,16,1,0,Normal
2024-01-12 17:10:00,USR-0176,3,45.1,3.88,11,6,1,Normal
2024-01-01 00:15:00,USR-0163,5,44.3,2.58,13,6,0,Normal
2024-01-31 14:40:00,USR-0104,1,28.2,18.23,13,3,0,Normal
2024-01-20 07:05:00,USR-0125,5,9.1,24.1,9,7,1,Normal
2024-01-07 10:50:00,USR-0091,2,24.5,32.13,8,6,1,Normal
2024-02-01 08:25:00,USR-0189,6,35.1,1.46,13,5,1,Normal
2024-01-19 02:55:00,USR-0196,1,39.2,2.96,8,7,1,Normal
2024-01-12 16:35:00,USR-0328,4,13.8,12.91,9,1,0,Normal
2024-01-14 19:20:00,USR-0278,3,15.9,12.86,14,2,0,Normal
2024-01-28 03:35:00,USR-0490,2,14.5,2.86,13,2,0,Normal
2024-01-04 20:25:00,USR-0062,2,24.3,31.25,12,6,0,Normal
2024-01-06 21:35:00,USR-0178,5,18.8,18.0,9,3,2,Normal
2024-01-18 08:20:00,USR-0094,3,40.2,8.97,7,4,0,Normal
2024-01-28 14:00:00,USR-0110,2,35.0,8.95,18,4,0,Normal
2024-01-26 11:45:00,USR-0271,1,21.3,5.54,10,2,1,Normal
2024-01-06 22:50:00,USR-0102,1,17.1,7.87,12,5,1,Normal
2024-01-23 05:50:00,USR-0306,4,40.2,40.38,14,4,1,Normal
2024-01-07 20:20:00,USR-0379,0,9.0,15.9,12,1,1,Normal
2024-01-30 05:45:00,USR-0477,3,21.3,34.1,10,5,0,Normal
2024-01-14 00:25:00,USR-0079,3,16.4,2.43,15,4,1,Normal
2024-01-24 04:30:00,USR-0295,5,14.9,17.88,13,4,1,Normal
2024-01-07 00:50:00,USR-0024,2,14.7,9.78,15,3,3,Normal
2024-01-30 23:05:00,USR-0377,2,14.9,5.07,10,3,1,Normal
2024-02-04 01:05:00,USR-0362,19,99.1,274.27,0,37,8,Suspicious
2024-01-08 20:35:00,USR-0072,2,22.2,7.43,19,7,1,Normal
2024-01-05 00:00:00,USR-0051,2,23.5,36.44,13,2,0,Normal
2024-01-15 03:45:00,USR-0398,3,23.4,0.51,18,2,1,Normal
2024-01-27 16:20:00,USR-0344,6,33.4,39.91,9,5,0,Normal
2024-01-14 13:05:00,USR-0497,1,27.0,4.87,12,3,1,Normal
2024-01-18 06:20:00,USR-0247,2,46.2,1.79,12,4,0,Normal
2024-02-04 16:55:00,USR-0138,21,87.7,704.65,2,45,8,Suspicious
2024-01-17 16:20:00,USR-0168,3,15.4,18.32,10,3,1,Normal
2024-02-02 00:50:00,USR-0333,20,87.4,135.1,5,45,5,Suspicious
2024-01-01 03:35:00,USR-0059,3,13.9,5.68,11,5,1,Normal
2024-01-15 08:40:00,USR-0496,3,23.1,23.85,17,5,1,Normal
2024-01-20 13:00:00,USR-0303,1,24.3,10.42,12,2,1,Normal
2024-02-01 08:10:00,USR-0007,3,32.5,0.84,16,2,0,Normal
2024-01-17 01:15:00,USR-0289,1,26.9,0.64,9,1,1,Normal
2024-01-18 03:35:00,USR-0056,3,35.9,31.11,14,6,0,Normal
2024-01-24 14:45:00,USR-0368,3,30.6,0.78,12,1,0,Normal
2024-01-23 18:35:00,USR-0101,3,39.3,3.62,13,4,0,Normal
2024-01-19 19:35:00,USR-0445,1,39.9,33.73,14,3,0,Normal
2024-01-26 20:15:00,USR-0214,4,55.0,5.99,11,1,0,Normal
2024-01-31 08:10:00,USR-0013,4,38.2,19.0,13,3,0,Normal
2024-01-18 17:05:00,USR-0133,4,15.4,20.74,12,5,0,Normal
2024-01-04 02:15:00,USR-0397,3,18.2,26.1,15,4,0,Normal
2024-01-19 06:45:00,USR-0241,3,26.4,3.07,12,4,0,Normal
2024-01-28 07:05:00,USR-0315,3,43.0,3.96,10,5,0,Normal
2024-01-03 03:10:00,USR-0209,2,22.7,30.54,10,3,0,Normal
2024-01-10 11:40:00,USR-0024,1,19.5,19.85,9,1,0,Normal
2024-01-01 08:00:00,USR-0061,2,12.9,21.8,14,4,0,Normal
2024-01-02 23:55:00,USR-0397,4,26.2,22.59,12,4,1,Normal
2024-01-31 14:05:00,USR-0352,6,47.8,17.56,13,5,1,Normal
2024-01-10 10:15:00,USR-0153,2,29.0,3.3,12,3,1,Normal
2024-01-27 03:30:00,USR-0174,4,30.7,11.92,7,5,0,Normal
2024-01-27 20:00:00,USR-0201,0,18.0,39.36,12,4,0,Normal
2024-01-20 03:00:00,USR-0288,2,29.1,5.0,13,2,0,Normal
2024-01-05 10:40:00,USR-0098,5,34.4,70.0,14,4,1,Normal
2024-01-07 14:40:00,USR-0387,5,35.4,11.04,18,5,0,Normal
2024-01-03 08:40:00,USR-0152,1,21.7,23.89,17,2,0,Normal
2024-01-27 00:40:00,USR-0412,3,32.8,46.16,10,7,0,Normal
2024-01-11 03:30:00,USR-0016,1,26.5,0.58,14,5,0,Normal
2024-01-18 21:50:00,USR-0131,1,30.2,19.27,11,2,2,Normal
2024-01-29 03:00:00,USR-0370,4,17.5,7.69,9,1,0,Normal
2024-01-09 03:15:00,USR-0080,5,10.5,4.38,16,2,0,Normal
2024-01-05 20:45:00,USR-0381,5,26.8,12.64,11,1,1,Normal
2024-02-02 03:05:00,USR-0406,22,85.7,384.35,1,37,8,Suspicious
2024-02-02 14:15:00,USR-0465,28,99.4,669.21,0,45,7,Suspicious
2024-01-27 20:05:00,USR-0279,1,25.8,0.91,12,1,1,Normal
2024-02-03 14:10:00,USR-0210,20,86.6,123.53,3,16,10,Suspicious
2024-01-16 02:25:00,USR-0499,4,40.4,44.64,10,6,0,Normal
2024-01-13 08:20:00,USR-0202,3,23.5,14.14,12,4,2,Normal
2024-01-28 23:25:00,USR-0065,3,36.5,1.52,14,7,0,Normal
2024-01-31 10:20:00,USR-0387,4,31.6,2.02,15,4,0,Normal
2024-01-16 22:40:00,USR-0422,1,9.7,32.46,9,6,1,Normal
2024-01-20 01:00:00,USR-0248,4,21.1,9.25,11,3,2,Normal
2024-01-10 22:05:00,USR-0277,0,14.0,0.87,9,6,0,Normal
2024-01-21 08:55:00,USR-0116,2,33.7,8.77,11,3,0,Normal
2024-01-19 03:00:00,USR-0158,0,40.3,2.61,9,7,1,Normal
2024-01-14 06:50:00,USR-0496,2,27.1,26.12,13,1,1,Normal
2024-01-30 04:30:00,USR-0225,4,40.4,23.99,13,6,1,Normal
2024-01-20 23:05:00,USR-0377,2,24.3,3.6,15,4,1,Normal
2024-01-25 20:40:00,USR-0020,6,30.6,17.64,14,7,0,Normal
2024-01-01 12:15:00,USR-0036,0,23.0,3.21,17,5,2,Normal
2024-01-17 01:35:00,USR-0250,2,20.6,3.31,13,5,0,Normal
2024-01-01 16:15:00,USR-0356,2,25.3,16.6,7,3,0,Normal
2024-01-04 15:25:00,USR-0300,6,29.9,35.27,8,7,0,Normal
2024-01-09 06:05:00,USR-0366,5,33.9,6.97,16,2,0,Normal
2024-01-19 17:10:00,USR-0172,2,15.9,9.15,9,7,0,Normal
2024-01-01 08:05:00,USR-0449,3,48.0,2.92,15,4,1,Normal
2024-02-02 14:35:00,USR-0375,19,93.6,327.2,4,35,8,Suspicious
2024-01-13 09:55:00,USR-0127,1,39.1,4.09,9,1,0,Normal
2024-02-03 04:45:00,USR-0046,18,96.5,146.84,1,32,3,Suspicious
2024-01-18 22:20:00,USR-0108,2,53.0,55.12,16,6,0,Normal
2024-01-01 08:45:00,USR-0465,1,14.2,20.16,8,3,2,Normal
2024-01-17 17:50:00,USR-0238,4,33.9,1.52,14,5,0,Normal
2024-01-22 13:15:00,USR-0220,4,31.3,14.7,9,1,0,Normal
2024-01-06 15:40:00,USR-0176,2,12.2,3.66,7,7,1,Normal
2024-02-01 13:55:00,USR-0218,7,16.2,6.04,14,5,2,Normal
2024-02-04 04:05:00,USR-0151,29,93.6,1297.04,4,42,10,Suspicious
2024-01-07 16:15:00,USR-0328,1,21.1,40.26,9,4,0,Normal
2024-01-23 14:40:00,USR-0215,5,14.7,3.45,11,2,0,Normal
2024-01-01 04:10:00,USR-0212,2,51.4,22.18,12,1,0,Normal
2024-01-10 22:25:00,USR-0172,3,41.1,9.24,11,3,1,Normal
2024-01-10 04:35:00,USR-0106,3,43.8,37.9,19,4,1,Normal
2024-01-04 08:40:00,USR-0411,5,19.0,9.4,12,3,0,Normal
2024-02-03 04:40:00,USR-0060,17,95.7,284.41,2,39,7,Suspicious
2024-02-03 19:45:00,USR-0017,26,96.4,118.19,4,23,14,Suspicious
2024-01-22 02:40:00,USR-0334,2,14.1,17.2,16,2,0,Normal
2024-01-05 11:25:00,USR-0134,3,21.2,34.14,8,7,0,Normal
2024-02-01 00:10:00,USR-0409,2,60.3,2.56,15,3,0,Normal
2024-01-25 17:30:00,USR-0292,3,41.0,9.71,11,7,0,Normal
2024-01-28 20:40:00,USR-0446,3,42.1,6.38,16,1,0,Normal
2024-01-31 19:40:00,USR-0124,2,14.1,24.62,11,7,1,Normal
2024-01-26 00:45:00,USR-0167,4,49.2,42.54,16,3,0,Normal
2024-01-26 16:50:00,USR-0123,4,27.2,8.04,13,6,0,Normal
2024-01-19 12:10:00,USR-0188,5,29.7,2.75,12,6,1,Normal
2024-01-03 08:25:00,USR-0007,2,21.7,16.05,10,4,1,Normal
2024-02-01 05:20:00,USR-0496,2,18.3,5.29,17,7,1,Normal
2024-02-04 09:15:00,USR-0358,20,94.3,155.12,0,45,4,Suspicious
2024-01-30 08:55:00,USR-0498,6,42.1,7.51,12,1,0,Normal
2024-02-01 06:30:00,USR-0149,5,27.9,2.41,11,3,0,Normal
2024-01-11 08:55:00,USR-0280,5,24.3,6.69,9,3,1,Normal
2024-02-03 22:50:00,USR-0285,17,95.8,207.67,0,20,4,Suspicious
2024-01-19 08:20:00,USR-0254,2,43.9,5.14,17,6,1,Normal
2024-01-24 09:20:00,USR-0458,0,17.0,7.29,12,6,0,Normal
2024-01-28 21:55:00,USR-0416,4,37.2,26.24,10,3,0,Normal
2024-01-10 00:35:00,USR-0035,3,31.3,4.95,16,1,0,Normal
2024-01-24 19:25:00,USR-0424,2,31.0,9.41,8,7,0,Normal
2024-01-12 20:15:00,USR-0420,2,34.5,16.48,14,4,1,Normal
2024-01-15 06:05:00,USR-0418,3,44.8,22.31,17,4,0,Normal
2024-01-29 23:00:00,USR-0157,3,21.8,8.78,19,1,0,Normal
2024-02-02 04:10:00,USR-0101,16,93.9,309.55,3,36,6,Suspicious
2024-01-06 11:40:00,USR-0298,3,37.9,18.43,17,1,2,Normal
2024-01-01 00:20:00,USR-0204,3,13.2,28.77,8,5,1,Normal
2024-01-07 09:25:00,USR-0080,3,14.7,4.92,9,5,0,Normal
2024-01-27 06:20:00,USR-0080,3,32.0,35.71,10,1,0,Normal
2024-01-04 10:10:00,USR-0299,6,21.7,17.28,19,3,0,Normal
2024-02-04 12:05:00,USR-0081,26,91.4,1796.46,2,42,5,Suspicious
2024-01-07 02:25:00,USR-0389,1,29.0,19.6,15,7,0,Normal
2024-01-16 00:30:00,USR-0042,3,28.6,58.19,11,7,1,Normal
2024-01-27 22:05:00,USR-0389,3,12.8,7.13,9,7,0,Normal
2024-01-08 17:50:00,USR-0356,7,36.5,5.21,16,7,0,Normal
2024-01-30 21:50:00,USR-0153,2,28.5,13.06,10,3,0,Normal
2024-01-29 16:15:00,USR-0052,4,13.3,8.22,13,2,0,Normal
2024-02-02 01:00:00,USR-0255,18,98.8,965.54,4,39,8,Suspicious
2024-01-26 11:00:00,USR-0039,2,28.6,5.07,9,7,0,Normal
2024-01-23 05:20:00,USR-0412,5,30.6,7.5,16,7,1,Normal
2024-01-26 12:05:00,USR-0163,1,16.4,1.38,12,3,0,Normal
2024-01-06 17:35:00,USR-0230,1,32.4,20.97,14,2,0,Normal
2024-01-11 11:15:00,USR-0476,2,58.0,15.6,16,6,2,Normal
2024-01-16 07:15:00,USR-0479,4,41.9,5.87,9,5,0,Normal
2024-01-21 23:40:00,USR-0200,4,31.9,36.68,16,2,0,Normal
2024-01-13 02:25:00,USR-0222,3,12.9,6.79,16,4,1,Normal
2024-01-31 08:20:00,USR-0270,4,49.0,0.83,14,7,0,Normal
2024-01-15 03:35:00,USR-0164,6,27.0,13.1,11,2,0,Normal
2024-01-10 08:25:00,USR-0423,2,58.1,59.12,11,3,0,Normal
2024-01-28 08:55:00,USR-0309,3,32.8,92.2,10,3,0,Normal
2024-01-15 12:35:00,USR-0463,2,22.1,3.63,10,1,1,Normal
2024-01-14 09:20:00,USR-0264,3,32.0,14.73,9,7,0,Normal
2024-01-02 23:50:00,USR-0003,4,7.6,15.07,11,3,0,Normal
2024-01-16 07:20:00,USR-0201,0,50.6,2.91,10,2,1,Normal
2024-01-04 09:45:00,USR-0153,3,40.3,8.8,14,6,1,Normal
2024-01-25 14:30:00,USR-0394,7,16.3,7.93,15,4,0,Normal
2024-01-25 17:50:00,USR-0365,1,49.6,8.19,10,1,0,Normal
2024-01-02 16:15:00,USR-0105,2,27.8,0.98,13,3,0,Normal
2024-01-31 01:00:00,USR-0285,3,25.0,6.6,9,3,1,Normal
2024-01-07 03:45:00,USR-0488,2,37.4,10.92,14,5,0,Normal
2024-02-01 12:50:00,USR-0212,3,23.8,31.37,11,3,0,Normal
2024-01-10 13:05:00,USR-0198,3,23.5,12.51,16,4,0,Normal
2024-01-24 08:15:00,USR-0024,5,62.2,5.27,11,6,0,Normal
2024-01-17 09:00:00,USR-0134,1,29.4,1.5,15,2,0,Normal
2024-01-19 10:25:00,USR-0421,3,14.6,3.99,19,7,1,Normal
2024-01-11 05:25:00,USR-0204,1,36.2,57.8,17,6,2,Normal
2024-01-07 10:35:00,USR-0213,2,20.7,10.33,14,5,0,Normal
2024-01-06 21:00:00,USR-0193,2,13.5,6.73,16,3,1,Normal
2024-01-27 21:25:00,USR-0124,4,15.5,8.7,16,1,0,Normal
2024-01-28 03:15:00,USR-0286,2,24.3,1.8,14,3,1,Normal
2024-01-06 19:20:00,USR-0480,2,18.7,4.26,16,1,1,Normal
2024-01-08 12:30:00,USR-0154,4,18.9,11.39,13,5,1,Normal
2024-01-10 14:00:00,USR-0087,3,28.9,37.85,10,6,0,Normal
2024-01-27 11:30:00,USR-0051,5,13.4,1.2,17,1,0,Normal
2024-01-05 10:25:00,USR-0249,7,14.2,15.87,11,2,3,Normal
2024-01-02 23:10:00,USR-0099,2,40.4,11.23,12,6,0,Normal
2024-01-08 00:35:00,USR-0256,3,17.6,4.25,9,7,1,Normal
2024-01-07 12:05:00,USR-0198,3,30.0,13.33,14,3,1,Normal
2024-01-21 14:10:00,USR-0184,3,14.2,11.77,18,3,0,Normal
2024-01-23 14:10:00,USR-0460,1,17.1,4.79,11,1,0,Normal
2024-01-31 15:40:00,USR-0439,1,20.1,10.12,14,2,1,Normal
2024-01-08 06:50:00,USR-0342,4,43.6,31.51,12,1,0,Normal
2024-01-10 20:05:00,USR-0073,2,27.9,11.97,8,4,1,Normal
2024-01-16 11:50:00,USR-0403,2,22.3,38.57,10,5,1,Normal
2024-01-08 08:10:00,USR-0498,1,16.3,16.36,10,1,0,Normal
2024-01-18 04:05:00,USR-0340,2,15.1,2.21,11,4,0,Normal
2024-01-27 23:40:00,USR-0264,0,33.1,59.66,8,4,1,Normal
2024-01-01 00:45:00,USR-0354,3,15.0,7.19,9,7,1,Normal
2024-01-28 00:50:00,USR-0032,0,36.6,3.67,11,4,0,Normal
2024-01-05 08:20:00,USR-0305,4,18.7,6.29,13,2,0,Normal
2024-01-28 13:40:00,USR-0409,2,13.7,3.67,10,3,0,Normal
2024-01-28 21:30:00,USR-0007,3,20.7,4.24,8,2,0,Normal
2024-01-24 19:35:00,USR-0112,1,16.1,3.69,7,7,0,Normal
2024-01-11 07:50:00,USR-0015,2,29.0,70.58,10,2,1,Normal
2024-01-30 12:40:00,USR-0398,4,33.1,7.31,13,6,2,Normal
2024-01-05 10:00:00,USR-0130,6,20.3,23.46,12,1,0,Normal
2024-01-03 22:15:00,USR-0262,1,20.9,26.81,11,1,0,Normal
2024-01-15 05:30:00,USR-0393,3,30.2,32.39,19,1,3,Normal
2024-01-08 22:20:00,USR-0451,2,35.1,9.09,10,1,0,Normal
2024-01-20 08:15:00,USR-0002,2,22.3,15.98,10,6,0,Normal
2024-01-25 10:30:00,USR-0016,3,32.1,7.63,14,1,0,Normal
2024-01-07 08:35:00,USR-0352,0,30.3,19.31,17,1,1,Normal
2024-01-16 15:25:00,USR-0116,0,24.7,11.94,9,7,0,Normal
2024-01-17 01:30:00,USR-0273,3,23.5,34.55,15,2,0,Normal
2024-01-21 06:55:00,USR-0478,3,23.0,24.36,15,2,0,Normal
2024-01-01 04:55:00,USR-0481,2,37.2,9.25,10,4,0,Normal
2024-01-05 17:40:00,USR-0182,6,13.3,25.64,7,6,0,Normal
2024-01-29 15:55:00,USR-0262,2,27.4,19.42,15,1,0,Normal
2024-02-03 17:00:00,USR-0105,19,96.4,401.88,3,22,7,Suspicious
2024-01-25 01:00:00,USR-0454,2,49.9,11.74,12,7,0,Normal
2024-01-23 04:30:00,USR-0482,3,8.7,33.54,11,5,0,Normal
2024-02-01 02:25:00,USR-0121,3,19.3,37.71,17,6,0,Normal
2024-01-18 11:35:00,USR-0087,7,17.9,13.32,10,5,0,Normal
2024-01-21 13:25:00,USR-0279,1,17.5,24.56,11,6,0,Normal
2024-01-09 20:45:00,USR-0052,2,43.7,1.42,19,3,0,Normal
2024-01-02 20:00:00,USR-0029,3,14.7,5.04,10,7,0,Normal
2024-01-30 00:00:00,USR-0099,4,27.3,10.85,11,7,0,Normal
2024-01-06 13:20:00,USR-0375,5,28.1,26.68,12,6,1,Normal
2024-01-07 17:00:00,USR-0376,3,19.2,6.99,17,2,0,Normal
2024-01-16 09:05:00,USR-0413,2,19.5,6.13,18,4,0,Normal
2024-02-02 06:05:00,USR-0260,21,91.8,131.26,1,36,6,Suspicious
2024-01-18 12:25:00,USR-0076,5,17.9,7.65,19,2,0,Normal
2024-02-03 18:25:00,USR-0326,30,94.9,489.42,4,48,8,Suspicious
2024-01-04 11:30:00,USR-0277,2,50.0,7.11,16,6,0,Normal
2024-01-16 07:30:00,USR-0010,3,39.1,19.59,18,7,0,Normal
2024-01-30 14:55:00,USR-0106,2,22.3,1.52,10,4,0,Normal
2024-01-29 21:25:00,USR-0196,3,17.2,22.73,9,6,1,Normal
2024-01-21 02:25:00,USR-0012,7,45.6,8.35,12,7,0,Normal
2024-01-16 15:15:00,USR-0025,3,29.2,2.08,18,5,0,Normal
2024-01-25 13:55:00,USR-0438,4,41.9,36.69,12,5,1,Normal
2024-01-04 01:50:00,USR-0121,2,11.5,44.47,14,5,1,Normal
2024-01-21 23:35:00,USR-0192,4,41.9,10.5,17,5,1,Normal
2024-01-07 18:45:00,USR-0233,7,6.0,32.14,13,4,0,Normal
2024-02-04 14:00:00,USR-0076,19,85.9,287.86,4,40,6,Suspicious
2024-01-26 02:40:00,USR-0174,3,28.8,36.15,15,2,0,Normal
2024-01-04 17:40:00,USR-0234,2,29.3,53.04,13,5,0,Normal
2024-01-31 00:55:00,USR-0312,5,57.6,14.07,13,5,0,Normal
2024-02-04 12:25:00,USR-0382,25,94.9,305.28,5,38,8,Suspicious
2024-01-31 05:50:00,USR-0452,1,32.0,32.67,10,3,0,Normal
2024-01-17 09:05:00,USR-0030,2,57.9,6.96,14,6,1,Normal
2024-01-06 05:50:00,USR-0454,5,17.8,23.74,16,3,1,Normal
2024-01-26 12:55:00,USR-0278,6,13.5,21.14,9,5,2,Normal
2024-01-28 14:40:00,USR-0375,2,26.3,5.76,13,6,0,Normal
2024-01-16 11:00:00,USR-0082,4,44.5,14.09,14,7,0,Normal
2024-02-02 16:20:00,USR-0008,21,92.2,110.98,4,32,13,Suspicious
2024-01-31 09:50:00,USR-0278,3,41.5,0.84,19,3,0,Normal
2024-02-03 06:45:00,USR-0022,22,87.8,374.91,0,30,6,Suspicious
2024-01-13 02:45:00,USR-0424,1,19.3,34.88,12,1,0,Normal
2024-01-14 16:40:00,USR-0145,5,10.7,8.13,14,2,0,Normal
2024-01-29 09:40:00,USR-0073,0,18.5,12.49,18,1,0,Normal
2024-01-01 23:25:00,USR-0437,1,43.3,5.3,11,6,0,Normal
2024-01-05 03:50:00,USR-0454,5,20.3,2.57,9,2,0,Normal
2024-02-02 04:40:00,USR-0460,30,87.6,117.83,4,27,5,Suspicious
2024-02-01 18:40:00,USR-0111,0,21.6,16.85,16,5,0,Normal
2024-01-26 22:35:00,USR-0274,1,21.1,25.9,18,7,1,Normal
2024-01-23 19:10:00,USR-0037,5,16.6,1.1,17,3,0,Normal
2024-02-03 09:00:00,USR-0155,22,90.8,293.12,0,49,16,Suspicious
2024-01-12 15:50:00,USR-0393,2,23.8,40.17,9,4,2,Normal
2024-01-02 22:00:00,USR-0057,4,14.6,1.6,7,4,1,Normal
2024-02-04 10:50:00,USR-0241,21,91.0,358.32,5,32,5,Suspicious
2024-01-04 12:00:00,USR-0301,6,17.3,7.46,10,7,0,Normal
2024-01-20 05:30:00,USR-0472,3,38.5,39.77,18,6,1,Normal
2024-01-02 06:45:00,USR-0301,9,37.0,22.07,10,2,0,Normal
2024-01-16 05:20:00,USR-0323,3,29.4,2.29,19,1,1,Normal
2024-01-15 21:15:00,USR-0379,2,17.7,11.33,10,6,2,Normal
2024-01-18 07:55:00,USR-0114,5,49.9,4.64,15,3,0,Normal
2024-01-14 02:10:00,USR-0222,2,16.0,0.9,11,6,1,Normal
2024-01-17 12:35:00,USR-0488,4,45.2,6.61,11,1,1,Normal
2024-01-09 07:15:00,USR-0182,4,19.5,5.42,15,4,1,Normal
2024-01-01 03:05:00,USR-0475,3,27.6,16.55,9,3,0,Normal
2024-01-30 21:00:00,USR-0138,3,39.9,5.42,10,4,0,Normal
2024-01-14 04:35:00,USR-0418,4,43.8,0.89,10,2,0,Normal
2024-01-21 18:00:00,USR-0071,4,60.9,87.3,10,7,1,Normal
2024-01-13 05:45:00,USR-0124,2,28.7,1.8,14,1,0,Normal
2024-02-04 11:40:00,USR-0007,22,99.8,300.27,3,18,7,Suspicious
2024-01-21 22:10:00,USR-0052,4,23.6,9.0,15,1,2,Normal
2024-02-04 16:20:00,USR-0329,22,97.2,154.0,1,43,7,Suspicious
2024-01-07 03:20:00,USR-0123,4,17.8,5.89,14,5,0,Normal
2024-01-15 07:25:00,USR-0428,4,59.5,26.89,9,5,0,Normal
2024-01-11 14:45:00,USR-0127,0,13.0,3.17,18,1,0,Normal
2024-01-30 12:15:00,USR-0196,5,36.8,9.78,10,5,0,Normal
2024-01-07 01:30:00,USR-0485,1,41.1,5.27,8,3,1,Normal
2024-01-15 22:10:00,USR-0322,5,27.5,4.82,12,4,1,Normal
2024-02-02 11:35:00,USR-0476,15,85.1,278.66,2,26,7,Suspicious
2024-01-08 01:55:00,USR-0444,3,25.8,7.43,16,3,0,Normal
2024-01-03 20:00:00,USR-0288,4,38.7,14.25,11,3,0,Normal
2024-01-24 23:50:00,USR-0296,4,9.4,46.18,10,1,0,Normal
2024-01-19 09:40:00,USR-0034,10,42.6,8.81,10,4,0,Normal
2024-01-26 02:30:00,USR-0313,6,47.9,4.38,13,5,0,Normal
2024-02-03 20:10:00,USR-0034,28,95.7,1362.63,4,22,10,Suspicious
2024-01-30 17:40:00,USR-0183,6,33.1,11.96,16,6,1,Normal
2024-01-21 09:50:00,USR-0153,1,30.4,14.93,13,7,0,Normal
2024-01-13 20:30:00,USR-0349,3,25.3,3.2,13,1,0,Normal
2024-01-26 04:20:00,USR-0476,3,20.4,26.68,11,6,0,Normal
2024-02-02 19:45:00,USR-0046,17,98.5,699.79,1,27,9,Suspicious
2024-01-03 09:05:00,USR-0101,4,13.9,16.61,10,3,0,Normal
2024-01-03 02:40:00,USR-0186,1,36.5,9.31,12,4,0,Normal
2024-01-30 02:00:00,USR-0441,2,37.9,11.7,11,2,0,Normal
2024-01-27 15:45:00,USR-0407,3,38.2,5.9,10,4,0,Normal
2024-01-06 22:55:00,USR-0001,1,22.3,2.14,16,7,0,Normal
2024-01-02 04:45:00,USR-0112,2,31.6,5.13,10,6,0,Normal
2024-01-27 07:25:00,USR-0433,1,22.9,19.27,7,4,0,Normal
2024-01-29 13:40:00,USR-0196,5,18.7,10.67,11,1,0,Normal
2024-01-08 22:40:00,USR-0037,1,38.3,21.77,7,1,0,Normal
2024-01-18 20:05:00,USR-0150,4,33.2,23.57,9,4,0,Normal
2024-01-16 19:50:00,USR-0142,2,48.3,24.55,16,6,2,Normal
2024-01-05 00:20:00,USR-0127,1,22.7,1.4,16,5,1,Normal
2024-01-13 11:35:00,USR-0405,1,22.2,12.71,10,2,1,Normal
2024-01-09 12:20:00,USR-0376,5,30.9,6.95,11,1,1,Normal
2024-01-21 23:30:00,USR-0042,5,21.8,1.67,9,1,2,Normal
2024-01-03 12:30:00,USR-0462,0,42.6,15.31,11,6,0,Normal
2024-01-09 22:45:00,USR-0069,3,36.6,0.52,15,7,3,Normal
2024-01-03 23:45:00,USR-0259,6,15.0,4.41,13,5,0,Normal
2024-01-02 09:05:00,USR-0268,4,27.2,1.02,18,1,0,Normal
2024-01-24 21:25:00,USR-0340,1,35.7,20.03,14,5,0,Normal
2024-01-16 13:50:00,USR-0223,3,43.2,26.61,13,6,0,Normal
2024-01-02 11:20:00,USR-0493,5,24.8,57.16,13,1,1,Normal
2024-01-21 15:40:00,USR-0047,4,26.0,6.51,11,2,0,Normal
2024-01-22 02:35:00,USR-0494,0,38.8,8.21,12,3,3,Normal
2024-01-08 16:45:00,USR-0032,2,28.8,18.02,11,1,0,Normal
2024-01-11 16:50:00,USR-0459,2,23.5,24.3,13,7,1,Normal
2024-01-16 12:05:00,USR-0429,3,14.1,2.48,10,5,1,Normal
2024-01-09 08:00:00,USR-0057,2,27.3,17.55,7,6,1,Normal
2024-01-26 13:10:00,USR-0478,3,26.7,48.29,10,7,1,Normal
2024-01-10 13:30:00,USR-0213,2,36.8,1.42,14,1,1,Normal
2024-01-04 06:25:00,USR-0060,1,12.8,8.09,7,1,0,Normal
2024-01-26 22:10:00,USR-0229,5,31.4,9.35,19,3,0,Normal
2024-01-25 04:10:00,USR-0426,5,18.1,33.5,12,6,1,Normal
2024-02-01 04:20:00,USR-0091,1,28.3,58.22,10,3,0,Normal
2024-01-24 16:35:00,USR-0358,5,47.9,3.29,12,1,0,Normal
2024-01-02 22:45:00,USR-0303,4,32.9,10.1,11,3,0,Normal
2024-01-22 11:25:00,USR-0101,4,15.2,9.15,10,5,0,Normal
2024-01-26 22:05:00,USR-0346,4,40.0,9.99,11,4,1,Normal
2024-01-01 02:50:00,USR-0016,5,68.1,3.61,10,2,1,Normal
2024-01-21 16:20:00,USR-0146,2,20.6,6.25,12,3,0,Normal
2024-01-05 18:50:00,USR-0478,3,17.5,13.42,10,6,0,Normal
2024-01-27 10:00:00,USR-0005,5,16.1,4.34,14,4,0,Normal
2024-01-11 14:05:00,USR-0453,4,12.5,17.69,15,6,1,Normal
2024-01-10 17:20:00,USR-0499,3,7.3,8.07,18,1,0,Normal
2024-01-30 18:30:00,USR-0471,5,34.3,1.33,15,6,0,Normal
2024-01-05 10:35:00,USR-0251,3,37.3,18.42,11,3,1,Normal
2024-01-10 00:10:00,USR-0101,5,44.5,4.6,12,3,0,Normal
2024-01-11 23:35:00,USR-0103,2,32.4,6.28,14,4,1,Normal
2024-02-02 13:20:00,USR-0426,19,87.9,1063.74,3,41,4,Suspicious
2024-01-18 18:05:00,USR-0096,1,41.1,22.27,11,4,4,Normal
2024-01-20 22:25:00,USR-0496,2,23.7,24.36,9,6,0,Normal
2024-01-10 18:30:00,USR-0056,1,26.5,2.17,10,5,0,Normal
2024-01-04 18:50:00,USR-0014,0,62.1,3.31,9,4,0,Normal
2024-01-10 21:00:00,USR-0317,4,37.9,2.51,13,3,0,Normal
2024-01-15 20:15:00,USR-0450,3,51.8,27.38,18,3,1,Normal
2024-01-13 04:35:00,USR-0119,0,28.5,13.08,14,3,0,Normal
2024-01-21 01:30:00,USR-0438,1,17.7,11.06,17,1,0,Normal
2024-01-12 00:20:00,USR-0012,3,16.0,14.65,15,5,0,Normal
2024-01-09 02:50:00,USR-0063,5,15.9,14.39,17,3,1,Normal
2024-01-16 14:45:00,USR-0327,1,28.6,1.14,8,6,1,Normal
2024-01-05 09:55:00,USR-0490,6,41.7,30.89,16,4,0,Normal
2024-02-01 18:20:00,USR-0226,3,16.8,0.74,10,7,0,Normal
2024-01-18 18:15:00,USR-0242,5,33.8,26.46,14,4,0,Normal
2024-01-11 09:00:00,USR-0136,1,9.2,62.61,11,1,0,Normal
2024-01-13 02:50:00,USR-0387,5,53.2,3.49,17,4,0,Normal
2024-01-15 20:10:00,USR-0088,6,36.8,28.03,10,4,2,Normal
2024-02-04 02:40:00,USR-0342,29,87.0,238.84,4,27,5,Suspicious
2024-01-18 01:35:00,USR-0381,2,23.6,1.47,11,1,0,Normal
2024-01-03 08:00:00,USR-0356,2,28.7,11.47,15,5,0,Normal
2024-01-08 18:35:00,USR-0212,4,37.9,27.27,16,6,1,Normal
2024-01-31 09:35:00,USR-0316,5,18.6,15.15,11,7,0,Normal
2024-01-30 16:30:00,USR-0192,1,22.9,41.7,11,6,0,Normal
2024-02-04 01:50:00,USR-0081,22,92.4,444.47,2,31,9,Suspicious
2024-01-02 17:30:00,USR-0015,2,24.7,87.33,10,5,1,Normal
2024-02-03 00:10:00,USR-0349,28,86.2,411.8,2,22,8,Suspicious
2024-01-19 02:20:00,USR-0079,1,29.9,7.15,13,5,0,Normal
2024-01-28 02:15:00,USR-0027,5,24.6,3.96,17,6,0,Normal
2024-01-31 08:50:00,USR-0027,0,14.4,6.96,10,5,0,Normal
2024-02-04 14:45:00,USR-0023,21,94.3,738.72,0,19,10,Suspicious
2024-01-13 00:40:00,USR-0126,4,14.0,15.17,17,4,0,Normal
2024-01-19 20:25:00,USR-0262,3,15.6,24.74,11,5,0,Normal
2024-01-28 22:40:00,USR-0057,4,19.5,8.95,10,4,0,Normal
2024-02-01 16:55:00,USR-0318,1,59.8,14.23,14,7,1,Normal
2024-01-06 00:50:00,USR-0464,8,21.4,8.96,7,3,0,Normal
2024-02-03 16:10:00,USR-0404,18,89.8,427.01,1,20,7,Suspicious
2024-01-06 13:50:00,USR-0411,3,17.2,11.14,13,5,0,Normal
2024-01-23 22:05:00,USR-0468,4,37.6,5.14,11,3,0,Normal
2024-01-16 13:10:00,USR-0341,2,24.5,7.29,7,4,0,Normal
2024-01-19 01:50:00,USR-0256,2,25.5,4.72,13,4,0,Normal
2024-01-14 12:40:00,USR-0159,3,45.4,17.3,12,7,0,Normal
2024-01-19 11:45:00,USR-0290,2,16.5,79.94,9,1,0,Normal
2024-02-02 16:00:00,USR-0205,27,88.3,365.24,5,35,5,Suspicious
2024-01-06 08:15:00,USR-0334,3,27.5,1.9,14,1,1,Normal
2024-01-11 19:10:00,USR-0133,1,31.2,22.5,12,7,1,Normal
2024-01-24 08:20:00,USR-0208,8,14.6,31.14,14,7,1,Normal
2024-01-06 14:35:00,USR-0347,0,11.6,5.48,11,2,0,Normal
2024-01-09 17:30:00,USR-0417,5,22.9,28.85,10,6,1,Normal
2024-01-22 06:25:00,USR-0163,6,18.0,13.22,15,7,0,Normal
2024-01-31 23:50:00,USR-0266,5,7.7,14.1,14,3,1,Normal
2024-02-01 11:10:00,USR-0470,4,33.8,8.92,11,6,1,Normal
2024-02-03 06:15:00,USR-0033,18,87.1,2177.19,4,28,6,Suspicious
2024-01-26 21:40:00,USR-0089,2,19.0,13.55,16,1,1,Normal
2024-01-23 06:25:00,USR-0029,3,31.4,20.52,11,5,0,Normal
2024-01-08 09:30:00,USR-0272,3,14.5,6.4,16,2,3,Normal
2024-01-15 05:55:00,USR-0312,4,22.0,1.43,12,4,1,Normal
2024-01-01 17:25:00,USR-0237,4,17.6,23.15,17,3,0,Normal
2024-01-08 02:55:00,USR-0053,2,20.9,7.93,13,3,2,Normal
2024-01-13 11:55:00,USR-0390,5,8.3,9.98,13,3,0,Normal
2024-01-01 15:40:00,USR-0034,0,21.0,11.72,13,7,1,Normal
2024-01-17 07:40:00,USR-0159,1,21.9,12.53,12,3,0,Normal
2024-01-04 03:40:00,USR-0021,5,43.2,32.46,15,3,0,Normal
2024-01-10 18:00:00,USR-0223,4,22.9,16.1,13,2,0,Normal
2024-01-14 08:50:00,USR-0483,3,39.7,22.96,18,2,0,Normal
2024-01-05 14:45:00,USR-0454,3,35.9,1.7,13,4,0,Normal
2024-01-22 03:15:00,USR-0025,1,42.7,6.53,13,1,0,Normal
2024-01-26 00:20:00,USR-0186,6,8.9,6.18,12,7,3,Normal
2024-01-19 23:00:00,USR-0493,1,17.1,18.89,11,2,0,Normal
2024-01-26 04:55:00,USR-0439,0,21.1,1.77,10,1,0,Normal
2024-01-09 08:30:00,USR-0051,6,10.5,1.26,17,6,1,Normal
2024-01-06 16:10:00,USR-0196,5,55.8,3.03,10,6,1,Normal
2024-01-10 21:20:00,USR-0132,4,15.6,64.32,12,4,0,Normal
2024-01-21 14:50:00,USR-0136,2,14.6,12.4,14,1,0,Normal
2024-01-26 09:50:00,USR-0289,2,18.1,24.9,14,3,0,Normal
2024-01-17 04:25:00,USR-0326,4,24.6,2.75,12,6,1,Normal
2024-02-01 14:50:00,USR-0173,3,13.2,2.99,18,7,1,Normal
2024-01-19 06:10:00,USR-0209,2,29.7,20.85,15,3,2,Normal
2024-01-16 23:45:00,USR-0360,3,41.9,1.58,13,7,0,Normal
2024-01-22 14:55:00,USR-0173,6,11.4,33.8,12,3,0,Normal
2024-01-23 22:45:00,USR-0139,1,18.1,15.51,12,4,1,Normal
2024-01-29 12:50:00,USR-0203,2,27.3,15.4,12,4,1,Normal
2024-01-17 07:05:00,USR-0141,6,46.0,9.88,11,4,0,Normal
2024-01-15 03:50:00,USR-0080,7,44.2,3.31,9,4,1,Normal
2024-01-08 17:15:00,USR-0236,6,30.2,47.32,10,6,0,Normal
2024-01-31 21:40:00,USR-0159,3,8.1,53.37,15,6,0,Normal
2024-01-03 14:15:00,USR-0088,2,15.9,9.23,17,2,0,Normal
2024-01-10 12:30:00,USR-0317,4,18.2,27.4,17,6,0,Normal
2024-01-16 05:40:00,USR-0456,3,23.0,5.85,15,6,1,Normal
2024-01-16 06:10:00,USR-0317,5,57.1,2.93,18,2,0,Normal
2024-01-13 05:25:00,USR-0214,5,46.6,39.62,12,5,0,Normal
2024-01-27 02:50:00,USR-0026,4,21.7,1.83,9,6,0,Normal
2024-01-19 23:50:00,USR-0361,3,47.2,6.61,9,6,2,Normal
2024-01-26 20:00:00,USR-0233,3,26.1,7.74,13,6,0,Normal
2024-01-24 03:20:00,USR-0055,3,42.8,0.94,12,3,0,Normal
2024-01-29 10:10:00,USR-0138,0,19.2,16.77,14,4,0,Normal
2024-01-20 01:40:00,USR-0160,0,18.4,12.01,12,7,1,Normal
2024-01-26 23:10:00,USR-0429,5,38.7,18.56,10,7,1,Normal
2024-01-15 00:50:00,USR-0466,6,20.4,33.94,16,4,0,Normal
2024-01-08 12:55:00,USR-0056,3,12.2,3.17,11,3,1,Normal
2024-01-25 05:45:00,USR-0185,3,15.7,10.42,14,7,0,Normal
2024-01-31 13:40:00,USR-0150,3,45.4,32.72,11,1,0,Normal
2024-01-10 01:05:00,USR-0275,2,37.9,8.78,18,1,0,Normal
2024-02-01 12:20:00,USR-0346,1,15.3,19.8,12,6,2,Normal
2024-01-14 06:15:00,USR-0012,3,51.9,15.33,7,4,0,Normal
2024-01-31 13:10:00,USR-0239,4,31.9,27.14,10,6,0,Normal
2024-01-08 00:40:00,USR-0414,2,25.8,0.68,9,1,0,Normal
2024-01-17 04:45:00,USR-0170,2,20.1,37.18,12,6,0,Normal
2024-01-19 06:00:00,USR-0137,3,25.0,6.12,9,7,1,Normal
2024-01-25 09:30:00,USR-0190,1,22.9,26.21,17,7,1,Normal
2024-01-10 02:05:00,USR-0396,3,9.9,29.16,11,6,0,Normal
2024-01-18 14:55:00,USR-0375,0,57.9,31.33,13,7,0,Normal
2024-01-09 22:35:00,USR-0405,2,31.9,26.33,19,2,0,Normal
2024-01-11 11:20:00,USR-0176,1,26.4,32.86,12,2,1,Normal
2024-01-02 00:00:00,USR-0099,3,15.2,40.33,10,7,1,Normal
2024-02-02 18:25:00,USR-0465,27,92.1,588.91,2,49,4,Suspicious
2024-02-03 12:25:00,USR-0200,33,94.0,246.63,2,33,8,Suspicious
2024-01-10 04:00:00,USR-0463,1,21.2,31.45,12,7,2,Normal
2024-01-16 09:20:00,USR-0021,4,34.0,4.26,12,2,0,Normal
2024-01-14 09:30:00,USR-0284,5,18.7,5.36,12,1,0,Normal
2024-01-27 18:50:00,USR-0082,2,43.9,0.52,17,2,2,Normal
2024-01-06 13:35:00,USR-0484,2,26.2,18.7,12,2,0,Normal
2024-01-09 23:50:00,USR-0068,3,33.7,37.82,14,6,0,Normal
2024-01-28 12:35:00,USR-0104,3,18.0,29.03,11,6,1,Normal
2024-01-09 03:30:00,USR-0032,4,19.1,4.93,16,2,0,Normal
2024-02-04 15:10:00,USR-0089,30,95.2,433.73,2,37,12,Suspicious
2024-01-31 22:00:00,USR-0183,4,26.4,1.57,12,5,3,Normal
2024-01-07 02:15:00,USR-0142,6,7.4,10.07,13,1,0,Normal
2024-01-26 00:40:00,USR-0199,2,38.5,20.53,10,6,0,Normal
2024-01-03 11:30:00,USR-0003,5,17.4,56.51,8,7,0,Normal
2024-01-21 18:30:00,USR-0467,0,38.7,42.93,16,3,1,Normal
2024-01-05 17:25:00,USR-0007,4,38.3,19.61,8,2,0,Normal
2024-01-15 09:45:00,USR-0197,4,28.8,3.83,14,6,0,Normal
2024-01-27 15:30:00,USR-0181,1,9.6,7.62,14,7,0,Normal
2024-01-31 08:15:00,USR-0072,0,26.3,16.24,9,2,2,Normal
2024-01-26 10:05:00,USR-0011,3,47.6,0.75,15,1,0,Normal
2024-01-15 12:05:00,USR-0270,3,46.9,8.71,10,4,1,Normal
2024-01-31 10:25:00,USR-0238,2,9.0,12.28,18,1,0,Normal
2024-01-17 05:00:00,USR-0083,4,30.5,4.52,19,6,1,Normal
2024-01-21 15:55:00,USR-0410,3,9.9,2.41,14,5,1,Normal
2024-01-21 12:35:00,USR-0432,4,12.7,18.67,13,5,0,Normal
2024-01-10 22:55:00,USR-0079,3,21.3,17.44,10,7,1,Normal
2024-01-03 13:25:00,USR-0339,2,43.1,4.55,14,3,2,Normal
2024-01-12 03:05:00,USR-0369,3,15.9,7.88,9,4,2,Normal
2024-01-12 11:55:00,USR-0323,5,41.9,14.74,17,2,1,Normal
2024-01-01 06:10:00,USR-0389,3,75.4,12.6,17,6,0,Normal
2024-01-14 10:15:00,USR-0429,0,43.8,1.3,12,3,0,Normal
2024-01-20 11:40:00,USR-0337,4,22.6,6.56,13,1,0,Normal
2024-01-12 02:00:00,USR-0162,3,23.5,20.66,10,6,1,Normal
2024-01-09 12:00:00,USR-0030,4,38.0,18.26,13,5,1,Normal
2024-02-02 08:10:00,USR-0234,15,92.7,114.9,0,20,10,Suspicious
2024-01-26 18:50:00,USR-0492,4,29.5,11.7,17,2,0,Normal
2024-01-29 16:35:00,USR-0373,3,21.7,1.76,10,3,0,Normal
2024-01-24 10:25:00,USR-0014,0,32.2,5.72,12,5,0,Normal
2024-02-02 12:10:00,USR-0033,25,89.6,242.29,5,48,9,Suspicious
2024-01-31 07:20:00,USR-0386,4,45.6,9.93,11,7,1,Normal
2024-01-14 11:35:00,USR-0148,3,22.4,6.12,10,1,2,Normal
2024-01-11 04:05:00,USR-0084,2,25.8,4.23,12,6,1,Normal
2024-01-25 08:35:00,USR-0283,5,24.8,13.88,15,5,0,Normal
2024-01-02 12:40:00,USR-0114,3,29.7,10.79,13,6,0,Normal
2024-01-19 21:45:00,USR-0392,4,18.2,1.72,16,6,1,Normal
2024-01-16 14:10:00,USR-0162,4,42.0,11.83,10,5,1,Normal
2024-01-23 10:10:00,USR-0337,2,13.7,25.98,15,7,0,Normal
2024-01-30 13:45:00,USR-0338,1,6.7,7.63,10,1,0,Normal
2024-01-03 21:10:00,USR-0042,2,13.3,8.25,9,1,1,Normal
2024-01-30 16:40:00,USR-0428,3,27.7,13.58,9,5,0,Normal
2024-01-26 01:20:00,USR-0459,2,41.4,31.84,15,3,0,Normal
2024-01-31 22:50:00,USR-0479,3,36.2,8.17,8,7,0,Normal
2024-01-07 09:15:00,USR-0333,3,10.4,2.95,10,6,0,Normal
2024-01-24 08:05:00,USR-0417,2,17.5,35.04,9,4,0,Normal
2024-01-21 11:30:00,USR-0460,8,17.3,1.46,14,2,1,Normal
2024-01-09 13:30:00,USR-0419,2,33.7,0.75,11,2,0,Normal
2024-01-11 16:30:00,USR-0057,2,26.6,8.72,15,2,0,Normal
2024-01-21 07:50:00,USR-0343,1,33.7,4.78,16,6,1,Normal
2024-01-01 08:15:00,USR-0127,5,21.4,18.43,9,2,2,Normal
2024-01-08 05:55:00,USR-0340,2,29.4,2.3,14,6,1,Normal
2024-02-04 04:10:00,USR-0248,17,87.2,153.25,5,16,10,Suspicious
2024-02-02 10:50:00,USR-0114,26,98.9,252.36,0,46,6,Suspicious
2024-01-16 18:20:00,USR-0412,2,29.8,17.39,9,5,1,Normal
2024-02-04 10:00:00,USR-0370,16,97.0,421.22,3,49,14,Suspicious
2024-01-11 02:25:00,USR-0296,4,12.2,18.38,12,7,0,Normal
2024-01-21 18:55:00,USR-0073,1,17.0,7.27,15,1,0,Normal
2024-01-02 11:35:00,USR-0169,1,22.7,5.8,15,6,1,Normal
2024-01-18 04:40:00,USR-0450,0,22.8,11.7,12,7,0,Normal
2024-01-07 20:25:00,USR-0235,4,37.9,2.31,9,1,0,Normal
2024-01-10 21:50:00,USR-0292,3,19.9,19.27,13,5,0,Normal
2024-01-04 20:10:00,USR-0489,5,13.6,12.99,9,2,0,Normal
2024-01-01 02:40:00,USR-0247,5,20.4,13.43,17,5,0,Normal
2024-01-22 13:00:00,USR-0086,2,36.8,11.72,12,3,0,Normal
2024-01-29 23:30:00,USR-0380,4,27.8,10.2,12,4,0,Normal
2024-01-07 19:00:00,USR-0345,6,44.4,26.93,10,7,1,Normal
2024-01-05 11:00:00,USR-0149,1,31.1,5.93,9,4,0,Normal
2024-01-02 06:35:00,USR-0007,0,60.9,10.72,15,5,0,Normal
2024-01-12 20:10:00,USR-0145,3,11.8,4.21,8,1,1,Normal
2024-01-20 02:35:00,USR-0409,0,38.1,17.16,12,2,0,Normal
2024-01-11 16:15:00,USR-0298,4,15.6,4.81,9,1,0,Normal
2024-01-16 04:00:00,USR-0240,4,11.7,14.97,15,2,1,Normal
2024-01-07 15:55:00,USR-0493,3,23.0,30.86,7,2,0,Normal
2024-01-18 04:55:00,USR-0074,2,49.1,0.57,12,6,0,Normal
2024-01-13 02:05:00,USR-0378,3,26.7,23.63,19,4,2,Normal
2024-01-25 07:20:00,USR-0303,0,19.3,4.45,8,1,1,Normal
2024-01-10 18:55:00,USR-0435,2,19.9,5.45,17,1,0,Normal
2024-02-02 00:15:00,USR-0334,18,88.3,1324.26,1,28,3,Suspicious
2024-01-05 17:05:00,USR-0331,3,22.2,62.33,13,7,1,Normal
2024-01-28 20:35:00,USR-0260,2,54.1,21.89,14,6,0,Normal
2024-02-04 07:20:00,USR-0023,20,85.3,609.78,5,25,4,Suspicious
2024-01-26 15:50:00,USR-0268,1,32.6,36.93,17,6,0,Normal
2024-01-10 20:15:00,USR-0433,2,31.6,10.51,13,7,1,Normal
2024-01-07 20:10:00,USR-0400,1,39.5,11.57,16,4,0,Normal
2024-01-21 06:45:00,USR-0101,5,11.2,23.96,11,2,0,Normal
2024-01-25 09:55:00,USR-0135,5,13.9,3.03,10,2,0,Normal
2024-01-01 20:35:00,USR-0418,3,36.5,5.31,16,5,2,Normal
2024-01-12 13:20:00,USR-0297,4,25.9,4.73,12,7,3,Normal
2024-01-23 21:05:00,USR-0390,2,21.0,4.78,9,3,1,Normal
2024-02-03 19:40:00,USR-0072,19,95.0,113.77,2,40,9,Suspicious
2024-01-03 20:20:00,USR-0056,2,28.6,19.92,11,5,1,Normal
2024-01-29 21:50:00,USR-0365,5,16.8,8.34,12,4,0,Normal
2024-01-11 16:35:00,USR-0499,2,22.9,7.02,10,5,0,Normal
2024-01-08 12:35:00,USR-0282,3,24.2,30.69,10,3,1,Normal
2024-01-09 02:45:00,USR-0445,4,23.2,19.05,8,1,0,Normal
2024-02-01 03:50:00,USR-0333,2,40.0,26.77,11,3,0,Normal
2024-01-25 22:30:00,USR-0154,3,22.8,0.97,14,6,0,Normal
2024-01-03 10:30:00,USR-0144,6,20.2,1.56,9,2,0,Normal
2024-01-18 09:10:00,USR-0356,3,24.2,4.04,10,7,0,Normal
2024-01-24 22:20:00,USR-0225,2,24.3,13.68,16,5,0,Normal
2024-01-31 11:55:00,USR-0325,1,38.4,13.21,10,2,1,Normal
2024-01-25 07:55:00,USR-0288,3,32.8,15.11,8,4,0,Normal
2024-02-01 23:25:00,USR-0211,21,87.4,373.96,4,44,6,Suspicious
2024-01-26 13:30:00,USR-0023,7,23.1,2.26,7,2,0,Normal
2024-01-11 19:55:00,USR-0097,3,36.0,0.62,8,4,0,Normal
2024-01-03 09:25:00,USR-0024,1,23.4,67.75,9,1,1,Normal
2024-01-22 06:20:00,USR-0447,5,25.6,57.58,10,7,0,Normal
2024-01-28 13:55:00,USR-0217,3,17.5,9.05,10,3,1,Normal
2024-01-22 10:55:00,USR-0185,1,21.3,1.56,9,7,1,Normal
2024-01-13 08:55:00,USR-0331,2,34.1,13.43,11,1,0,Normal
2024-01-26 16:40:00,USR-0180,3,15.4,25.97,14,1,0,Normal
2024-01-29 13:10:00,USR-0195,2,11.0,1.4,13,3,0,Normal
2024-02-02 10:05:00,USR-0060,16,94.1,208.83,4,31,8,Suspicious
2024-01-20 00:45:00,USR-0126,1,44.6,1.75,14,4,0,Normal
2024-01-19 10:55:00,USR-0153,3,16.7,1.66,12,7,1,Normal
2024-01-15 18:00:00,USR-0371,2,20.5,21.78,7,7,1,Normal
2024-01-26 18:25:00,USR-0479,2,45.0,1.02,10,2,0,Normal
2024-01-30 16:00:00,USR-0065,3,15.0,31.39,18,7,0,Normal
2024-01-02 00:10:00,USR-0025,5,49.8,81.59,9,6,1,Normal
2024-01-14 00:10:00,USR-0221,3,52.1,21.61,17,2,1,Normal
2024-01-08 06:35:00,USR-0419,1,32.3,10.91,14,4,0,Normal
2024-01-24 03:55:00,USR-0264,1,12.7,2.11,13,7,0,Normal
2024-01-24 01:55:00,USR-0130,5,11.6,21.34,15,3,0,Normal
2024-01-14 22:05:00,USR-0443,0,13.2,46.47,9,6,1,Normal
2024-01-18 05:45:00,USR-0104,4,48.6,29.25,9,7,0,Normal
2024-01-19 05:45:00,USR-0282,5,15.8,12.43,14,3,0,Normal
2024-01-06 02:10:00,USR-0236,4,18.2,7.92,18,4,0,Normal
2024-02-04 03:00:00,USR-0463,20,92.9,569.54,3,45,11,Suspicious
2024-01-16 12:00:00,USR-0474,7,21.6,1.91,12,5,0,Normal
2024-02-01 20:35:00,USR-0285,6,35.9,20.95,9,7,1,Normal
2024-01-01 10:15:00,USR-0132,4,32.3,2.16,9,2,0,Normal
2024-01-12 11:20:00,USR-0295,3,38.1,1.56,7,4,1,Normal
2024-01-02 06:20:00,USR-0287,3,36.1,18.65,9,2,2,Normal
2024-01-01 23:40:00,USR-0145,2,37.4,7.44,7,2,2,Normal
2024-01-07 11:00:00,USR-0393,2,13.0,38.62,17,2,0,Normal
2024-01-07 02:45:00,USR-0250,2,8.1,5.66,11,4,0,Normal
2024-01-12 00:55:00,USR-0443,2,10.6,10.11,13,6,0,Normal
2024-01-13 05:50:00,USR-0486,1,29.4,12.63,10,7,2,Normal
2024-01-16 06:15:00,USR-0122,1,44.7,3.09,9,6,1,Normal
2024-01-21 12:45:00,USR-0173,4,11.0,4.9,10,1,2,Normal
2024-01-15 20:25:00,USR-0208,6,23.3,6.29,9,6,0,Normal
2024-01-04 17:05:00,USR-0304,0,25.5,9.1,14,4,1,Normal
2024-01-04 05:00:00,USR-0427,2,11.2,3.42,11,7,0,Normal
2024-01-25 05:10:00,USR-0195,3,11.9,0.62,18,4,0,Normal
2024-01-04 11:55:00,USR-0294,4,32.8,0.66,9,3,0,Normal
2024-01-18 02:15:00,USR-0258,2,44.5,13.53,9,3,0,Normal
2024-01-09 02:40:00,USR-0410,3,16.5,4.22,13,2,1,Normal
2024-01-08 10:00:00,USR-0242,1,73.8,3.0,14,1,1,Normal
2024-01-03 01:15:00,USR-0373,2,25.0,24.6,19,1,4,Normal
2024-01-11 05:10:00,USR-0279,4,9.1,27.24,11,2,0,Normal
2024-01-23 02:40:00,USR-0278,3,20.0,105.91,10,1,0,Normal
2024-01-05 05:50:00,USR-0046,3,32.2,18.04,10,1,0,Normal
2024-01-06 21:25:00,USR-0052,2,22.3,1.89,10,5,1,Normal
2024-01-15 23:30:00,USR-0168,3,29.8,37.22,17,7,1,Normal
2024-01-17 16:45:00,USR-0380,6,9.3,7.14,13,1,0,Normal
2024-01-03 03:15:00,USR-0084,2,16.1,28.95,9,2,0,Normal
2024-01-07 10:40:00,USR-0058,5,12.3,26.43,15,6,1,Normal
2024-01-07 10:30:00,USR-0075,3,18.2,4.11,17,6,1,Normal
2024-02-03 02:05:00,USR-0261,12,98.3,803.67,3,23,8,Suspicious
2024-01-09 08:15:00,USR-0163,2,21.0,5.59,8,3,1,Normal
2024-01-15 04:25:00,USR-0489,3,42.8,1.19,13,3,0,Normal
2024-01-08 15:45:00,USR-0430,3,42.2,16.23,7,5,1,Normal
2024-02-02 03:45:00,USR-0005,20,95.4,308.55,1,38,7,Suspicious
2024-01-31 12:05:00,USR-0405,3,37.7,28.55,10,1,0,Normal
2024-02-03 08:20:00,USR-0495,25,86.4,393.92,4,20,9,Suspicious
2024-01-30 13:55:00,USR-0309,3,21.7,34.61,10,5,0,Normal
2024-01-05 12:40:00,USR-0098,3,28.4,4.42,10,1,1,Normal
2024-01-06 12:05:00,USR-0467,1,21.2,10.26,12,5,2,Normal
2024-01-15 23:05:00,USR-0026,4,13.7,46.57,9,2,0,Normal
2024-01-12 11:25:00,USR-0298,3,36.1,0.79,17,5,2,Normal
2024-01-11 08:50:00,USR-0443,1,22.6,3.6,17,7,0,Normal
2024-01-15 16:25:00,USR-0304,4,23.2,7.13,13,6,0,Normal
2024-01-02 18:10:00,USR-0261,6,29.7,29.09,12,2,1,Normal
2024-01-29 17:25:00,USR-0264,3,37.6,5.96,13,1,1,Normal
2024-01-22 18:10:00,USR-0109,3,57.3,3.51,10,3,0,Normal
2024-01-21 15:25:00,USR-0165,5,38.0,34.84,11,3,0,Normal
2024-01-02 02:15:00,USR-0264,4,8.2,37.08,8,3,0,Normal
2024-01-12 16:05:00,USR-0339,4,18.9,9.38,10,2,3,Normal
2024-01-11 04:10:00,USR-0238,3,25.8,25.0,17,5,0,Normal
2024-01-11 03:55:00,USR-0195,2,32.2,6.92,15,3,1,Normal
2024-01-27 08:20:00,USR-0052,1,23.3,4.8,12,6,2,Normal
2024-01-07 03:55:00,USR-0495,0,8.5,39.46,17,6,0,Normal
2024-01-03 06:10:00,USR-0439,3,20.8,2.05,11,7,0,Normal
2024-01-26 06:55:00,USR-0057,3,36.5,39.64,13,7,0,Normal
2024-01-06 19:00:00,USR-0092,5,25.1,2.97,10,4,1,Normal
2024-01-02 21:05:00,USR-0106,3,28.7,37.94,17,4,0,Normal
2024-01-13 22:35:00,USR-0431,2,31.9,6.22,10,2,3,Normal
2024-01-25 08:20:00,USR-0467,4,24.6,12.61,11,4,0,Normal
2024-01-24 17:30:00,USR-0379,5,16.7,2.21,11,7,0,Normal
2024-01-26 07:40:00,USR-0289,2,18.8,9.85,18,2,0,Normal
2024-01-31 14:45:00,USR-0204,3,18.1,25.7,12,6,0,Normal
2024-01-11 01:25:00,USR-0443,4,34.9,3.83,14,1,0,Normal
2024-01-29 05:35:00,USR-0038,6,15.2,12.29,8,7,0,Normal
2024-02-01 13:50:00,USR-0104,1,47.5,3.39,9,4,0,Normal
2024-01-08 13:55:00,USR-0350,2,37.9,11.98,14,5,0,Normal
2024-01-08 06:40:00,USR-0440,4,27.1,1.06,16,4,1,Normal
2024-01-23 08:30:00,USR-0168,3,38.0,25.13,19,3,2,Normal
2024-01-19 12:05:00,USR-0156,1,10.6,45.58,8,5,1,Normal
2024-01-29 09:15:00,USR-0310,10,22.0,1.56,11,3,0,Normal
2024-01-10 06:35:00,USR-0038,4,15.6,49.02,11,7,0,Normal
2024-01-28 07:40:00,USR-0488,3,18.4,30.54,11,7,0,Normal
2024-01-18 12:50:00,USR-0106,1,9.6,15.64,15,4,1,Normal
2024-01-17 12:25:00,USR-0240,2,27.3,20.86,10,2,1,Normal
2024-02-03 07:10:00,USR-0468,24,95.3,131.87,1,36,7,Suspicious
2024-02-01 19:25:00,USR-0488,2,31.6,26.93,13,1,1,Normal
2024-01-14 19:50:00,USR-0487,2,11.9,11.86,11,5,1,Normal
2024-01-08 19:40:00,USR-0421,1,47.5,51.85,9,7,0,Normal
2024-01-19 05:25:00,USR-0045,3,25.4,3.94,17,2,0,Normal
2024-01-11 02:10:00,USR-0185,4,23.3,24.18,11,4,0,Normal
2024-02-03 01:35:00,USR-0176,30,96.1,133.27,2,37,7,Suspicious
2024-01-23 13:55:00,USR-0345,2,56.2,19.2,7,6,0,Normal
2024-01-10 08:05:00,USR-0126,4,34.9,49.99,17,7,0,Normal
2024-01-01 07:05:00,USR-0436,6,27.4,30.96,16,7,0,Normal
2024-01-12 11:05:00,USR-0341,4,23.1,27.85,9,7,0,Normal
2024-01-08 16:55:00,USR-0150,4,47.1,20.32,13,6,1,Normal
2024-01-02 16:55:00,USR-0419,3,21.7,14.07,13,2,0,Normal
2024-01-21 02:50:00,USR-0153,4,36.6,5.41,12,2,0,Normal
2024-01-20 23:50:00,USR-0319,3,17.6,2.29,11,7,2,Normal
2024-01-14 09:50:00,USR-0336,1,18.0,3.98,14,2,0,Normal
2024-01-31 14:00:00,USR-0390,3,9.0,5.31,11,2,1,Normal
2024-01-10 12:05:00,USR-0018,4,25.4,67.48,9,5,0,Normal
2024-01-25 23:45:00,USR-0301,1,21.9,63.02,8,2,1,Normal
2024-01-20 09:35:00,USR-0031,2,62.8,2.28,14,5,1,Normal
2024-01-17 21:10:00,USR-0257,2,39.0,30.69,16,1,0,Normal
2024-01-24 01:00:00,USR-0386,2,24.1,18.19,7,6,1,Normal
2024-01-30 11:50:00,USR-0465,3,22.4,17.57,10,6,0,Normal
2024-01-12 07:15:00,USR-0204,2,28.2,9.7,19,6,0,Normal
2024-01-20 04:15:00,USR-0441,2,19.3,3.04,17,4,0,Normal
2024-01-09 19:40:00,USR-0465,2,53.8,67.13,10,4,0,Normal
2024-01-20 13:40:00,USR-0055,3,37.4,18.56,15,1,0,Normal
2024-02-01 19:50:00,USR-0357,3,27.7,2.14,15,6,0,Normal
2024-02-03 04:10:00,USR-0290,14,91.9,135.82,3,31,7,Suspicious
2024-01-22 14:45:00,USR-0402,7,28.5,2.1,7,3,0,Normal
2024-01-15 08:30:00,USR-0260,3,9.8,1.79,15,3,0,Normal
2024-01-25 06:20:00,USR-0280,0,23.5,46.85,12,6,0,Normal
2024-02-02 10:30:00,USR-0316,21,99.5,398.77,5,24,6,Suspicious
2024-01-17 10:10:00,USR-0223,3,23.8,15.93,18,3,0,Normal
2024-01-26 02:50:00,USR-0088,5,22.9,6.5,12,4,1,Normal
2024-01-22 20:30:00,USR-0080,2,24.5,21.39,11,3,0,Normal
2024-01-18 08:00:00,USR-0375,1,42.3,2.03,11,4,1,Normal
2024-02-03 18:20:00,USR-0018,26,96.8,521.24,1,28,9,Suspicious
2024-01-25 22:10:00,USR-0138,5,29.9,2.07,10,2,2,Normal
2024-01-28 23:45:00,USR-0200,3,16.5,12.04,14,5,0,Normal
2024-01-13 23:40:00,USR-0416,2,12.1,23.62,12,2,0,Normal
2024-01-12 07:05:00,USR-0466,3,28.1,19.29,14,7,2,Normal
2024-01-16 07:00:00,USR-0340,2,42.5,9.94,14,1,0,Normal
2024-01-15 14:05:00,USR-0136,3,29.6,3.92,10,4,0,Normal
2024-01-16 19:20:00,USR-0148,2,39.7,8.58,7,4,0,Normal
2024-01-01 13:55:00,USR-0354,3,13.0,37.34,14,1,0,Normal
2024-01-30 03:05:00,USR-0015,3,16.8,2.76,15,4,0,Normal
2024-01-30 03:00:00,USR-0056,3,21.2,61.54,11,5,0,Normal
2024-01-19 03:50:00,USR-0321,4,29.0,27.38,11,6,0,Normal
2024-01-23 06:30:00,USR-0442,1,31.3,20.15,8,2,1,Normal
2024-01-13 20:40:00,USR-0209,3,30.7,10.27,12,6,1,Normal
2024-01-17 21:00:00,USR-0158,3,55.1,12.17,8,5,0,Normal
2024-01-04 07:10:00,USR-0221,5,18.6,7.27,13,6,0,Normal
2024-01-02 07:05:00,USR-0007,5,18.3,22.19,13,3,0,Normal
2024-02-03 22:20:00,USR-0180,23,86.1,1325.35,1,49,8,Suspicious
2024-01-25 00:00:00,USR-0090,0,48.6,6.19,9,2,0,Normal
2024-01-27 15:35:00,USR-0269,1,15.5,15.06,16,1,1,Normal
2024-01-31 15:35:00,USR-0161,3,12.5,6.41,10,6,0,Normal
2024-01-07 21:25:00,USR-0436,2,24.1,0.67,14,4,0,Normal
2024-01-07 21:30:00,USR-0464,0,11.0,6.61,10,1,0,Normal
2024-01-19 06:05:00,USR-0339,3,30.7,16.07,13,4,1,Normal
2024-02-03 06:50:00,USR-0367,18,88.8,749.45,5,33,7,Suspicious
2024-01-08 11:05:00,USR-0460,6,38.0,10.97,10,1,1,Normal
2024-01-09 06:40:00,USR-0383,2,31.0,41.82,10,3,0,Normal
2024-02-01 11:35:00,USR-0015,2,28.1,1.61,17,3,1,Normal
2024-01-10 15:20:00,USR-0384,2,14.4,32.88,11,5,0,Normal
2024-01-01 01:55:00,USR-0176,4,8.3,7.61,11,6,2,Normal
2024-01-02 02:55:00,USR-0477,2,33.1,22.71,13,2,0,Normal
2024-01-21 14:45:00,USR-0044,3,38.1,31.11,12,4,1,Normal
2024-01-13 14:55:00,USR-0238,3,42.8,32.23,14,1,2,Normal
2024-01-12 14:15:00,USR-0009,3,37.4,12.81,14,1,0,Normal
2024-01-04 03:30:00,USR-0004,1,12.6,17.91,19,2,0,Normal
2024-01-09 20:30:00,USR-0493,8,33.6,6.34,10,5,0,Normal
2024-01-12 21:45:00,USR-0092,2,15.4,10.44,13,3,0,Normal
2024-01-20 03:35:00,USR-0103,0,44.2,27.33,15,5,0,Normal
2024-01-14 03:20:00,USR-0073,3,21.1,8.61,9,1,1,Normal
2024-01-01 09:20:00,USR-0384,5,17.0,21.48,13,5,1,Normal
2024-01-03 10:00:00,USR-0453,1,17.0,1.23,9,3,2,Normal
2024-01-09 00:55:00,USR-0404,4,37.1,6.65,17,6,1,Normal
2024-01-16 15:40:00,USR-0033,4,15.4,27.01,9,1,1,Normal
2024-01-31 08:55:00,USR-0371,1,30.5,29.62,11,1,1,Normal
2024-01-28 12:15:00,USR-0396,2,27.4,11.02,9,4,0,Normal
2024-01-01 01:00:00,USR-0353,5,23.8,2.04,10,3,0,Normal
2024-01-18 16:20:00,USR-0195,3,26.8,8.17,12,5,1,Normal
2024-01-20 03:10:00,USR-0462,4,31.7,3.53,10,6,1,Normal
2024-02-04 04:15:00,USR-0371,16,95.3,121.44,3,48,10,Suspicious
2024-01-15 13:50:00,USR-0190,5,33.4,11.6,10,3,0,Normal
2024-01-25 02:00:00,USR-0062,3,10.8,2.33,14,1,0,Normal
2024-01-11 06:25:00,USR-0110,2,23.5,1.99,15,7,0,Normal
2024-01-19 11:15:00,USR-0234,7,22.7,11.48,16,6,0,Normal
2024-01-25 22:15:00,USR-0272,4,40.4,13.44,15,2,1,Normal
2024-01-22 09:45:00,USR-0329,2,25.7,25.92,12,1,0,Normal
2024-01-20 06:05:00,USR-0157,3,37.8,2.07,16,3,0,Normal
2024-01-21 14:35:00,USR-0168,0,18.2,5.8,9,4,1,Normal
2024-01-13 05:30:00,USR-0425,1,36.8,69.4,11,3,1,Normal
2024-01-15 04:40:00,USR-0102,1,52.6,29.29,17,4,0,Normal
2024-01-17 22:45:00,USR-0006,1,29.2,11.53,13,7,0,Normal
2024-01-10 20:40:00,USR-0162,2,10.9,18.65,17,7,0,Normal
2024-01-23 10:20:00,USR-0411,1,26.0,3.5,10,5,0,Normal
2024-02-04 05:50:00,USR-0342,18,89.5,1688.04,3,42,7,Suspicious
2024-01-09 21:50:00,USR-0348,5,13.2,39.77,17,6,0,Normal
2024-01-20 21:20:00,USR-0106,3,10.0,2.78,9,5,1,Normal
2024-01-16 19:45:00,USR-0321,5,20.2,5.53,11,5,1,Normal
2024-01-22 22:15:00,USR-0037,9,52.2,8.24,15,3,1,Normal
2024-01-21 21:50:00,USR-0105,2,38.8,1.11,13,5,0,Normal
2024-01-21 10:25:00,USR-0346,4,27.3,2.78,8,1,1,Normal
2024-01-12 04:05:00,USR-0494,4,36.8,52.18,11,7,0,Normal
2024-01-17 04:55:00,USR-0437,3,26.8,6.83,14,3,0,Normal
2024-01-24 06:05:00,USR-0004,4,26.3,7.85,10,7,0,Normal
2024-01-04 20:05:00,USR-0230,2,9.8,22.76,9,2,1,Normal
2024-02-01 10:10:00,USR-0404,5,25.9,9.04,11,6,0,Normal
2024-01-24 20:35:00,USR-0454,1,43.5,2.17,10,4,0,Normal
2024-01-28 16:10:00,USR-0053,0,31.3,7.9,10,6,0,Normal
2024-01-01 09:00:00,USR-0345,1,39.2,49.53,13,5,1,Normal
2024-02-04 13:55:00,USR-0387,21,90.1,263.29,4,47,4,Suspicious
2024-01-15 01:00:00,USR-0223,4,14.5,22.58,10,2,1,Normal
2024-02-04 09:10:00,USR-0201,17,96.4,120.14,4,32,6,Suspicious
2024-01-25 19:55:00,USR-0347,5,21.9,4.17,11,5,2,Normal
2024-01-29 03:15:00,USR-0084,0,21.6,24.24,10,7,2,Normal
2024-01-17 03:50:00,USR-0319,5,9.4,16.55,9,5,1,Normal
2024-02-03 06:55:00,USR-0343,27,98.0,188.73,2,42,10,Suspicious
2024-01-30 05:25:00,USR-0102,2,14.2,6.5,12,2,0,Normal
2024-01-04 13:05:00,USR-0371,5,22.8,8.73,17,6,0,Normal
2024-01-28 03:50:00,USR-0219,5,17.1,3.62,8,3,0,Normal
2024-01-25 13:35:00,USR-0130,4,29.3,2.73,14,1,1,Normal
2024-01-22 21:55:00,USR-0173,2,45.2,7.87,10,2,0,Normal
2024-01-25 17:25:00,USR-0241,1,15.5,27.2,15,6,1,Normal
2024-01-04 12:30:00,USR-0387,3,27.4,48.01,7,7,1,Normal
2024-01-06 09:35:00,USR-0005,2,29.4,18.74,10,4,0,Normal
2024-02-04 13:45:00,USR-0412,16,87.7,326.45,1,18,9,Suspicious
2024-01-05 07:15:00,USR-0333,1,40.1,10.02,12,3,2,Normal
2024-02-01 18:35:00,USR-0007,2,48.6,18.01,11,6,0,Normal
2024-01-11 10:35:00,USR-0061,4,14.4,11.28,17,2,1,Normal
2024-01-19 21:35:00,USR-0154,6,31.2,10.52,10,6,0,Normal
2024-01-01 12:35:00,USR-0065,0,52.1,7.45,17,3,1,Normal
2024-01-28 06:30:00,USR-0472,4,15.2,17.81,12,7,0,Normal
2024-01-08 15:25:00,USR-0006,2,35.4,14.93,11,2,1,Normal
2024-01-10 17:45:00,USR-0355,1,28.2,12.09,13,2,0,Normal
2024-01-25 02:25:00,USR-0252,1,28.6,21.47,9,5,0,Normal
2024-01-29 07:10:00,USR-0281,1,38.5,9.4,11,3,0,Normal
2024-01-07 05:25:00,USR-0233,6,29.0,3.26,15,5,0,Normal
2024-01-22 02:30:00,USR-0244,2,36.0,8.22,11,7,1,Normal
2024-01-19 19:55:00,USR-0068,2,25.7,16.2,10,5,0,Normal
2024-01-20 15:30:00,USR-0400,3,46.0,0.57,15,4,0,Normal
2024-01-27 05:35:00,USR-0483,6,13.6,12.4,12,7,0,Normal
2024-01-25 09:35:00,USR-0372,2,10.5,9.28,10,3,1,Normal
2024-01-19 14:20:00,USR-0469,3,45.6,0.69,11,5,1,Normal
2024-01-08 10:15:00,USR-0042,5,27.1,0.51,13,7,0,Normal
2024-01-23 11:35:00,USR-0109,2,34.1,56.56,9,2,0,Normal
2024-01-11 14:10:00,USR-0448,3,12.6,11.45,8,7,0,Normal
2024-01-05 06:20:00,USR-0485,3,29.2,8.76,11,1,1,Normal
2024-01-12 00:25:00,USR-0281,1,5.8,9.14,11,6,0,Normal
2024-01-09 15:00:00,USR-0160,3,14.7,7.44,19,7,0,Normal
2024-01-13 14:50:00,USR-0047,3,36.3,4.38,14,5,0,Normal
2024-01-27 18:30:00,USR-0041,2,10.8,10.86,19,4,0,Normal
2024-01-26 10:50:00,USR-0065,2,29.7,3.36,12,1,0,Normal
2024-01-30 08:20:00,USR-0416,4,32.7,7.01,11,3,0,Normal
2024-01-04 23:05:00,USR-0218,2,14.3,11.77,17,4,0,Normal
2024-01-16 16:35:00,USR-0230,0,17.4,15.27,7,5,0,Normal
2024-01-10 19:50:00,USR-0438,2,16.3,44.15,12,4,2,Normal
2024-01-03 07:55:00,USR-0017,5,20.8,7.29,13,5,0,Normal
2024-01-28 08:40:00,USR-0029,3,11.7,15.98,14,2,2,Normal
2024-01-17 07:45:00,USR-0260,1,36.7,15.4,14,7,1,Normal
2024-01-28 02:30:00,USR-0238,0,13.5,2.5,10,3,0,Normal
2024-01-28 12:40:00,USR-0106,4,38.6,2.01,9,1,0,Normal
2024-01-30 14:10:00,USR-0251,5,34.6,8.63,12,3,2,Normal
2024-01-28 04:55:00,USR-0079,2,37.4,25.65,12,3,1,Normal
2024-01-19 05:15:00,USR-0058,1,17.1,5.7,10,5,0,Normal
2024-01-05 09:35:00,USR-0253,3,20.6,4.87,9,5,1,Normal
2024-01-01 04:00:00,USR-0142,1,40.4,7.97,10,6,0,Normal
2024-01-15 21:30:00,USR-0258,4,25.5,8.96,13,5,1,Normal
2024-01-05 19:35:00,USR-0051,3,16.7,15.96,15,1,0,Normal
2024-01-21 17:20:00,USR-0400,1,42.0,41.45,9,3,0,Normal
2024-01-28 14:50:00,USR-0352,2,30.3,20.62,12,5,0,Normal
2024-01-19 07:40:00,USR-0389,1,33.2,1.29,10,7,0,Normal
2024-01-17 08:40:00,USR-0082,1,16.5,33.2,12,3,0,Normal
2024-01-03 14:00:00,USR-0370,4,13.7,1.08,10,6,0,Normal
2024-01-13 00:15:00,USR-0110,3,30.3,43.91,14,6,2,Normal
2024-01-15 07:10:00,USR-0012,2,21.7,5.7,10,4,0,Normal
2024-01-04 08:35:00,USR-0316,7,45.1,11.0,11,1,0,Normal
2024-01-29 05:30:00,USR-0296,3,28.0,34.72,9,4,0,Normal
2024-01-03 09:45:00,USR-0142,0,40.6,3.36,9,7,0,Normal
2024-01-19 19:00:00,USR-0443,5,28.8,5.36,13,2,0,Normal
2024-01-16 09:25:00,USR-0031,3,17.8,19.23,12,7,0,Normal
2024-01-04 07:15:00,USR-0467,4,6.6,2.52,10,6,0,Normal
2024-01-25 03:30:00,USR-0450,2,12.5,1.0,14,4,1,Normal
2024-01-05 14:10:00,USR-0485,4,24.9,1.23,17,5,1,Normal
2024-01-01 19:10:00,USR-0421,3,21.0,1.75,16,2,0,Normal
2024-01-29 05:55:00,USR-0040,2,10.1,19.46,14,3,2,Normal
2024-01-18 00:05:00,USR-0368,3,17.9,6.29,10,4,0,Normal
2024-01-20 03:05:00,USR-0433,3,26.8,72.5,10,6,0,Normal
2024-02-01 10:30:00,USR-0350,2,15.0,16.46,12,3,0,Normal
2024-01-06 00:15:00,USR-0144,0,57.1,9.58,9,7,0,Normal
2024-02-01 16:25:00,USR-0363,3,30.9,29.87,9,3,1,Normal
2024-01-15 00:40:00,USR-0288,4,20.0,89.93,13,5,2,Normal
2024-01-10 12:15:00,USR-0396,7,19.7,4.87,11,3,1,Normal
2024-01-27 06:45:00,USR-0414,3,36.3,13.65,12,3,1,Normal
2024-01-30 20:10:00,USR-0079,1,13.3,22.61,13,4,1,Normal
2024-01-18 14:40:00,USR-0050,2,24.7,7.03,17,3,1,Normal
2024-01-19 20:30:00,USR-0301,3,8.8,9.43,11,1,1,Normal
2024-01-11 06:30:00,USR-0063,4,27.2,0.74,11,2,0,Normal
2024-01-23 22:35:00,USR-0090,3,50.8,1.1,16,5,0,Normal
2024-01-10 18:40:00,USR-0180,5,24.6,12.39,7,7,1,Normal
2024-01-16 01:40:00,USR-0073,5,16.6,10.18,19,6,0,Normal
2024-01-06 19:15:00,USR-0189,3,22.2,6.25,9,7,0,Normal
2024-01-12 17:20:00,USR-0194,3,13.3,4.54,15,3,1,Normal
2024-02-02 09:15:00,USR-0426,26,95.9,277.72,1,30,9,Suspicious
2024-01-23 11:55:00,USR-0431,3,28.7,3.0,12,2,1,Normal
2024-01-07 05:15:00,USR-0294,5,12.2,26.23,10,2,1,Normal
2024-01-01 10:05:00,USR-0178,2,14.2,4.92,15,7,0,Normal
2024-01-16 16:05:00,USR-0234,3,18.0,5.98,15,2,0,Normal
2024-01-05 00:25:00,USR-0349,2,35.0,7.93,13,6,0,Normal
2024-01-29 19:45:00,USR-0329,4,25.5,4.08,10,3,0,Normal
2024-01-29 13:35:00,USR-0410,1,17.9,16.53,17,6,1,Normal
2024-01-04 06:55:00,USR-0122,2,33.3,20.33,10,2,0,Normal
2024-01-23 23:20:00,USR-0445,3,16.7,8.58,17,6,0,Normal
2024-01-15 08:55:00,USR-0315,3,10.9,5.95,13,1,1,Normal
2024-01-24 01:50:00,USR-0222,2,30.0,17.52,10,7,1,Normal
2024-01-16 11:15:00,USR-0281,3,38.9,5.15,11,7,0,Normal
2024-01-18 10:25:00,USR-0183,8,14.4,18.5,17,5,1,Normal
2024-01-23 14:05:00,USR-0238,3,22.0,40.49,13,6,0,Normal
2024-01-19 01:25:00,USR-0264,3,63.1,3.34,12,5,1,Normal
2024-01-30 18:10:00,USR-0316,5,25.9,19.11,10,5,1,Normal
2024-01-21 03:20:00,USR-0465,5,35.8,16.86,12,3,0,Normal
2024-01-01 18:10:00,USR-0480,0,17.6,8.96,15,1,0,Normal
2024-01-19 05:35:00,USR-0194,5,14.1,21.55,18,4,0,Normal
2024-01-09 10:35:00,USR-0280,5,37.4,85.71,12,3,0,Normal
2024-02-03 14:00:00,USR-0298,22,89.7,279.72,3,29,9,Suspicious
2024-01-06 13:55:00,USR-0274,4,20.5,18.0,19,7,0,Normal
2024-01-07 00:30:00,USR-0200,2,62.7,24.75,12,6,0,Normal
2024-01-16 07:50:00,USR-0378,0,24.7,24.95,10,5,0,Normal
2024-01-04 16:05:00,USR-0320,1,41.4,3.74,12,6,0,Normal
2024-01-24 05:25:00,USR-0392,4,32.8,5.71,12,2,1,Normal
2024-01-06 17:30:00,USR-0285,0,17.1,24.29,13,1,0,Normal
2024-01-05 15:05:00,USR-0259,3,47.0,5.31,18,6,0,Normal
2024-01-23 21:15:00,USR-0255,3,35.4,33.79,13,1,1,Normal
2024-01-14 08:30:00,USR-0319,5,17.8,5.99,16,1,1,Normal
2024-01-11 20:00:00,USR-0344,4,19.4,43.29,13,1,0,Normal
2024-02-01 06:25:00,USR-0227,2,37.2,9.39,7,5,0,Normal
2024-01-21 10:45:00,USR-0474,4,34.4,6.37,12,1,1,Normal
2024-01-05 15:15:00,USR-0092,2,38.0,1.15,14,3,1,Normal
2024-01-01 09:05:00,USR-0374,2,32.4,13.19,10,5,1,Normal
2024-01-09 17:55:00,USR-0218,1,41.3,36.9,12,5,0,Normal
2024-01-01 15:55:00,USR-0433,8,17.1,2.82,11,5,2,Normal
2024-01-06 06:15:00,USR-0383,1,16.8,10.11,11,7,0,Normal
2024-01-21 22:35:00,USR-0109,5,17.0,13.94,10,4,1,Normal
2024-02-01 19:35:00,USR-0348,2,40.5,35.02,12,4,2,Normal
2024-01-24 16:00:00,USR-0136,3,24.9,35.27,13,4,0,Normal
2024-01-19 03:35:00,USR-0209,3,21.5,6.54,10,6,1,Normal
2024-01-12 21:00:00,USR-0443,3,36.6,16.85,10,2,1,Normal
2024-02-01 04:50:00,USR-0305,4,23.3,23.16,10,5,1,Normal
2024-01-22 22:00:00,USR-0125,5,25.8,3.27,14,4,0,Normal
2024-01-09 15:45:00,USR-0354,2,37.4,15.96,14,5,1,Normal
2024-01-31 20:20:00,USR-0148,4,40.8,12.72,11,1,2,Normal
2024-02-01 19:55:00,USR-0362,4,30.9,16.98,13,7,0,Normal
2024-01-18 16:40:00,USR-0435,5,35.4,2.26,17,2,0,Normal
2024-01-13 04:00:00,USR-0014,0,53.7,5.07,11,7,0,Normal
2024-01-15 05:20:00,USR-0004,5,11.1,8.65,13,2,2,Normal
2024-01-02 02:05:00,USR-0373,2,20.5,4.44,13,2,1,Normal
2024-01-05 16:55:00,USR-0213,4,19.5,3.52,7,1,0,Normal
2024-01-10 00:30:00,USR-0331,7,22.6,1.83,11,2,0,Normal
2024-01-12 06:25:00,USR-0146,2,33.5,7.01,15,5,1,Normal
2024-01-02 13:50:00,USR-0241,4,23.3,16.06,9,5,0,Normal
2024-01-06 05:55:00,USR-0423,3,31.9,4.16,18,6,0,Normal
2024-01-30 08:15:00,USR-0037,2,12.6,43.04,10,4,0,Normal
2024-01-20 19:05:00,USR-0022,1,33.9,7.88,12,7,1,Normal
2024-01-07 03:35:00,USR-0432,6,33.6,1.74,8,7,0,Normal
2024-01-23 13:50:00,USR-0340,0,33.1,7.05,15,6,0,Normal
2024-01-12 21:30:00,USR-0329,1,29.9,4.62,8,4,2,Normal
2024-01-25 14:00:00,USR-0088,5,16.9,11.35,15,2,1,Normal
2024-01-24 11:50:00,USR-0300,3,10.7,16.98,10,5,0,Normal
2024-01-15 05:50:00,USR-0451,4,35.0,7.85,11,5,2,Normal
2024-01-26 15:15:00,USR-0025,3,24.9,24.18,15,6,0,Normal
2024-01-01 23:05:00,USR-0437,2,12.9,21.26,11,1,0,Normal
2024-01-10 05:45:00,USR-0202,4,15.5,20.57,11,7,1,Normal
2024-01-23 05:40:00,USR-0391,4,16.5,44.92,9,2,0,Normal
2024-01-02 21:15:00,USR-0225,2,19.2,33.38,14,2,0,Normal
2024-01-31 23:35:00,USR-0233,5,46.2,15.03,12,6,0,Normal
2024-01-10 23:15:00,USR-0449,2,19.9,12.61,19,1,0,Normal
2024-02-01 13:00:00,USR-0481,5,42.2,60.73,17,5,1,Normal
2024-01-21 22:25:00,USR-0047,1,25.0,2.22,10,3,0,Normal
2024-01-16 01:10:00,USR-0459,2,7.8,6.13,12,3,1,Normal
2024-01-07 02:00:00,USR-0376,2,8.3,13.11,18,4,1,Normal
2024-02-03 11:00:00,USR-0370,23,98.3,278.1,2,15,13,Suspicious
2024-01-20 17:30:00,USR-0307,3,14.0,1.62,14,4,0,Normal
2024-01-09 11:30:00,USR-0383,7,28.8,20.06,9,6,0,Normal
2024-01-08 15:50:00,USR-0287,3,5.9,3.25,18,7,0,Normal
2024-01-03 22:45:00,USR-0478,1,31.9,14.38,14,1,0,Normal
2024-01-23 21:55:00,USR-0151,0,34.3,10.18,8,4,0,Normal
2024-01-21 03:50:00,USR-0096,3,10.5,3.37,8,2,0,Normal
2024-01-17 02:55:00,USR-0245,5,43.4,36.93,8,7,0,Normal
2024-01-21 22:50:00,USR-0187,3,19.3,16.98,14,2,0,Normal
2024-01-03 13:10:00,USR-0048,3,40.4,11.75,17,1,0,Normal
2024-01-28 23:20:00,USR-0113,3,7.9,6.0,10,1,0,Normal
2024-01-09 14:55:00,USR-0200,1,37.5,21.85,12,1,0,Normal
2024-01-19 02:40:00,USR-0489,4,27.6,1.88,17,1,0,Normal
2024-01-21 18:05:00,USR-0065,3,19.6,14.52,10,6,0,Normal
2024-01-13 23:55:00,USR-0392,4,20.3,4.29,13,3,1,Normal
2024-01-23 06:35:00,USR-0477,5,24.6,12.93,11,1,0,Normal
2024-01-13 15:00:00,USR-0457,5,28.6,6.1,10,5,0,Normal
2024-01-04 16:40:00,USR-0332,2,25.3,12.66,8,7,0,Normal
2024-01-11 20:30:00,USR-0415,2,11.5,13.6,10,1,0,Normal
2024-01-17 02:25:00,USR-0399,8,12.0,96.28,11,7,1,Normal
2024-01-29 18:10:00,USR-0057,2,19.1,0.9,15,7,0,Normal
2024-01-10 19:00:00,USR-0274,3,22.6,36.96,10,4,0,Normal
2024-01-21 19:15:00,USR-0413,4,31.1,12.48,14,2,0,Normal
2024-01-28 16:40:00,USR-0142,7,55.5,51.76,12,2,1,Normal
2024-01-02 08:00:00,USR-0174,1,32.7,14.46,10,1,1,Normal
2024-01-18 18:00:00,USR-0317,2,49.2,0.69,15,1,0,Normal
2024-01-17 20:25:00,USR-0194,3,24.2,14.66,11,3,1,Normal
2024-01-02 10:10:00,USR-0163,4,15.3,4.92,12,3,1,Normal
2024-01-01 14:35:00,USR-0460,1,47.4,13.64,16,4,0,Normal
2024-02-04 02:05:00,USR-0076,16,97.0,145.76,1,41,5,Suspicious
2024-01-22 10:25:00,USR-0477,3,38.7,1.32,11,4,0,Normal
2024-02-02 01:40:00,USR-0038,27,90.3,113.5,0,36,4,Suspicious
2024-01-14 01:20:00,USR-0220,3,23.5,15.92,16,4,1,Normal
2024-01-13 18:35:00,USR-0174,1,23.4,16.74,13,4,1,Normal
2024-01-02 03:35:00,USR-0007,1,17.5,9.04,11,6,1,Normal
2024-01-09 16:45:00,USR-0291,2,19.1,50.95,16,1,2,Normal
2024-01-29 04:25:00,USR-0182,3,34.7,23.08,9,2,0,Normal
2024-01-26 02:20:00,USR-0295,3,10.1,4.2,14,4,0,Normal
2024-01-12 14:10:00,USR-0339,3,25.7,17.96,14,7,1,Normal
2024-01-11 00:55:00,USR-0191,2,29.3,22.54,14,6,0,Normal
2024-01-14 12:15:00,USR-0414,1,49.4,6.05,11,4,0,Normal
2024-01-18 00:30:00,USR-0390,1,18.3,11.76,9,4,1,Normal
2024-01-13 02:10:00,USR-0164,5,30.3,2.22,11,4,0,Normal
2024-01-25 23:20:00,USR-0063,3,27.3,7.16,9,3,0,Normal
2024-01-21 23:00:00,USR-0298,3,26.7,23.81,15,2,2,Normal
2024-01-16 10:40:00,USR-0023,3,20.7,5.01,12,3,1,Normal
2024-01-21 10:10:00,USR-0344,4,44.2,0.68,10,2,0,Normal
2024-01-13 03:50:00,USR-0482,6,11.4,5.87,13,6,0,Normal
2024-02-04 11:35:00,USR-0400,20,98.9,205.84,4,33,11,Suspicious
2024-01-30 10:05:00,USR-0296,2,64.5,8.33,16,3,1,Normal
2024-01-28 03:05:00,USR-0352,3,21.2,54.06,11,6,0,Normal
2024-01-22 18:00:00,USR-0145,2,37.0,45.18,12,3,1,Normal
2024-01-24 09:30:00,USR-0095,3,50.7,24.69,10,6,0,Normal
2024-01-04 06:00:00,USR-0065,3,37.1,21.96,12,4,0,Normal
2024-02-03 17:05:00,USR-0147,13,94.9,460.45,4,40,8,Suspicious
2024-01-26 09:05:00,USR-0340,1,59.8,31.17,10,4,0,Normal
2024-01-03 00:15:00,USR-0472,2,48.5,3.76,15,1,0,Normal
2024-01-16 21:05:00,USR-0450,1,13.0,15.76,16,7,0,Normal
2024-01-16 23:30:00,USR-0147,1,26.3,6.21,9,3,0,Normal
2024-01-26 03:30:00,USR-0457,2,15.3,1.21,13,4,1,Normal
2024-01-10 07:40:00,USR-0100,4,38.5,26.39,10,1,2,Normal
2024-01-05 07:45:00,USR-0128,3,24.8,31.65,9,7,1,Normal
2024-01-10 18:45:00,USR-0060,1,9.7,1.94,16,5,1,Normal
2024-01-06 17:15:00,USR-0337,4,20.4,1.27,13,6,1,Normal
2024-01-03 01:05:00,USR-0117,3,15.5,63.51,18,6,1,Normal
2024-01-06 15:30:00,USR-0100,3,44.6,24.37,11,7,0,Normal
2024-01-02 20:15:00,USR-0174,2,23.0,8.85,14,3,0,Normal
2024-01-21 05:45:00,USR-0458,1,27.1,16.21,12,5,0,Normal
2024-02-04 07:15:00,USR-0298,33,99.8,1487.57,3,39,7,Suspicious
2024-01-26 07:50:00,USR-0031,5,23.1,2.74,13,3,0,Normal
2024-01-12 09:20:00,USR-0442,5,14.0,50.89,19,5,0,Normal
2024-01-07 03:40:00,USR-0229,0,27.6,3.51,10,4,1,Normal
2024-01-03 03:30:00,USR-0421,2,17.9,10.88,12,3,0,Normal
2024-01-22 16:55:00,USR-0352,2,36.5,2.27,8,7,0,Normal
2024-01-26 05:30:00,USR-0472,2,14.2,18.34,10,5,0,Normal
2024-01-09 23:20:00,USR-0341,3,50.9,20.83,17,3,0,Normal
2024-01-29 08:40:00,USR-0196,4,37.8,1.1,19,4,0,Normal
2024-01-26 05:25:00,USR-0020,4,17.1,84.24,7,2,0,Normal
2024-01-02 18:30:00,USR-0459,3,54.0,27.72,19,2,1,Normal
2024-01-16 05:15:00,USR-0013,2,19.5,51.36,9,1,0,Normal
2024-01-29 00:40:00,USR-0340,1,11.9,13.32,12,4,0,Normal
2024-01-05 19:20:00,USR-0281,6,26.2,16.49,10,2,0,Normal
2024-01-15 17:55:00,USR-0132,2,17.3,43.97,12,3,2,Normal
2024-02-02 21:10:00,USR-0382,25,98.0,187.94,3,28,7,Suspicious
2024-01-05 19:10:00,USR-0300,2,23.3,34.73,9,7,1,Normal
2024-01-11 01:05:00,USR-0267,2,14.5,48.17,13,1,0,Normal
2024-01-09 07:05:00,USR-0351,4,34.3,1.59,8,6,0,Normal
2024-01-05 12:10:00,USR-0380,1,36.2,52.6,7,2,1,Normal
2024-01-09 22:30:00,USR-0374,10,37.1,3.71,15,7,0,Normal
2024-01-22 20:50:00,USR-0469,4,27.3,12.11,11,2,0,Normal
2024-01-23 21:35:00,USR-0177,2,35.9,5.88,17,3,1,Normal
2024-02-03 17:35:00,USR-0410,33,95.9,615.23,1,21,7,Suspicious
2024-01-06 11:20:00,USR-0156,3,44.8,7.92,8,6,0,Normal
2024-01-03 19:40:00,USR-0226,2,21.8,0.75,19,5,0,Normal
2024-01-31 04:15:00,USR-0492,3,11.1,9.78,14,1,1,Normal
2024-01-19 04:15:00,USR-0103,5,29.7,39.69,7,5,0,Normal
2024-01-01 02:55:00,USR-0325,1,15.1,18.37,14,4,1,Normal
2024-01-11 08:05:00,USR-0164,6,26.5,4.32,9,3,1,Normal
2024-01-10 02:45:00,USR-0143,3,11.7,15.7,10,3,1,Normal
2024-01-29 06:30:00,USR-0427,3,27.9,4.26,11,1,2,Normal
2024-01-16 08:50:00,USR-0168,6,24.7,22.43,8,1,1,Normal
2024-01-28 05:25:00,USR-0142,4,19.1,37.49,13,6,0,Normal
2024-01-24 13:50:00,USR-0424,3,11.2,19.21,10,4,2,Normal
2024-01-30 05:05:00,USR-0100,4,22.4,42.34,14,4,1,Normal
2024-02-03 13:30:00,USR-0182,24,97.1,1251.61,0,32,11,Suspicious
2024-01-08 16:00:00,USR-0178,3,28.7,1.49,13,3,1,Normal
2024-01-20 05:15:00,USR-0456,6,12.4,3.36,9,3,0,Normal
2024-01-03 13:20:00,USR-0016,3,36.3,12.68,14,2,0,Normal
2024-01-01 07:15:00,USR-0452,3,24.8,23.44,12,6,0,Normal
2024-01-14 10:00:00,USR-0378,3,34.9,26.91,11,5,0,Normal
2024-01-05 01:40:00,USR-0028,1,37.2,15.83,10,3,1,Normal
2024-01-31 07:15:00,USR-0211,4,18.8,3.3,15,3,1,Normal
2024-01-10 14:15:00,USR-0178,3,32.8,21.81,12,6,1,Normal
2024-02-03 16:40:00,USR-0406,21,86.2,159.63,3,43,10,Suspicious
2024-01-22 08:45:00,USR-0194,4,39.3,5.17,12,4,0,Normal
2024-01-27 21:55:00,USR-0280,6,25.7,3.23,14,3,1,Normal
2024-01-28 19:00:00,USR-0086,1,11.4,5.7,19,5,0,Normal
2024-01-24 10:40:00,USR-0070,4,25.3,6.05,17,7,0,Normal
2024-01-06 18:05:00,USR-0086,1,32.4,6.73,13,5,1,Normal
2024-01-31 12:50:00,USR-0391,2,34.6,1.44,10,2,0,Normal
2024-01-20 16:50:00,USR-0199,2,20.4,7.67,15,5,1,Normal
2024-01-04 12:05:00,USR-0120,4,32.8,16.62,9,2,0,Normal
2024-01-13 17:15:00,USR-0424,3,21.1,45.4,18,2,0,Normal
2024-01-16 19:15:00,USR-0433,5,31.4,17.29,13,6,0,Normal
2024-01-31 02:55:00,USR-0412,7,20.3,1.43,8,6,1,Normal
2024-01-12 13:25:00,USR-0145,4,30.3,52.06,13,6,0,Normal
2024-01-07 20:50:00,USR-0151,5,21.9,8.93,14,5,2,Normal
2024-01-08 19:05:00,USR-0303,4,44.2,32.31,15,5,0,Normal
2024-01-22 23:00:00,USR-0204,2,19.0,2.76,15,3,1,Normal
2024-01-16 22:50:00,USR-0449,4,8.5,5.68,18,2,1,Normal
2024-01-03 22:50:00,USR-0451,2,14.3,1.25,10,5,0,Normal
2024-01-27 03:25:00,USR-0373,5,29.3,3.51,8,4,1,Normal
2024-02-03 12:40:00,USR-0339,24,86.1,124.88,1,16,7,Suspicious
2024-01-05 05:40:00,USR-0415,4,30.7,6.26,13,3,2,Normal
2024-01-04 22:25:00,USR-0432,4,18.9,14.49,10,3,0,Normal
2024-01-28 14:30:00,USR-0343,2,11.0,1.82,13,5,0,Normal
2024-01-30 17:25:00,USR-0042,4,11.6,3.33,10,4,1,Normal
2024-01-27 11:10:00,USR-0162,3,29.6,4.37,10,6,0,Normal
2024-01-30 11:55:00,USR-0241,7,25.2,9.59,10,4,0,Normal
2024-01-29 18:30:00,USR-0089,3,15.5,45.66,9,2,0,Normal
2024-01-27 15:15:00,USR-0387,3,20.4,11.1,11,3,0,Normal
2024-01-15 17:00:00,USR-0002,2,23.2,2.11,13,3,0,Normal
2024-01-30 18:45:00,USR-0435,3,34.1,5.32,10,6,0,Normal
2024-01-25 07:25:00,USR-0220,5,13.8,15.05,16,4,0,Normal
2024-01-23 18:20:00,USR-0077,2,35.5,4.11,11,3,0,Normal
2024-01-06 21:05:00,USR-0346,2,28.6,11.4,13,3,1,Normal
2024-01-14 03:25:00,USR-0475,7,18.4,1.28,12,7,0,Normal
2024-01-07 02:40:00,USR-0097,2,13.4,3.68,13,2,0,Normal
2024-01-15 00:30:00,USR-0111,2,23.3,78.18,15,2,0,Normal
2024-01-02 02:35:00,USR-0325,5,24.1,15.76,11,1,0,Normal
2024-01-04 07:50:00,USR-0379,3,19.0,3.46,10,2,0,Normal
2024-01-13 20:25:00,USR-0378,5,22.7,31.16,14,3,1,Normal
2024-01-12 10:40:00,USR-0289,2,17.8,1.4,11,1,0,Normal
2024-01-31 04:10:00,USR-0427,2,20.1,4.4,8,2,1,Normal
2024-01-03 17:10:00,USR-0100,2,14.2,1.44,11,7,1,Normal
2024-01-28 09:20:00,USR-0250,4,49.5,24.21,11,5,0,Normal
2024-01-19 17:55:00,USR-0361,3,20.4,23.23,13,1,0,Normal
2024-01-30 01:15:00,USR-0357,3,29.3,20.01,11,5,1,Normal
2024-01-06 04:15:00,USR-0213,6,9.3,16.71,10,6,0,Normal
2024-02-03 21:05:00,USR-0028,22,85.7,219.06,3,39,5,Suspicious
2024-01-18 06:55:00,USR-0321,4,13.4,36.83,11,2,1,Normal
2024-01-12 17:45:00,USR-0256,6,62.3,22.01,10,1,0,Normal
2024-01-10 01:20:00,USR-0370,5,45.2,4.18,11,6,2,Normal
2024-02-02 22:30:00,USR-0191,31,88.4,1353.07,5,16,14,Suspicious
2024-01-30 10:15:00,USR-0202,6,33.6,16.04,11,6,0,Normal
2024-02-02 02:35:00,USR-0457,12,94.0,141.73,0,45,9,Suspicious
2024-01-12 20:30:00,USR-0318,8,60.0,13.99,14,1,1,Normal
2024-01-06 16:05:00,USR-0479,3,19.5,0.97,14,6,0,Normal
2024-01-27 19:10:00,USR-0053,6,43.0,3.24,17,4,0,Normal
2024-01-19 10:35:00,USR-0201,5,51.3,2.62,10,4,0,Normal
2024-01-04 07:20:00,USR-0340,3,19.2,3.5,11,7,0,Normal
2024-01-12 01:50:00,USR-0500,3,31.3,4.04,17,7,0,Normal
2024-01-11 19:30:00,USR-0462,1,56.7,31.81,14,6,0,Normal
2024-01-31 11:35:00,USR-0040,5,21.0,3.56,13,3,0,Normal
2024-01-26 21:10:00,USR-0490,2,30.6,23.35,13,1,1,Normal
2024-01-23 18:45:00,USR-0375,6,40.9,29.76,7,2,0,Normal
2024-01-30 03:45:00,USR-0128,2,44.1,37.25,14,6,1,Normal
2024-01-22 14:25:00,USR-0034,2,14.5,6.66,11,1,1,Normal
2024-01-03 05:55:00,USR-0258,4,55.9,0.71,16,4,0,Normal
2024-01-08 11:55:00,USR-0043,5,25.4,4.31,9,5,1,Normal
2024-01-31 11:20:00,USR-0308,4,11.3,18.22,14,6,1,Normal
2024-01-11 01:20:00,USR-0404,3,30.5,66.89,10,2,1,Normal
2024-01-19 19:45:00,USR-0335,1,18.1,8.9,13,4,0,Normal
2024-01-01 11:55:00,USR-0154,2,54.5,37.44,15,2,1,Normal
2024-01-26 13:20:00,USR-0200,3,24.9,18.0,12,5,0,Normal
2024-02-02 22:00:00,USR-0017,16,90.2,265.13,1,33,14,Suspicious
2024-01-02 01:10:00,USR-0307,1,18.2,7.02,12,7,0,Normal
2024-01-30 07:25:00,USR-0487,2,34.8,8.88,14,7,0,Normal
2024-01-02 00:40:00,USR-0119,5,18.1,9.53,11,7,0,Normal
2024-01-12 06:40:00,USR-0218,3,11.5,15.23,9,5,1,Normal
2024-01-01 01:10:00,USR-0362,1,26.1,15.23,10,5,0,Normal
2024-01-13 14:20:00,USR-0261,1,29.6,1.15,10,2,1,Normal
2024-01-06 11:30:00,USR-0127,2,33.7,3.64,14,3,1,Normal
2024-02-01 11:20:00,USR-0484,2,16.0,15.55,13,5,0,Normal
2024-01-03 08:15:00,USR-0482,7,29.4,16.9,14,2,0,Normal
2024-01-05 23:25:00,USR-0026,5,19.5,41.59,11,7,2,Normal
2024-01-23 01:30:00,USR-0402,3,20.8,7.13,11,7,1,Normal
2024-01-25 19:15:00,USR-0229,5,20.8,7.46,10,2,0,Normal
2024-01-06 17:40:00,USR-0324,3,22.2,21.39,13,4,0,Normal
2024-01-02 17:55:00,USR-0134,2,26.9,6.14,15,4,2,Normal
2024-01-25 10:55:00,USR-0415,3,25.6,1.98,10,2,1,Normal
2024-01-15 16:20:00,USR-0288,3,16.7,26.32,8,7,0,Normal
2024-01-09 15:10:00,USR-0373,5,51.7,31.22,7,3,1,Normal
2024-01-29 04:10:00,USR-0183,0,35.3,7.24,13,5,0,Normal
2024-01-11 04:40:00,USR-0111,1,54.0,1.52,19,2,0,Normal
2024-01-25 10:05:00,USR-0172,2,29.6,8.36,16,2,1,Normal
2024-01-14 16:05:00,USR-0160,4,53.4,17.44,16,6,2,Normal
2024-01-13 06:55:00,USR-0103,3,19.0,15.99,16,6,0,Normal
2024-01-14 14:10:00,USR-0310,3,18.3,5.85,11,6,0,Normal
2024-01-06 04:25:00,USR-0085,4,15.5,36.2,13,2,0,Normal
2024-01-24 09:15:00,USR-0052,4,25.1,24.96,10,6,0,Normal
2024-01-20 03:55:00,USR-0266,3,24.1,14.1,10,7,0,Normal
2024-01-19 11:10:00,USR-0019,4,22.2,1.33,11,7,0,Normal
2024-01-04 08:00:00,USR-0019,8,6.3,33.34,13,4,1,Normal
2024-02-02 16:30:00,USR-0132,19,97.1,417.49,1,36,6,Suspicious
2024-01-14 22:45:00,USR-0427,0,37.6,3.05,15,2,1,Normal
2024-01-22 12:20:00,USR-0377,3,13.9,27.69,9,3,1,Normal
2024-01-16 20:05:00,USR-0241,3,29.8,8.52,16,5,0,Normal
2024-01-26 00:55:00,USR-0495,6,11.5,7.28,16,7,0,Normal
2024-01-24 15:15:00,USR-0234,4,43.4,7.25,14,3,1,Normal
2024-01-29 19:40:00,USR-0017,2,18.0,48.66,14,5,1,Normal
2024-01-10 07:00:00,USR-0310,4,11.5,1.65,12,6,0,Normal
2024-01-22 02:10:00,USR-0203,2,54.4,3.18,12,2,1,Normal
2024-01-24 07:30:00,USR-0026,1,22.2,25.47,10,6,2,Normal
2024-01-27 08:00:00,USR-0380,1,41.2,19.89,11,5,0,Normal
2024-01-05 16:30:00,USR-0013,4,24.6,67.34,14,5,1,Normal
2024-01-04 11:25:00,USR-0335,1,25.8,1.67,16,2,0,Normal
2024-01-30 01:45:00,USR-0034,2,12.5,26.73,10,5,0,Normal
2024-01-17 11:45:00,USR-0250,4,23.9,36.77,9,3,0,Normal
2024-01-25 11:15:00,USR-0471,6,13.9,44.62,12,6,0,Normal
2024-01-01 15:30:00,USR-0322,3,53.7,20.4,10,7,2,Normal
2024-02-03 15:30:00,USR-0026,23,86.2,118.25,0,19,7,Suspicious
2024-02-02 16:45:00,USR-0339,15,97.9,476.0,5,25,11,Suspicious
2024-01-07 00:00:00,USR-0400,4,23.8,5.97,9,3,0,Normal
2024-01-13 04:40:00,USR-0330,1,28.0,16.87,12,4,1,Normal
2024-01-16 06:45:00,USR-0291,0,15.3,22.08,14,5,1,Normal
2024-01-25 15:25:00,USR-0399,5,55.8,24.87,9,1,0,Normal
2024-01-12 17:40:00,USR-0353,5,53.1,22.24,14,3,1,Normal
2024-01-25 07:40:00,USR-0366,5,17.7,17.26,15,7,1,Normal
2024-01-14 09:15:00,USR-0399,2,26.5,6.92,7,3,0,Normal
2024-01-18 12:55:00,USR-0284,3,12.9,0.74,15,5,1,Normal
2024-01-15 20:05:00,USR-0346,6,11.6,7.03,9,1,0,Normal
2024-01-18 19:15:00,USR-0376,3,9.8,1.74,16,2,0,Normal
2024-01-24 06:35:00,USR-0278,1,31.0,7.53,11,6,0,Normal
2024-01-03 11:15:00,USR-0069,5,25.7,13.35,10,7,2,Normal
2024-01-27 08:05:00,USR-0079,4,33.2,9.86,13,6,3,Normal
2024-01-19 03:10:00,USR-0263,5,29.0,8.45,8,1,1,Normal
2024-01-09 09:10:00,USR-0163,3,26.3,3.94,9,7,0,Normal
2024-01-02 05:30:00,USR-0462,3,25.1,12.82,9,3,2,Normal
2024-01-24 23:30:00,USR-0173,2,48.7,17.49,13,6,0,Normal
2024-01-25 18:05:00,USR-0456,5,13.2,14.35,8,3,0,Normal
2024-01-05 04:35:00,USR-0290,4,23.9,4.51,10,2,1,Normal
2024-01-20 22:45:00,USR-0245,2,26.6,13.97,13,3,0,Normal
2024-01-11 12:40:00,USR-0192,2,28.7,1.58,10,2,0,Normal
2024-01-10 15:35:00,USR-0005,2,17.8,5.42,10,5,0,Normal
2024-01-07 10:25:00,USR-0144,4,25.2,59.8,11,6,0,Normal
2024-01-09 20:10:00,USR-0169,4,36.5,24.06,14,4,0,Normal
2024-01-21 07:05:00,USR-0062,4,44.1,1.67,14,2,0,Normal
2024-01-31 14:25:00,USR-0075,3,25.3,21.96,10,2,0,Normal
2024-01-12 02:35:00,USR-0480,3,30.5,2.8,10,4,2,Normal
2024-01-01 17:35:00,USR-0225,1,11.2,2.04,14,1,1,Normal
2024-01-19 13:05:00,USR-0377,4,43.6,11.78,9,1,2,Normal
2024-01-25 10:15:00,USR-0415,5,30.3,12.71,17,5,0,Normal
2024-02-01 17:45:00,USR-0345,1,29.2,9.77,15,1,1,Normal
2024-01-01 11:15:00,USR-0319,2,40.2,0.68,16,2,2,Normal
2024-01-09 00:45:00,USR-0298,4,17.6,10.67,17,6,0,Normal
2024-01-25 01:35:00,USR-0331,3,9.6,18.62,14,1,1,Normal
2024-01-12 20:50:00,USR-0461,4,35.3,4.17,11,2,1,Normal
2024-01-11 18:35:00,USR-0471,0,34.3,2.92,10,5,2,Normal
2024-01-06 17:45:00,USR-0380,4,33.4,24.69,10,7,1,Normal
2024-01-22 16:45:00,USR-0238,1,32.5,4.95,12,6,0,Normal
2024-01-27 16:55:00,USR-0066,2,42.4,7.04,7,3,0,Normal
2024-01-20 22:55:00,USR-0200,0,39.0,2.78,8,6,0,Normal
2024-01-30 00:25:00,USR-0432,2,12.8,7.33,18,6,1,Normal
2024-01-06 11:55:00,USR-0126,3,33.3,0.72,15,6,0,Normal
2024-01-06 02:35:00,USR-0277,4,41.3,32.19,12,5,0,Normal
2024-01-30 20:25:00,USR-0205,0,23.4,56.65,19,6,1,Normal
2024-01-04 13:00:00,USR-0063,3,25.3,29.57,15,6,1,Normal
2024-01-24 05:05:00,USR-0141,1,33.6,2.61,11,5,4,Normal
2024-01-30 21:15:00,USR-0064,2,18.5,7.84,18,7,0,Normal
2024-01-26 10:20:00,USR-0186,1,31.1,3.11,12,5,0,Normal
2024-01-11 16:25:00,USR-0435,3,38.2,3.12,9,5,1,Normal
2024-01-21 06:20:00,USR-0437,4,18.8,2.76,12,1,0,Normal
2024-01-29 05:50:00,USR-0155,4,22.7,2.42,14,6,0,Normal
2024-01-31 18:05:00,USR-0008,4,49.3,20.09,11,7,1,Normal
2024-01-01 12:55:00,USR-0209,3,32.4,2.48,9,2,0,Normal
2024-01-07 08:00:00,USR-0482,2,46.2,1.14,15,4,0,Normal
2024-01-28 16:30:00,USR-0425,5,29.9,20.36,13,6,2,Normal
2024-01-15 13:00:00,USR-0153,7,30.0,19.71,15,2,1,Normal
2024-01-06 21:40:00,USR-0263,2,39.0,42.18,13,1,1,Normal
2024-01-19 18:30:00,USR-0355,5,51.2,15.25,12,3,0,Normal
2024-01-23 22:50:00,USR-0137,2,26.8,7.55,7,1,0,Normal
2024-02-04 07:30:00,USR-0226,19,92.9,178.85,5,34,4,Suspicious
2024-01-31 12:20:00,USR-0112,1,28.0,28.43,12,7,2,Normal
2024-01-24 21:45:00,USR-0463,5,34.6,7.26,8,1,1,Normal
2024-01-31 21:10:00,USR-0092,2,44.4,24.08,11,5,1,Normal
2024-01-27 10:55:00,USR-0354,4,35.3,18.88,18,6,0,Normal
2024-01-18 12:45:00,USR-0148,3,29.0,15.08,11,5,0,Normal
2024-01-03 09:35:00,USR-0425,2,23.4,13.37,16,3,2,Normal
2024-01-18 23:15:00,USR-0281,4,25.3,17.39,13,6,0,Normal
2024-02-01 22:30:00,USR-0305,1,36.2,16.4,14,4,1,Normal
2024-01-25 16:45:00,USR-0115,0,20.3,14.37,11,3,2,Normal
2024-01-31 08:40:00,USR-0139,6,21.7,6.28,10,1,1,Normal
2024-01-26 01:55:00,USR-0479,2,10.1,5.43,12,6,1,Normal
2024-01-16 10:45:00,USR-0274,7,15.9,49.01,13,6,0,Normal
2024-01-17 09:30:00,USR-0414,5,16.8,17.3,10,1,0,Normal
2024-01-27 14:50:00,USR-0245,3,39.2,3.44,11,1,0,Normal
2024-01-03 14:50:00,USR-0059,4,38.0,20.51,7,7,1,Normal
2024-01-31 01:30:00,USR-0441,6,29.7,10.78,11,5,0,Normal
2024-01-20 10:05:00,USR-0017,3,21.2,34.85,8,3,0,Normal
2024-02-02 18:10:00,USR-0248,27,90.1,149.04,4,19,6,Suspicious
2024-01-01 01:25:00,USR-0136,0,21.3,24.51,9,4,2,Normal
2024-01-26 11:40:00,USR-0458,3,43.1,50.69,11,4,0,Normal
2024-01-05 02:50:00,USR-0462,4,23.8,29.99,13,1,1,Normal
2024-01-18 03:05:00,USR-0095,2,25.9,10.6,18,4,1,Normal
2024-01-12 17:50:00,USR-0248,3,27.8,19.74,12,5,0,Normal
2024-01-05 05:00:00,USR-0205,2,26.2,0.59,12,5,0,Normal
2024-01-31 17:50:00,USR-0182,6,43.6,1.61,12,6,1,Normal
2024-01-01 23:10:00,USR-0181,4,46.2,5.43,15,4,0,Normal
2024-01-11 20:50:00,USR-0068,2,41.8,13.86,10,4,1,Normal
2024-01-09 12:30:00,USR-0211,0,30.6,22.33,9,3,2,Normal
2024-01-04 10:55:00,USR-0037,3,47.2,5.15,12,6,1,Normal
2024-01-18 23:00:00,USR-0397,2,28.8,20.89,14,6,0,Normal
2024-01-23 20:15:00,USR-0030,2,47.4,8.73,11,6,1,Normal
2024-01-05 18:25:00,USR-0399,5,29.8,18.37,9,6,2,Normal
2024-01-20 18:15:00,USR-0020,2,22.9,32.53,14,7,1,Normal
2024-01-26 04:45:00,USR-0132,1,25.6,8.22,12,1,0,Normal
2024-01-08 00:10:00,USR-0389,3,17.3,50.57,14,1,0,Normal
2024-01-17 02:35:00,USR-0090,1,14.6,11.1,12,3,0,Normal
2024-01-05 01:45:00,USR-0209,0,30.5,32.28,10,6,0,Normal
2024-02-04 11:45:00,USR-0295,21,90.4,274.09,1,49,10,Suspicious
2024-01-28 05:55:00,USR-0293,1,11.0,1.16,12,6,0,Normal
2024-01-01 03:55:00,USR-0336,1,35.6,2.16,14,5,1,Normal
2024-02-03 11:55:00,USR-0109,26,93.3,161.29,0,21,7,Suspicious
2024-01-26 20:30:00,USR-0207,3,51.4,11.02,14,3,0,Normal
2024-01-09 02:10:00,USR-0088,1,22.7,22.41,14,1,1,Normal
2024-01-25 17:15:00,USR-0139,4,74.7,18.07,13,2,0,Normal
2024-01-07 01:20:00,USR-0230,4,11.6,2.78,15,2,0,Normal
2024-01-16 05:00:00,USR-0450,4,28.8,21.85,8,3,1,Normal
2024-01-18 23:10:00,USR-0040,1,14.9,1.49,10,5,0,Normal
2024-01-12 13:45:00,USR-0258,4,12.5,20.94,10,5,1,Normal
2024-02-01 06:10:00,USR-0041,1,13.4,1.78,15,3,2,Normal
2024-01-18 23:50:00,USR-0195,3,25.4,39.42,10,5,1,Normal
2024-01-16 07:40:00,USR-0296,1,26.4,37.67,17,1,0,Normal
2024-01-22 07:05:00,USR-0019,7,28.5,9.72,17,4,3,Normal
2024-01-19 18:05:00,USR-0001,2,39.1,1.06,10,6,1,Normal
2024-01-07 05:20:00,USR-0453,3,26.7,21.26,15,2,1,Normal
2024-01-30 22:40:00,USR-0362,3,38.9,1.79,10,7,0,Normal
2024-01-28 22:15:00,USR-0320,3,34.1,2.52,9,2,0,Normal
2024-01-22 17:40:00,USR-0387,1,41.6,2.97,19,6,2,Normal
2024-02-03 23:05:00,USR-0387,17,95.9,158.03,0,31,11,Suspicious
2024-01-16 06:30:00,USR-0344,1,55.0,20.12,10,7,0,Normal
2024-01-11 09:20:00,USR-0044,3,37.6,17.8,9,4,2,Normal
2024-01-14 07:45:00,USR-0478,2,19.8,5.99,13,4,0,Normal
2024-01-04 19:10:00,USR-0353,3,45.1,8.31,15,6,0,Normal
2024-01-24 08:25:00,USR-0487,6,31.6,61.17,10,1,0,Normal
2024-01-05 18:00:00,USR-0430,4,15.6,8.3,12,3,2,Normal
2024-01-08 19:45:00,USR-0481,5,23.4,36.28,11,7,0,Normal
2024-01-08 22:05:00,USR-0256,4,26.3,39.0,17,6,0,Normal
2024-02-01 11:00:00,USR-0319,2,22.6,16.81,16,5,2,Normal
2024-01-30 01:35:00,USR-0004,0,15.6,8.34,19,7,0,Normal
2024-01-05 15:25:00,USR-0390,3,21.8,30.18,13,6,0,Normal
2024-02-03 20:50:00,USR-0390,21,91.2,548.1,0,21,8,Suspicious
2024-01-03 23:40:00,USR-0247,1,28.2,6.31,17,7,0,Normal
2024-01-18 06:25:00,USR-0037,3,23.7,17.97,16,1,0,Normal
2024-01-13 19:20:00,USR-0321,2,19.1,5.35,12,6,0,Normal
2024-02-01 01:30:00,USR-0237,2,13.4,5.49,12,7,1,Normal
2024-02-04 14:40:00,USR-0458,18,93.0,990.44,0,37,4,Suspicious
2024-01-18 20:25:00,USR-0441,3,14.2,15.62,10,6,0,Normal
2024-01-28 18:20:00,USR-0223,3,50.0,7.82,10,7,0,Normal
2024-01-01 17:55:00,USR-0475,1,49.9,18.84,13,2,0,Normal
2024-01-12 19:45:00,USR-0099,3,54.1,14.11,11,4,0,Normal
2024-01-19 22:05:00,USR-0355,2,11.8,3.47,15,6,1,Normal
2024-01-14 09:10:00,USR-0062,1,26.8,10.5,16,1,0,Normal
2024-01-23 00:45:00,USR-0097,1,45.1,26.62,13,6,0,Normal
2024-01-01 10:40:00,USR-0143,1,35.4,18.39,14,6,0,Normal
2024-02-04 16:50:00,USR-0186,15,98.0,137.19,1,44,4,Suspicious
2024-02-03 10:35:00,USR-0416,24,99.4,436.55,1,27,5,Suspicious
2024-01-13 18:05:00,USR-0386,5,25.3,17.38,11,2,1,Normal
2024-01-27 21:35:00,USR-0346,3,15.6,34.82,11,5,1,Normal
2024-01-04 02:50:00,USR-0354,2,13.2,8.34,12,2,0,Normal
2024-01-07 14:15:00,USR-0339,4,58.1,12.45,13,6,0,Normal
2024-01-17 19:10:00,USR-0358,4,26.4,15.43,10,7,0,Normal
2024-01-14 07:30:00,USR-0272,3,46.6,35.81,9,7,1,Normal
2024-01-16 11:05:00,USR-0186,2,33.5,11.03,14,2,1,Normal
2024-01-05 12:05:00,USR-0140,4,54.1,0.79,12,7,0,Normal
2024-02-01 04:55:00,USR-0031,2,42.7,39.06,15,6,0,Normal
2024-01-14 21:05:00,USR-0314,5,30.1,26.97,17,1,0,Normal
2024-01-27 04:05:00,USR-0390,2,32.6,41.38,8,4,0,Normal
2024-01-15 22:15:00,USR-0188,4,21.2,9.3,13,7,0,Normal
2024-01-29 02:55:00,USR-0072,1,24.4,5.71,17,4,0,Normal
2024-01-20 09:25:00,USR-0081,2,17.4,8.19,13,4,0,Normal
2024-01-15 08:00:00,USR-0359,2,53.9,3.63,17,3,0,Normal
2024-01-03 11:05:00,USR-0378,5,20.1,1.99,7,7,0,Normal
2024-01-27 06:15:00,USR-0261,3,15.4,3.75,15,2,3,Normal
2024-01-30 15:35:00,USR-0163,3,36.5,38.12,9,3,0,Normal
2024-01-03 13:45:00,USR-0439,2,30.8,5.75,11,1,1,Normal
2024-01-14 17:15:00,USR-0464,3,38.3,1.19,13,1,2,Normal
2024-01-30 15:55:00,USR-0008,3,30.6,10.01,9,3,0,Normal
2024-01-20 00:05:00,USR-0176,3,16.1,14.02,10,7,0,Normal
2024-02-03 03:35:00,USR-0483,14,96.4,290.55,3,23,4,Suspicious
2024-01-20 02:25:00,USR-0142,3,19.0,10.42,14,1,0,Normal
2024-01-14 18:45:00,USR-0368,2,32.5,13.74,11,1,0,Normal
2024-01-27 17:00:00,USR-0165,1,34.0,26.29,7,2,0,Normal
2024-01-09 00:35:00,USR-0061,3,26.2,48.07,8,3,1,Normal
2024-01-19 13:20:00,USR-0050,4,16.3,29.06,11,7,1,Normal
2024-01-05 06:30:00,USR-0319,5,29.1,21.3,9,6,0,Normal
2024-01-30 08:35:00,USR-0151,2,8.0,3.55,15,6,0,Normal
2024-01-30 06:35:00,USR-0387,4,18.6,56.67,10,2,0,Normal
2024-01-21 13:40:00,USR-0111,4,30.9,33.0,11,4,0,Normal
2024-01-21 23:15:00,USR-0257,3,35.5,3.07,8,4,0,Normal
2024-01-18 13:20:00,USR-0408,0,30.0,21.9,16,2,0,Normal
2024-01-20 12:45:00,USR-0490,2,19.6,12.21,8,2,1,Normal
2024-02-02 11:10:00,USR-0039,20,87.5,196.97,4,28,9,Suspicious
2024-01-10 09:20:00,USR-0332,0,28.7,13.78,8,3,0,Normal
2024-01-22 21:15:00,USR-0328,1,12.4,11.68,10,5,1,Normal
2024-01-13 18:55:00,USR-0376,0,55.9,9.48,12,3,0,Normal
2024-01-27 09:00:00,USR-0102,0,48.2,2.79,12,2,0,Normal
2024-01-23 07:40:00,USR-0466,3,37.7,3.26,12,3,0,Normal
2024-01-02 19:50:00,USR-0492,3,33.2,44.21,9,1,1,Normal
2024-01-28 01:10:00,USR-0131,4,35.3,1.14,16,6,0,Normal
2024-01-26 07:35:00,USR-0203,5,35.6,15.66,8,7,1,Normal
2024-01-24 15:25:00,USR-0060,0,18.3,1.85,11,2,0,Normal
2024-01-10 01:30:00,USR-0238,4,23.9,2.9,11,5,3,Normal
2024-01-06 14:55:00,USR-0081,5,53.2,9.04,17,1,0,Normal
2024-01-05 14:25:00,USR-0363,3,26.8,8.36,10,2,1,Normal
2024-01-15 22:45:00,USR-0313,2,45.3,10.84,11,7,0,Normal
2024-02-01 11:05:00,USR-0323,5,9.2,6.83,17,3,1,Normal
2024-01-26 01:05:00,USR-0216,3,43.5,5.34,13,3,1,Normal
2024-01-20 18:40:00,USR-0260,4,23.8,0.84,10,2,0,Normal
2024-01-04 19:30:00,USR-0172,1,14.9,1.37,17,1,1,Normal
2024-01-29 15:25:00,USR-0291,5,16.9,15.33,9,4,0,Normal
2024-01-03 17:50:00,USR-0331,4,38.0,9.5,14,6,0,Normal
2024-01-08 10:05:00,USR-0448,1,25.5,30.59,15,6,0,Normal
2024-01-21 19:20:00,USR-0081,2,45.8,3.81,8,6,0,Normal
2024-01-14 19:05:00,USR-0383,0,37.6,86.55,11,5,0,Normal
2024-01-08 00:20:00,USR-0060,1,22.8,11.1,12,3,0,Normal
2024-01-15 18:15:00,USR-0071,2,29.2,16.81,12,7,0,Normal
2024-01-12 16:50:00,USR-0273,1,40.6,1.4,17,6,0,Normal
2024-01-14 22:30:00,USR-0050,2,9.4,3.84,10,6,0,Normal
2024-01-11 04:20:00,USR-0038,3,15.3,17.81,12,5,1,Normal
2024-01-15 02:15:00,USR-0321,3,11.2,13.72,13,2,1,Normal
2024-01-21 21:25:00,USR-0073,2,43.6,5.05,9,5,0,Normal
2024-01-08 12:00:00,USR-0170,4,41.5,16.57,14,2,0,Normal
2024-01-18 20:50:00,USR-0500,3,20.7,2.51,11,2,0,Normal
2024-01-16 04:30:00,USR-0423,1,45.4,10.37,8,1,0,Normal
2024-02-03 16:45:00,USR-0073,17,85.0,247.28,3,45,7,Suspicious
2024-01-11 12:25:00,USR-0403,6,19.2,1.32,17,2,0,Normal
2024-01-27 23:45:00,USR-0355,1,26.3,59.11,15,2,0,Normal
2024-01-21 13:15:00,USR-0296,3,27.5,2.27,17,7,2,Normal
2024-01-30 12:55:00,USR-0308,2,31.7,22.65,12,5,1,Normal
2024-01-08 20:55:00,USR-0232,1,34.5,2.19,14,4,0,Normal
2024-02-03 22:15:00,USR-0375,24,87.1,152.76,1,23,7,Suspicious
2024-01-19 16:15:00,USR-0085,2,18.9,1.26,11,1,2,Normal
2024-01-27 22:25:00,USR-0134,4,21.4,15.5,11,7,0,Normal
2024-02-03 16:00:00,USR-0187,22,95.8,213.3,2,24,7,Suspicious
2024-01-17 22:50:00,USR-0495,3,21.9,19.75,13,1,0,Normal
2024-01-02 05:45:00,USR-0325,6,20.8,40.28,9,4,1,Normal
2024-01-17 22:15:00,USR-0186,3,28.5,22.51,12,3,1,Normal
2024-01-27 14:45:00,USR-0229,3,14.4,21.37,9,6,1,Normal
2024-01-14 06:40:00,USR-0037,1,17.7,2.48,14,3,0,Normal
2024-01-17 04:05:00,USR-0055,1,9.8,32.6,10,1,0,Normal
2024-02-01 23:35:00,USR-0109,27,86.6,191.98,2,18,9,Suspicious
2024-01-26 16:10:00,USR-0312,3,22.3,2.37,16,3,0,Normal
2024-01-07 04:40:00,USR-0147,3,38.2,12.96,13,3,0,Normal
2024-01-29 21:30:00,USR-0469,0,8.6,23.33,14,1,0,Normal
2024-01-03 01:40:00,USR-0450,1,11.6,14.71,12,5,0,Normal
2024-01-29 00:10:00,USR-0416,2,15.2,14.02,13,4,1,Normal
2024-01-17 20:40:00,USR-0049,6,14.3,16.16,14,5,0,Normal
2024-01-15 08:25:00,USR-0065,2,16.0,24.11,13,2,2,Normal
2024-01-01 02:10:00,USR-0199,3,56.1,2.97,16,5,0,Normal
2024-01-28 07:35:00,USR-0136,2,39.5,19.15,9,6,0,Normal
2024-01-31 19:35:00,USR-0034,3,48.6,7.85,17,5,0,Normal
2024-01-21 08:40:00,USR-0354,0,24.7,1.24,12,3,2,Normal
2024-01-01 10:20:00,USR-0239,1,25.7,6.45,15,6,0,Normal
2024-01-03 15:45:00,USR-0318,3,48.8,28.7,14,5,1,Normal
2024-01-09 20:55:00,USR-0187,3,28.3,19.11,10,2,0,Normal
2024-01-04 11:20:00,USR-0362,1,24.3,24.52,16,2,0,Normal
2024-02-01 21:45:00,USR-0130,1,15.5,3.92,15,7,1,Normal
2024-01-28 02:25:00,USR-0398,2,33.8,8.78,10,5,0,Normal
2024-01-17 11:05:00,USR-0416,4,14.1,1.39,15,5,0,Normal
2024-01-06 05:05:00,USR-0028,4,27.1,1.26,15,1,0,Normal
2024-01-24 21:40:00,USR-0311,5,14.4,26.43,9,2,1,Normal
2024-01-11 17:10:00,USR-0371,4,28.3,0.54,13,3,1,Normal
2024-01-28 13:20:00,USR-0252,1,24.9,1.71,10,1,0,Normal
2024-01-13 12:05:00,USR-0184,7,25.6,1.03,14,6,0,Normal
2024-01-17 02:45:00,USR-0083,4,9.8,0.67,16,2,2,Normal
2024-01-25 07:50:00,USR-0377,1,19.6,39.97,10,7,0,Normal
2024-01-26 23:05:00,USR-0127,2,38.6,15.89,9,1,0,Normal
2024-01-19 16:00:00,USR-0369,4,25.2,2.78,17,1,0,Normal
2024-02-02 20:40:00,USR-0412,19,94.4,268.4,3,33,6,Suspicious
2024-01-07 21:40:00,USR-0029,2,28.0,8.13,12,3,1,Normal
2024-01-25 23:05:00,USR-0130,2,15.0,5.6,16,1,0,Normal
2024-01-15 21:20:00,USR-0274,5,19.5,0.69,15,1,1,Normal
2024-01-12 14:25:00,USR-0108,4,16.9,13.09,12,7,1,Normal
2024-01-29 00:30:00,USR-0177,1,51.2,5.22,14,7,0,Normal
2024-01-11 20:20:00,USR-0116,5,15.8,26.96,11,3,0,Normal
2024-01-14 06:25:00,USR-0332,3,14.7,16.02,11,1,1,Normal
2024-01-08 11:40:00,USR-0050,3,31.9,8.68,12,4,0,Normal
2024-01-20 23:45:00,USR-0208,3,38.3,3.17,15,3,0,Normal
2024-01-19 13:35:00,USR-0114,4,7.0,19.05,12,6,1,Normal
2024-01-27 13:50:00,USR-0427,2,23.7,24.17,12,6,2,Normal
2024-01-29 14:15:00,USR-0062,4,18.9,12.1,9,7,0,Normal
2024-01-14 04:40:00,USR-0056,5,47.1,0.71,9,3,1,Normal
2024-01-19 16:40:00,USR-0469,0,22.0,5.08,10,5,1,Normal
2024-01-19 18:15:00,USR-0415,5,25.6,12.87,10,4,2,Normal
2024-01-06 20:10:00,USR-0044,4,35.3,9.74,8,2,0,Normal
2024-01-23 20:35:00,USR-0096,2,8.8,18.86,11,1,1,Normal
2024-01-03 06:50:00,USR-0004,3,15.3,2.23,11,1,0,Normal
2024-01-11 21:45:00,USR-0233,2,26.5,2.57,18,2,0,Normal
2024-01-05 20:10:00,USR-0291,3,42.6,4.71,16,3,0,Normal
2024-01-22 03:00:00,USR-0124,5,27.1,9.96,13,3,1,Normal
2024-01-23 04:05:00,USR-0204,1,23.9,60.84,10,7,0,Normal
2024-01-07 11:15:00,USR-0293,1,41.1,22.1,9,2,1,Normal
2024-01-04 23:25:00,USR-0038,5,19.0,11.34,15,5,0,Normal
2024-01-04 03:00:00,USR-0442,1,41.3,1.69,8,5,1,Normal
2024-01-30 07:20:00,USR-0336,3,22.0,22.84,17,6,0,Normal
2024-01-20 15:35:00,USR-0379,2,29.9,3.22,12,1,1,Normal
2024-01-25 22:05:00,USR-0134,4,17.8,1.5,17,1,1,Normal
2024-01-14 17:05:00,USR-0017,3,37.4,9.26,10,3,1,Normal
2024-01-15 19:20:00,USR-0444,4,39.6,11.16,14,6,0,Normal
2024-01-23 15:45:00,USR-0046,2,20.1,14.92,13,7,0,Normal
2024-01-23 04:55:00,USR-0296,2,20.0,20.43,13,6,1,Normal
2024-01-08 15:40:00,USR-0128,2,40.8,2.89,9,4,0,Normal
2024-01-14 00:15:00,USR-0102,5,20.1,16.6,13,1,1,Normal
2024-01-04 17:50:00,USR-0309,3,11.1,1.29,9,2,1,Normal
2024-01-23 11:45:00,USR-0015,1,32.9,9.81,10,4,1,Normal
2024-01-13 14:25:00,USR-0100,3,29.8,42.73,7,7,0,Normal
2024-01-06 23:35:00,USR-0449,4,21.7,10.93,18,6,0,Normal
2024-01-17 21:55:00,USR-0002,2,23.0,1.66,13,4,0,Normal
2024-01-08 20:30:00,USR-0273,7,46.7,5.91,13,7,0,Normal
2024-01-17 16:40:00,USR-0342,4,10.0,8.21,9,4,0,Normal
2024-01-19 20:35:00,USR-0003,2,28.6,17.99,17,3,1,Normal
2024-01-01 16:35:00,USR-0425,3,37.9,16.73,12,4,0,Normal
2024-01-30 04:55:00,USR-0474,3,47.5,19.29,10,6,0,Normal
2024-01-01 04:50:00,USR-0055,5,49.2,8.61,10,7,0,Normal
2024-01-25 01:40:00,USR-0464,3,27.9,59.29,14,1,0,Normal
2024-01-20 11:45:00,USR-0168,2,17.0,25.58,13,5,0,Normal
2024-01-10 07:55:00,USR-0095,3,40.0,21.75,11,5,1,Normal
2024-01-27 07:10:00,USR-0328,4,54.0,31.35,18,3,1,Normal
2024-01-29 15:30:00,USR-0476,2,28.0,22.73,8,6,0,Normal
2024-01-27 17:20:00,USR-0092,6,16.3,11.4,17,6,1,Normal
2024-01-12 14:55:00,USR-0446,0,10.5,10.02,9,3,1,Normal
2024-01-20 07:30:00,USR-0327,5,61.9,14.12,14,6,1,Normal
2024-01-11 07:55:00,USR-0295,0,19.4,7.07,16,3,0,Normal
2024-01-27 13:05:00,USR-0455,3,32.1,38.41,13,1,0,Normal
2024-01-16 11:30:00,USR-0325,3,41.6,35.5,10,1,0,Normal
2024-01-20 19:25:00,USR-0013,3,43.8,4.0,12,2,0,Normal
2024-01-16 20:25:00,USR-0288,3,21.4,2.14,8,5,1,Normal
2024-01-28 18:05:00,USR-0491,2,13.7,6.04,11,1,1,Normal
2024-01-26 09:15:00,USR-0416,1,29.9,12.3,15,3,1,Normal
2024-01-28 01:35:00,USR-0352,3,45.9,20.07,9,7,0,Normal
2024-01-14 02:40:00,USR-0079,2,34.1,2.75,16,1,1,Normal
2024-01-26 08:55:00,USR-0222,5,9.4,4.34,14,5,1,Normal
2024-01-22 01:15:00,USR-0022,2,16.8,2.37,9,6,1,Normal
2024-01-07 23:05:00,USR-0253,3,33.8,7.37,10,4,0,Normal
2024-01-03 03:05:00,USR-0483,3,42.8,13.46,12,7,0,Normal
2024-01-01 01:45:00,USR-0480,1,35.0,16.16,15,3,0,Normal
2024-01-13 18:00:00,USR-0097,2,21.9,50.84,17,7,1,Normal
2024-01-08 16:20:00,USR-0178,2,29.6,29.63,15,6,0,Normal
2024-01-10 15:55:00,USR-0434,3,10.8,18.46,12,7,0,Normal
2024-01-17 13:30:00,USR-0415,3,25.7,1.43,10,5,1,Normal
2024-01-10 10:25:00,USR-0393,5,41.2,36.21,17,4,1,Normal
2024-01-20 12:05:00,USR-0129,3,15.9,8.34,13,2,1,Normal
2024-01-09 17:15:00,USR-0321,3,8.1,22.74,8,5,0,Normal
2024-01-24 18:50:00,USR-0257,2,14.4,18.76,16,5,0,Normal
2024-02-04 09:25:00,USR-0015,28,91.2,123.06,4,43,6,Suspicious
2024-01-14 12:50:00,USR-0106,2,48.3,10.44,9,7,0,Normal
2024-01-20 13:30:00,USR-0390,1,33.5,2.81,14,2,1,Normal
2024-01-05 04:10:00,USR-0054,4,21.0,6.28,10,6,0,Normal
2024-01-28 14:55:00,USR-0417,5,12.1,4.75,9,3,1,Normal
2024-01-08 07:45:00,USR-0493,2,19.4,3.1,12,6,0,Normal
2024-01-11 22:15:00,USR-0084,2,23.4,15.56,9,1,0,Normal
2024-01-22 10:50:00,USR-0170,2,23.0,9.18,13,4,1,Normal
2024-02-04 10:55:00,USR-0168,22,95.6,177.3,2,31,10,Suspicious
2024-01-31 18:15:00,USR-0406,0,29.8,39.81,18,5,0,Normal
2024-01-25 04:05:00,USR-0100,3,15.8,6.32,7,7,2,Normal
2024-01-18 10:00:00,USR-0299,5,28.6,13.47,11,4,1,Normal
2024-01-09 06:15:00,USR-0496,3,18.8,25.38,16,3,0,Normal
2024-01-11 00:30:00,USR-0366,1,21.6,28.93,10,1,0,Normal
2024-01-15 04:35:00,USR-0111,6,28.7,10.38,19,4,1,Normal
2024-01-03 21:00:00,USR-0363,7,17.4,9.34,19,1,0,Normal
2024-01-29 13:20:00,USR-0293,3,11.0,76.92,11,5,0,Normal
2024-01-10 05:15:00,USR-0361,5,30.7,2.94,10,3,1,Normal
2024-01-13 10:45:00,USR-0065,1,14.5,20.88,12,5,2,Normal
2024-01-20 09:50:00,USR-0114,1,43.4,4.07,9,6,1,Normal
2024-01-17 03:10:00,USR-0094,4,41.5,33.1,13,4,0,Normal
2024-01-19 13:50:00,USR-0364,2,25.1,19.36,11,5,0,Normal
2024-01-28 10:10:00,USR-0296,3,37.1,1.84,15,1,0,Normal
2024-01-30 23:15:00,USR-0488,6,34.7,17.78,19,2,0,Normal
2024-01-14 02:20:00,USR-0488,3,16.9,14.05,13,4,0,Normal
2024-01-09 08:50:00,USR-0163,2,22.5,6.89,11,1,1,Normal
2024-01-07 18:30:00,USR-0159,5,13.2,15.23,7,4,0,Normal
2024-02-04 06:10:00,USR-0413,22,87.3,194.36,0,21,2,Suspicious
2024-01-04 13:15:00,USR-0284,7,16.2,2.68,16,7,0,Normal
2024-01-27 14:25:00,USR-0112,2,35.0,10.56,11,1,1,Normal
2024-01-22 08:25:00,USR-0062,1,61.2,5.76,9,6,3,Normal
2024-01-26 06:30:00,USR-0114,2,35.3,30.56,10,7,0,Normal
2024-01-17 20:10:00,USR-0396,1,16.5,7.87,11,3,2,Normal
2024-01-16 09:55:00,USR-0345,3,16.1,2.72,7,1,2,Normal
2024-01-04 04:15:00,USR-0012,4,22.6,33.9,10,6,1,Normal
2024-02-04 06:35:00,USR-0216,19,93.3,199.33,4,15,9,Suspicious
2024-01-24 01:45:00,USR-0083,5,31.9,7.91,12,7,0,Normal
2024-01-02 08:25:00,USR-0327,1,45.4,13.62,8,6,0,Normal
2024-02-04 11:15:00,USR-0314,28,94.4,330.22,2,20,11,Suspicious
2024-01-22 09:20:00,USR-0188,3,28.4,2.99,18,2,0,Normal
2024-01-16 20:30:00,USR-0181,3,43.6,53.46,8,6,1,Normal
2024-01-20 07:25:00,USR-0492,3,24.5,4.11,10,7,0,Normal
2024-01-27 14:30:00,USR-0262,10,31.4,16.01,11,4,0,Normal
2024-01-20 10:45:00,USR-0383,6,25.4,39.46,15,6,1,Normal
2024-01-20 23:40:00,USR-0302,3,7.3,0.78,13,5,0,Normal
2024-02-01 04:35:00,USR-0283,2,16.0,13.54,16,6,1,Normal
2024-01-26 07:25:00,USR-0442,2,9.2,10.88,10,7,1,Normal
2024-01-28 04:15:00,USR-0036,2,6.6,11.37,11,1,0,Normal
2024-01-14 02:50:00,USR-0129,1,17.0,19.62,13,3,0,Normal
2024-01-07 01:45:00,USR-0014,1,16.2,4.51,15,7,0,Normal
2024-02-01 10:00:00,USR-0241,4,52.4,7.07,11,2,0,Normal
2024-01-20 09:40:00,USR-0338,6,25.9,29.55,12,3,0,Normal
2024-01-09 14:25:00,USR-0059,4,30.6,12.09,8,5,1,Normal
2024-01-10 17:40:00,USR-0320,5,26.3,49.09,17,4,0,Normal
2024-01-01 18:35:00,USR-0350,2,44.4,6.62,18,5,0,Normal
2024-01-05 03:10:00,USR-0124,4,20.9,26.08,16,1,0,Normal
2024-01-09 07:25:00,USR-0346,4,16.4,2.33,16,3,0,Normal
2024-01-26 15:10:00,USR-0182,4,17.2,9.08,11,5,0,Normal
2024-01-16 08:00:00,USR-0228,3,34.9,1.36,13,5,1,Normal
2024-01-10 05:20:00,USR-0491,0,59.6,6.05,8,3,0,Normal
2024-01-31 13:30:00,USR-0119,4,19.1,33.17,12,1,0,Normal
2024-01-02 14:35:00,USR-0473,3,46.7,3.5,13,1,0,Normal
2024-01-14 02:30:00,USR-0109,4,15.5,1.02,13,2,0,Normal
2024-01-29 00:50:00,USR-0289,4,21.8,5.85,11,5,2,Normal
2024-02-02 10:10:00,USR-0023,25,97.0,268.87,4,40,4,Suspicious
2024-01-08 15:35:00,USR-0338,2,30.4,21.58,12,3,1,Normal
2024-01-08 00:50:00,USR-0156,3,24.1,23.51,9,4,0,Normal
2024-01-11 17:25:00,USR-0386,4,16.5,13.8,16,5,0,Normal
2024-01-25 06:55:00,USR-0426,3,13.5,13.81,11,7,0,Normal
2024-01-19 00:10:00,USR-0265,3,42.4,39.14,18,3,0,Normal
2024-01-26 19:15:00,USR-0259,6,24.1,36.8,10,1,1,Normal
2024-01-26 09:00:00,USR-0486,2,39.3,1.7,10,3,2,Normal
2024-01-30 19:40:00,USR-0118,5,26.7,13.05,14,5,1,Normal
2024-01-05 11:55:00,USR-0461,7,33.4,34.11,13,7,0,Normal
2024-01-21 12:05:00,USR-0472,4,13.4,39.16,12,3,0,Normal
2024-02-01 11:55:00,USR-0450,1,39.2,54.91,12,3,0,Normal
2024-01-07 21:35:00,USR-0306,0,15.5,9.12,12,2,1,Normal
2024-01-20 06:15:00,USR-0121,1,42.0,13.59,7,4,1,Normal
2024-01-24 09:10:00,USR-0380,7,34.2,19.02,14,3,0,Normal
2024-01-19 17:30:00,USR-0298,6,29.8,29.3,13,6,0,Normal
2024-01-17 03:30:00,USR-0270,4,28.0,43.81,13,6,1,Normal
2024-01-09 01:00:00,USR-0385,0,11.3,14.88,13,4,1,Normal
2024-02-03 05:45:00,USR-0026,16,91.0,569.45,3,21,7,Suspicious
2024-01-27 19:00:00,USR-0353,4,27.5,9.74,13,6,0,Normal
2024-01-19 00:50:00,USR-0020,1,27.4,5.74,15,4,1,Normal
2024-01-25 02:50:00,USR-0283,1,18.5,77.24,17,4,0,Normal
2024-01-18 23:05:00,USR-0457,1,24.5,30.46,12,1,0,Normal
2024-01-02 00:35:00,USR-0122,4,26.0,17.76,12,5,2,Normal
2024-01-07 09:00:00,USR-0340,4,36.1,7.41,15,2,0,Normal
2024-01-27 02:40:00,USR-0021,4,33.9,90.8,18,5,0,Normal
2024-01-16 12:55:00,USR-0151,0,24.0,27.25,16,1,1,Normal
2024-01-24 17:25:00,USR-0470,1,30.5,37.58,10,2,0,Normal
2024-01-03 09:40:00,USR-0311,3,34.5,21.88,18,3,0,Normal
2024-01-17 07:25:00,USR-0455,1,46.8,9.59,10,6,0,Normal
2024-01-30 12:10:00,USR-0353,1,25.3,6.29,13,7,0,Normal
2024-01-04 22:35:00,USR-0004,5,21.8,6.06,19,1,0,Normal
2024-02-02 20:55:00,USR-0303,29,98.3,152.86,0,22,8,Suspicious
2024-01-17 00:10:00,USR-0003,5,28.6,7.05,12,6,0,Normal
2024-01-13 05:20:00,USR-0313,7,14.7,3.14,10,6,1,Normal
2024-01-16 22:30:00,USR-0278,3,21.0,1.21,8,2,0,Normal
2024-01-01 05:00:00,USR-0079,6,33.1,3.45,11,2,0,Normal
2024-01-13 05:35:00,USR-0030,2,27.6,0.59,10,2,0,Normal
2024-01-17 00:05:00,USR-0471,1,21.5,26.81,17,5,0,Normal
2024-01-20 20:05:00,USR-0234,4,45.3,15.51,14,1,1,Normal
2024-02-02 14:55:00,USR-0430,20,93.6,359.47,1,26,8,Suspicious
2024-01-08 07:30:00,USR-0168,4,48.7,28.2,11,7,0,Normal
2024-01-17 17:00:00,USR-0148,2,18.2,23.71,16,6,0,Normal
2024-01-29 17:35:00,USR-0333,4,14.7,17.57,12,4,0,Normal
2024-01-11 08:25:00,USR-0403,3,32.1,6.35,9,7,0,Normal
2024-01-08 06:20:00,USR-0337,2,18.2,6.74,10,3,1,Normal
2024-01-07 00:40:00,USR-0419,1,24.0,2.57,9,7,0,Normal
2024-02-03 08:50:00,USR-0257,20,90.9,383.72,0,43,9,Suspicious
2024-01-17 23:25:00,USR-0349,4,38.4,2.55,12,6,0,Normal
2024-01-05 17:10:00,USR-0345,1,27.7,31.85,9,1,0,Normal
2024-01-22 12:00:00,USR-0081,2,12.1,10.18,11,6,1,Normal
2024-01-27 21:50:00,USR-0137,4,37.8,14.86,12,5,0,Normal
2024-01-23 08:15:00,USR-0032,1,60.1,10.21,11,6,0,Normal
2024-01-25 15:50:00,USR-0102,2,50.2,37.96,15,4,0,Normal
2024-01-06 23:10:00,USR-0456,1,17.0,18.7,13,4,0,Normal
2024-01-31 19:10:00,USR-0152,3,10.4,31.35,10,5,1,Normal
2024-01-16 07:35:00,USR-0310,3,9.2,7.27,10,4,0,Normal
2024-01-27 12:50:00,USR-0125,1,13.7,50.2,7,4,1,Normal
2024-02-03 11:35:00,USR-0182,21,90.2,446.13,1,26,7,Suspicious
2024-01-17 17:30:00,USR-0253,0,17.1,8.63,14,4,1,Normal
2024-01-01 21:35:00,USR-0432,2,24.6,2.93,9,1,0,Normal
2024-01-09 12:25:00,USR-0487,2,13.6,5.78,11,5,0,Normal
2024-01-05 07:50:00,USR-0128,4,43.3,2.96,17,6,2,Normal
2024-01-12 00:30:00,USR-0103,1,46.4,15.72,15,3,1,Normal
2024-01-06 04:05:00,USR-0232,5,26.0,4.72,11,7,0,Normal
2024-01-29 19:50:00,USR-0270,4,26.4,26.99,11,3,0,Normal
2024-01-28 18:40:00,USR-0106,1,59.3,19.02,10,5,0,Normal
2024-01-09 06:50:00,USR-0087,1,23.1,58.59,12,5,0,Normal
2024-01-21 04:50:00,USR-0291,6,28.8,12.2,14,3,0,Normal
2024-01-09 04:45:00,USR-0223,3,34.8,6.21,9,1,1,Normal
2024-01-24 11:20:00,USR-0374,3,17.8,17.05,17,1,0,Normal
2024-01-25 13:15:00,USR-0430,3,37.8,4.74,13,3,0,Normal
2024-01-15 10:10:00,USR-0425,3,7.7,20.13,14,1,0,Normal
2024-01-29 03:50:00,USR-0375,1,13.9,24.09,14,3,1,Normal
2024-01-29 19:15:00,USR-0119,2,23.4,56.07,12,7,1,Normal
2024-01-03 03:50:00,USR-0268,2,17.3,7.68,10,6,1,Normal
2024-01-23 03:15:00,USR-0446,5,11.4,0.73,7,4,0,Normal
2024-01-12 05:25:00,USR-0175,3,27.8,24.58,9,4,0,Normal
2024-01-29 17:15:00,USR-0274,2,12.4,25.21,9,1,0,Normal
2024-01-16 22:05:00,USR-0260,4,15.3,22.46,17,1,0,Normal
2024-01-19 17:45:00,USR-0303,1,15.0,18.79,18,3,0,Normal
2024-01-27 04:15:00,USR-0365,2,15.5,23.52,9,2,1,Normal
2024-01-20 12:40:00,USR-0247,3,7.1,15.58,7,4,0,Normal
2024-02-01 21:15:00,USR-0141,1,25.6,5.36,12,4,0,Normal
2024-01-23 07:00:00,USR-0354,4,29.8,2.31,9,1,0,Normal
2024-01-28 00:10:00,USR-0123,1,34.1,30.6,9,1,0,Normal
2024-01-25 10:20:00,USR-0014,2,56.6,8.13,14,6,1,Normal
2024-01-22 02:50:00,USR-0217,5,31.3,24.81,7,5,1,Normal
2024-02-01 00:40:00,USR-0446,8,11.6,0.7,10,6,0,Normal
2024-02-04 05:45:00,USR-0280,25,94.0,458.61,2,31,7,Suspicious
2024-01-25 11:35:00,USR-0474,3,22.0,21.2,11,2,0,Normal
2024-01-17 12:20:00,USR-0096,2,47.6,7.33,16,5,1,Normal
2024-01-05 20:20:00,USR-0017,1,39.5,41.28,15,4,0,Normal
2024-01-11 14:50:00,USR-0453,1,9.1,4.96,12,5,0,Normal
2024-01-06 01:05:00,USR-0178,5,22.2,42.41,11,4,0,Normal
2024-02-02 06:50:00,USR-0217,31,88.2,1406.37,3,21,6,Suspicious
2024-01-22 16:50:00,USR-0463,3,60.2,1.99,15,6,0,Normal
2024-01-05 00:30:00,USR-0373,3,11.0,18.97,16,6,0,Normal
2024-01-17 23:00:00,USR-0145,5,53.2,24.87,11,6,0,Normal
2024-02-03 16:05:00,USR-0093,23,91.3,220.29,5,48,10,Suspicious
2024-02-02 14:25:00,USR-0423,21,88.8,273.44,5,45,11,Suspicious
2024-01-06 08:00:00,USR-0450,2,38.2,1.46,10,6,0,Normal
2024-01-10 00:20:00,USR-0166,1,44.4,4.38,12,7,1,Normal
2024-02-04 10:15:00,USR-0159,15,95.7,390.65,3,48,6,Suspicious
2024-01-24 04:00:00,USR-0423,2,23.6,29.97,8,7,3,Normal
2024-01-04 02:40:00,USR-0078,2,22.5,24.51,10,5,1,Normal
2024-01-05 07:20:00,USR-0342,5,19.4,5.73,9,3,0,Normal
2024-01-04 05:40:00,USR-0471,2,22.0,19.41,12,7,0,Normal
2024-01-29 11:45:00,USR-0185,2,32.2,71.4,11,1,0,Normal
2024-01-16 17:30:00,USR-0190,5,7.8,19.38,15,4,0,Normal
2024-01-19 16:10:00,USR-0185,3,43.1,7.72,15,5,2,Normal
2024-02-03 02:55:00,USR-0186,17,87.0,125.52,2,35,13,Suspicious
2024-02-02 15:55:00,USR-0161,18,92.0,494.96,0,30,7,Suspicious
2024-01-22 13:25:00,USR-0416,1,15.0,30.38,9,7,0,Normal
2024-01-19 12:00:00,USR-0456,5,35.3,8.44,12,3,1,Normal
2024-01-03 00:35:00,USR-0115,0,25.3,20.99,11,4,0,Normal
2024-01-24 11:10:00,USR-0191,1,34.7,18.08,8,6,2,Normal
2024-01-18 16:50:00,USR-0031,3,21.9,2.76,10,2,0,Normal
2024-01-01 14:50:00,USR-0261,3,37.2,8.58,9,1,0,Normal
2024-02-03 09:35:00,USR-0126,16,98.4,105.35,2,23,8,Suspicious
2024-01-23 12:00:00,USR-0362,8,12.3,17.42,13,6,0,Normal
2024-01-27 18:45:00,USR-0163,2,20.4,5.65,17,5,1,Normal
2024-01-30 11:05:00,USR-0138,4,47.5,1.85,11,6,1,Normal
2024-02-01 13:35:00,USR-0396,3,12.1,1.41,12,2,0,Normal
2024-01-07 08:30:00,USR-0332,3,13.9,104.58,13,3,0,Normal
2024-02-01 07:15:00,USR-0077,3,29.3,0.86,18,1,2,Normal
2024-01-30 08:05:00,USR-0490,5,31.9,7.1,10,3,0,Normal
2024-01-27 07:55:00,USR-0378,3,63.8,0.85,18,5,0,Normal
2024-01-22 23:30:00,USR-0092,4,32.1,24.2,19,1,0,Normal
2024-01-13 23:15:00,USR-0430,4,14.1,13.02,19,6,0,Normal
2024-01-03 14:55:00,USR-0495,5,25.7,18.67,12,6,1,Normal
2024-01-09 01:35:00,USR-0094,2,26.6,27.55,10,2,0,Normal
2024-01-17 20:00:00,USR-0320,4,9.1,20.88,11,1,0,Normal
2024-01-08 07:00:00,USR-0270,0,22.8,4.16,9,7,0,Normal
2024-01-13 03:55:00,USR-0113,6,22.7,47.77,15,5,0,Normal
2024-01-10 02:15:00,USR-0358,5,27.3,3.5,15,7,0,Normal
2024-02-04 16:05:00,USR-0365,17,89.2,302.16,5,30,10,Suspicious
2024-01-25 03:40:00,USR-0116,3,21.5,41.73,10,5,0,Normal
2024-01-12 18:25:00,USR-0213,4,12.9,11.22,15,1,0,Normal
2024-01-21 05:05:00,USR-0167,2,7.7,9.23,13,6,0,Normal
2024-01-21 00:00:00,USR-0381,2,11.3,1.0,16,2,0,Normal
2024-01-25 16:05:00,USR-0270,1,51.1,57.02,15,1,1,Normal
2024-01-25 16:15:00,USR-0312,0,9.4,29.12,16,5,0,Normal
2024-01-08 04:45:00,USR-0187,2,44.0,12.41,14,2,0,Normal
2024-01-24 18:35:00,USR-0215,4,12.2,45.48,15,2,0,Normal
2024-01-26 02:10:00,USR-0070,2,26.0,3.2,16,6,0,Normal
2024-01-30 00:05:00,USR-0396,3,23.2,15.26,10,2,2,Normal
2024-01-23 13:15:00,USR-0446,4,15.5,6.4,17,5,2,Normal
2024-01-12 08:00:00,USR-0374,2,31.4,45.5,11,1,1,Normal
2024-01-24 01:30:00,USR-0180,2,48.3,25.91,8,3,0,Normal
2024-01-06 03:00:00,USR-0018,7,28.2,0.92,10,3,1,Normal
2024-01-31 06:45:00,USR-0304,1,53.3,21.23,8,2,0,Normal
2024-02-01 08:00:00,USR-0302,4,60.5,11.81,12,1,0,Normal
2024-01-09 18:45:00,USR-0001,4,10.8,3.82,10,5,0,Normal
2024-01-13 19:35:00,USR-0225,3,65.4,2.69,9,2,1,Normal
2024-01-20 06:20:00,USR-0342,3,13.8,17.45,12,4,0,Normal
2024-01-29 12:30:00,USR-0235,3,16.0,28.52,12,2,1,Normal
2024-01-26 23:00:00,USR-0216,4,26.4,3.96,9,4,1,Normal
2024-01-06 15:35:00,USR-0126,6,34.7,10.69,17,4,0,Normal
2024-01-23 03:35:00,USR-0009,1,28.0,25.43,16,4,0,Normal
2024-01-29 23:25:00,USR-0121,3,20.0,13.34,8,5,1,Normal
2024-01-17 11:35:00,USR-0086,3,15.5,4.25,15,1,0,Normal
2024-01-30 18:55:00,USR-0288,3,50.8,13.22,8,3,0,Normal
2024-01-05 17:45:00,USR-0239,2,24.6,22.29,9,6,0,Normal
2024-01-31 21:30:00,USR-0261,2,41.6,51.96,7,6,0,Normal
2024-01-04 02:10:00,USR-0282,2,7.4,11.92,7,2,0,Normal
2024-01-19 02:15:00,USR-0014,4,32.0,1.59,11,5,0,Normal
2024-01-26 04:15:00,USR-0417,1,47.9,2.43,10,5,0,Normal
2024-01-24 05:40:00,USR-0395,1,18.4,15.76,7,7,0,Normal
2024-01-28 16:05:00,USR-0213,4,23.7,22.99,14,2,1,Normal
2024-01-20 09:05:00,USR-0446,2,29.7,20.38,14,4,0,Normal
2024-01-31 17:15:00,USR-0011,1,26.0,4.88,17,4,0,Normal
2024-01-26 01:40:00,USR-0251,6,28.7,11.01,12,4,0,Normal
2024-01-04 15:10:00,USR-0294,2,22.0,22.39,10,7,0,Normal
2024-01-07 02:35:00,USR-0202,2,37.5,8.61,8,6,0,Normal
2024-01-20 05:50:00,USR-0360,2,20.1,9.01,15,5,0,Normal
2024-01-09 06:10:00,USR-0229,3,28.7,37.63,8,7,1,Normal
2024-01-25 14:10:00,USR-0139,2,9.7,2.96,9,4,0,Normal
2024-01-21 17:25:00,USR-0076,1,20.5,1.21,14,1,2,Normal
2024-01-31 13:00:00,USR-0008,2,46.8,19.97,13,6,0,Normal
2024-01-15 16:30:00,USR-0396,4,47.1,47.27,17,4,0,Normal
2024-01-12 11:10:00,USR-0147,2,10.2,7.95,13,1,0,Normal
2024-01-22 11:50:00,USR-0228,6,38.9,57.78,12,1,0,Normal
2024-02-02 12:05:00,USR-0188,22,93.2,359.62,1,31,11,Suspicious
2024-01-09 03:05:00,USR-0102,8,10.4,26.02,17,3,0,Normal
2024-02-01 18:45:00,USR-0144,3,41.2,5.0,19,7,0,Normal
2024-01-19 01:35:00,USR-0324,7,18.6,19.21,10,1,0,Normal
2024-01-25 03:25:00,USR-0122,1,44.3,10.57,14,6,0,Normal
2024-01-30 01:05:00,USR-0288,2,35.8,1.54,12,4,1,Normal
2024-01-16 06:25:00,USR-0042,5,27.5,6.09,16,7,0,Normal
2024-01-26 03:35:00,USR-0387,1,27.1,70.8,9,6,0,Normal
2024-01-16 14:50:00,USR-0280,2,42.6,2.7,9,4,0,Normal
2024-02-01 17:25:00,USR-0221,3,18.1,7.71,10,4,0,Normal
2024-01-29 20:10:00,USR-0004,2,16.7,11.18,10,7,0,Normal
2024-01-14 20:55:00,USR-0462,2,24.9,10.42,10,1,0,Normal
2024-02-03 05:50:00,USR-0109,22,96.6,169.19,1,26,11,Suspicious
2024-01-22 05:20:00,USR-0233,0,15.1,36.6,14,1,1,Normal
2024-01-24 01:05:00,USR-0455,3,59.3,33.55,15,1,1,Normal
2024-01-24 09:50:00,USR-0173,2,38.3,28.3,10,3,0,Normal
2024-01-29 22:05:00,USR-0181,3,35.7,17.25,9,2,0,Normal
2024-01-29 23:35:00,USR-0387,4,7.4,36.04,13,1,0,Normal
2024-02-02 23:20:00,USR-0112,19,89.0,230.54,3,37,5,Suspicious
2024-01-23 13:10:00,USR-0463,2,29.4,23.97,10,2,2,Normal
2024-01-07 00:25:00,USR-0490,4,32.0,15.75,17,1,0,Normal
2024-01-13 11:40:00,USR-0126,2,27.1,17.94,15,2,0,Normal
2024-01-17 23:15:00,USR-0074,6,34.3,12.01,9,3,0,Normal
2024-01-17 05:20:00,USR-0445,5,16.4,35.05,15,4,1,Normal
2024-01-29 08:20:00,USR-0149,5,24.6,2.41,8,7,0,Normal
2024-01-24 18:30:00,USR-0118,3,40.8,3.57,13,3,1,Normal
2024-01-07 22:30:00,USR-0296,8,11.3,5.78,10,5,0,Normal
2024-01-28 04:50:00,USR-0059,4,22.8,11.85,9,7,0,Normal
2024-01-10 23:05:00,USR-0442,1,68.0,4.9,16,7,2,Normal
2024-01-29 05:20:00,USR-0345,3,31.0,12.47,11,3,1,Normal
2024-01-18 01:00:00,USR-0387,3,29.6,5.8,17,2,0,Normal
2024-01-14 10:10:00,USR-0101,7,25.1,29.81,12,3,0,Normal
2024-01-24 13:15:00,USR-0151,3,24.5,6.08,11,3,0,Normal
2024-02-04 17:10:00,USR-0380,23,99.6,230.76,2,17,7,Suspicious
2024-01-16 11:25:00,USR-0309,2,35.5,13.12,15,4,0,Normal
2024-01-15 11:00:00,USR-0093,5,19.0,13.49,12,3,0,Normal
2024-01-13 06:15:00,USR-0093,3,36.6,31.68,10,4,1,Normal
2024-01-25 02:20:00,USR-0232,5,18.7,4.15,11,4,1,Normal
2024-01-25 15:55:00,USR-0339,3,31.2,20.98,19,3,0,Normal
2024-01-07 23:10:00,USR-0045,2,22.0,4.42,14,7,0,Normal
2024-01-07 17:35:00,USR-0112,7,12.1,13.62,16,5,0,Normal
2024-02-02 10:00:00,USR-0215,26,99.7,149.51,2,19,7,Suspicious
2024-01-08 19:35:00,USR-0166,4,39.0,16.84,13,3,1,Normal
2024-01-23 01:40:00,USR-0463,0,25.5,6.7,10,6,0,Normal
2024-01-21 01:55:00,USR-0300,4,20.0,9.12,16,3,0,Normal
2024-01-25 13:20:00,USR-0372,0,35.8,1.67,8,7,1,Normal
2024-01-16 05:55:00,USR-0409,2,18.9,47.37,19,4,0,Normal
2024-01-08 20:15:00,USR-0059,7,16.0,20.91,11,2,0,Normal
2024-02-03 03:50:00,USR-0147,22,96.6,922.18,2,15,6,Suspicious
2024-01-02 01:45:00,USR-0189,5,10.7,13.8,11,3,1,Normal
2024-01-14 16:35:00,USR-0261,3,35.9,7.13,9,2,0,Normal
2024-01-16 02:00:00,USR-0136,4,14.2,1.22,9,2,1,Normal
2024-01-17 22:20:00,USR-0086,2,33.1,27.26,17,7,0,Normal
2024-01-08 08:45:00,USR-0349,1,21.3,53.15,10,3,1,Normal
2024-01-16 22:10:00,USR-0467,2,14.2,33.58,10,5,0,Normal
2024-01-10 07:15:00,USR-0320,2,15.9,2.07,13,3,0,Normal
2024-01-11 06:55:00,USR-0446,7,20.4,25.92,12,3,0,Normal
2024-01-02 18:40:00,USR-0468,2,47.0,10.96,9,2,0,Normal
2024-01-29 08:35:00,USR-0461,0,13.8,9.1,17,5,0,Normal
2024-01-09 04:00:00,USR-0048,5,29.6,8.67,8,3,1,Normal
2024-01-10 20:25:00,USR-0432,1,45.5,1.44,18,6,1,Normal
2024-01-14 14:20:00,USR-0028,4,25.0,8.75,10,6,0,Normal
2024-01-30 18:40:00,USR-0383,5,12.2,1.22,10,1,2,Normal
2024-01-18 00:00:00,USR-0478,2,27.6,10.68,18,5,1,Normal
2024-01-30 23:55:00,USR-0453,4,16.0,11.53,11,7,1,Normal
2024-01-21 02:55:00,USR-0106,3,32.1,4.53,10,3,0,Normal
2024-01-27 08:55:00,USR-0387,1,27.7,20.96,8,2,0,Normal
2024-01-26 16:05:00,USR-0092,2,29.9,76.56,11,7,1,Normal
2024-01-22 15:10:00,USR-0424,2,19.7,6.81,11,3,0,Normal
2024-01-31 12:55:00,USR-0399,1,5.6,10.95,17,3,0,Normal
2024-01-26 18:40:00,USR-0202,1,31.6,8.21,7,5,1,Normal
2024-01-31 20:00:00,USR-0415,0,26.5,0.86,18,2,0,Normal
2024-01-15 12:10:00,USR-0300,4,37.2,1.47,15,2,0,Normal
2024-01-26 03:10:00,USR-0241,8,11.3,20.41,11,1,0,Normal
2024-01-21 08:05:00,USR-0187,4,15.1,20.57,10,4,0,Normal
2024-01-04 02:00:00,USR-0042,0,19.5,2.87,12,4,0,Normal
2024-01-08 06:30:00,USR-0362,2,49.2,23.12,12,7,1,Normal
2024-01-26 14:00:00,USR-0435,3,16.2,30.72,8,5,0,Normal
2024-01-24 16:55:00,USR-0485,3,53.5,22.2,8,5,0,Normal
2024-02-01 10:45:00,USR-0324,2,15.6,21.98,12,4,0,Normal
2024-01-13 09:25:00,USR-0023,5,20.8,1.98,14,1,0,Normal
2024-01-26 22:25:00,USR-0280,3,35.8,5.98,10,7,2,Normal
2024-01-27 20:30:00,USR-0376,4,10.9,21.25,15,4,0,Normal
2024-01-07 13:25:00,USR-0014,5,20.9,29.89,17,3,1,Normal
2024-01-22 13:05:00,USR-0271,2,15.7,23.88,9,6,0,Normal
2024-01-09 14:50:00,USR-0235,3,37.5,45.19,11,6,0,Normal
2024-01-02 13:00:00,USR-0138,3,45.7,3.82,7,5,1,Normal
2024-01-24 21:10:00,USR-0471,2,19.5,22.42,9,2,0,Normal
2024-01-03 11:10:00,USR-0213,3,24.7,3.54,10,5,1,Normal
2024-01-07 12:50:00,USR-0417,7,51.0,12.97,13,6,0,Normal
2024-01-20 08:40:00,USR-0292,1,28.3,4.53,11,5,0,Normal
2024-01-05 06:00:00,USR-0327,3,23.1,25.91,7,5,0,Normal
2024-01-25 13:50:00,USR-0140,2,27.7,6.7,11,7,0,Normal
2024-01-01 01:35:00,USR-0348,8,27.9,8.67,9,6,1,Normal
2024-01-21 21:20:00,USR-0061,3,47.2,14.76,10,3,0,Normal
2024-01-27 06:05:00,USR-0092,2,48.6,5.42,18,1,0,Normal
2024-01-19 23:55:00,USR-0115,2,12.8,25.41,15,3,1,Normal
2024-01-22 00:10:00,USR-0427,1,26.3,1.28,12,4,0,Normal
2024-01-11 01:45:00,USR-0273,4,8.1,41.59,9,3,0,Normal
2024-01-26 06:15:00,USR-0473,0,11.3,13.5,13,6,0,Normal
2024-01-30 14:15:00,USR-0299,4,15.9,1.34,15,2,2,Normal
2024-01-05 05:05:00,USR-0403,4,39.4,12.89,14,6,0,Normal
2024-01-15 21:50:00,USR-0217,3,21.4,7.44,14,1,0,Normal
2024-01-11 20:25:00,USR-0059,4,23.7,1.57,15,2,1,Normal
2024-01-10 11:15:00,USR-0041,6,9.6,15.84,17,7,0,Normal
2024-01-13 19:50:00,USR-0181,2,23.3,23.04,13,3,1,Normal
2024-01-24 00:10:00,USR-0232,2,20.1,24.63,11,1,0,Normal
2024-02-03 17:15:00,USR-0096,26,89.3,136.63,2,47,10,Suspicious
2024-01-30 00:10:00,USR-0216,2,26.0,18.63,9,6,0,Normal
2024-01-08 17:20:00,USR-0221,2,54.5,6.5,9,3,0,Normal
2024-01-16 02:40:00,USR-0106,8,48.8,10.53,16,5,1,Normal
2024-01-01 21:10:00,USR-0181,9,8.4,24.41,11,7,2,Normal
2024-01-21 07:35:00,USR-0076,6,28.9,44.62,10,2,0,Normal
2024-01-30 14:30:00,USR-0451,1,12.9,12.06,12,1,1,Normal
2024-01-02 12:05:00,USR-0067,3,21.2,2.22,17,4,1,Normal
2024-01-06 05:40:00,USR-0491,4,35.1,2.88,14,2,0,Normal
2024-01-16 17:40:00,USR-0280,1,35.2,1.17,12,6,1,Normal
2024-01-20 22:10:00,USR-0073,2,24.2,21.1,9,4,0,Normal
2024-01-02 14:05:00,USR-0288,1,23.4,1.46,9,6,0,Normal
2024-01-31 15:55:00,USR-0357,6,23.4,6.46,14,1,1,Normal
2024-01-08 03:25:00,USR-0285,2,6.3,3.22,10,7,1,Normal
2024-01-12 07:30:00,USR-0469,1,24.0,4.94,7,4,1,Normal
2024-01-03 19:50:00,USR-0262,3,27.3,2.21,14,1,0,Normal
2024-01-18 10:55:00,USR-0323,5,27.7,42.07,11,1,0,Normal
2024-01-01 17:30:00,USR-0217,3,27.7,20.23,8,6,1,Normal
2024-01-19 12:20:00,USR-0301,7,14.8,3.58,10,3,0,Normal
2024-01-20 15:15:00,USR-0440,4,51.4,15.5,11,5,0,Normal
2024-01-06 14:15:00,USR-0424,1,50.9,51.38,9,5,1,Normal
2024-01-23 19:05:00,USR-0257,1,18.9,6.88,16,7,1,Normal
2024-01-23 04:45:00,USR-0191,1,46.6,8.9,9,3,1,Normal
2024-02-04 00:20:00,USR-0138,28,99.0,389.73,2,41,9,Suspicious
2024-01-27 14:20:00,USR-0273,2,13.5,5.09,14,6,2,Normal
2024-01-19 11:55:00,USR-0305,5,39.4,11.72,17,7,0,Normal
2024-01-25 07:35:00,USR-0130,4,21.2,1.51,13,6,1,Normal
2024-01-17 10:45:00,USR-0086,5,29.0,30.36,14,4,0,Normal
2024-01-17 08:30:00,USR-0270,2,27.4,23.39,11,3,0,Normal
2024-01-12 16:45:00,USR-0247,5,28.6,22.67,12,6,0,Normal
2024-02-04 08:25:00,USR-0283,30,98.8,111.62,3,42,10,Suspicious
2024-01-10 08:50:00,USR-0375,2,26.1,15.17,11,1,0,Normal
2024-01-18 15:50:00,USR-0351,3,11.5,11.62,19,2,0,Normal
2024-01-11 23:20:00,USR-0019,2,10.8,10.34,15,4,1,Normal
2024-01-06 11:35:00,USR-0308,2,19.6,2.83,9,6,1,Normal
2024-01-03 10:40:00,USR-0130,5,38.3,33.11,12,4,2,Normal
2024-01-30 06:20:00,USR-0481,0,26.1,8.19,15,2,0,Normal
2024-01-17 06:40:00,USR-0116,5,39.4,12.32,15,4,1,Normal
2024-01-25 23:30:00,USR-0237,2,25.0,24.19,9,7,2,Normal
2024-01-23 23:00:00,USR-0482,4,40.6,2.83,16,3,0,Normal
2024-01-15 02:30:00,USR-0203,4,23.0,59.73,11,3,0,Normal
2024-01-02 21:00:00,USR-0492,5,29.2,3.05,11,3,0,Normal
2024-01-15 23:45:00,USR-0456,7,33.2,4.05,15,6,0,Normal
2024-01-15 07:00:00,USR-0161,5,25.4,24.32,13,7,0,Normal
2024-01-07 00:35:00,USR-0372,5,10.0,4.83,12,2,1,Normal
2024-01-05 11:15:00,USR-0144,2,60.0,15.42,15,6,0,Normal
2024-01-01 13:50:00,USR-0116,4,12.1,13.91,10,6,0,Normal
2024-01-26 07:30:00,USR-0135,0,38.3,27.88,15,7,0,Normal
2024-01-01 18:50:00,USR-0418,1,21.5,3.24,10,6,1,Normal
2024-02-02 01:55:00,USR-0122,17,97.1,711.95,3,42,6,Suspicious
2024-02-01 19:40:00,USR-0455,4,15.0,22.5,9,3,0,Normal
2024-01-23 14:55:00,USR-0250,4,7.9,8.95,14,3,1,Normal
2024-01-27 23:05:00,USR-0141,3,45.5,18.66,8,5,0,Normal
2024-02-03 05:40:00,USR-0235,26,95.3,1580.15,1,22,10,Suspicious
2024-01-02 12:35:00,USR-0406,6,30.2,37.55,9,2,1,Normal
2024-01-27 07:50:00,USR-0104,6,50.9,17.41,12,5,1,Normal
2024-01-04 22:05:00,USR-0395,6,15.2,2.15,14,3,0,Normal
2024-01-08 19:20:00,USR-0111,4,26.4,3.46,11,2,0,Normal
2024-01-07 19:20:00,USR-0082,6,30.1,3.64,12,7,0,Normal
2024-01-01 17:00:00,USR-0331,3,24.8,16.69,15,1,0,Normal
2024-01-24 06:10:00,USR-0236,5,17.6,6.88,9,1,1,Normal
2024-01-11 05:35:00,USR-0379,0,30.4,2.19,16,3,1,Normal
2024-01-01 08:25:00,USR-0137,4,12.3,6.27,7,6,1,Normal
2024-01-22 14:35:00,USR-0268,3,10.0,54.18,12,2,1,Normal
2024-01-03 07:50:00,USR-0495,4,26.3,38.75,14,6,2,Normal
2024-01-31 16:50:00,USR-0251,1,19.7,11.18,10,4,0,Normal
2024-01-06 04:00:00,USR-0126,5,31.8,14.9,12,6,0,Normal
2024-02-02 00:45:00,USR-0181,20,93.5,601.46,5,41,10,Suspicious
2024-01-06 02:40:00,USR-0030,3,36.5,13.47,18,4,0,Normal
2024-01-07 00:15:00,USR-0193,9,35.2,38.24,18,1,0,Normal
2024-01-11 11:45:00,USR-0269,1,18.7,2.72,13,5,0,Normal
2024-01-06 00:45:00,USR-0234,1,36.0,32.77,11,5,2,Normal
2024-01-11 10:55:00,USR-0393,4,31.3,48.97,10,4,0,Normal
2024-01-30 12:45:00,USR-0312,3,20.2,23.56,10,3,1,Normal
2024-01-14 15:10:00,USR-0385,3,31.1,12.13,16,7,0,Normal
2024-01-21 07:10:00,USR-0019,7,14.9,29.17,11,1,1,Normal
2024-01-26 14:15:00,USR-0115,3,30.0,52.64,10,6,2,Normal
2024-01-12 04:30:00,USR-0007,3,53.3,23.64,10,5,0,Normal
2024-01-25 07:10:00,USR-0232,1,22.8,3.09,14,3,1,Normal
2024-01-07 17:15:00,USR-0123,2,9.9,20.17,10,1,0,Normal
2024-01-31 06:00:00,USR-0069,1,21.1,3.19,10,7,0,Normal
2024-01-16 02:50:00,USR-0376,1,39.9,13.12,9,4,0,Normal
2024-01-09 06:30:00,USR-0074,0,37.1,28.09,7,1,1,Normal
2024-01-11 06:35:00,USR-0318,2,20.0,3.26,9,4,1,Normal
2024-01-06 04:55:00,USR-0221,3,35.8,1.58,17,5,0,Normal
2024-01-01 05:15:00,USR-0172,4,16.8,5.1,11,4,0,Normal
2024-01-29 09:30:00,USR-0491,4,30.3,29.92,11,5,0,Normal
2024-01-02 11:25:00,USR-0243,4,15.4,20.44,14,1,0,Normal
2024-01-17 12:00:00,USR-0212,1,7.0,22.31,10,7,0,Normal
2024-01-26 06:45:00,USR-0306,4,13.5,13.84,9,1,0,Normal
2024-02-01 03:55:00,USR-0063,4,27.3,20.85,10,7,0,Normal
2024-01-19 09:20:00,USR-0069,5,7.9,5.17,17,6,0,Normal
2024-01-06 23:55:00,USR-0003,4,26.0,25.01,15,2,0,Normal
2024-01-05 02:55:00,USR-0240,5,23.5,26.41,17,4,0,Normal
2024-01-27 00:20:00,USR-0458,2,31.4,54.75,11,4,0,Normal
2024-02-03 11:50:00,USR-0312,21,88.6,735.09,5,24,6,Suspicious
2024-01-26 19:35:00,USR-0064,0,19.3,5.3,9,3,1,Normal
2024-01-03 02:00:00,USR-0043,4,23.8,11.83,13,1,1,Normal
2024-01-30 02:50:00,USR-0320,1,41.0,23.35,8,1,0,Normal
2024-01-28 14:35:00,USR-0152,3,34.1,11.42,13,2,1,Normal
2024-01-01 15:45:00,USR-0302,3,45.9,13.38,9,4,0,Normal
2024-01-31 11:45:00,USR-0439,3,52.6,3.52,15,6,1,Normal
2024-01-13 22:30:00,USR-0374,3,40.9,28.81,12,7,0,Normal
2024-01-17 01:10:00,USR-0001,2,20.3,3.99,14,7,0,Normal
2024-02-04 12:00:00,USR-0368,17,90.4,344.89,4,26,6,Suspicious
2024-01-12 06:55:00,USR-0314,2,43.1,58.14,10,4,1,Normal
2024-01-01 14:20:00,USR-0269,1,15.3,6.71,11,3,0,Normal
2024-01-15 13:20:00,USR-0434,2,23.6,23.31,12,5,0,Normal
2024-01-26 14:30:00,USR-0125,1,10.9,26.59,11,5,0,Normal
2024-01-01 19:15:00,USR-0318,2,28.7,15.05,16,6,1,Normal
2024-01-26 22:40:00,USR-0110,1,34.8,18.28,10,1,0,Normal
2024-01-17 09:25:00,USR-0472,3,16.0,9.16,15,5,0,Normal
2024-02-01 17:20:00,USR-0008,2,23.3,8.65,11,3,0,Normal
2024-01-25 09:25:00,USR-0091,3,24.1,9.62,10,5,1,Normal
2024-02-04 12:10:00,USR-0233,27,90.0,406.21,0,36,6,Suspicious
2024-01-27 20:55:00,USR-0260,6,20.6,2.23,11,4,0,Normal
2024-01-28 01:00:00,USR-0434,3,26.4,6.95,14,5,0,Normal
2024-01-16 03:45:00,USR-0328,2,16.6,2.42,15,2,1,Normal
2024-02-02 18:40:00,USR-0137,31,86.7,120.07,0,40,7,Suspicious
2024-01-19 03:30:00,USR-0038,2,49.1,2.68,8,5,0,Normal
2024-01-04 14:35:00,USR-0032,4,28.3,39.4,13,4,1,Normal
2024-01-10 17:00:00,USR-0462,2,20.5,4.94,14,7,0,Normal
2024-01-28 16:45:00,USR-0112,3,34.8,17.63,17,5,2,Normal
2024-01-27 06:40:00,USR-0046,4,22.8,11.96,8,1,0,Normal
2024-01-02 03:00:00,USR-0035,2,24.7,4.53,9,3,0,Normal
2024-01-24 07:45:00,USR-0046,4,36.1,11.13,16,6,1,Normal
2024-01-15 09:20:00,USR-0139,2,41.3,52.4,17,2,1,Normal
2024-01-18 08:35:00,USR-0254,5,13.2,18.45,14,2,0,Normal
2024-01-24 00:25:00,USR-0322,3,24.9,18.23,12,1,0,Normal
2024-01-28 20:25:00,USR-0381,5,20.3,35.91,11,3,0,Normal
2024-01-25 12:50:00,USR-0063,4,21.6,32.3,11,3,1,Normal
2024-01-03 00:50:00,USR-0192,5,25.6,7.76,17,1,0,Normal
2024-01-20 15:45:00,USR-0237,4,29.7,8.25,18,1,0,Normal
2024-01-17 21:20:00,USR-0375,0,30.0,7.56,9,1,0,Normal
2024-02-04 09:55:00,USR-0356,18,89.6,104.83,1,41,14,Suspicious
2024-01-27 08:25:00,USR-0283,6,35.3,19.19,11,4,0,Normal
2024-02-01 16:50:00,USR-0159,2,23.8,7.72,9,7,0,Normal
2024-02-02 18:15:00,USR-0209,19,96.6,362.53,2,42,8,Suspicious
2024-01-24 21:55:00,USR-0018,4,55.8,112.1,13,4,0,Normal
2024-01-26 00:35:00,USR-0103,4,23.6,10.24,10,4,0,Normal
2024-01-25 19:30:00,USR-0105,4,21.6,3.98,15,4,1,Normal
2024-02-01 20:20:00,USR-0356,0,40.0,12.86,14,7,0,Normal
2024-01-18 02:40:00,USR-0422,6,36.3,9.58,9,2,1,Normal
2024-01-13 22:25:00,USR-0437,2,46.1,7.26,15,2,0,Normal
2024-01-17 12:55:00,USR-0163,2,32.5,14.81,10,1,0,Normal
2024-01-31 05:55:00,USR-0175,1,32.8,25.67,10,1,0,Normal
2024-02-02 15:40:00,USR-0420,13,92.4,252.51,5,27,12,Suspicious
2024-01-07 11:45:00,USR-0383,1,52.3,36.35,9,7,1,Normal
2024-01-30 23:45:00,USR-0423,1,27.9,9.07,17,6,0,Normal
2024-01-09 18:35:00,USR-0116,1,27.3,10.31,10,5,2,Normal
2024-01-25 17:35:00,USR-0309,1,13.7,27.83,14,1,0,Normal
2024-01-23 17:55:00,USR-0113,1,19.7,18.26,8,7,0,Normal
2024-01-26 04:30:00,USR-0075,2,27.6,14.14,13,5,0,Normal
2024-01-20 09:30:00,USR-0001,4,22.5,19.55,12,4,0,Normal
2024-01-14 03:05:00,USR-0407,4,49.8,22.74,11,6,1,Normal
2024-02-02 22:20:00,USR-0445,16,99.8,432.36,1,41,4,Suspicious
2024-01-27 23:25:00,USR-0181,5,33.5,7.32,18,3,0,Normal
2024-01-18 22:05:00,USR-0249,2,36.3,12.84,12,1,0,Normal
2024-01-14 20:45:00,USR-0491,2,7.1,6.27,18,3,1,Normal
2024-01-25 12:20:00,USR-0284,5,43.3,3.49,11,1,0,Normal
2024-01-23 08:05:00,USR-0203,5,32.5,10.28,9,5,2,Normal
2024-02-03 10:55:00,USR-0115,16,98.5,571.57,3,46,8,Suspicious
2024-01-31 09:10:00,USR-0088,0,43.1,4.66,10,2,0,Normal
2024-01-11 07:30:00,USR-0083,1,42.1,23.93,11,7,2,Normal
2024-01-26 23:25:00,USR-0296,5,14.1,1.92,12,5,1,Normal
2024-02-04 11:00:00,USR-0399,24,99.9,275.48,5,26,13,Suspicious
2024-01-05 06:15:00,USR-0441,5,45.8,9.88,11,7,1,Normal
2024-01-02 02:45:00,USR-0202,3,16.6,11.61,12,4,0,Normal
2024-01-15 14:30:00,USR-0047,4,25.2,8.86,16,1,2,Normal
2024-01-22 00:40:00,USR-0231,2,44.3,21.36,13,4,2,Normal
2024-01-02 13:30:00,USR-0243,3,15.5,28.0,12,1,1,Normal
2024-01-03 16:35:00,USR-0222,5,13.3,34.76,10,3,3,Normal
2024-01-11 07:15:00,USR-0155,3,16.5,51.44,10,6,1,Normal
2024-01-22 10:00:00,USR-0317,2,12.9,16.52,10,3,0,Normal
2024-01-17 11:15:00,USR-0364,5,19.4,7.15,15,1,1,Normal
2024-01-17 22:05:00,USR-0393,9,15.4,2.36,14,4,0,Normal
2024-01-07 13:55:00,USR-0129,5,11.7,12.36,11,1,0,Normal
2024-01-15 07:40:00,USR-0256,0,18.9,32.87,12,4,1,Normal
2024-01-11 21:25:00,USR-0280,1,15.9,8.4,11,1,0,Normal
2024-01-05 12:45:00,USR-0469,6,34.4,21.11,11,4,0,Normal
2024-02-02 02:55:00,USR-0223,28,86.7,113.2,2,33,8,Suspicious
2024-01-30 00:30:00,USR-0217,5,11.6,20.25,11,6,0,Normal
2024-01-21 18:20:00,USR-0407,0,17.5,27.22,19,4,0,Normal
2024-01-18 14:15:00,USR-0016,2,30.7,8.11,13,2,1,Normal
2024-01-10 14:30:00,USR-0467,6,25.4,3.34,17,1,1,Normal
2024-01-03 16:40:00,USR-0244,1,15.1,2.4,15,4,1,Normal
2024-01-23 12:05:00,USR-0495,4,31.4,0.58,16,1,1,Normal
2024-02-04 09:50:00,USR-0395,17,87.0,357.08,2,37,10,Suspicious
2024-01-03 06:25:00,USR-0098,7,21.2,29.01,13,3,1,Normal
2024-02-04 17:00:00,USR-0142,27,92.1,305.71,0,36,8,Suspicious
2024-01-07 07:00:00,USR-0222,0,37.6,11.88,19,1,0,Normal
2024-01-11 17:30:00,USR-0451,3,16.2,6.42,16,2,2,Normal
2024-01-18 18:35:00,USR-0026,3,25.0,18.57,11,3,0,Normal
2024-01-21 09:00:00,USR-0065,4,29.7,2.37,17,5,0,Normal
2024-01-01 11:10:00,USR-0412,1,16.7,27.19,10,3,0,Normal
2024-01-16 08:20:00,USR-0254,2,33.2,49.22,14,6,2,Normal
2024-01-05 11:45:00,USR-0169,1,31.0,26.61,8,1,1,Normal
2024-01-03 12:20:00,USR-0397,4,23.6,5.06,15,2,0,Normal
2024-01-03 19:20:00,USR-0192,3,15.5,8.95,10,5,0,Normal
2024-01-22 19:30:00,USR-0428,3,11.6,15.26,8,2,1,Normal
2024-01-12 16:20:00,USR-0390,2,21.8,0.85,17,1,0,Normal
2024-01-03 18:00:00,USR-0127,3,24.9,6.08,9,1,2,Normal
2024-01-24 06:50:00,USR-0413,1,42.5,4.0,7,4,1,Normal
2024-01-01 15:00:00,USR-0091,1,40.2,28.36,14,1,1,Normal
2024-01-10 08:10:00,USR-0245,2,36.3,37.06,11,1,0,Normal
2024-01-25 20:35:00,USR-0455,3,17.3,2.2,14,7,0,Normal
2024-01-09 06:45:00,USR-0300,3,15.7,9.03,19,4,1,Normal
2024-02-03 11:30:00,USR-0454,24,85.1,1026.84,5,21,9,Suspicious
2024-01-07 12:10:00,USR-0238,0,22.4,13.5,11,3,2,Normal
2024-02-01 16:20:00,USR-0087,2,45.5,14.51,14,5,1,Normal
2024-01-01 01:40:00,USR-0221,1,12.2,10.74,12,1,0,Normal
2024-01-27 20:15:00,USR-0487,3,24.4,10.17,11,4,2,Normal
2024-01-26 20:25:00,USR-0170,4,38.3,11.97,15,2,1,Normal
2024-01-16 03:35:00,USR-0330,2,25.7,8.11,10,6,2,Normal
2024-01-07 09:45:00,USR-0229,3,26.9,6.32,10,1,0,Normal
2024-01-11 03:15:00,USR-0147,2,35.1,28.0,14,7,0,Normal
2024-01-09 16:40:00,USR-0036,7,26.0,12.6,11,2,0,Normal
2024-01-28 10:00:00,USR-0138,3,40.1,12.98,13,4,1,Normal
2024-01-27 06:30:00,USR-0134,8,29.2,3.56,12,6,0,Normal
2024-01-24 09:35:00,USR-0214,7,37.3,20.96,10,1,2,Normal
2024-01-26 04:35:00,USR-0251,5,44.6,2.35,11,5,1,Normal
2024-01-25 19:25:00,USR-0327,3,24.8,4.71,10,5,0,Normal
2024-01-17 03:20:00,USR-0296,2,41.3,4.55,15,4,0,Normal
2024-01-19 00:40:00,USR-0226,0,27.7,13.02,16,1,0,Normal
2024-01-20 12:50:00,USR-0393,5,27.9,15.18,16,5,0,Normal
2024-01-07 22:05:00,USR-0464,2,21.2,6.99,12,3,0,Normal
2024-01-28 11:40:00,USR-0375,3,46.2,21.59,14,2,1,Normal
2024-01-14 18:20:00,USR-0238,3,36.3,14.04,15,7,1,Normal
2024-01-29 10:45:00,USR-0073,4,6.5,10.22,10,7,1,Normal
2024-01-01 11:50:00,USR-0282,4,12.8,8.45,10,6,0,Normal
2024-01-01 01:05:00,USR-0420,4,12.3,46.47,10,7,0,Normal
2024-01-22 18:45:00,USR-0227,0,33.6,19.23,15,3,0,Normal
2024-01-26 14:25:00,USR-0081,4,47.4,2.46,7,1,1,Normal
2024-02-03 11:15:00,USR-0203,26,97.7,155.41,3,27,4,Suspicious
2024-01-25 21:00:00,USR-0134,4,18.2,13.66,16,5,0,Normal
2024-01-20 06:45:00,USR-0348,3,18.1,4.44,16,3,2,Normal
2024-01-02 02:00:00,USR-0043,3,49.0,2.4,15,3,0,Normal
2024-01-25 22:45:00,USR-0209,2,36.1,0.62,10,4,0,Normal
2024-02-01 02:05:00,USR-0159,3,10.0,33.59,13,1,2,Normal
2024-01-22 08:30:00,USR-0136,4,18.8,7.27,7,5,0,Normal
2024-01-07 18:25:00,USR-0056,2,24.5,3.23,17,6,0,Normal
2024-01-03 09:55:00,USR-0398,2,22.1,20.82,19,2,1,Normal
2024-01-23 03:00:00,USR-0200,3,14.6,17.31,14,5,1,Normal
2024-01-11 12:15:00,USR-0388,4,21.7,7.3,10,2,0,Normal
2024-01-30 09:55:00,USR-0311,2,23.8,71.97,9,5,1,Normal
2024-01-08 05:15:00,USR-0373,5,8.3,4.9,15,6,2,Normal
2024-01-09 10:05:00,USR-0039,5,34.9,9.63,12,1,0,Normal
2024-01-14 09:45:00,USR-0421,1,11.5,12.58,13,7,0,Normal
2024-01-30 04:20:00,USR-0387,5,19.2,35.12,14,5,0,Normal
2024-01-02 06:00:00,USR-0369,2,36.5,43.63,14,2,0,Normal
2024-01-31 19:30:00,USR-0264,4,20.4,16.77,19,4,0,Normal
2024-01-02 19:15:00,USR-0323,6,38.0,22.29,14,5,1,Normal
2024-01-21 20:00:00,USR-0348,1,20.8,2.6,12,5,1,Normal
2024-02-03 05:15:00,USR-0015,18,95.4,213.56,4,38,4,Suspicious
2024-01-13 09:35:00,USR-0500,2,10.5,4.11,15,2,2,Normal
2024-01-21 19:55:00,USR-0095,1,12.4,14.67,9,6,1,Normal
2024-01-30 08:40:00,USR-0112,4,50.7,6.39,15,1,0,Normal
2024-01-26 11:20:00,USR-0469,2,33.3,44.84,10,6,0,Normal
2024-01-13 17:25:00,USR-0347,5,29.7,24.6,10,4,0,Normal
2024-01-22 18:05:00,USR-0279,3,13.4,18.05,11,5,1,Normal
2024-01-17 18:25:00,USR-0072,3,41.3,34.93,10,7,0,Normal
2024-01-21 17:55:00,USR-0325,2,13.5,17.63,10,3,0,Normal
2024-01-27 03:40:00,USR-0345,3,18.5,5.4,9,6,1,Normal
2024-01-21 03:40:00,USR-0435,4,32.4,1.11,9,2,0,Normal
2024-01-11 11:35:00,USR-0472,1,23.2,4.07,15,5,0,Normal
2024-01-27 21:10:00,USR-0090,7,13.6,6.16,9,5,0,Normal
2024-01-06 02:45:00,USR-0419,4,47.2,48.71,17,5,0,Normal
2024-01-23 14:00:00,USR-0034,4,50.8,6.74,14,2,0,Normal
2024-01-21 00:50:00,USR-0479,3,23.4,9.93,10,5,0,Normal
2024-01-28 22:50:00,USR-0110,2,24.3,3.05,10,6,0,Normal
2024-01-14 01:40:00,USR-0249,5,31.6,19.47,17,6,1,Normal
2024-01-15 00:20:00,USR-0426,3,57.5,21.84,12,1,1,Normal
2024-01-27 14:35:00,USR-0114,6,49.8,5.76,11,7,0,Normal
2024-01-23 11:40:00,USR-0270,2,16.2,4.89,10,2,0,Normal
2024-01-25 04:55:00,USR-0115,4,42.8,20.31,10,3,0,Normal
2024-01-20 09:10:00,USR-0094,2,40.2,5.07,15,2,0,Normal
2024-01-03 11:25:00,USR-0134,5,47.3,9.52,16,6,1,Normal
2024-01-31 09:05:00,USR-0184,4,9.4,15.81,10,7,1,Normal
2024-01-07 03:15:00,USR-0018,2,27.0,3.78,8,1,0,Normal
2024-01-14 07:40:00,USR-0135,5,19.3,1.61,10,6,1,Normal
2024-01-12 06:35:00,USR-0379,3,33.7,12.32,10,2,0,Normal
2024-01-23 05:45:00,USR-0224,4,17.7,29.85,12,1,1,Normal
2024-01-09 00:30:00,USR-0067,1,27.0,23.9,13,1,0,Normal
2024-01-23 03:55:00,USR-0419,2,24.0,4.71,13,5,1,Normal
2024-01-06 12:15:00,USR-0412,5,36.9,22.45,12,4,0,Normal
2024-01-16 02:20:00,USR-0221,4,32.7,17.8,9,7,1,Normal
2024-02-03 21:10:00,USR-0136,15,95.4,165.26,2,28,6,Suspicious
2024-01-11 03:40:00,USR-0396,5,15.6,40.09,13,6,1,Normal
2024-01-29 13:15:00,USR-0024,2,23.2,12.33,19,4,1,Normal
2024-01-22 05:00:00,USR-0022,2,31.0,44.52,13,7,0,Normal
2024-02-02 17:40:00,USR-0229,20,86.1,540.31,1,38,12,Suspicious
2024-01-06 08:05:00,USR-0080,3,9.1,7.38,8,7,1,Normal
2024-01-20 13:20:00,USR-0306,3,23.5,4.1,7,5,0,Normal
2024-01-08 05:25:00,USR-0179,4,22.5,11.31,10,2,0,Normal
2024-01-22 03:55:00,USR-0031,3,13.8,23.9,9,6,0,Normal
2024-02-03 07:35:00,USR-0477,25,94.0,218.55,2,33,12,Suspicious
2024-01-01 20:10:00,USR-0470,5,11.2,8.26,15,2,0,Normal
2024-01-10 19:15:00,USR-0004,6,5.7,38.6,14,2,0,Normal
2024-01-21 18:10:00,USR-0135,3,19.5,7.78,9,2,2,Normal
2024-01-25 21:10:00,USR-0047,3,25.0,19.2,8,1,0,Normal
2024-01-22 21:40:00,USR-0140,1,19.3,33.01,14,5,0,Normal
2024-01-11 20:05:00,USR-0025,1,30.4,19.42,12,6,1,Normal
2024-01-13 03:15:00,USR-0199,6,14.5,24.34,18,7,0,Normal
2024-01-03 21:05:00,USR-0049,4,24.7,1.76,11,1,0,Normal
2024-01-25 05:25:00,USR-0405,3,17.9,6.38,19,1,0,Normal
2024-01-12 23:05:00,USR-0245,1,28.4,12.46,13,1,1,Normal
2024-01-07 03:05:00,USR-0277,2,44.1,11.86,11,3,1,Normal
2024-01-20 06:00:00,USR-0291,2,58.5,7.53,11,4,0,Normal
2024-01-18 10:15:00,USR-0263,3,55.2,40.15,15,6,0,Normal
2024-01-05 18:55:00,USR-0410,4,18.9,4.24,12,4,0,Normal
2024-01-26 16:55:00,USR-0050,4,20.8,26.07,13,6,0,Normal
2024-01-23 02:25:00,USR-0322,2,33.5,9.98,14,1,0,Normal
2024-01-30 00:35:00,USR-0326,3,8.4,20.45,12,6,2,Normal
2024-02-03 17:30:00,USR-0372,24,97.7,375.83,4,24,5,Suspicious
2024-01-18 03:25:00,USR-0494,4,11.1,3.46,13,5,0,Normal
2024-01-01 16:45:00,USR-0380,5,20.9,19.49,19,7,0,Normal
2024-01-25 21:30:00,USR-0146,5,18.9,4.8,12,2,0,Normal
2024-01-02 03:20:00,USR-0059,2,41.0,37.11,12,7,0,Normal
2024-01-03 05:40:00,USR-0100,3,18.9,20.51,19,4,0,Normal
2024-01-02 23:20:00,USR-0163,3,12.0,33.19,11,2,2,Normal
2024-01-13 15:10:00,USR-0337,1,22.7,9.12,9,1,1,Normal
2024-02-03 07:25:00,USR-0091,27,89.3,541.38,5,30,5,Suspicious
2024-01-02 20:25:00,USR-0057,1,29.9,9.29,11,2,0,Normal
2024-01-28 02:00:00,USR-0090,1,20.1,9.65,15,5,0,Normal
2024-01-23 22:25:00,USR-0244,1,25.6,4.76,15,3,1,Normal
2024-01-04 00:25:00,USR-0122,0,31.5,13.3,18,1,0,Normal
2024-01-22 01:10:00,USR-0289,3,39.5,6.51,9,3,0,Normal
2024-01-05 22:25:00,USR-0152,4,14.7,68.7,15,1,0,Normal
2024-01-28 20:00:00,USR-0265,6,6.2,12.59,9,5,1,Normal
2024-01-17 14:20:00,USR-0329,1,31.4,10.59,16,1,0,Normal
2024-01-07 22:25:00,USR-0445,2,25.8,13.45,9,7,0,Normal
2024-02-02 00:00:00,USR-0453,21,99.5,256.55,2,38,7,Suspicious
2024-01-20 17:05:00,USR-0020,3,14.1,21.64,13,5,0,Normal
2024-01-23 04:00:00,USR-0357,0,8.5,13.74,11,3,0,Normal
2024-01-08 10:10:00,USR-0453,4,24.7,35.45,10,7,0,Normal
2024-01-03 06:05:00,USR-0427,5,8.4,45.97,17,3,0,Normal
2024-01-09 20:20:00,USR-0216,4,39.1,14.12,12,3,0,Normal
2024-01-13 12:30:00,USR-0163,6,17.4,9.51,15,1,0,Normal
2024-01-19 15:00:00,USR-0142,2,31.0,15.37,17,6,0,Normal
2024-01-20 13:35:00,USR-0085,4,23.2,59.15,11,3,1,Normal
2024-01-31 04:40:00,USR-0458,7,17.8,21.56,14,4,0,Normal
2024-02-02 19:25:00,USR-0500,15,89.9,553.91,4,18,6,Suspicious
2024-01-07 23:00:00,USR-0356,5,31.3,2.78,10,7,1,Normal
2024-01-21 07:15:00,USR-0050,5,12.9,6.32,15,3,0,Normal
2024-01-17 04:50:00,USR-0069,1,24.3,35.43,12,2,1,Normal
2024-02-02 06:40:00,USR-0383,15,96.6,719.89,5,41,7,Suspicious
2024-01-31 15:25:00,USR-0367,4,24.9,1.75,11,2,0,Normal
2024-01-28 15:10:00,USR-0176,3,24.0,11.42,12,6,0,Normal
2024-01-21 18:45:00,USR-0237,2,20.0,19.47,18,2,1,Normal
2024-01-08 15:15:00,USR-0105,2,12.5,10.38,9,1,1,Normal
2024-01-22 13:40:00,USR-0407,0,32.2,6.54,14,6,2,Normal
2024-01-05 04:05:00,USR-0273,2,30.2,3.3,11,7,0,Normal
2024-01-06 15:15:00,USR-0222,6,21.1,19.97,15,1,0,Normal
2024-01-18 21:35:00,USR-0186,1,10.8,5.86,9,5,0,Normal
2024-02-01 10:15:00,USR-0321,6,46.2,9.22,9,7,0,Normal
2024-01-26 17:15:00,USR-0203,6,10.0,7.2,12,6,0,Normal
2024-01-01 18:55:00,USR-0047,4,13.9,11.6,10,2,0,Normal
2024-01-29 11:50:00,USR-0279,2,23.0,5.8,12,7,0,Normal
2024-01-02 16:25:00,USR-0005,3,43.1,34.78,15,6,0,Normal
2024-01-27 09:15:00,USR-0194,3,22.8,18.26,11,1,1,Normal
2024-01-21 13:30:00,USR-0102,2,62.0,0.74,8,1,0,Normal
2024-01-29 19:55:00,USR-0451,2,15.2,4.05,16,4,1,Normal
2024-01-19 05:00:00,USR-0227,3,41.3,9.65,13,7,0,Normal
2024-01-22 08:00:00,USR-0407,0,13.6,3.1,13,4,2,Normal
2024-01-07 15:10:00,USR-0057,1,21.4,7.12,11,7,1,Normal
2024-01-10 10:40:00,USR-0041,1,33.1,10.52,14,2,0,Normal
2024-01-25 09:20:00,USR-0026,3,10.2,24.42,14,1,0,Normal
2024-01-24 20:50:00,USR-0249,5,31.3,9.76,15,1,0,Normal
2024-01-26 19:30:00,USR-0318,6,35.6,0.54,11,1,0,Normal
2024-01-20 22:05:00,USR-0476,1,18.0,2.28,14,5,0,Normal
2024-01-11 15:40:00,USR-0222,4,23.5,8.63,15,7,0,Normal
2024-02-02 04:25:00,USR-0074,17,87.0,423.76,1,16,13,Suspicious
2024-02-02 00:40:00,USR-0202,24,96.1,292.7,3,16,3,Suspicious
2024-01-08 14:45:00,USR-0250,1,53.7,1.94,12,1,0,Normal
2024-01-09 07:00:00,USR-0031,2,21.0,25.19,15,2,0,Normal
2024-01-29 08:05:00,USR-0211,2,28.8,1.82,17,6,0,Normal
2024-01-16 03:00:00,USR-0321,2,32.9,30.15,16,2,0,Normal
2024-02-02 15:45:00,USR-0139,19,86.6,227.76,0,42,10,Suspicious
2024-01-29 22:35:00,USR-0498,4,7.2,25.61,16,3,0,Normal
2024-01-20 10:35:00,USR-0248,8,36.6,33.42,19,3,1,Normal
2024-01-26 02:00:00,USR-0106,5,18.7,22.24,12,3,1,Normal
2024-01-05 10:10:00,USR-0244,2,20.4,40.79,11,6,0,Normal
2024-01-11 02:35:00,USR-0270,3,10.5,4.25,11,3,1,Normal
2024-01-04 02:25:00,USR-0477,2,11.1,41.38,14,1,0,Normal
2024-01-08 21:00:00,USR-0043,3,7.5,4.96,8,5,0,Normal
2024-01-17 00:30:00,USR-0268,3,41.0,16.25,10,5,0,Normal
2024-02-03 18:05:00,USR-0264,24,92.2,510.15,1,22,8,Suspicious
2024-01-24 03:50:00,USR-0220,4,31.9,21.97,9,1,0,Normal
2024-01-18 18:10:00,USR-0102,1,29.4,28.5,8,4,2,Normal
2024-01-08 00:55:00,USR-0110,2,21.1,40.29,8,1,2,Normal
2024-01-30 20:05:00,USR-0412,5,30.2,15.62,13,3,0,Normal
2024-01-11 06:05:00,USR-0072,0,31.5,6.23,12,4,0,Normal
2024-01-02 19:45:00,USR-0018,3,30.4,1.51,15,6,0,Normal
2024-01-30 22:15:00,USR-0402,1,18.0,28.24,15,6,1,Normal
2024-01-29 10:00:00,USR-0242,2,37.0,3.04,14,5,0,Normal
2024-01-12 23:15:00,USR-0123,2,23.4,27.47,7,4,0,Normal
2024-01-23 15:25:00,USR-0144,2,28.5,3.93,9,7,0,Normal
2024-01-26 11:35:00,USR-0024,4,26.7,6.62,9,6,1,Normal
2024-01-10 13:15:00,USR-0341,6,27.3,9.23,16,4,2,Normal
2024-02-01 18:10:00,USR-0399,1,57.0,72.99,10,5,0,Normal
2024-01-19 08:50:00,USR-0112,2,56.1,11.59,10,6,1,Normal
2024-02-04 03:50:00,USR-0361,20,96.1,132.95,0,33,4,Suspicious
2024-01-11 02:00:00,USR-0089,5,14.0,1.78,7,2,0,Normal
2024-01-14 15:40:00,USR-0147,3,55.0,5.91,9,1,2,Normal
2024-01-11 09:55:00,USR-0369,4,10.2,0.84,16,1,1,Normal
2024-01-01 09:25:00,USR-0102,4,16.2,66.33,16,1,1,Normal
2024-01-14 07:05:00,USR-0227,3,20.2,16.44,9,3,0,Normal
2024-01-30 23:25:00,USR-0095,2,16.1,6.53,9,6,0,Normal
2024-01-18 12:40:00,USR-0040,5,14.8,34.88,9,3,0,Normal
2024-01-16 22:45:00,USR-0461,4,36.2,13.94,14,4,0,Normal
2024-01-01 17:50:00,USR-0121,3,13.9,21.64,11,6,0,Normal
2024-01-01 11:45:00,USR-0184,5,27.7,5.14,12,4,1,Normal
2024-01-13 22:15:00,USR-0161,1,43.3,2.15,14,4,1,Normal
2024-01-30 01:10:00,USR-0184,3,19.4,16.79,9,6,0,Normal
2024-01-05 08:30:00,USR-0202,1,17.4,8.58,12,1,1,Normal
2024-02-03 01:40:00,USR-0102,22,96.8,156.47,3,46,11,Suspicious
2024-01-06 20:30:00,USR-0391,6,26.7,60.24,8,1,3,Normal
2024-01-18 10:45:00,USR-0025,0,8.7,8.13,18,7,1,Normal
2024-01-17 15:20:00,USR-0005,2,39.7,6.63,18,4,1,Normal
2024-02-03 03:40:00,USR-0412,22,85.0,388.94,1,19,7,Suspicious
2024-02-04 13:35:00,USR-0165,21,96.9,532.06,4,26,14,Suspicious
2024-01-21 12:25:00,USR-0093,4,50.6,17.78,11,4,0,Normal
2024-01-28 13:35:00,USR-0017,2,41.3,40.78,16,3,0,Normal
2024-01-09 20:40:00,USR-0393,2,56.3,2.59,15,1,0,Normal
2024-01-04 18:15:00,USR-0178,2,20.8,18.57,12,6,0,Normal
2024-01-28 12:50:00,USR-0008,3,36.3,2.74,8,1,1,Normal
2024-02-03 17:25:00,USR-0417,22,90.6,255.73,0,33,6,Suspicious
2024-02-03 07:40:00,USR-0098,26,98.8,245.92,1,25,10,Suspicious
2024-02-04 02:35:00,USR-0180,24,86.4,467.17,0,22,4,Suspicious
2024-01-02 10:30:00,USR-0011,4,41.7,13.32,12,5,0,Normal
2024-01-29 05:05:00,USR-0003,4,26.5,0.94,16,5,1,Normal
2024-01-11 19:15:00,USR-0159,1,8.6,1.92,11,2,2,Normal
2024-01-16 18:30:00,USR-0347,3,17.9,8.46,15,2,0,Normal
2024-01-29 16:25:00,USR-0059,0,16.8,22.28,11,4,0,Normal
2024-01-27 06:55:00,USR-0209,2,24.0,2.52,10,4,1,Normal
2024-01-06 02:30:00,USR-0412,7,27.5,4.47,17,5,1,Normal
2024-01-01 10:30:00,USR-0209,5,22.4,12.37,9,2,0,Normal
2024-01-30 18:35:00,USR-0016,7,22.7,4.37,12,5,0,Normal
2024-01-14 07:00:00,USR-0051,5,24.8,1.95,17,5,2,Normal
2024-01-26 20:45:00,USR-0238,3,10.7,23.64,13,7,1,Normal
2024-02-01 05:55:00,USR-0286,2,22.0,46.69,13,1,0,Normal
2024-01-12 22:30:00,USR-0033,3,7.6,19.39,15,4,1,Normal
2024-01-22 03:45:00,USR-0261,2,59.0,14.05,10,1,0,Normal
2024-01-07 13:20:00,USR-0086,1,10.9,6.05,17,2,0,Normal
2024-01-02 03:40:00,USR-0275,3,18.8,10.3,17,4,1,Normal
2024-01-31 08:00:00,USR-0088,2,50.6,10.64,15,1,1,Normal
2024-01-14 05:55:00,USR-0076,3,35.0,21.87,19,6,0,Normal
2024-01-10 19:30:00,USR-0474,4,33.0,30.8,13,1,0,Normal
2024-01-29 09:45:00,USR-0081,2,16.0,12.66,10,3,1,Normal
2024-01-14 21:20:00,USR-0332,4,7.1,30.18,10,1,1,Normal
2024-01-03 05:25:00,USR-0083,3,18.8,3.48,10,1,0,Normal
2024-01-08 14:35:00,USR-0037,2,12.6,4.69,12,7,0,Normal
2024-01-02 12:10:00,USR-0468,2,17.7,0.99,8,6,3,Normal
2024-01-30 09:20:00,USR-0330,2,12.8,19.67,11,2,0,Normal
2024-01-20 05:35:00,USR-0145,4,51.6,35.16,8,2,0,Normal
2024-01-20 15:05:00,USR-0052,1,23.2,18.2,10,2,1,Normal
2024-01-29 20:45:00,USR-0319,0,25.1,38.12,17,7,1,Normal
2024-01-18 22:55:00,USR-0085,5,43.1,20.9,11,1,1,Normal
2024-01-17 14:00:00,USR-0194,2,28.7,27.26,16,2,0,Normal
2024-01-12 10:00:00,USR-0206,3,36.2,3.24,8,5,2,Normal
2024-01-22 20:10:00,USR-0301,4,39.1,1.49,8,4,0,Normal
2024-01-22 22:25:00,USR-0377,2,34.3,10.2,14,3,1,Normal
2024-01-02 12:15:00,USR-0448,2,38.9,1.15,18,1,2,Normal
2024-01-27 17:25:00,USR-0145,3,48.2,1.39,10,5,1,Normal
2024-01-22 09:00:00,USR-0088,1,18.4,13.66,12,2,0,Normal
2024-01-06 08:35:00,USR-0048,4,29.9,7.72,8,4,0,Normal
2024-01-27 08:40:00,USR-0299,6,20.6,0.71,10,6,1,Normal
2024-02-03 01:25:00,USR-0273,12,94.4,137.19,5,41,6,Suspicious
2024-01-10 10:45:00,USR-0407,0,29.0,41.2,11,2,1,Normal
2024-01-01 18:20:00,USR-0224,2,37.7,31.68,10,5,1,Normal
2024-01-04 00:35:00,USR-0447,4,43.6,14.91,12,2,1,Normal
2024-01-02 18:05:00,USR-0166,3,21.0,24.88,11,1,1,Normal
2024-01-11 19:50:00,USR-0417,6,14.7,4.45,13,4,1,Normal
2024-01-14 12:55:00,USR-0461,1,23.8,33.69,12,2,1,Normal
2024-01-09 00:50:00,USR-0286,2,18.8,58.96,11,4,0,Normal
2024-01-28 01:20:00,USR-0104,1,21.3,37.69,7,7,0,Normal
2024-01-20 09:15:00,USR-0478,1,16.7,20.9,11,5,1,Normal
2024-01-12 00:35:00,USR-0182,1,43.3,1.03,16,1,0,Normal
2024-01-30 04:35:00,USR-0364,3,42.1,27.04,11,7,0,Normal
2024-01-15 12:40:00,USR-0410,3,23.1,6.29,9,7,1,Normal
2024-01-07 02:05:00,USR-0209,3,22.7,5.55,8,3,0,Normal
2024-01-01 14:40:00,USR-0404,2,14.7,12.76,10,7,0,Normal
2024-01-12 15:35:00,USR-0467,5,8.2,44.82,14,5,2,Normal
2024-01-22 18:50:00,USR-0103,1,17.5,18.76,13,6,0,Normal
2024-01-17 17:45:00,USR-0397,4,26.7,3.11,11,2,1,Normal
2024-01-23 09:25:00,USR-0307,3,23.7,18.13,15,4,0,Normal
2024-01-08 22:15:00,USR-0290,2,12.8,9.97,7,7,0,Normal
2024-01-02 10:20:00,USR-0134,2,25.9,56.11,15,5,1,Normal
2024-01-09 13:55:00,USR-0386,4,54.1,6.37,11,7,0,Normal
2024-01-14 13:35:00,USR-0234,2,39.6,5.44,15,2,1,Normal
2024-01-21 07:25:00,USR-0086,3,31.8,12.07,16,2,1,Normal
2024-01-23 23:25:00,USR-0185,1,48.8,28.4,12,5,3,Normal
2024-01-19 01:30:00,USR-0495,5,34.1,10.25,14,1,0,Normal
2024-01-15 06:00:00,USR-0052,3,26.2,7.31,16,7,0,Normal
2024-01-19 14:35:00,USR-0065,6,47.6,19.78,13,1,2,Normal
2024-01-30 19:50:00,USR-0287,3,57.9,7.67,17,6,1,Normal
2024-02-02 12:00:00,USR-0475,25,99.2,114.23,5,19,9,Suspicious
2024-01-06 20:40:00,USR-0310,2,9.5,45.43,9,5,1,Normal
2024-01-26 06:05:00,USR-0025,4,32.5,18.46,9,6,0,Normal
2024-02-02 16:35:00,USR-0447,23,88.0,300.76,4,34,10,Suspicious
2024-01-21 01:20:00,USR-0050,3,40.4,35.29,10,7,1,Normal
2024-01-12 13:30:00,USR-0117,4,9.6,1.79,11,4,0,Normal
2024-01-19 12:40:00,USR-0500,4,27.7,10.43,15,3,0,Normal
2024-01-31 22:45:00,USR-0152,5,13.3,7.55,9,4,0,Normal
2024-01-29 07:05:00,USR-0347,1,36.1,1.14,9,5,0,Normal
2024-01-31 19:25:00,USR-0081,7,21.6,1.89,12,5,0,Normal
2024-01-30 22:45:00,USR-0173,0,56.5,11.4,14,6,0,Normal
2024-02-01 08:40:00,USR-0196,4,41.3,32.74,14,1,0,Normal
2024-01-29 18:15:00,USR-0300,2,13.3,8.75,8,6,1,Normal
2024-01-22 11:05:00,USR-0303,3,12.4,9.46,11,4,2,Normal
2024-01-08 16:40:00,USR-0382,4,24.4,10.27,12,7,0,Normal
2024-01-21 04:20:00,USR-0200,1,21.8,2.91,11,4,1,Normal
2024-02-03 00:05:00,USR-0387,30,96.9,501.78,5,31,11,Suspicious
2024-01-15 10:05:00,USR-0285,1,21.1,25.45,14,2,0,Normal
2024-01-01 06:00:00,USR-0048,2,39.6,7.3,11,7,0,Normal
2024-01-12 02:40:00,USR-0166,3,12.9,7.46,12,3,1,Normal
2024-01-14 15:35:00,USR-0305,3,28.7,8.62,12,2,1,Normal
2024-01-31 01:55:00,USR-0167,3,36.9,27.52,17,1,1,Normal
2024-01-16 10:25:00,USR-0079,2,25.7,10.06,8,7,0,Normal
2024-01-16 21:40:00,USR-0192,3,40.0,10.71,7,5,0,Normal
2024-01-26 11:05:00,USR-0092,5,28.7,1.14,19,6,1,Normal
2024-01-28 15:35:00,USR-0015,3,8.9,1.41,13,6,2,Normal
2024-01-01 07:25:00,USR-0353,3,24.6,5.24,17,5,1,Normal
2024-01-05 06:35:00,USR-0128,2,12.1,1.61,14,7,0,Normal
2024-01-07 10:05:00,USR-0403,5,22.4,4.67,13,6,0,Normal
2024-01-11 05:05:00,USR-0147,5,33.5,91.81,11,3,1,Normal
2024-01-24 15:30:00,USR-0060,0,29.7,19.42,9,7,0,Normal
2024-02-03 13:25:00,USR-0170,27,91.6,270.88,3,42,6,Suspicious
2024-01-23 23:55:00,USR-0019,2,20.5,6.95,13,7,0,Normal
2024-01-09 07:20:00,USR-0075,2,57.4,8.1,17,1,0,Normal
2024-01-25 08:00:00,USR-0405,3,12.1,25.78,11,6,1,Normal
2024-01-07 08:50:00,USR-0302,4,17.7,40.0,9,2,2,Normal
2024-01-10 03:35:00,USR-0379,0,34.3,4.66,16,1,2,Normal
2024-01-13 00:10:00,USR-0174,6,16.7,17.72,9,1,1,Normal
2024-01-02 04:35:00,USR-0286,4,15.8,20.11,13,4,0,Normal
2024-01-25 15:45:00,USR-0374,2,18.9,8.4,9,6,1,Normal
2024-01-18 15:30:00,USR-0124,5,29.5,11.89,12,6,0,Normal
2024-01-24 20:55:00,USR-0400,5,42.7,3.38,12,2,0,Normal
2024-01-06 04:20:00,USR-0041,4,29.3,18.39,9,2,0,Normal
2024-01-09 11:05:00,USR-0060,4,8.5,4.58,11,5,1,Normal
2024-01-11 23:40:00,USR-0404,5,39.3,21.26,8,1,2,Normal
2024-02-04 01:15:00,USR-0138,15,98.2,159.91,2,41,5,Suspicious
2024-01-07 07:55:00,USR-0297,3,29.2,1.15,14,6,0,Normal
2024-01-27 02:30:00,USR-0454,3,10.3,7.31,14,5,2,Normal
2024-02-04 12:30:00,USR-0225,28,94.0,228.5,5,47,9,Suspicious
2024-01-19 23:05:00,USR-0101,0,23.5,12.03,16,2,0,Normal
2024-01-31 11:15:00,USR-0136,2,37.2,25.07,12,4,0,Normal
2024-01-24 21:30:00,USR-0372,8,19.9,10.15,11,1,0,Normal
2024-01-18 22:45:00,USR-0421,2,10.7,20.7,14,6,0,Normal
2024-01-29 20:30:00,USR-0479,4,36.4,8.41,16,5,0,Normal
2024-02-04 15:15:00,USR-0148,18,98.0,693.91,0,29,4,Suspicious
2024-01-14 05:25:00,USR-0475,6,19.3,3.74,10,7,0,Normal
2024-01-13 18:45:00,USR-0374,5,37.9,19.83,15,3,1,Normal
2024-01-16 02:55:00,USR-0277,1,41.2,22.5,13,5,2,Normal
2024-01-27 06:10:00,USR-0316,2,34.3,4.54,9,1,1,Normal
2024-01-30 08:00:00,USR-0137,6,20.6,19.3,12,2,1,Normal
2024-01-12 08:10:00,USR-0418,3,38.5,13.67,16,3,0,Normal
2024-01-06 22:45:00,USR-0153,4,26.1,19.97,13,3,1,Normal
2024-01-26 18:45:00,USR-0267,3,15.9,10.59,13,3,0,Normal
2024-01-22 11:35:00,USR-0228,1,16.8,14.73,11,2,0,Normal
2024-01-21 14:00:00,USR-0210,4,20.9,19.44,14,2,2,Normal
2024-01-14 23:00:00,USR-0187,1,40.4,5.4,17,3,0,Normal
2024-01-08 02:05:00,USR-0186,5,22.4,13.68,18,4,0,Normal
2024-01-29 23:45:00,USR-0326,1,24.8,24.14,19,7,0,Normal
2024-02-03 06:35:00,USR-0202,27,85.4,647.31,4,26,5,Suspicious
2024-01-16 16:30:00,USR-0048,1,10.1,2.69,15,6,0,Normal
2024-01-25 21:55:00,USR-0255,2,27.5,13.79,17,7,0,Normal
2024-01-30 00:15:00,USR-0367,2,24.2,7.16,13,1,0,Normal
2024-01-05 22:50:00,USR-0115,4,12.8,26.97,8,4,0,Normal
2024-01-25 06:25:00,USR-0143,1,9.5,1.27,10,7,0,Normal
2024-02-01 01:10:00,USR-0407,4,51.1,22.4,13,1,0,Normal
2024-01-07 23:50:00,USR-0175,2,48.4,9.58,17,6,0,Normal
2024-01-08 14:20:00,USR-0465,3,13.2,4.44,14,4,0,Normal
2024-01-06 05:20:00,USR-0333,3,24.9,3.69,10,2,1,Normal
2024-01-09 08:40:00,USR-0090,2,36.2,4.96,13,1,0,Normal
2024-01-10 04:10:00,USR-0340,1,51.6,16.2,14,6,0,Normal
2024-01-18 21:00:00,USR-0393,2,15.9,0.84,10,4,0,Normal
2024-01-02 04:30:00,USR-0274,2,24.5,11.19,10,1,1,Normal
2024-01-31 03:35:00,USR-0248,6,14.0,20.98,19,4,0,Normal
2024-01-05 18:35:00,USR-0424,0,17.6,8.97,17,4,1,Normal
2024-01-28 20:45:00,USR-0251,4,22.3,7.73,11,1,0,Normal
2024-01-04 21:35:00,USR-0438,6,29.1,23.62,10,4,0,Normal
2024-01-30 15:30:00,USR-0378,5,45.7,1.52,11,3,0,Normal
2024-01-15 10:25:00,USR-0123,1,20.9,8.35,16,3,0,Normal
2024-01-11 05:00:00,USR-0319,2,37.3,7.67,9,3,0,Normal
2024-01-20 21:45:00,USR-0301,4,19.9,12.21,8,1,0,Normal
2024-01-19 17:25:00,USR-0177,5,59.2,4.48,10,1,3,Normal
2024-02-04 06:05:00,USR-0327,18,85.3,1281.8,1,48,10,Suspicious
2024-01-31 00:40:00,USR-0122,0,30.1,4.78,13,7,2,Normal
2024-01-01 20:50:00,USR-0157,4,46.9,1.3,11,2,1,Normal
2024-01-05 15:00:00,USR-0326,7,55.0,15.74,14,1,0,Normal
2024-01-24 21:20:00,USR-0285,2,34.3,44.23,15,4,0,Normal
2024-01-17 07:30:00,USR-0042,1,43.1,20.32,17,1,0,Normal
2024-01-18 22:10:00,USR-0235,2,17.3,9.91,14,5,0,Normal
2024-01-16 06:05:00,USR-0150,6,20.6,7.97,13,5,0,Normal
2024-01-20 00:35:00,USR-0215,5,25.1,3.85,15,1,0,Normal
2024-01-03 01:00:00,USR-0215,3,18.8,12.51,17,5,1,Normal
2024-02-01 23:40:00,USR-0419,19,99.5,255.21,4,28,9,Suspicious
2024-01-29 02:25:00,USR-0332,3,31.8,21.94,15,5,1,Normal
2024-02-02 06:10:00,USR-0384,29,90.5,1352.66,0,45,9,Suspicious
2024-01-16 16:50:00,USR-0065,3,29.0,9.52,9,2,0,Normal
2024-01-30 07:30:00,USR-0021,6,17.5,10.76,17,5,0,Normal
2024-01-03 22:35:00,USR-0315,4,37.6,14.66,10,4,0,Normal
2024-01-14 11:00:00,USR-0391,2,44.3,10.97,11,3,0,Normal
2024-01-11 04:30:00,USR-0044,2,43.7,40.96,10,3,0,Normal
2024-02-01 18:50:00,USR-0109,3,6.4,1.38,17,3,1,Normal
2024-01-06 05:30:00,USR-0110,2,34.5,12.53,17,4,0,Normal
2024-02-02 17:10:00,USR-0334,18,87.2,102.47,5,23,5,Suspicious
2024-01-23 02:20:00,USR-0343,2,22.9,7.93,12,7,0,Normal
2024-01-31 01:25:00,USR-0379,6,30.0,28.15,12,3,0,Normal
2024-01-07 05:45:00,USR-0462,3,39.0,5.02,12,5,0,Normal
2024-01-22 06:30:00,USR-0339,4,22.3,89.63,19,1,0,Normal
2024-01-20 11:25:00,USR-0394,4,26.5,8.83,11,2,1,Normal
2024-01-30 15:20:00,USR-0252,3,8.0,24.75,15,2,0,Normal
2024-01-14 10:25:00,USR-0167,2,20.0,10.62,11,6,1,Normal
2024-01-23 20:50:00,USR-0075,3,25.6,1.26,10,5,0,Normal
2024-01-04 10:50:00,USR-0108,5,30.3,27.12,11,5,0,Normal
2024-01-31 00:35:00,USR-0373,1,16.6,12.18,11,7,1,Normal
2024-02-04 08:50:00,USR-0118,12,100.0,194.69,3,27,3,Suspicious
2024-02-04 08:15:00,USR-0352,26,91.5,607.21,4,49,9,Suspicious
2024-01-29 07:25:00,USR-0111,2,31.7,3.59,11,5,0,Normal
2024-01-12 16:25:00,USR-0284,4,15.0,3.4,18,2,0,Normal
2024-01-15 22:35:00,USR-0362,5,14.1,9.09,8,6,3,Normal
2024-01-21 00:20:00,USR-0414,8,11.5,2.97,14,4,0,Normal
2024-01-20 23:20:00,USR-0314,4,25.1,29.63,12,7,1,Normal
2024-01-08 19:10:00,USR-0064,3,18.8,1.02,10,3,1,Normal
2024-01-02 05:35:00,USR-0450,3,25.5,2.07,14,6,1,Normal
2024-01-12 17:00:00,USR-0075,5,19.5,21.92,11,2,0,Normal
2024-01-06 22:15:00,USR-0224,2,14.1,14.48,10,3,0,Normal
2024-01-11 18:40:00,USR-0184,2,29.8,34.56,14,6,0,Normal
2024-01-23 17:45:00,USR-0168,1,27.9,50.2,15,3,0,Normal
2024-01-23 12:25:00,USR-0242,4,5.4,3.16,15,7,2,Normal
2024-01-25 18:25:00,USR-0357,1,13.1,14.46,15,2,0,Normal
2024-01-24 00:45:00,USR-0364,4,19.3,4.71,16,2,0,Normal
2024-01-27 10:45:00,USR-0487,2,21.7,20.4,16,5,0,Normal
2024-01-04 05:55:00,USR-0374,0,33.4,4.63,14,6,0,Normal
2024-01-15 09:50:00,USR-0179,1,15.3,3.2,12,1,0,Normal
2024-01-05 10:30:00,USR-0129,1,40.7,11.19,12,6,0,Normal
2024-01-15 11:45:00,USR-0021,7,18.8,6.35,8,6,0,Normal
2024-01-31 20:50:00,USR-0308,2,30.5,7.88,10,1,1,Normal
2024-02-04 06:15:00,USR-0201,16,86.8,535.83,4,23,8,Suspicious
2024-01-08 23:30:00,USR-0448,2,59.9,2.57,10,4,0,Normal
2024-01-27 01:15:00,USR-0129,2,20.1,6.09,16,7,0,Normal
2024-01-20 14:45:00,USR-0472,3,67.3,19.91,15,5,2,Normal
2024-02-01 23:10:00,USR-0221,27,93.1,348.38,0,28,7,Suspicious
2024-01-26 07:45:00,USR-0179,3,7.6,8.92,11,3,0,Normal
2024-01-05 09:10:00,USR-0482,2,25.0,38.86,16,7,0,Normal
2024-01-17 05:25:00,USR-0203,4,28.3,56.13,11,1,2,Normal
2024-01-19 11:35:00,USR-0247,5,22.6,30.51,19,4,0,Normal
2024-01-28 23:35:00,USR-0350,2,43.3,17.25,11,5,0,Normal
2024-02-01 13:45:00,USR-0496,3,34.9,35.18,10,4,0,Normal
2024-01-31 18:35:00,USR-0137,1,38.6,32.16,10,4,0,Normal
2024-01-12 11:00:00,USR-0116,6,15.6,4.44,12,7,0,Normal
2024-01-12 09:00:00,USR-0468,4,25.6,2.78,12,4,0,Normal
2024-01-21 19:05:00,USR-0378,6,25.9,11.07,10,3,0,Normal
2024-01-30 15:50:00,USR-0347,2,36.1,27.02,11,6,0,Normal
2024-01-05 20:25:00,USR-0241,2,18.4,8.58,11,6,0,Normal
2024-01-14 08:00:00,USR-0018,5,26.0,4.33,16,5,0,Normal
2024-01-27 01:50:00,USR-0201,1,36.0,29.61,9,4,1,Normal
2024-01-22 04:20:00,USR-0422,3,8.9,1.71,17,1,0,Normal
2024-01-05 19:05:00,USR-0145,1,8.1,12.89,11,6,0,Normal
2024-01-06 09:25:00,USR-0308,0,18.6,4.54,14,1,0,Normal
2024-01-05 15:45:00,USR-0350,5,61.0,8.89,15,6,0,Normal
2024-01-08 20:20:00,USR-0328,0,29.5,48.24,12,1,0,Normal
2024-02-04 05:25:00,USR-0388,17,98.2,484.23,4,39,6,Suspicious
2024-02-01 00:50:00,USR-0039,6,40.8,7.39,7,1,0,Normal
2024-02-03 21:15:00,USR-0014,22,92.7,248.65,5,20,8,Suspicious
2024-01-28 06:10:00,USR-0451,3,23.5,35.46,19,4,0,Normal
2024-01-02 10:15:00,USR-0455,1,15.1,16.26,13,6,0,Normal
2024-01-13 19:25:00,USR-0375,4,44.6,4.0,7,1,0,Normal
2024-02-03 02:10:00,USR-0162,23,91.4,699.56,5,24,10,Suspicious
2024-01-06 15:00:00,USR-0135,5,24.1,17.94,19,6,1,Normal
2024-01-01 13:40:00,USR-0500,4,12.4,19.3,14,6,0,Normal
2024-01-11 01:00:00,USR-0139,4,20.7,21.95,13,5,1,Normal
2024-01-28 16:50:00,USR-0217,0,23.0,15.04,10,5,0,Normal
2024-01-05 04:40:00,USR-0253,6,30.6,7.62,17,4,0,Normal
2024-01-22 05:25:00,USR-0383,0,36.0,12.93,19,5,1,Normal
2024-01-24 22:35:00,USR-0327,6,11.4,65.43,14,4,0,Normal
2024-01-09 14:15:00,USR-0349,4,12.0,6.23,13,2,0,Normal
2024-02-02 21:05:00,USR-0026,22,98.7,110.08,2,33,12,Suspicious
2024-01-09 19:20:00,USR-0495,7,13.7,5.1,13,4,0,Normal
2024-01-02 15:40:00,USR-0365,3,20.2,5.66,12,3,0,Normal
2024-01-05 13:00:00,USR-0116,4,20.4,42.76,13,1,0,Normal
2024-01-14 02:55:00,USR-0421,2,32.8,73.24,12,3,1,Normal
2024-01-07 03:25:00,USR-0077,2,11.8,29.3,14,4,0,Normal
2024-01-17 13:40:00,USR-0367,3,31.7,17.19,10,1,0,Normal
2024-01-06 04:35:00,USR-0142,5,32.9,15.65,15,3,0,Normal
2024-02-01 21:30:00,USR-0284,3,6.7,12.45,17,7,0,Normal
2024-01-28 19:45:00,USR-0076,2,6.4,5.66,12,1,0,Normal
2024-01-13 08:10:00,USR-0112,4,13.4,19.87,19,6,1,Normal
2024-01-19 18:45:00,USR-0209,5,31.3,35.04,15,4,0,Normal
2024-01-09 02:35:00,USR-0350,2,22.4,8.28,17,2,0,Normal
2024-01-06 06:10:00,USR-0219,3,41.4,5.54,12,4,0,Normal
2024-01-19 20:20:00,USR-0097,3,21.5,65.95,14,7,0,Normal
2024-02-04 00:15:00,USR-0450,13,88.6,683.89,0,35,11,Suspicious
2024-02-02 18:00:00,USR-0439,28,86.3,303.06,3,28,10,Suspicious
2024-02-01 11:45:00,USR-0423,6,10.2,26.85,9,1,1,Normal
2024-01-01 21:40:00,USR-0209,2,25.6,9.56,14,1,0,Normal
2024-01-04 16:45:00,USR-0036,6,41.8,20.68,13,1,0,Normal
2024-01-30 02:35:00,USR-0497,5,25.5,6.8,13,4,1,Normal
2024-01-16 07:05:00,USR-0414,6,28.9,10.65,18,6,0,Normal
2024-01-12 02:45:00,USR-0190,4,41.7,7.08,12,4,0,Normal
2024-01-17 15:35:00,USR-0287,1,51.9,28.63,15,1,1,Normal
2024-01-06 12:55:00,USR-0437,2,32.1,3.83,13,1,0,Normal
2024-01-02 07:20:00,USR-0224,5,21.3,0.75,9,5,0,Normal
2024-02-01 18:25:00,USR-0374,4,56.9,4.3,10,1,0,Normal
2024-02-01 09:00:00,USR-0207,3,31.4,20.41,15,2,0,Normal
2024-01-16 04:05:00,USR-0477,1,15.8,3.37,10,7,0,Normal
2024-01-08 15:00:00,USR-0291,4,30.0,11.54,11,2,2,Normal
2024-01-26 21:00:00,USR-0477,4,22.6,29.18,11,2,0,Normal
2024-01-16 22:15:00,USR-0332,2,37.8,11.45,11,5,0,Normal
2024-01-30 20:55:00,USR-0128,4,32.7,12.71,12,2,1,Normal
2024-01-29 16:40:00,USR-0277,2,16.5,5.36,9,6,0,Normal
2024-01-22 20:40:00,USR-0076,5,7.0,6.44,8,5,2,Normal
2024-01-04 12:40:00,USR-0209,1,14.2,42.99,17,3,0,Normal
2024-02-04 05:00:00,USR-0197,23,91.2,101.82,1,20,7,Suspicious
2024-02-01 04:15:00,USR-0244,3,22.2,14.32,11,7,0,Normal
2024-01-10 09:10:00,USR-0043,1,27.5,21.35,9,6,1,Normal
2024-02-02 11:45:00,USR-0435,32,85.6,652.59,4,43,8,Suspicious
2024-01-26 15:05:00,USR-0031,1,25.0,8.17,10,3,0,Normal
2024-01-12 09:50:00,USR-0061,4,15.3,14.1,10,2,0,Normal
2024-01-30 09:35:00,USR-0354,4,42.6,14.19,11,2,0,Normal
2024-01-10 08:35:00,USR-0434,2,26.5,10.97,9,5,1,Normal
2024-01-31 16:35:00,USR-0153,3,17.4,2.36,11,7,0,Normal
2024-01-30 13:20:00,USR-0500,0,24.4,7.44,9,4,2,Normal
2024-02-04 16:15:00,USR-0360,18,98.1,109.85,3,31,7,Suspicious
2024-01-25 04:30:00,USR-0445,4,30.5,1.66,16,5,1,Normal
2024-01-01 09:15:00,USR-0110,0,45.7,6.17,17,4,0,Normal
2024-01-07 18:05:00,USR-0069,3,20.1,61.53,16,7,0,Normal
2024-01-06 14:10:00,USR-0414,1,10.9,5.29,9,1,0,Normal
2024-01-05 18:40:00,USR-0254,1,26.7,4.24,16,6,0,Normal
2024-01-18 13:50:00,USR-0060,3,26.8,3.54,17,6,2,Normal
2024-01-14 21:10:00,USR-0306,2,31.3,3.13,10,7,1,Normal
2024-01-17 14:25:00,USR-0054,2,40.8,8.48,12,5,0,Normal
2024-01-04 05:20:00,USR-0253,3,32.2,37.99,9,5,1,Normal
2024-01-05 19:55:00,USR-0103,3,18.0,44.68,16,2,0,Normal
2024-02-04 16:30:00,USR-0065,20,87.8,552.05,5,18,7,Suspicious
2024-01-13 06:05:00,USR-0030,6,22.9,21.54,11,3,0,Normal
2024-01-31 13:50:00,USR-0277,1,43.1,15.57,10,1,1,Normal
2024-01-23 11:50:00,USR-0085,3,44.5,6.89,19,2,1,Normal
2024-01-18 11:30:00,USR-0088,2,28.1,28.53,19,6,0,Normal
2024-01-09 09:50:00,USR-0488,4,27.4,3.83,11,3,1,Normal
2024-01-19 14:55:00,USR-0079,4,34.4,9.43,10,1,2,Normal
2024-01-25 14:20:00,USR-0194,4,21.7,4.33,9,1,2,Normal
2024-02-03 19:25:00,USR-0417,23,98.0,172.63,0,33,4,Suspicious
2024-01-03 16:50:00,USR-0049,5,18.9,18.21,15,2,1,Normal
2024-01-31 23:40:00,USR-0350,2,49.4,14.29,9,6,1,Normal
2024-01-03 16:15:00,USR-0419,2,20.2,24.21,11,5,1,Normal
2024-01-10 08:15:00,USR-0231,2,40.6,20.67,13,6,0,Normal
2024-01-25 21:20:00,USR-0114,1,35.5,4.24,13,5,0,Normal
2024-01-19 09:35:00,USR-0344,1,15.5,12.26,10,7,0,Normal
2024-01-20 05:45:00,USR-0367,2,7.3,5.79,11,7,0,Normal
2024-01-30 07:45:00,USR-0436,1,41.4,16.02,8,1,0,Normal
2024-01-25 18:20:00,USR-0383,4,45.6,8.49,7,2,0,Normal
2024-01-14 19:30:00,USR-0058,4,34.0,12.4,15,5,0,Normal
2024-01-28 05:40:00,USR-0328,6,45.7,17.18,17,2,0,Normal
2024-01-18 18:50:00,USR-0329,5,32.0,11.11,14,5,0,Normal
2024-01-12 17:05:00,USR-0029,4,35.1,3.5,7,2,0,Normal
2024-01-19 14:00:00,USR-0094,2,32.9,28.88,11,7,0,Normal
2024-01-20 08:00:00,USR-0331,4,32.6,27.68,13,3,1,Normal
2024-01-24 02:20:00,USR-0091,9,11.8,15.54,11,6,0,Normal
2024-01-13 12:40:00,USR-0487,5,30.0,32.75,9,3,0,Normal
2024-01-17 01:45:00,USR-0393,1,11.4,4.66,17,4,0,Normal
2024-01-31 17:25:00,USR-0239,5,31.5,3.22,7,2,1,Normal
2024-01-29 06:35:00,USR-0497,3,14.7,2.31,13,3,0,Normal
2024-01-24 04:35:00,USR-0049,4,8.7,24.1,15,1,0,Normal
2024-02-02 19:00:00,USR-0486,23,94.8,529.75,2,26,11,Suspicious
2024-01-08 10:45:00,USR-0413,8,19.5,4.81,10,1,2,Normal
2024-01-15 20:45:00,USR-0287,5,38.2,34.15,12,5,0,Normal
2024-01-18 04:20:00,USR-0320,5,46.1,1.25,10,1,0,Normal
2024-01-21 05:25:00,USR-0489,3,26.1,3.92,12,1,0,Normal
2024-01-22 06:35:00,USR-0187,1,22.1,7.43,8,1,1,Normal
2024-01-16 05:05:00,USR-0175,1,21.8,35.11,9,2,0,Normal
2024-02-03 14:45:00,USR-0488,18,92.1,158.0,5,28,11,Suspicious
2024-01-15 19:25:00,USR-0105,1,13.9,13.22,10,7,3,Normal
2024-01-26 13:05:00,USR-0471,5,26.9,1.12,13,2,0,Normal
2024-01-19 22:50:00,USR-0238,7,33.5,30.79,8,4,1,Normal
2024-01-04 14:25:00,USR-0104,6,12.1,5.67,15,2,0,Normal
2024-01-15 10:35:00,USR-0125,3,16.5,4.67,15,5,0,Normal
2024-01-10 12:50:00,USR-0332,3,60.3,2.26,12,7,1,Normal
2024-02-04 09:00:00,USR-0012,20,95.3,613.75,5,27,8,Suspicious
2024-01-08 00:30:00,USR-0039,3,20.8,41.22,12,1,1,Normal
2024-02-02 08:35:00,USR-0240,19,85.1,693.55,3,28,6,Suspicious
2024-02-03 20:00:00,USR-0433,26,92.3,130.34,4,16,4,Suspicious
2024-01-31 06:40:00,USR-0119,3,20.0,6.23,12,3,1,Normal
2024-01-26 15:20:00,USR-0120,4,63.2,1.15,18,4,1,Normal
2024-01-24 02:35:00,USR-0415,1,27.1,1.91,7,4,0,Normal
2024-01-17 17:35:00,USR-0109,6,48.8,15.42,13,6,0,Normal
2024-01-08 21:45:00,USR-0447,3,10.3,22.7,11,3,0,Normal
2024-01-02 12:45:00,USR-0367,3,28.2,4.68,10,7,1,Normal
2024-01-28 06:05:00,USR-0425,2,38.8,16.22,9,5,0,Normal
2024-01-12 23:40:00,USR-0076,5,13.6,6.54,10,3,0,Normal
2024-01-22 00:45:00,USR-0005,7,23.0,16.82,11,2,0,Normal
2024-01-26 18:35:00,USR-0080,1,34.1,9.53,8,6,0,Normal
2024-01-18 05:20:00,USR-0348,3,30.4,8.66,17,6,1,Normal
2024-02-02 08:20:00,USR-0494,15,98.6,1138.7,5,36,8,Suspicious
2024-01-05 23:50:00,USR-0325,1,29.3,6.5,15,7,1,Normal
2024-01-14 13:10:00,USR-0344,3,35.5,9.53,13,1,0,Normal
2024-01-21 02:40:00,USR-0368,2,35.4,24.09,13,4,1,Normal
2024-01-04 15:20:00,USR-0431,6,37.6,5.25,11,4,0,Normal
2024-01-30 19:10:00,USR-0198,6,40.6,4.63,13,3,1,Normal
2024-01-14 13:40:00,USR-0259,3,22.9,28.79,14,1,0,Normal
2024-02-02 00:55:00,USR-0173,16,93.7,106.74,1,34,10,Suspicious
2024-01-11 22:45:00,USR-0447,2,28.9,1.79,12,1,0,Normal
2024-01-04 06:30:00,USR-0241,2,28.8,7.16,8,7,0,Normal
2024-01-31 16:05:00,USR-0373,2,14.2,63.29,10,1,1,Normal
2024-02-01 21:05:00,USR-0328,5,19.8,2.39,8,5,0,Normal
2024-01-18 05:05:00,USR-0376,6,22.8,3.51,11,7,1,Normal
2024-01-20 19:40:00,USR-0092,3,29.0,29.46,9,1,1,Normal
2024-01-19 00:45:00,USR-0281,2,28.7,11.64,18,3,1,Normal
2024-01-29 22:30:00,USR-0190,3,30.4,89.47,9,3,0,Normal
2024-01-16 02:10:00,USR-0120,5,41.9,9.17,17,4,1,Normal
2024-01-11 04:15:00,USR-0396,5,23.5,26.06,9,3,0,Normal
2024-01-09 08:20:00,USR-0436,2,34.7,6.26,9,6,0,Normal
2024-01-31 02:15:00,USR-0407,8,18.0,8.19,16,1,0,Normal
2024-01-22 08:40:00,USR-0279,4,14.2,32.47,10,3,0,Normal
2024-01-25 17:55:00,USR-0090,4,38.8,15.06,15,2,0,Normal
2024-01-02 21:30:00,USR-0170,1,16.7,10.95,16,5,0,Normal
2024-01-20 13:50:00,USR-0409,2,38.9,1.67,15,1,0,Normal
2024-01-13 01:30:00,USR-0378,5,41.7,6.2,10,1,0,Normal
2024-02-03 01:50:00,USR-0218,11,87.9,1164.22,1,32,8,Suspicious
2024-01-11 14:55:00,USR-0488,0,27.4,9.21,10,6,0,Normal
2024-01-03 12:05:00,USR-0252,2,13.9,6.42,9,1,0,Normal
2024-01-23 09:50:00,USR-0316,4,36.1,2.53,8,7,2,Normal
2024-02-02 12:55:00,USR-0332,16,88.5,116.31,0,37,5,Suspicious
2024-02-01 02:00:00,USR-0484,5,37.4,2.35,15,2,0,Normal
2024-01-02 01:35:00,USR-0349,0,30.7,12.58,13,5,1,Normal
2024-01-02 11:15:00,USR-0189,6,18.8,47.43,11,4,1,Normal
2024-01-05 14:15:00,USR-0193,6,27.7,13.26,14,3,0,Normal
2024-01-06 07:35:00,USR-0460,2,42.8,19.98,10,7,3,Normal
2024-01-20 00:50:00,USR-0423,3,39.3,5.3,9,3,2,Normal
2024-01-17 18:10:00,USR-0276,3,23.5,5.01,11,7,1,Normal
2024-01-26 21:45:00,USR-0139,1,31.1,32.05,9,4,0,Normal
2024-01-31 20:40:00,USR-0212,3,21.5,14.08,16,7,0,Normal
2024-01-06 13:25:00,USR-0276,0,10.3,29.91,8,6,0,Normal
2024-02-02 00:30:00,USR-0450,20,98.6,150.28,3,47,10,Suspicious
2024-01-14 19:15:00,USR-0022,0,14.0,46.13,7,4,0,Normal
2024-01-03 07:20:00,USR-0247,5,25.5,3.58,11,1,0,Normal
2024-01-28 11:30:00,USR-0022,3,32.6,51.35,14,1,0,Normal
2024-01-16 08:45:00,USR-0494,6,20.7,9.27,11,6,0,Normal
2024-01-01 17:40:00,USR-0291,3,41.5,19.91,14,5,1,Normal
2024-01-24 08:55:00,USR-0330,2,24.6,24.65,9,5,1,Normal
2024-01-20 12:15:00,USR-0216,5,17.0,25.78,17,7,0,Normal
2024-01-25 00:20:00,USR-0378,3,45.7,17.29,11,7,0,Normal
2024-01-06 00:35:00,USR-0213,1,30.7,5.53,17,3,1,Normal
2024-01-31 03:45:00,USR-0088,6,14.7,6.49,8,5,0,Normal
2024-01-04 03:10:00,USR-0387,1,18.3,39.85,7,1,0,Normal
2024-01-29 09:05:00,USR-0456,8,22.2,46.1,9,2,0,Normal
2024-01-08 21:05:00,USR-0069,2,56.7,2.24,16,1,1,Normal
2024-01-29 20:40:00,USR-0152,1,11.0,6.71,9,4,1,Normal
2024-02-04 06:30:00,USR-0240,18,94.4,248.29,1,25,10,Suspicious
2024-01-06 18:30:00,USR-0016,4,24.3,5.5,9,1,1,Normal
2024-01-05 07:00:00,USR-0162,3,22.4,12.21,16,1,0,Normal
2024-01-26 23:50:00,USR-0131,1,31.6,20.11,15,6,0,Normal
2024-01-11 04:55:00,USR-0211,6,6.3,9.18,15,6,1,Normal
2024-01-31 02:35:00,USR-0284,2,18.4,10.19,8,3,0,Normal
2024-01-17 17:10:00,USR-0434,3,21.1,10.1,11,6,0,Normal
2024-01-15 03:10:00,USR-0461,3,21.5,18.26,8,6,1,Normal
2024-01-15 02:45:00,USR-0308,0,21.1,24.08,8,6,0,Normal
2024-01-17 19:30:00,USR-0315,4,34.2,7.05,12,4,1,Normal
2024-01-29 06:10:00,USR-0146,5,17.5,17.39,8,3,0,Normal
2024-01-15 04:20:00,USR-0367,2,45.3,6.49,8,6,0,Normal
2024-01-18 14:05:00,USR-0275,3,27.7,42.2,13,4,0,Normal
2024-01-10 13:45:00,USR-0208,3,14.1,6.0,12,1,0,Normal
2024-01-31 09:25:00,USR-0252,4,26.0,22.6,13,2,0,Normal
2024-01-18 04:15:00,USR-0484,4,37.8,9.44,11,6,1,Normal
2024-01-03 06:45:00,USR-0185,3,17.3,2.61,11,5,0,Normal
2024-01-10 15:05:00,USR-0412,3,12.5,27.69,11,4,0,Normal
2024-01-20 08:20:00,USR-0416,4,19.9,23.59,18,1,1,Normal
2024-01-13 15:05:00,USR-0278,3,35.9,2.01,9,6,2,Normal
2024-01-11 09:25:00,USR-0022,4,23.3,21.69,11,3,0,Normal
2024-01-07 21:55:00,USR-0292,4,22.4,0.68,13,2,1,Normal
2024-01-20 00:55:00,USR-0301,2,54.9,18.16,13,1,1,Normal
2024-01-15 15:30:00,USR-0037,3,55.8,38.99,17,4,0,Normal
2024-01-16 13:35:00,USR-0353,3,51.4,2.27,18,3,0,Normal
2024-02-04 11:50:00,USR-0045,19,85.1,414.99,5,22,12,Suspicious
2024-01-04 19:25:00,USR-0289,0,33.7,1.26,10,4,1,Normal
2024-01-17 21:15:00,USR-0290,5,30.9,5.04,13,2,0,Normal
2024-01-14 02:45:00,USR-0042,3,36.6,13.38,12,3,0,Normal
2024-02-01 20:30:00,USR-0059,6,13.7,35.16,10,1,0,Normal
2024-01-19 08:10:00,USR-0456,2,27.2,4.69,14,2,0,Normal
2024-01-17 23:35:00,USR-0335,4,18.5,11.26,9,2,1,Normal
2024-01-08 13:50:00,USR-0004,5,17.1,3.12,10,1,1,Normal
2024-01-17 17:15:00,USR-0395,3,10.0,8.62,10,4,0,Normal
2024-01-25 17:00:00,USR-0235,0,13.6,12.56,11,1,0,Normal
2024-01-17 15:40:00,USR-0414,0,9.5,1.8,15,5,0,Normal
2024-01-23 17:20:00,USR-0309,2,42.6,1.52,11,3,0,Normal
2024-01-21 03:35:00,USR-0386,3,14.3,5.21,9,2,1,Normal
2024-01-04 12:50:00,USR-0222,0,16.0,9.6,9,2,0,Normal
2024-01-19 22:20:00,USR-0229,4,15.8,4.51,11,5,0,Normal
2024-01-07 04:55:00,USR-0203,3,29.0,14.94,12,4,0,Normal
2024-01-01 05:25:00,USR-0014,3,41.7,19.27,10,6,0,Normal
2024-02-02 05:10:00,USR-0279,16,86.7,218.44,3,22,9,Suspicious
2024-01-02 11:00:00,USR-0077,3,55.6,42.93,12,4,0,Normal
2024-01-06 23:25:00,USR-0177,3,13.8,14.91,12,1,2,Normal
2024-01-23 09:10:00,USR-0161,2,27.8,17.89,9,2,0,Normal
2024-01-17 03:45:00,USR-0281,1,18.2,29.17,17,6,0,Normal
2024-01-19 09:50:00,USR-0275,3,33.6,3.86,17,7,1,Normal
2024-01-19 07:25:00,USR-0464,4,28.6,12.24,18,2,0,Normal
2024-02-04 02:20:00,USR-0081,25,92.4,1116.99,2,48,6,Suspicious
2024-01-03 18:10:00,USR-0331,0,26.1,64.96,7,1,1,Normal
2024-01-18 02:05:00,USR-0169,4,16.7,61.95,13,6,1,Normal
2024-01-21 20:05:00,USR-0225,2,20.6,3.04,12,5,1,Normal
2024-01-13 17:10:00,USR-0206,4,38.9,14.07,10,7,0,Normal
2024-02-03 15:10:00,USR-0102,17,99.9,245.98,2,39,8,Suspicious
2024-01-16 19:25:00,USR-0105,3,34.1,59.85,10,6,0,Normal
2024-01-12 20:05:00,USR-0268,5,23.5,3.26,10,1,0,Normal
2024-01-01 10:35:00,USR-0288,2,15.5,18.96,7,6,0,Normal
2024-01-26 03:40:00,USR-0195,1,19.7,8.38,10,2,0,Normal
2024-01-19 07:50:00,USR-0092,3,37.1,24.01,14,2,1,Normal
2024-01-21 18:35:00,USR-0121,3,13.2,5.92,8,2,0,Normal
2024-01-14 08:40:00,USR-0365,4,12.7,20.39,10,7,1,Normal
2024-01-29 22:55:00,USR-0443,5,44.5,1.24,12,4,1,Normal
2024-01-10 00:45:00,USR-0127,3,18.0,14.91,13,7,0,Normal
2024-01-21 21:45:00,USR-0497,4,22.7,50.63,14,1,1,Normal
2024-01-21 21:10:00,USR-0464,2,28.7,37.08,12,7,0,Normal
2024-02-02 19:40:00,USR-0483,25,94.9,599.08,4,40,11,Suspicious
2024-01-24 10:50:00,USR-0146,4,26.7,5.48,12,1,0,Normal
2024-01-23 01:45:00,USR-0286,4,20.9,33.16,10,7,0,Normal
2024-01-26 08:20:00,USR-0387,1,30.8,2.61,12,5,0,Normal
2024-02-02 08:00:00,USR-0256,15,91.3,224.89,1,36,4,Suspicious
2024-01-15 13:35:00,USR-0054,3,29.1,13.84,11,3,0,Normal
2024-01-10 23:30:00,USR-0378,2,22.6,9.44,7,1,0,Normal
2024-01-05 01:25:00,USR-0279,6,27.6,8.64,15,2,0,Normal
2024-01-09 00:20:00,USR-0406,3,18.8,3.73,11,2,3,Normal
2024-01-18 06:40:00,USR-0355,0,19.4,2.25,9,5,0,Normal
2024-02-01 03:45:00,USR-0079,1,32.9,4.45,9,5,0,Normal
2024-01-31 10:05:00,USR-0354,4,17.2,2.2,13,3,0,Normal
2024-01-20 04:05:00,USR-0454,4,40.2,13.7,8,4,2,Normal
2024-01-04 22:00:00,USR-0061,7,24.2,1.0,17,4,0,Normal
2024-01-30 22:10:00,USR-0485,1,29.8,8.72,9,3,0,Normal
2024-02-03 06:30:00,USR-0299,21,90.5,496.07,4,30,4,Suspicious
2024-01-17 11:30:00,USR-0144,1,58.4,20.22,16,7,0,Normal
2024-01-23 19:40:00,USR-0268,2,36.1,1.53,14,4,1,Normal
2024-01-21 00:15:00,USR-0097,1,17.2,42.9,16,4,2,Normal
2024-02-03 20:05:00,USR-0135,15,98.1,162.27,0,47,10,Suspicious
2024-01-12 15:00:00,USR-0431,1,19.9,19.99,15,1,0,Normal
2024-01-17 09:45:00,USR-0368,1,25.8,35.03,15,5,1,Normal
2024-01-29 01:45:00,USR-0020,3,11.7,8.3,15,6,0,Normal
2024-01-20 19:00:00,USR-0494,3,13.4,10.42,12,2,0,Normal
2024-01-12 10:35:00,USR-0341,3,31.1,16.96,13,2,0,Normal
2024-01-15 11:15:00,USR-0287,6,35.5,58.54,7,3,0,Normal
2024-01-01 15:25:00,USR-0245,1,14.0,4.89,12,5,2,Normal
2024-01-28 06:00:00,USR-0361,2,12.2,12.58,11,1,0,Normal
2024-01-15 16:45:00,USR-0127,1,41.1,7.4,12,6,0,Normal
2024-01-11 16:00:00,USR-0238,3,33.0,2.63,18,5,0,Normal
2024-02-04 01:30:00,USR-0499,18,87.5,562.63,4,23,14,Suspicious
2024-01-10 20:30:00,USR-0221,2,32.8,10.01,16,2,1,Normal
2024-01-05 07:10:00,USR-0075,3,17.5,6.21,14,5,0,Normal
2024-01-17 22:00:00,USR-0258,2,35.8,0.8,14,6,0,Normal
2024-01-30 06:00:00,USR-0066,3,30.4,6.9,8,7,3,Normal
2024-01-02 20:05:00,USR-0408,7,18.0,15.58,10,5,1,Normal
2024-01-15 05:10:00,USR-0319,3,25.8,6.39,13,1,1,Normal
2024-01-07 06:10:00,USR-0488,3,13.2,0.9,19,7,0,Normal
2024-01-16 21:30:00,USR-0144,3,21.9,15.16,13,3,0,Normal
2024-02-03 00:30:00,USR-0221,26,90.4,209.74,0,46,8,Suspicious
2024-01-22 22:45:00,USR-0259,1,24.1,34.78,15,3,0,Normal
2024-01-05 08:00:00,USR-0260,3,58.0,7.03,10,4,0,Normal
2024-01-25 06:40:00,USR-0227,2,38.4,5.04,14,2,2,Normal
2024-01-29 16:00:00,USR-0285,3,27.9,2.84,8,6,0,Normal
2024-01-23 09:30:00,USR-0369,2,33.9,29.96,14,5,0,Normal
2024-01-28 10:30:00,USR-0224,3,21.2,3.13,12,4,0,Normal
2024-01-14 00:05:00,USR-0054,7,34.1,18.23,14,6,1,Normal
2024-02-01 05:05:00,USR-0210,5,27.7,47.17,13,6,0,Normal
2024-01-10 06:10:00,USR-0256,1,12.1,18.2,10,6,0,Normal
2024-01-31 09:30:00,USR-0359,1,23.5,20.39,11,4,0,Normal
2024-01-24 19:15:00,USR-0062,1,31.7,2.67,17,4,0,Normal
2024-01-11 19:45:00,USR-0307,4,32.1,57.82,17,4,0,Normal
2024-01-10 04:05:00,USR-0342,2,41.8,30.57,14,3,1,Normal
2024-01-11 23:05:00,USR-0205,2,33.9,46.3,15,3,1,Normal
2024-01-25 16:00:00,USR-0132,2,16.8,34.45,15,3,1,Normal
2024-01-29 19:35:00,USR-0145,5,19.6,4.31,15,2,1,Normal
2024-01-29 11:40:00,USR-0340,2,11.7,23.17,14,4,1,Normal
2024-01-05 06:25:00,USR-0300,2,30.0,0.9,15,4,0,Normal
2024-01-11 13:30:00,USR-0176,3,29.2,7.35,13,2,1,Normal
2024-01-03 17:20:00,USR-0308,6,62.2,17.65,15,5,0,Normal
2024-01-08 23:45:00,USR-0062,5,8.4,16.81,13,4,1,Normal
2024-01-25 20:25:00,USR-0123,4,20.5,32.65,10,6,1,Normal
2024-02-03 07:50:00,USR-0112,20,91.1,139.16,0,26,7,Suspicious
2024-01-21 10:55:00,USR-0402,2,24.2,21.87,11,6,1,Normal
2024-01-01 10:00:00,USR-0170,0,26.5,6.61,13,2,0,Normal
2024-01-08 08:35:00,USR-0178,3,27.8,6.21,12,5,0,Normal
2024-01-16 04:50:00,USR-0126,3,56.4,18.09,9,7,1,Normal
2024-01-15 14:55:00,USR-0479,5,28.8,1.26,19,2,0,Normal
2024-02-02 21:50:00,USR-0065,23,100.0,355.38,4,30,12,Suspicious
2024-02-02 17:00:00,USR-0083,19,96.0,202.71,5,44,8,Suspicious
2024-01-04 05:35:00,USR-0281,4,26.2,1.93,16,2,1,Normal
2024-01-19 04:30:00,USR-0208,2,29.0,8.62,19,1,0,Normal
2024-01-26 10:35:00,USR-0155,3,29.3,9.49,15,2,0,Normal
2024-01-27 16:00:00,USR-0459,1,42.1,17.55,12,6,0,Normal
2024-01-27 05:05:00,USR-0057,8,46.0,21.82,13,2,1,Normal
2024-01-01 15:10:00,USR-0368,1,34.6,13.44,12,6,0,Normal
2024-01-31 12:10:00,USR-0490,4,46.9,1.41,17,7,2,Normal
2024-01-14 23:30:00,USR-0089,5,20.6,24.12,13,3,1,Normal
2024-01-28 19:50:00,USR-0360,3,14.5,10.1,8,5,0,Normal
2024-01-18 03:40:00,USR-0130,2,38.3,1.29,14,6,0,Normal
2024-02-02 19:10:00,USR-0303,18,100.0,106.33,5,20,7,Suspicious
2024-01-18 13:40:00,USR-0254,3,17.0,17.91,14,3,0,Normal
2024-02-02 16:40:00,USR-0102,27,86.7,282.6,3,36,7,Suspicious
2024-01-08 02:25:00,USR-0416,3,30.3,19.28,15,2,1,Normal
2024-01-29 11:15:00,USR-0222,4,47.1,77.48,18,7,2,Normal
2024-01-20 13:25:00,USR-0096,6,50.2,4.62,12,7,1,Normal
2024-01-30 06:30:00,USR-0204,4,7.5,9.29,19,5,0,Normal
2024-02-03 04:00:00,USR-0387,18,89.2,122.24,2,20,14,Suspicious
2024-02-02 07:30:00,USR-0105,29,96.1,288.17,5,29,3,Suspicious
2024-01-20 17:20:00,USR-0485,0,18.7,15.73,11,4,1,Normal
2024-01-08 20:05:00,USR-0440,2,7.4,10.68,11,6,0,Normal
2024-01-07 10:15:00,USR-0485,0,25.7,8.07,9,6,0,Normal
2024-01-21 04:15:00,USR-0203,1,25.4,0.71,9,4,1,Normal
2024-02-03 15:40:00,USR-0354,14,98.4,112.96,1,49,13,Suspicious
2024-01-11 18:50:00,USR-0062,1,40.8,58.72,13,1,0,Normal
2024-01-22 23:45:00,USR-0343,7,21.4,12.66,14,3,1,Normal
2024-01-29 13:45:00,USR-0369,2,27.3,4.59,11,1,1,Normal
2024-01-22 09:50:00,USR-0001,3,16.9,4.66,12,1,0,Normal
2024-01-17 15:05:00,USR-0385,0,43.3,3.0,14,2,1,Normal
2024-01-08 07:15:00,USR-0123,2,23.9,8.91,10,6,1,Normal
2024-01-18 17:20:00,USR-0468,1,30.9,16.63,9,2,1,Normal
2024-01-27 12:05:00,USR-0330,0,16.6,36.6,13,3,0,Normal
2024-01-09 01:10:00,USR-0268,2,23.3,0.73,9,6,0,Normal
2024-01-22 18:40:00,USR-0283,4,50.7,2.69,14,7,1,Normal
2024-01-14 23:10:00,USR-0263,1,22.7,12.86,10,2,0,Normal
2024-01-31 13:45:00,USR-0367,2,27.8,27.1,13,2,1,Normal
2024-01-08 14:40:00,USR-0010,1,23.1,34.86,16,7,0,Normal
2024-01-08 15:05:00,USR-0416,2,40.3,2.94,10,1,0,Normal
2024-01-03 18:55:00,USR-0468,3,17.3,6.27,13,6,0,Normal
2024-01-19 21:25:00,USR-0027,2,28.9,21.18,16,4,0,Normal
2024-01-05 08:45:00,USR-0242,1,11.6,39.92,13,2,1,Normal
2024-02-02 13:25:00,USR-0100,26,94.1,449.12,3,41,8,Suspicious
2024-01-15 07:30:00,USR-0468,1,33.2,2.88,10,7,0,Normal
2024-01-26 10:55:00,USR-0260,2,64.7,80.29,15,5,0,Normal
2024-01-13 22:05:00,USR-0436,3,28.8,6.43,15,1,0,Normal
2024-01-06 11:45:00,USR-0255,3,22.2,17.43,13,6,1,Normal
2024-02-01 00:15:00,USR-0015,3,22.4,4.96,11,1,0,Normal
2024-02-01 10:35:00,USR-0366,2,30.7,17.47,13,3,1,Normal
2024-01-16 12:30:00,USR-0293,5,25.6,6.03,12,2,1,Normal
2024-02-03 13:05:00,USR-0270,26,90.3,116.83,2,45,9,Suspicious
2024-01-23 09:35:00,USR-0273,3,25.0,20.2,9,2,0,Normal
2024-01-26 14:45:00,USR-0461,4,48.8,1.72,17,6,0,Normal
2024-02-03 01:10:00,USR-0295,22,92.1,813.29,3,27,5,Suspicious
2024-01-30 04:40:00,USR-0338,5,45.5,41.25,15,6,0,Normal
2024-01-05 08:25:00,USR-0094,2,18.7,1.45,18,6,0,Normal
2024-01-10 19:55:00,USR-0052,7,33.5,22.49,16,2,0,Normal
2024-01-16 02:30:00,USR-0142,5,42.3,9.41,10,1,0,Normal
2024-01-12 11:40:00,USR-0022,3,26.3,5.02,7,5,0,Normal
2024-01-24 15:50:00,USR-0476,3,19.4,14.18,12,7,1,Normal
2024-01-11 12:55:00,USR-0101,5,59.2,5.59,13,2,1,Normal
2024-01-30 08:25:00,USR-0060,3,36.5,9.48,12,3,0,Normal
2024-01-30 03:55:00,USR-0040,7,61.0,7.01,11,5,1,Normal
2024-01-27 23:50:00,USR-0275,6,39.7,4.9,11,7,0,Normal
2024-02-02 19:55:00,USR-0309,24,91.1,416.32,3,46,10,Suspicious
2024-01-06 06:50:00,USR-0464,3,66.7,3.58,13,3,0,Normal
2024-02-03 20:20:00,USR-0282,24,96.1,184.55,4,35,9,Suspicious
2024-01-04 00:30:00,USR-0465,3,40.7,4.25,9,1,1,Normal
2024-01-31 10:00:00,USR-0363,4,44.4,45.0,11,1,0,Normal
2024-01-01 00:55:00,USR-0182,1,29.7,14.44,10,1,0,Normal
2024-01-27 05:00:00,USR-0159,7,14.5,8.11,11,7,1,Normal
2024-01-10 09:40:00,USR-0328,5,20.0,14.47,11,5,0,Normal
2024-01-01 03:30:00,USR-0464,1,20.0,8.59,8,7,1,Normal
2024-01-10 06:40:00,USR-0282,1,19.5,14.23,15,1,1,Normal
2024-01-17 08:50:00,USR-0248,1,14.2,2.76,14,7,1,Normal
2024-01-30 05:20:00,USR-0066,3,32.8,12.85,10,7,0,Normal
2024-01-27 17:35:00,USR-0107,1,11.1,4.29,13,6,1,Normal
2024-02-02 21:55:00,USR-0242,17,86.5,279.95,3,48,6,Suspicious
2024-02-01 22:45:00,USR-0003,22,94.5,129.76,5,26,6,Suspicious
2024-01-24 06:00:00,USR-0112,1,31.8,16.11,8,2,0,Normal
2024-01-17 23:20:00,USR-0128,3,8.0,19.8,11,1,4,Normal
2024-01-11 22:35:00,USR-0088,3,14.4,7.9,15,5,0,Normal
2024-02-02 20:45:00,USR-0153,23,92.6,515.66,1,32,6,Suspicious
2024-02-01 01:15:00,USR-0334,4,34.8,0.55,13,7,0,Normal
2024-01-28 17:00:00,USR-0338,5,36.3,5.87,15,6,1,Normal
2024-01-07 08:15:00,USR-0182,2,28.5,6.98,16,5,2,Normal
2024-01-09 10:40:00,USR-0065,1,17.8,3.55,11,2,1,Normal
2024-02-03 12:10:00,USR-0047,17,98.5,747.29,5,38,9,Suspicious
2024-01-31 15:45:00,USR-0060,2,18.7,27.22,13,5,0,Normal
2024-01-28 09:55:00,USR-0443,4,15.7,16.09,12,5,1,Normal
2024-01-05 14:05:00,USR-0220,6,27.5,21.61,12,2,2,Normal
2024-01-01 03:10:00,USR-0489,5,13.8,21.93,15,4,2,Normal
2024-01-19 02:50:00,USR-0375,2,44.3,0.51,10,7,0,Normal
2024-01-26 08:40:00,USR-0420,4,10.7,29.12,13,1,0,Normal
2024-01-12 01:00:00,USR-0211,2,11.8,13.26,11,4,0,Normal
2024-01-13 12:25:00,USR-0291,4,26.8,19.81,12,3,0,Normal
2024-01-07 19:40:00,USR-0081,3,15.7,0.63,14,5,1,Normal
2024-01-18 01:10:00,USR-0275,2,43.4,41.71,8,4,0,Normal
2024-02-03 23:20:00,USR-0439,19,93.5,125.41,5,30,6,Suspicious
2024-02-03 15:05:00,USR-0228,27,87.5,127.75,5,30,8,Suspicious
2024-01-07 16:20:00,USR-0091,2,18.4,21.12,8,2,0,Normal
2024-01-07 18:00:00,USR-0248,4,18.7,17.3,18,5,0,Normal
2024-01-22 20:45:00,USR-0394,3,48.0,13.9,10,1,1,Normal
2024-01-26 15:45:00,USR-0353,0,49.3,3.74,12,3,0,Normal
2024-01-29 14:35:00,USR-0210,2,41.0,4.17,10,4,1,Normal
2024-01-27 19:30:00,USR-0357,3,21.8,7.07,12,3,1,Normal
2024-01-10 16:25:00,USR-0172,2,35.7,4.14,10,6,1,Normal
2024-01-06 17:55:00,USR-0220,3,31.5,7.21,13,1,1,Normal
2024-01-24 11:35:00,USR-0259,6,37.6,42.05,12,3,0,Normal
2024-01-02 09:10:00,USR-0382,3,38.2,3.27,10,6,1,Normal
2024-01-10 11:45:00,USR-0417,2,59.2,14.69,10,1,0,Normal
2024-01-09 19:50:00,USR-0268,1,44.9,6.45,17,7,0,Normal
2024-01-08 07:10:00,USR-0421,2,62.0,2.41,11,2,1,Normal
2024-01-28 00:15:00,USR-0354,2,50.2,10.91,9,3,0,Normal
2024-01-12 07:55:00,USR-0297,6,25.4,11.88,13,2,1,Normal
2024-01-21 00:05:00,USR-0326,3,28.3,11.47,12,6,0,Normal
2024-01-30 18:25:00,USR-0425,0,6.8,5.54,10,4,1,Normal
2024-01-08 08:50:00,USR-0479,5,45.0,0.86,11,3,0,Normal
2024-01-05 22:05:00,USR-0003,9,19.2,24.26,14,6,0,Normal
2024-01-09 11:55:00,USR-0317,4,31.7,37.62,13,2,0,Normal
2024-01-25 19:10:00,USR-0298,1,27.5,15.57,9,7,1,Normal
2024-01-06 13:00:00,USR-0154,3,14.6,28.6,12,7,0,Normal
2024-02-03 18:55:00,USR-0464,16,89.0,361.23,4,33,12,Suspicious
2024-01-08 16:50:00,USR-0111,3,23.8,16.13,12,6,0,Normal
2024-01-13 02:30:00,USR-0396,3,34.0,24.86,12,6,0,Normal
2024-01-20 15:40:00,USR-0301,2,31.7,6.31,9,5,0,Normal
2024-01-31 14:10:00,USR-0491,3,16.6,20.46,12,1,1,Normal
2024-01-06 08:50:00,USR-0098,4,43.4,11.42,12,7,1,Normal
2024-01-11 12:10:00,USR-0132,4,35.3,10.93,14,5,0,Normal
2024-01-22 01:20:00,USR-0058,1,40.5,30.67,10,6,0,Normal
2024-02-03 06:25:00,USR-0156,23,89.3,220.78,2,34,6,Suspicious
2024-01-13 10:35:00,USR-0149,3,10.6,7.1,12,2,0,Normal
2024-02-04 08:35:00,USR-0163,20,96.3,301.15,2,26,11,Suspicious
2024-01-02 16:45:00,USR-0349,2,33.7,11.52,9,2,0,Normal
2024-01-02 09:20:00,USR-0105,5,19.2,8.1,12,4,1,Normal
2024-01-06 01:20:00,USR-0032,3,66.8,6.97,8,5,1,Normal
2024-01-08 10:25:00,USR-0372,4,21.8,18.36,12,7,0,Normal
2024-01-22 03:30:00,USR-0434,7,41.6,14.49,13,3,1,Normal
2024-02-03 09:50:00,USR-0488,26,89.1,296.85,4,41,8,Suspicious
2024-01-20 22:35:00,USR-0045,3,24.3,4.91,8,5,0,Normal
2024-01-21 06:50:00,USR-0106,1,15.9,39.3,13,6,0,Normal
2024-01-15 09:10:00,USR-0108,5,17.7,12.32,11,1,1,Normal
2024-01-21 17:35:00,USR-0283,4,24.4,5.16,15,2,0,Normal
2024-01-10 19:05:00,USR-0163,5,21.8,32.08,14,5,0,Normal
2024-01-14 17:40:00,USR-0234,2,27.4,36.28,8,2,0,Normal
2024-01-13 07:00:00,USR-0255,4,57.9,10.01,10,6,0,Normal
2024-01-28 07:30:00,USR-0248,2,58.7,11.6,14,6,0,Normal
2024-01-07 21:05:00,USR-0390,2,30.7,18.78,7,6,0,Normal
2024-01-24 11:30:00,USR-0265,5,26.2,22.25,10,2,0,Normal
2024-01-05 04:45:00,USR-0033,3,7.8,16.09,12,2,0,Normal
2024-01-07 21:50:00,USR-0333,6,21.2,12.54,10,3,0,Normal
2024-01-30 14:40:00,USR-0346,1,43.5,5.11,12,5,0,Normal
2024-01-30 01:55:00,USR-0167,3,7.9,11.17,12,3,0,Normal
2024-01-09 01:15:00,USR-0136,3,25.0,13.7,8,2,1,Normal
2024-01-01 21:50:00,USR-0048,2,44.2,11.22,11,6,1,Normal
2024-01-13 19:05:00,USR-0030,2,19.8,7.74,14,7,1,Normal
2024-01-10 02:25:00,USR-0113,4,9.4,5.7,18,4,0,Normal
2024-01-08 22:00:00,USR-0408,5,21.1,19.9,15,6,0,Normal
2024-01-11 00:35:00,USR-0008,7,26.3,28.88,18,1,0,Normal
2024-01-17 18:30:00,USR-0344,5,30.1,10.98,8,7,1,Normal
2024-01-24 23:20:00,USR-0067,4,12.7,25.29,19,5,2,Normal
2024-01-31 16:45:00,USR-0331,2,20.8,4.01,12,1,1,Normal
2024-01-16 07:55:00,USR-0450,5,23.1,9.66,16,7,0,Normal
2024-01-24 22:50:00,USR-0148,2,20.1,10.1,19,3,1,Normal
2024-01-30 15:00:00,USR-0436,4,10.0,11.89,8,2,0,Normal
2024-01-10 11:35:00,USR-0499,1,23.6,18.02,14,6,0,Normal
2024-01-23 02:10:00,USR-0059,5,56.4,22.96,14,3,0,Normal
2024-01-10 21:35:00,USR-0398,1,20.3,9.7,11,1,0,Normal
2024-01-08 14:00:00,USR-0403,1,18.6,19.49,16,7,0,Normal
2024-01-14 13:30:00,USR-0282,3,14.9,4.6,9,5,0,Normal
2024-01-21 13:35:00,USR-0172,2,35.4,14.92,8,1,0,Normal
2024-01-26 12:30:00,USR-0343,3,19.3,7.08,12,3,0,Normal
2024-01-06 11:10:00,USR-0396,6,17.1,19.29,12,1,0,Normal
2024-01-23 11:00:00,USR-0163,7,27.7,20.48,9,7,0,Normal
2024-01-01 06:25:00,USR-0269,0,31.8,5.97,15,2,1,Normal
2024-01-30 16:15:00,USR-0347,4,20.3,1.32,7,4,1,Normal
2024-01-04 09:50:00,USR-0281,5,21.5,24.58,11,6,1,Normal
2024-01-30 02:15:00,USR-0077,4,40.8,9.75,18,1,1,Normal
2024-02-04 01:00:00,USR-0439,13,94.3,194.3,0,45,4,Suspicious
2024-02-03 11:20:00,USR-0335,34,98.8,224.04,1,49,7,Suspicious
2024-01-06 11:05:00,USR-0027,7,24.1,26.01,15,3,2,Normal
2024-01-05 18:30:00,USR-0027,3,7.8,5.29,17,5,0,Normal
2024-01-21 20:40:00,USR-0039,2,46.6,1.63,14,3,0,Normal
2024-01-30 18:05:00,USR-0210,1,6.9,29.77,10,2,1,Normal
2024-01-29 23:50:00,USR-0273,2,23.9,6.01,17,5,0,Normal
2024-01-04 04:55:00,USR-0469,4,11.1,66.51,12,1,1,Normal
2024-01-29 08:10:00,USR-0433,4,15.5,10.17,13,7,3,Normal
2024-01-06 12:20:00,USR-0293,5,15.0,38.83,15,4,1,Normal
2024-01-31 12:25:00,USR-0441,1,17.1,0.54,18,2,1,Normal
2024-01-18 09:55:00,USR-0180,3,19.2,13.79,10,5,0,Normal
2024-01-02 22:40:00,USR-0413,2,51.3,17.52,10,6,0,Normal
2024-01-02 00:45:00,USR-0148,2,57.7,3.23,19,6,1,Normal
2024-02-01 04:30:00,USR-0385,2,54.1,3.98,12,7,0,Normal
2024-01-15 01:30:00,USR-0245,4,21.4,26.22,11,1,0,Normal
2024-01-18 06:05:00,USR-0016,3,29.1,29.95,15,6,0,Normal
2024-01-21 15:35:00,USR-0322,2,27.4,6.0,9,2,1,Normal
2024-01-23 19:25:00,USR-0014,3,37.1,2.52,11,2,1,Normal
2024-01-17 08:15:00,USR-0236,2,16.2,18.57,11,7,1,Normal
2024-01-01 09:35:00,USR-0186,4,24.9,5.58,7,6,0,Normal
2024-01-28 15:30:00,USR-0012,4,26.3,14.48,8,1,2,Normal
2024-01-30 17:45:00,USR-0252,4,30.4,2.58,12,5,2,Normal
2024-01-17 18:45:00,USR-0143,4,28.9,6.41,10,2,2,Normal
2024-01-05 21:10:00,USR-0322,1,22.3,11.46,13,1,0,Normal
2024-01-22 05:30:00,USR-0048,3,31.5,4.17,17,6,0,Normal
2024-01-19 14:10:00,USR-0309,2,30.9,12.42,14,6,0,Normal
2024-01-06 06:45:00,USR-0224,2,9.6,3.43,11,6,1,Normal
2024-01-31 01:45:00,USR-0105,4,21.7,18.78,10,5,0,Normal
2024-01-02 07:40:00,USR-0163,2,45.1,35.97,10,7,1,Normal
2024-01-06 07:05:00,USR-0197,2,13.8,24.87,19,2,0,Normal
2024-01-14 18:15:00,USR-0009,0,36.3,28.58,13,3,1,Normal
2024-01-27 08:35:00,USR-0199,2,16.8,3.15,10,2,0,Normal
2024-01-21 03:15:00,USR-0152,7,22.2,4.37,16,2,0,Normal
2024-01-20 16:35:00,USR-0418,3,11.9,12.28,11,2,0,Normal
2024-02-04 03:45:00,USR-0023,22,85.7,213.69,5,20,6,Suspicious
2024-01-03 15:35:00,USR-0327,2,37.5,4.28,8,2,1,Normal
2024-01-03 18:40:00,USR-0484,3,16.5,1.44,19,1,0,Normal
2024-02-01 11:50:00,USR-0164,1,21.0,25.62,9,3,0,Normal
2024-01-06 00:05:00,USR-0481,3,10.6,18.74,11,5,1,Normal
2024-01-28 00:20:00,USR-0118,3,21.7,4.36,17,5,2,Normal
2024-01-13 18:15:00,USR-0101,3,17.4,4.9,18,6,0,Normal
2024-01-05 22:15:00,USR-0271,3,20.2,15.12,12,6,1,Normal
2024-01-01 14:10:00,USR-0061,4,49.0,8.91,15,5,0,Normal
2024-01-14 03:55:00,USR-0036,2,17.2,66.97,9,4,0,Normal
2024-01-27 13:45:00,USR-0023,4,27.5,11.62,15,5,0,Normal
2024-01-21 21:40:00,USR-0201,6,26.3,11.07,9,5,0,Normal
2024-01-27 10:20:00,USR-0382,1,20.5,47.37,13,6,0,Normal
2024-01-16 06:35:00,USR-0180,6,23.4,4.16,10,5,1,Normal
2024-01-25 03:50:00,USR-0182,4,26.4,12.25,16,1,0,Normal
2024-01-22 14:05:00,USR-0291,3,25.7,1.08,11,5,1,Normal
2024-01-31 10:35:00,USR-0288,1,40.2,8.02,10,7,1,Normal
2024-01-20 21:40:00,USR-0085,2,33.1,14.71,13,1,3,Normal
2024-01-16 08:15:00,USR-0388,1,14.3,23.65,11,3,0,Normal
2024-01-06 10:30:00,USR-0168,1,17.7,17.36,13,5,1,Normal
2024-01-13 22:40:00,USR-0409,2,33.7,3.02,16,6,1,Normal
2024-01-20 12:25:00,USR-0355,5,24.0,6.52,14,2,1,Normal
2024-01-21 13:55:00,USR-0217,4,36.0,15.9,12,1,1,Normal
2024-01-16 01:45:00,USR-0343,3,12.4,8.09,14,5,1,Normal
2024-01-24 15:05:00,USR-0271,7,42.0,0.65,16,1,0,Normal
2024-01-01 07:30:00,USR-0394,5,27.6,4.07,7,6,1,Normal
2024-01-11 02:20:00,USR-0021,5,34.8,24.31,16,5,2,Normal
2024-02-01 15:40:00,USR-0131,5,37.0,33.68,13,3,0,Normal
2024-01-01 15:20:00,USR-0305,1,22.2,2.66,17,6,0,Normal
2024-02-04 16:45:00,USR-0356,20,90.2,504.08,0,24,5,Suspicious
2024-01-22 06:10:00,USR-0173,2,29.0,7.2,13,6,0,Normal
2024-01-26 18:10:00,USR-0459,3,12.2,11.52,14,1,0,Normal
2024-01-03 19:45:00,USR-0153,4,57.4,3.53,12,5,0,Normal
2024-01-24 20:40:00,USR-0326,2,17.6,14.59,13,7,1,Normal
2024-01-08 04:35:00,USR-0062,4,6.0,1.95,11,7,0,Normal
2024-01-24 23:15:00,USR-0238,3,24.3,40.84,14,4,0,Normal
2024-01-22 04:25:00,USR-0460,3,12.4,26.36,12,3,0,Normal
2024-02-02 17:55:00,USR-0188,20,87.7,345.29,0,43,4,Suspicious
2024-01-21 16:15:00,USR-0285,4,33.6,6.19,8,1,1,Normal
2024-01-26 00:50:00,USR-0011,0,31.3,18.07,13,2,0,Normal
2024-01-28 06:50:00,USR-0006,1,46.5,13.45,8,4,0,Normal
2024-01-18 08:15:00,USR-0405,3,50.3,93.63,16,3,0,Normal
2024-01-29 05:15:00,USR-0002,4,46.2,1.76,8,3,1,Normal
2024-01-18 05:15:00,USR-0092,2,16.1,6.72,19,5,1,Normal
2024-01-05 06:10:00,USR-0214,2,11.3,37.19,10,6,1,Normal
2024-01-20 00:30:00,USR-0164,4,35.3,29.23,17,3,0,Normal
2024-01-02 08:20:00,USR-0140,5,39.0,0.78,7,6,0,Normal
2024-01-06 16:35:00,USR-0378,8,42.5,5.43,15,2,0,Normal
2024-01-08 09:00:00,USR-0433,3,12.3,33.9,12,5,1,Normal
2024-01-30 13:25:00,USR-0318,4,25.7,35.68,19,2,0,Normal
2024-01-12 13:50:00,USR-0253,1,42.2,5.37,9,5,3,Normal
2024-01-08 17:25:00,USR-0184,1,64.0,16.71,14,1,1,Normal
2024-02-03 09:15:00,USR-0500,14,87.2,643.5,4,22,11,Suspicious
2024-01-11 22:10:00,USR-0133,5,15.7,47.19,9,7,0,Normal
2024-01-10 02:30:00,USR-0367,5,26.0,13.71,14,5,1,Normal
2024-01-15 23:55:00,USR-0062,4,25.1,1.83,17,4,2,Normal
2024-01-09 04:05:00,USR-0306,2,32.3,6.05,12,2,2,Normal
2024-01-27 21:15:00,USR-0207,5,21.5,13.76,8,4,1,Normal
2024-01-21 05:50:00,USR-0475,3,9.1,3.96,10,3,1,Normal
2024-01-26 19:45:00,USR-0116,3,7.3,22.05,17,4,0,Normal
2024-01-05 03:00:00,USR-0477,2,28.0,7.29,14,1,1,Normal
2024-02-02 09:25:00,USR-0182,28,91.4,930.64,0,47,4,Suspicious
2024-01-15 17:05:00,USR-0437,1,36.1,11.12,11,2,0,Normal
2024-01-31 01:15:00,USR-0407,4,25.8,3.29,19,2,0,Normal
2024-01-08 12:45:00,USR-0418,6,39.4,3.28,7,3,1,Normal
2024-01-03 21:35:00,USR-0370,4,38.1,13.27,8,4,0,Normal
2024-02-02 07:40:00,USR-0316,16,87.3,166.17,2,35,4,Suspicious
2024-01-12 04:20:00,USR-0047,4,48.5,4.14,17,3,1,Normal
2024-01-14 03:45:00,USR-0023,2,24.9,1.44,14,7,0,Normal
2024-01-19 06:35:00,USR-0283,2,25.1,13.95,16,7,3,Normal
2024-01-18 08:50:00,USR-0123,3,20.7,7.76,12,6,0,Normal
2024-02-03 00:55:00,USR-0364,25,92.7,104.32,3,37,8,Suspicious
2024-01-18 21:20:00,USR-0350,1,30.5,23.99,17,5,2,Normal
2024-01-27 07:15:00,USR-0197,4,19.7,1.86,13,6,1,Normal
2024-02-02 01:45:00,USR-0414,23,90.6,933.05,4,33,6,Suspicious
2024-01-25 17:20:00,USR-0306,3,44.0,34.33,13,7,0,Normal
2024-01-21 16:10:00,USR-0217,2,19.2,0.76,15,2,0,Normal
2024-01-05 13:15:00,USR-0271,4,14.7,41.29,10,7,0,Normal
2024-01-24 00:40:00,USR-0488,3,12.9,1.42,11,1,0,Normal
2024-01-29 12:15:00,USR-0366,2,53.3,12.4,19,4,1,Normal
2024-01-08 06:15:00,USR-0129,3,13.1,14.19,8,4,1,Normal
2024-01-13 01:05:00,USR-0003,2,27.5,2.44,12,2,1,Normal
2024-01-11 00:45:00,USR-0295,3,40.6,53.71,10,7,0,Normal
2024-01-17 07:00:00,USR-0262,0,18.4,43.83,11,7,0,Normal
2024-01-24 01:40:00,USR-0351,4,12.5,2.99,8,4,2,Normal
2024-01-14 23:40:00,USR-0049,2,12.7,1.79,9,6,0,Normal
2024-01-13 07:35:00,USR-0101,5,29.4,2.1,19,1,1,Normal
2024-01-22 01:25:00,USR-0495,5,22.0,26.38,12,2,1,Normal
2024-01-27 20:40:00,USR-0323,1,23.2,17.37,11,4,2,Normal
2024-01-28 09:30:00,USR-0235,1,23.3,7.6,18,5,2,Normal
2024-02-02 19:35:00,USR-0212,24,98.7,416.97,0,46,11,Suspicious
2024-01-12 05:40:00,USR-0071,1,28.6,23.7,12,6,0,Normal
2024-02-03 02:50:00,USR-0442,24,97.2,721.61,0,45,3,Suspicious
2024-01-27 11:45:00,USR-0408,2,17.3,2.64,10,6,2,Normal
2024-01-27 01:40:00,USR-0067,1,27.0,2.48,9,5,1,Normal
2024-01-02 22:25:00,USR-0097,3,28.2,18.07,13,7,0,Normal
2024-01-05 22:20:00,USR-0019,2,56.9,1.38,12,6,0,Normal
2024-01-25 05:30:00,USR-0060,5,46.8,33.04,9,1,0,Normal
2024-01-16 16:55:00,USR-0293,1,19.4,0.87,13,1,2,Normal
2024-01-18 03:55:00,USR-0333,4,20.0,15.15,14,6,0,Normal
2024-01-10 18:20:00,USR-0315,3,29.0,35.07,13,6,1,Normal
2024-01-31 15:50:00,USR-0284,2,13.5,4.07,14,5,0,Normal
2024-01-20 09:45:00,USR-0197,3,16.2,13.9,18,4,0,Normal
2024-01-05 09:15:00,USR-0070,1,30.2,17.48,9,5,2,Normal
2024-01-02 03:25:00,USR-0110,3,22.4,2.33,10,2,0,Normal
2024-01-14 19:45:00,USR-0481,4,29.4,6.76,11,7,3,Normal
2024-01-08 13:00:00,USR-0248,2,17.1,16.08,9,3,0,Normal
2024-01-19 14:50:00,USR-0223,3,25.2,23.94,16,1,0,Normal
2024-01-15 06:15:00,USR-0489,5,24.5,25.06,12,7,0,Normal
2024-01-12 12:25:00,USR-0208,2,46.4,10.77,12,2,0,Normal
2024-01-31 00:30:00,USR-0229,3,7.4,39.87,12,4,0,Normal
2024-01-31 04:20:00,USR-0230,3,48.2,8.0,13,1,0,Normal
2024-01-26 10:10:00,USR-0325,3,46.7,14.66,13,1,1,Normal
2024-01-12 10:30:00,USR-0121,4,24.1,12.2,9,5,0,Normal
2024-01-14 05:40:00,USR-0120,4,35.6,7.72,13,2,0,Normal
2024-01-01 19:40:00,USR-0258,2,24.6,0.57,9,5,2,Normal
2024-01-27 01:30:00,USR-0362,3,36.3,8.26,10,7,1,Normal
2024-01-30 03:40:00,USR-0310,1,37.3,3.51,12,5,0,Normal
2024-01-27 09:55:00,USR-0322,6,16.6,3.66,19,4,2,Normal
2024-01-12 18:05:00,USR-0128,3,13.9,29.61,18,6,4,Normal
2024-02-03 18:50:00,USR-0220,21,98.3,222.02,1,38,6,Suspicious
2024-01-11 19:35:00,USR-0135,2,33.5,8.79,16,6,0,Normal
2024-01-03 02:10:00,USR-0175,5,33.8,24.82,10,6,0,Normal
2024-01-31 22:40:00,USR-0285,1,40.3,24.97,17,2,0,Normal
2024-01-19 00:35:00,USR-0093,2,9.5,6.9,9,7,0,Normal
2024-01-30 02:10:00,USR-0430,4,12.3,25.25,12,3,1,Normal
2024-01-26 12:35:00,USR-0290,3,26.2,8.0,15,3,1,Normal
2024-01-29 12:45:00,USR-0294,5,20.0,24.7,10,4,2,Normal
2024-01-24 16:45:00,USR-0039,4,8.5,20.3,9,7,1,Normal
2024-01-08 14:05:00,USR-0150,2,31.3,6.9,11,1,1,Normal
2024-01-03 09:10:00,USR-0493,1,14.7,19.94,8,3,0,Normal
2024-02-03 14:55:00,USR-0450,28,89.5,733.44,0,20,4,Suspicious
2024-01-20 20:00:00,USR-0473,1,19.6,8.52,11,5,2,Normal
2024-01-23 05:55:00,USR-0299,3,11.1,1.54,11,1,0,Normal
2024-01-08 07:40:00,USR-0102,0,25.0,2.08,16,3,0,Normal
2024-01-23 01:15:00,USR-0110,3,40.1,10.62,16,7,1,Normal
2024-01-28 00:35:00,USR-0298,3,16.2,13.57,16,2,0,Normal
2024-02-02 07:45:00,USR-0299,21,91.1,215.05,1,27,7,Suspicious
2024-01-07 21:15:00,USR-0028,3,12.4,1.4,11,3,0,Normal
2024-01-09 05:50:00,USR-0213,5,25.8,20.32,8,5,0,Normal
2024-01-17 15:30:00,USR-0422,4,22.1,3.62,14,7,1,Normal
2024-01-19 19:25:00,USR-0329,3,19.9,34.42,18,6,0,Normal
2024-02-02 07:35:00,USR-0475,18,90.2,400.16,5,18,5,Suspicious
2024-01-03 02:35:00,USR-0235,1,25.2,8.91,12,2,0,Normal
2024-01-11 05:30:00,USR-0272,3,37.7,45.43,13,3,0,Normal
2024-01-06 10:40:00,USR-0191,1,17.7,5.03,12,1,0,Normal
2024-01-19 10:30:00,USR-0050,1,30.1,1.14,13,3,1,Normal
2024-01-30 02:25:00,USR-0355,0,70.1,1.26,17,6,1,Normal
2024-01-24 18:25:00,USR-0029,2,38.8,4.01,10,4,0,Normal
2024-01-10 16:15:00,USR-0225,4,47.4,22.44,9,1,0,Normal
2024-01-04 04:35:00,USR-0436,3,21.4,3.04,13,1,1,Normal
2024-01-16 02:35:00,USR-0269,4,23.7,4.26,11,4,0,Normal
2024-02-04 07:35:00,USR-0413,30,88.2,192.6,4,15,5,Suspicious
2024-01-23 17:50:00,USR-0041,2,14.5,3.29,12,5,1,Normal
2024-01-29 02:40:00,USR-0309,7,26.8,14.23,12,4,0,Normal
2024-01-14 15:00:00,USR-0236,1,57.8,5.49,8,7,2,Normal
2024-01-13 06:50:00,USR-0426,1,34.8,6.42,11,7,0,Normal
2024-01-22 05:10:00,USR-0327,6,28.0,14.53,17,6,0,Normal
2024-01-28 17:15:00,USR-0270,2,26.0,21.28,12,6,0,Normal
2024-01-17 17:25:00,USR-0237,5,31.8,29.84,11,7,0,Normal
2024-01-19 12:45:00,USR-0061,2,42.2,11.89,11,6,2,Normal
2024-01-28 05:10:00,USR-0369,4,19.4,24.75,12,2,0,Normal
2024-01-31 12:40:00,USR-0013,5,38.0,2.52,12,7,0,Normal
2024-01-25 09:50:00,USR-0461,2,26.7,46.15,16,1,1,Normal
2024-01-17 03:05:00,USR-0026,3,29.8,3.94,15,6,1,Normal
2024-01-25 10:10:00,USR-0280,1,51.1,29.73,8,7,0,Normal
2024-01-31 18:20:00,USR-0397,3,9.4,1.86,13,4,1,Normal
2024-02-02 04:20:00,USR-0325,30,90.8,101.88,5,41,9,Suspicious
2024-01-21 02:15:00,USR-0490,3,25.6,42.98,8,7,1,Normal
2024-01-17 16:30:00,USR-0225,5,17.6,9.63,17,3,0,Normal
2024-01-24 13:45:00,USR-0351,0,53.4,7.82,7,4,0,Normal
2024-01-18 17:55:00,USR-0343,1,13.8,4.74,15,1,0,Normal
2024-01-25 18:45:00,USR-0113,3,8.5,26.93,7,1,0,Normal
2024-01-09 20:15:00,USR-0256,1,24.5,33.83,10,6,2,Normal
2024-02-04 16:40:00,USR-0280,26,89.9,157.11,0,23,8,Suspicious
2024-01-16 01:15:00,USR-0212,3,5.6,10.41,13,6,1,Normal
2024-01-25 20:55:00,USR-0263,3,56.5,72.73,12,1,1,Normal
2024-01-06 11:25:00,USR-0308,2,11.3,8.99,12,7,0,Normal
2024-01-10 00:40:00,USR-0334,4,21.8,11.29,16,1,0,Normal
2024-01-15 22:40:00,USR-0299,3,38.5,0.88,16,3,2,Normal
2024-01-23 21:20:00,USR-0308,4,34.4,3.28,13,4,0,Normal
2024-01-03 21:45:00,USR-0063,3,21.0,0.53,10,3,1,Normal
2024-01-09 03:10:00,USR-0392,1,25.8,8.39,17,2,0,Normal
2024-01-31 10:15:00,USR-0367,3,10.9,25.47,11,1,1,Normal
2024-02-01 13:10:00,USR-0019,3,29.5,2.85,14,7,0,Normal
2024-01-22 07:55:00,USR-0398,2,24.6,5.37,17,3,0,Normal
2024-01-09 03:50:00,USR-0098,4,25.2,0.69,14,5,1,Normal
2024-01-30 07:00:00,USR-0222,2,12.3,1.93,10,3,1,Normal
2024-01-11 12:35:00,USR-0113,4,35.4,10.94,12,6,1,Normal
2024-01-31 16:15:00,USR-0367,3,11.6,14.5,11,2,0,Normal
2024-01-02 09:25:00,USR-0251,4,45.6,1.15,17,4,0,Normal
2024-01-20 01:50:00,USR-0141,2,54.7,6.82,14,6,0,Normal
2024-01-12 23:25:00,USR-0041,0,35.8,19.64,14,7,1,Normal
2024-01-26 22:15:00,USR-0350,1,12.7,6.58,10,3,0,Normal
2024-01-16 08:55:00,USR-0124,1,37.1,5.01,14,4,0,Normal
2024-01-28 17:25:00,USR-0026,5,18.6,21.59,15,4,0,Normal
2024-01-03 04:55:00,USR-0276,3,22.6,5.17,13,7,0,Normal
2024-01-10 22:15:00,USR-0388,5,44.7,1.37,18,4,0,Normal
2024-01-01 21:55:00,USR-0231,1,18.4,16.7,9,6,1,Normal
2024-01-28 13:50:00,USR-0399,8,24.0,17.75,12,7,0,Normal
2024-02-04 05:05:00,USR-0369,15,99.2,186.56,3,21,8,Suspicious
2024-01-26 01:30:00,USR-0402,3,16.5,2.39,17,4,1,Normal
2024-02-04 05:40:00,USR-0317,31,88.2,525.32,1,22,7,Suspicious
2024-01-22 19:10:00,USR-0102,2,37.7,21.8,15,7,0,Normal
2024-02-01 22:55:00,USR-0121,15,98.8,159.02,5,46,6,Suspicious
2024-02-02 06:45:00,USR-0403,24,91.1,864.32,3,19,7,Suspicious
2024-01-26 21:50:00,USR-0072,3,45.5,0.66,10,3,0,Normal
2024-01-05 23:40:00,USR-0108,2,27.9,2.43,11,5,1,Normal
2024-01-16 20:50:00,USR-0472,5,36.5,8.05,19,2,1,Normal
2024-01-05 16:05:00,USR-0230,3,6.7,1.4,10,1,0,Normal
2024-01-07 15:15:00,USR-0140,1,35.2,6.0,14,5,0,Normal
2024-01-02 14:15:00,USR-0397,3,17.5,14.05,16,6,0,Normal
2024-01-29 10:35:00,USR-0259,1,27.1,2.28,11,4,0,Normal
2024-01-01 04:40:00,USR-0317,0,36.1,6.31,11,3,1,Normal
2024-01-07 19:15:00,USR-0481,5,33.6,33.84,17,3,0,Normal
2024-01-27 21:40:00,USR-0225,2,25.9,5.95,15,1,0,Normal
2024-01-02 06:10:00,USR-0198,4,27.4,11.48,19,1,1,Normal
2024-02-03 08:30:00,USR-0298,14,94.7,561.11,2,41,11,Suspicious
2024-01-09 15:55:00,USR-0360,4,9.3,26.67,14,3,2,Normal
2024-01-16 10:05:00,USR-0252,3,9.2,17.25,11,2,1,Normal
2024-01-01 07:40:00,USR-0349,5,36.6,7.49,9,5,0,Normal
2024-01-08 14:15:00,USR-0072,3,18.3,2.31,11,4,0,Normal
2024-01-25 11:10:00,USR-0498,4,18.9,22.53,10,5,1,Normal
2024-01-14 11:15:00,USR-0416,5,15.3,10.41,13,2,1,Normal
2024-01-19 07:45:00,USR-0012,3,53.0,11.0,11,2,1,Normal
2024-01-12 00:05:00,USR-0241,2,31.3,1.03,15,2,1,Normal
2024-01-07 09:05:00,USR-0132,4,18.0,17.78,15,1,0,Normal
2024-01-23 09:00:00,USR-0163,4,19.6,26.26,13,7,2,Normal
2024-01-28 05:05:00,USR-0383,6,49.1,18.26,11,3,0,Normal
2024-01-16 05:50:00,USR-0310,1,14.6,69.77,9,2,0,Normal
2024-01-02 14:00:00,USR-0101,4,26.1,21.35,19,2,0,Normal
2024-01-03 00:05:00,USR-0042,0,12.8,2.06,10,7,0,Normal
2024-01-29 01:20:00,USR-0037,2,11.3,28.55,9,6,0,Normal
2024-01-03 10:10:00,USR-0141,6,18.2,8.19,15,5,1,Normal
2024-01-03 15:25:00,USR-0314,1,44.5,7.19,11,1,0,Normal
2024-01-25 01:45:00,USR-0383,3,19.3,6.33,9,3,1,Normal
2024-02-04 02:45:00,USR-0289,21,87.2,101.68,1,43,4,Suspicious
2024-01-09 12:55:00,USR-0170,4,16.0,9.28,15,4,2,Normal
2024-01-27 05:10:00,USR-0022,1,15.2,12.58,15,1,0,Normal
2024-02-03 07:45:00,USR-0311,24,99.7,343.68,5,36,4,Suspicious
2024-01-26 20:35:00,USR-0349,2,24.1,18.28,18,2,0,Normal
2024-01-10 19:25:00,USR-0459,3,37.9,0.88,14,4,1,Normal
2024-01-21 01:50:00,USR-0005,2,23.0,19.96,12,4,1,Normal
2024-01-29 02:05:00,USR-0252,2,24.3,9.3,16,6,1,Normal
2024-02-04 01:20:00,USR-0140,15,87.7,169.95,0,16,8,Suspicious
2024-01-27 12:20:00,USR-0078,5,40.2,18.29,10,4,0,Normal
2024-02-03 13:40:00,USR-0435,29,85.0,190.13,2,49,7,Suspicious
2024-01-12 03:30:00,USR-0365,6,31.7,8.62,11,2,0,Normal
2024-01-20 17:00:00,USR-0096,2,45.4,14.22,11,2,1,Normal
2024-01-14 20:30:00,USR-0006,2,8.1,6.11,10,6,0,Normal
2024-01-03 07:45:00,USR-0013,6,71.8,10.38,19,6,0,Normal
2024-01-03 07:40:00,USR-0380,3,13.8,7.23,15,5,1,Normal
2024-01-28 22:05:00,USR-0442,3,48.7,68.51,14,7,0,Normal
2024-01-18 07:00:00,USR-0483,4,12.2,15.21,9,6,2,Normal
2024-02-02 17:05:00,USR-0086,30,96.6,198.31,2,34,8,Suspicious
2024-02-02 03:50:00,USR-0072,20,95.9,122.7,2,20,11,Suspicious
2024-02-01 22:50:00,USR-0091,27,99.5,342.18,2,16,13,Suspicious
2024-01-04 02:30:00,USR-0469,5,8.9,39.5,14,1,1,Normal
2024-01-20 04:10:00,USR-0329,3,6.6,17.77,14,2,0,Normal
2024-01-20 10:00:00,USR-0301,4,14.4,4.98,10,3,0,Normal
2024-01-18 02:50:00,USR-0374,5,32.1,2.55,12,6,0,Normal
2024-01-23 16:40:00,USR-0153,5,33.7,14.33,9,1,1,Normal
2024-01-12 02:20:00,USR-0387,0,33.3,27.11,9,2,0,Normal
2024-01-05 13:50:00,USR-0489,5,37.3,2.06,12,3,0,Normal
2024-01-06 14:20:00,USR-0069,5,23.4,7.1,12,4,0,Normal
2024-01-17 19:55:00,USR-0038,4,9.5,32.39,12,6,0,Normal
2024-01-15 10:30:00,USR-0428,3,34.5,4.01,13,3,0,Normal
2024-01-26 18:30:00,USR-0127,2,14.7,14.61,18,5,0,Normal
2024-01-10 00:05:00,USR-0131,3,7.1,0.87,16,3,1,Normal
2024-01-12 15:30:00,USR-0087,3,53.9,10.23,7,5,1,Normal
2024-01-01 23:00:00,USR-0266,5,49.7,22.05,11,6,1,Normal
2024-01-20 02:45:00,USR-0337,1,9.6,11.37,12,2,0,Normal
2024-01-31 15:30:00,USR-0140,1,6.1,48.69,11,2,0,Normal
2024-01-26 14:40:00,USR-0048,1,29.2,52.07,11,1,0,Normal
2024-01-23 10:15:00,USR-0119,3,37.6,9.26,13,1,0,Normal
2024-02-03 17:50:00,USR-0224,29,87.7,340.75,2,34,15,Suspicious
2024-01-02 17:00:00,USR-0164,5,35.0,66.42,17,4,0,Normal
2024-01-09 02:15:00,USR-0302,5,41.0,0.83,16,4,0,Normal
2024-02-02 22:40:00,USR-0276,30,97.3,769.03,2,32,5,Suspicious
2024-01-16 10:15:00,USR-0113,3,41.9,4.75,15,1,0,Normal
2024-02-02 18:20:00,USR-0080,26,93.5,307.28,2,17,10,Suspicious
2024-01-11 03:10:00,USR-0169,2,16.8,8.23,13,7,0,Normal
2024-01-22 04:35:00,USR-0429,4,9.4,2.01,14,7,0,Normal
2024-02-03 06:20:00,USR-0066,27,96.1,221.21,3,20,8,Suspicious
2024-02-04 01:45:00,USR-0069,25,86.6,619.2,2,44,12,Suspicious
2024-01-31 05:20:00,USR-0391,4,25.0,26.3,10,3,0,Normal
2024-01-06 12:40:00,USR-0057,1,19.2,21.69,10,6,0,Normal
2024-01-01 15:05:00,USR-0019,1,10.1,28.39,13,5,0,Normal
2024-02-03 21:40:00,USR-0347,20,97.8,202.75,3,31,10,Suspicious
2024-01-21 22:00:00,USR-0221,2,50.4,13.78,8,7,0,Normal
2024-01-25 23:55:00,USR-0074,3,35.0,1.54,10,2,1,Normal
2024-01-27 17:55:00,USR-0316,3,14.6,33.65,11,4,0,Normal
2024-01-12 09:15:00,USR-0238,7,11.9,13.9,11,5,0,Normal
2024-01-08 14:50:00,USR-0216,3,27.5,9.63,15,1,1,Normal
2024-01-25 02:10:00,USR-0338,3,17.3,3.14,11,2,0,Normal
2024-01-27 03:45:00,USR-0326,2,14.0,52.29,9,7,0,Normal
2024-01-22 06:55:00,USR-0396,1,11.0,16.56,14,4,0,Normal
2024-01-27 06:00:00,USR-0266,4,36.7,15.32,15,5,3,Normal
2024-01-17 21:30:00,USR-0265,8,10.2,1.02,11,7,0,Normal
2024-01-26 20:10:00,USR-0013,3,29.0,27.02,15,3,0,Normal
2024-01-17 08:35:00,USR-0443,1,21.5,6.82,15,3,0,Normal
2024-01-01 04:45:00,USR-0235,3,28.6,26.09,13,1,0,Normal
2024-01-30 05:35:00,USR-0224,3,33.2,6.96,10,4,0,Normal
2024-01-18 20:20:00,USR-0245,3,46.7,11.57,12,4,0,Normal
2024-01-25 06:00:00,USR-0438,5,11.3,8.17,19,5,1,Normal
2024-01-01 12:40:00,USR-0096,1,46.4,18.23,18,2,2,Normal
2024-01-10 03:20:00,USR-0182,4,32.1,26.74,11,4,1,Normal
2024-01-16 03:05:00,USR-0285,2,34.1,21.62,10,2,1,Normal
2024-01-31 03:10:00,USR-0475,2,41.5,3.35,9,7,0,Normal
2024-01-05 23:20:00,USR-0086,3,23.1,66.16,13,2,0,Normal
2024-02-02 15:00:00,USR-0485,22,94.9,396.2,0,32,9,Suspicious
2024-01-03 01:30:00,USR-0016,6,26.6,1.61,16,1,0,Normal
2024-01-12 12:45:00,USR-0199,2,27.7,17.29,13,2,1,Normal
2024-02-03 12:45:00,USR-0212,23,96.1,332.91,3,46,9,Suspicious
2024-01-17 10:20:00,USR-0295,3,35.6,8.62,11,6,0,Normal
2024-01-08 18:55:00,USR-0327,2,13.6,22.37,12,7,0,Normal
2024-01-16 05:30:00,USR-0310,1,22.2,46.34,16,5,0,Normal
2024-01-06 15:55:00,USR-0179,6,39.6,7.85,11,5,0,Normal
2024-01-24 23:00:00,USR-0318,5,31.7,12.32,10,5,1,Normal
2024-01-21 17:10:00,USR-0183,1,22.7,11.75,14,4,1,Normal
2024-01-30 18:50:00,USR-0142,2,39.4,52.32,9,7,0,Normal
2024-01-23 20:05:00,USR-0378,3,31.4,1.55,11,3,2,Normal
2024-01-24 18:55:00,USR-0059,2,13.9,19.24,15,2,0,Normal
2024-01-17 21:05:00,USR-0222,1,30.7,10.37,13,4,0,Normal
2024-01-13 16:00:00,USR-0167,4,23.4,7.64,17,1,0,Normal
2024-01-28 23:55:00,USR-0064,6,10.0,56.48,11,6,0,Normal
2024-01-29 00:55:00,USR-0487,10,39.2,33.33,9,4,0,Normal
2024-02-01 17:35:00,USR-0026,5,35.9,36.28,13,7,1,Normal
2024-01-12 23:55:00,USR-0117,1,10.9,64.95,11,7,1,Normal
2024-01-02 01:05:00,USR-0434,3,17.0,10.64,7,7,0,Normal
2024-01-10 16:20:00,USR-0181,2,14.2,13.35,10,2,0,Normal
2024-01-20 08:25:00,USR-0264,5,26.9,12.91,15,2,0,Normal
2024-01-02 15:05:00,USR-0285,2,9.1,21.86,13,3,0,Normal
2024-01-08 18:20:00,USR-0071,2,22.8,48.54,9,5,1,Normal
2024-01-02 03:50:00,USR-0105,3,25.9,9.36,15,3,0,Normal
2024-01-27 15:10:00,USR-0267,3,17.8,55.34,12,2,0,Normal
2024-01-14 17:30:00,USR-0319,3,29.3,1.51,17,1,0,Normal
2024-01-30 09:40:00,USR-0157,3,11.6,5.67,12,3,0,Normal
2024-01-11 21:15:00,USR-0008,1,24.2,5.23,12,4,0,Normal
2024-01-20 14:00:00,USR-0003,1,42.2,2.49,11,4,0,Normal
2024-01-04 09:15:00,USR-0395,5,13.2,50.6,12,4,0,Normal
2024-01-26 03:20:00,USR-0033,2,15.6,22.06,19,1,0,Normal
2024-01-30 21:35:00,USR-0186,2,19.1,14.77,15,6,0,Normal
2024-01-19 08:45:00,USR-0486,2,41.1,30.78,11,5,1,Normal
2024-01-14 02:05:00,USR-0466,2,6.8,5.73,10,2,0,Normal
2024-01-18 11:00:00,USR-0364,3,34.1,4.58,15,1,0,Normal
2024-02-03 03:00:00,USR-0255,25,87.1,356.39,1,38,8,Suspicious
2024-01-07 23:20:00,USR-0461,1,37.3,11.02,17,5,0,Normal
2024-02-03 12:05:00,USR-0368,17,90.6,186.35,3,45,9,Suspicious
2024-02-04 08:00:00,USR-0136,22,95.7,917.26,4,41,7,Suspicious
2024-01-24 21:15:00,USR-0009,4,29.1,19.04,12,4,1,Normal
2024-01-25 08:30:00,USR-0424,2,34.9,4.91,10,2,1,Normal
2024-01-28 13:45:00,USR-0469,2,31.0,8.12,15,6,0,Normal
2024-01-18 13:35:00,USR-0020,2,25.4,23.18,14,3,1,Normal
2024-01-21 01:35:00,USR-0042,1,36.6,7.08,13,2,0,Normal
2024-01-28 00:25:00,USR-0378,3,26.2,29.23,13,4,0,Normal
2024-01-02 15:00:00,USR-0450,3,44.0,49.15,11,2,0,Normal
2024-01-31 13:15:00,USR-0473,2,36.9,35.22,15,6,0,Normal
2024-01-14 18:35:00,USR-0197,4,9.7,9.72,9,7,0,Normal
2024-01-05 18:45:00,USR-0117,2,37.5,11.3,10,3,0,Normal
2024-02-01 23:15:00,USR-0004,25,86.4,335.08,0,36,5,Suspicious
2024-01-14 13:20:00,USR-0062,4,30.3,42.12,10,5,1,Normal
2024-01-02 15:25:00,USR-0019,1,18.7,18.28,7,4,0,Normal
2024-01-29 19:25:00,USR-0165,2,22.2,16.49,15,5,0,Normal
2024-01-07 06:15:00,USR-0192,3,36.2,9.18,10,3,0,Normal
2024-01-14 07:50:00,USR-0401,2,11.6,25.96,17,3,0,Normal
2024-01-18 15:35:00,USR-0109,1,35.7,29.52,12,6,2,Normal
2024-01-30 00:40:00,USR-0292,1,29.0,9.28,12,4,1,Normal
2024-01-05 14:40:00,USR-0348,2,20.1,3.09,12,5,0,Normal
2024-01-25 12:05:00,USR-0493,6,12.3,1.29,17,6,1,Normal
2024-01-16 10:35:00,USR-0364,0,9.4,13.78,13,5,1,Normal
2024-02-02 12:15:00,USR-0240,19,94.5,607.14,2,43,9,Suspicious
2024-01-10 22:50:00,USR-0414,3,10.3,33.57,13,7,2,Normal
2024-01-21 04:45:00,USR-0151,1,25.1,18.46,10,2,0,Normal
2024-01-30 20:20:00,USR-0499,1,29.3,2.66,8,2,0,Normal
2024-01-25 06:30:00,USR-0077,3,19.0,17.3,17,1,0,Normal
2024-01-28 09:00:00,USR-0084,3,24.8,4.6,9,2,1,Normal
2024-01-15 22:05:00,USR-0291,2,41.7,2.92,9,7,2,Normal
2024-01-11 21:10:00,USR-0168,5,47.5,5.51,11,5,0,Normal
2024-01-12 09:40:00,USR-0053,2,12.9,37.92,14,5,0,Normal
2024-01-26 02:45:00,USR-0167,1,20.8,11.57,10,5,1,Normal
2024-01-07 18:55:00,USR-0287,1,45.6,2.39,19,3,0,Normal
2024-02-04 12:35:00,USR-0033,24,97.9,183.42,1,25,11,Suspicious
2024-01-21 16:05:00,USR-0451,6,60.0,1.89,11,3,0,Normal
2024-01-22 14:10:00,USR-0227,3,26.6,13.26,19,7,1,Normal
2024-02-01 14:25:00,USR-0343,3,28.2,13.37,15,3,0,Normal
2024-01-02 17:15:00,USR-0488,4,20.5,19.61,9,7,2,Normal
2024-01-14 06:20:00,USR-0315,5,26.4,3.0,18,6,0,Normal
2024-01-26 02:15:00,USR-0346,4,13.7,1.94,13,2,0,Normal
2024-01-11 22:20:00,USR-0201,6,12.0,8.07,10,2,0,Normal
2024-01-15 12:55:00,USR-0417,2,46.4,26.15,9,6,0,Normal
2024-01-14 14:45:00,USR-0101,3,25.1,15.31,10,7,0,Normal
2024-01-23 00:50:00,USR-0476,2,43.5,31.06,10,1,0,Normal
2024-01-19 00:30:00,USR-0159,2,26.1,13.61,8,6,0,Normal
2024-01-22 19:15:00,USR-0172,2,11.3,7.55,11,5,0,Normal
2024-01-29 17:00:00,USR-0028,3,35.2,7.42,17,3,0,Normal
2024-01-12 05:10:00,USR-0218,4,28.9,6.54,9,5,0,Normal
2024-02-02 07:15:00,USR-0034,16,87.2,279.22,0,34,8,Suspicious
2024-01-25 22:20:00,USR-0305,1,37.6,7.0,11,5,1,Normal
2024-01-22 04:50:00,USR-0115,5,23.3,24.97,16,6,1,Normal
2024-02-03 16:20:00,USR-0261,20,85.5,189.86,0,48,17,Suspicious
2024-01-24 17:05:00,USR-0096,2,41.3,5.43,13,2,1,Normal
2024-01-19 15:05:00,USR-0244,8,23.8,17.58,18,7,0,Normal
2024-01-23 20:10:00,USR-0172,4,36.9,14.0,19,7,3,Normal
2024-02-04 13:25:00,USR-0161,16,94.7,606.83,1,44,7,Suspicious
2024-01-30 17:10:00,USR-0323,3,36.1,1.65,10,6,2,Normal
2024-01-11 20:15:00,USR-0135,2,19.1,1.01,13,6,1,Normal
2024-01-20 19:10:00,USR-0175,3,13.3,3.57,8,4,1,Normal
2024-01-11 22:40:00,USR-0360,1,10.0,2.21,11,7,0,Normal
2024-01-10 11:50:00,USR-0123,1,28.7,22.1,16,7,0,Normal
2024-01-04 02:35:00,USR-0342,0,51.7,6.25,12,7,1,Normal
2024-02-01 18:15:00,USR-0063,4,18.6,21.09,14,3,0,Normal
2024-01-07 21:20:00,USR-0460,3,29.2,43.4,13,3,0,Normal
2024-01-26 12:40:00,USR-0242,0,34.6,5.73,13,4,1,Normal
2024-01-20 02:50:00,USR-0038,5,56.3,2.62,11,4,2,Normal
2024-02-03 00:15:00,USR-0152,22,98.1,237.11,2,39,12,Suspicious
2024-01-15 15:55:00,USR-0149,2,34.2,118.14,9,1,0,Normal
2024-01-19 01:10:00,USR-0090,2,26.1,9.17,7,3,0,Normal
2024-01-27 01:45:00,USR-0202,13,16.9,2.96,9,3,0,Normal
2024-01-13 22:00:00,USR-0130,4,19.8,5.88,12,2,0,Normal
2024-01-31 03:40:00,USR-0321,2,21.2,12.71,17,6,1,Normal
2024-01-20 15:25:00,USR-0500,3,34.5,10.16,15,5,1,Normal
2024-01-23 23:40:00,USR-0085,1,34.4,5.24,19,5,0,Normal
2024-01-07 13:35:00,USR-0289,2,37.5,1.91,13,4,3,Normal
2024-01-08 02:15:00,USR-0411,2,13.9,45.66,16,5,0,Normal
2024-01-29 13:25:00,USR-0410,1,29.1,18.36,13,1,0,Normal
2024-01-07 22:40:00,USR-0203,4,24.8,18.03,10,2,1,Normal
2024-01-12 06:30:00,USR-0203,2,6.2,8.7,15,2,0,Normal
2024-01-13 03:30:00,USR-0071,2,24.1,29.49,11,4,0,Normal
2024-01-22 09:05:00,USR-0268,4,8.7,15.5,16,7,0,Normal
2024-02-03 03:55:00,USR-0361,25,97.5,104.58,2,39,10,Suspicious
2024-01-18 06:10:00,USR-0493,2,13.4,44.25,14,5,0,Normal
2024-01-07 14:50:00,USR-0419,1,17.3,2.39,11,7,0,Normal
2024-01-23 14:45:00,USR-0293,5,11.8,20.01,11,4,0,Normal
2024-01-18 10:05:00,USR-0359,3,11.2,8.69,14,4,0,Normal
2024-01-20 21:15:00,USR-0100,4,13.4,49.64,13,7,0,Normal
2024-01-21 13:50:00,USR-0459,1,31.4,24.36,9,1,1,Normal
2024-01-21 02:05:00,USR-0308,3,15.2,15.78,14,7,0,Normal
2024-01-03 19:55:00,USR-0417,1,20.6,15.45,7,6,3,Normal
2024-01-23 22:10:00,USR-0388,0,46.0,3.17,9,4,1,Normal
2024-01-02 01:20:00,USR-0281,2,46.6,1.2,9,2,0,Normal
2024-02-01 01:45:00,USR-0114,3,41.3,4.19,9,6,3,Normal
2024-01-14 14:35:00,USR-0444,5,26.5,8.5,17,4,1,Normal
2024-01-01 13:25:00,USR-0438,5,50.6,41.53,11,3,0,Normal
2024-02-01 22:10:00,USR-0274,3,23.2,14.31,10,4,1,Normal
2024-01-04 23:35:00,USR-0465,2,39.3,16.97,18,6,0,Normal
2024-01-14 01:50:00,USR-0448,4,22.4,5.86,10,6,2,Normal
2024-01-04 01:05:00,USR-0432,3,29.1,9.04,12,7,1,Normal
2024-01-19 00:05:00,USR-0351,3,14.1,5.69,12,1,2,Normal
2024-01-30 14:25:00,USR-0019,3,32.3,3.67,12,5,0,Normal
2024-01-15 10:40:00,USR-0296,1,14.8,15.05,13,5,0,Normal
2024-01-18 03:20:00,USR-0413,3,49.8,8.56,16,4,1,Normal
2024-02-01 00:25:00,USR-0473,3,21.2,7.43,14,3,0,Normal
2024-01-09 23:30:00,USR-0413,1,21.7,44.62,13,1,1,Normal
2024-01-12 23:20:00,USR-0191,2,49.7,10.28,14,7,1,Normal
2024-01-15 19:30:00,USR-0187,1,29.7,106.36,14,2,0,Normal
2024-01-04 16:25:00,USR-0178,2,25.7,6.28,12,2,1,Normal
2024-01-31 01:35:00,USR-0103,3,45.6,2.38,8,7,0,Normal
2024-01-28 09:35:00,USR-0011,0,20.8,13.22,9,4,1,Normal
2024-01-29 11:55:00,USR-0063,1,22.2,13.72,13,4,0,Normal
2024-01-25 20:05:00,USR-0204,3,48.7,29.64,11,1,1,Normal
2024-02-01 19:15:00,USR-0442,4,12.0,7.23,15,7,0,Normal
2024-01-09 17:40:00,USR-0242,8,38.9,3.45,18,4,2,Normal
2024-01-31 21:15:00,USR-0049,3,37.8,1.61,13,4,0,Normal
2024-01-25 17:10:00,USR-0311,3,12.5,8.95,13,5,1,Normal
2024-02-02 17:30:00,USR-0497,22,95.8,216.95,4,29,8,Suspicious
2024-01-01 02:15:00,USR-0292,1,60.5,13.18,18,3,1,Normal
2024-01-30 12:30:00,USR-0039,2,24.9,4.0,11,1,0,Normal
2024-01-21 23:05:00,USR-0443,5,16.2,1.9,10,5,0,Normal
2024-01-14 15:30:00,USR-0144,4,45.1,49.54,12,7,0,Normal
2024-01-24 04:20:00,USR-0178,1,18.3,9.54,13,7,1,Normal
2024-01-11 03:50:00,USR-0273,3,36.7,2.93,10,3,0,Normal
2024-01-31 00:20:00,USR-0193,1,39.1,11.23,11,6,2,Normal
2024-01-11 11:30:00,USR-0329,2,32.6,2.19,9,2,1,Normal
2024-01-19 11:25:00,USR-0149,4,40.7,2.99,9,3,1,Normal
2024-01-14 18:05:00,USR-0457,2,23.3,12.37,10,2,0,Normal
2024-01-16 03:40:00,USR-0155,4,19.3,43.92,11,1,1,Normal
2024-01-30 09:10:00,USR-0420,3,22.7,18.02,13,3,0,Normal
2024-01-14 22:40:00,USR-0373,2,18.6,30.75,11,2,0,Normal
2024-01-09 11:10:00,USR-0041,4,33.0,2.97,9,2,0,Normal
2024-01-25 11:55:00,USR-0137,3,29.2,31.02,10,2,0,Normal
2024-01-30 19:35:00,USR-0420,2,25.1,11.62,11,6,0,Normal
2024-01-20 06:35:00,USR-0022,2,21.0,9.73,13,4,0,Normal
2024-01-22 13:50:00,USR-0085,1,29.2,13.09,7,2,1,Normal
2024-01-13 17:55:00,USR-0348,3,17.9,10.62,7,4,0,Normal
2024-01-29 01:00:00,USR-0082,2,46.7,56.43,12,3,0,Normal
2024-01-03 21:15:00,USR-0087,3,11.3,0.72,15,2,0,Normal
2024-01-21 12:50:00,USR-0425,4,12.1,2.58,16,6,0,Normal
2024-01-07 14:55:00,USR-0105,2,39.6,23.04,10,6,2,Normal
2024-01-06 07:45:00,USR-0250,4,48.4,1.74,10,3,0,Normal
2024-01-01 16:30:00,USR-0237,4,36.8,35.21,8,5,1,Normal
2024-02-04 06:20:00,USR-0187,22,96.7,153.9,1,33,5,Suspicious
2024-01-29 20:35:00,USR-0222,1,31.7,8.02,16,5,1,Normal
2024-01-01 07:20:00,USR-0037,7,34.7,41.45,8,5,0,Normal
2024-01-01 03:20:00,USR-0072,4,11.2,31.5,13,7,0,Normal
2024-01-27 07:35:00,USR-0080,4,58.6,8.64,11,5,1,Normal
2024-01-26 05:35:00,USR-0453,3,31.7,9.52,13,5,0,Normal
2024-01-25 01:50:00,USR-0216,4,37.0,12.77,12,5,1,Normal
2024-01-31 11:40:00,USR-0454,6,51.5,5.18,10,7,0,Normal
2024-01-05 21:55:00,USR-0426,3,14.2,42.85,11,5,0,Normal
2024-01-02 06:30:00,USR-0496,4,13.8,2.95,9,3,1,Normal
2024-01-02 16:40:00,USR-0492,4,37.1,6.51,17,5,1,Normal
2024-01-07 11:20:00,USR-0021,3,23.7,20.46,12,2,1,Normal
2024-01-23 14:20:00,USR-0475,5,16.3,11.49,16,6,0,Normal
2024-01-16 20:00:00,USR-0424,5,27.5,21.02,16,6,0,Normal
2024-01-25 13:25:00,USR-0249,7,15.1,4.1,10,5,0,Normal
2024-01-31 08:30:00,USR-0306,5,47.8,6.48,11,1,0,Normal
2024-01-06 18:20:00,USR-0496,3,15.0,6.75,10,5,1,Normal
2024-01-05 22:30:00,USR-0347,4,36.1,7.42,12,2,0,Normal
2024-01-09 14:00:00,USR-0463,3,14.4,14.18,15,3,0,Normal
2024-01-16 03:25:00,USR-0196,4,19.2,35.47,9,6,0,Normal
2024-01-06 09:20:00,USR-0022,4,35.3,62.61,15,6,1,Normal
2024-02-01 22:35:00,USR-0431,4,42.5,5.35,12,3,1,Normal
2024-01-20 03:15:00,USR-0348,4,18.0,1.37,16,5,1,Normal
2024-01-31 06:15:00,USR-0341,6,19.8,4.13,9,6,1,Normal
2024-01-28 02:50:00,USR-0481,3,43.8,44.13,17,3,1,Normal
2024-01-06 12:00:00,USR-0455,8,30.4,2.59,10,5,0,Normal
2024-02-02 23:05:00,USR-0493,15,97.6,693.73,4,40,5,Suspicious
2024-01-10 16:35:00,USR-0257,3,32.3,13.47,16,1,1,Normal
2024-01-27 03:55:00,USR-0219,4,30.5,8.47,10,6,1,Normal
2024-01-12 15:25:00,USR-0400,4,7.9,4.28,10,1,0,Normal
2024-01-16 13:00:00,USR-0469,4,47.6,19.94,16,3,0,Normal
2024-01-09 13:40:00,USR-0180,2,33.4,74.04,15,5,0,Normal
2024-01-07 20:35:00,USR-0312,3,23.7,3.2,15,6,0,Normal
2024-01-01 00:25:00,USR-0007,3,15.2,55.28,19,2,2,Normal
2024-01-22 10:15:00,USR-0194,5,22.0,70.86,16,6,0,Normal
2024-01-24 11:55:00,USR-0352,0,11.5,2.43,11,4,1,Normal
2024-01-18 08:45:00,USR-0061,1,32.9,1.84,11,3,1,Normal
2024-01-09 11:45:00,USR-0250,1,15.0,8.02,19,3,1,Normal
2024-01-09 23:10:00,USR-0496,3,44.3,23.67,9,4,1,Normal
2024-01-06 18:25:00,USR-0395,5,20.7,12.06,9,1,0,Normal
2024-01-15 00:35:00,USR-0190,2,12.3,41.54,16,4,3,Normal
2024-01-28 09:15:00,USR-0038,1,21.9,9.7,17,5,0,Normal
2024-01-09 17:20:00,USR-0142,3,28.8,6.85,9,6,1,Normal
2024-01-03 19:30:00,USR-0009,2,17.2,20.25,9,6,1,Normal
2024-01-30 06:40:00,USR-0207,1,28.5,3.52,14,1,1,Normal
2024-01-29 17:45:00,USR-0487,5,39.3,28.1,11,6,0,Normal
2024-01-05 21:30:00,USR-0093,7,27.3,2.26,15,6,0,Normal
2024-01-13 19:55:00,USR-0461,3,46.1,11.42,9,4,0,Normal
2024-01-30 06:25:00,USR-0252,2,29.3,5.28,14,3,0,Normal
2024-01-25 22:50:00,USR-0421,2,38.5,8.77,10,4,0,Normal
2024-01-14 13:00:00,USR-0301,4,14.2,6.35,8,2,2,Normal
2024-01-14 11:30:00,USR-0261,2,32.4,21.51,8,5,1,Normal
2024-02-02 02:50:00,USR-0401,24,93.2,655.47,3,22,10,Suspicious
2024-01-17 14:55:00,USR-0435,3,25.6,0.6,10,3,0,Normal
2024-01-28 04:30:00,USR-0012,4,34.3,2.17,12,2,1,Normal
2024-01-10 10:35:00,USR-0390,3,19.8,5.77,9,4,0,Normal
2024-01-15 15:10:00,USR-0205,6,33.4,40.5,10,1,0,Normal
2024-01-30 21:45:00,USR-0333,3,18.5,4.06,14,6,0,Normal
2024-01-15 19:05:00,USR-0126,4,40.1,7.25,10,2,0,Normal
2024-01-18 00:55:00,USR-0236,3,23.5,10.78,15,5,0,Normal
2024-01-04 18:40:00,USR-0213,1,65.0,37.98,12,6,0,Normal
2024-01-20 18:45:00,USR-0092,1,44.2,26.73,15,3,0,Normal
2024-01-31 04:35:00,USR-0225,4,21.1,8.79,13,3,2,Normal
2024-01-05 03:45:00,USR-0313,3,35.7,24.98,18,6,0,Normal
2024-01-15 11:05:00,USR-0020,1,12.6,44.2,17,3,0,Normal
2024-01-18 11:10:00,USR-0167,2,50.2,9.42,8,4,1,Normal
2024-01-08 08:40:00,USR-0134,1,28.5,3.26,13,3,1,Normal
2024-01-30 06:10:00,USR-0005,3,11.8,13.42,13,5,2,Normal
2024-02-01 19:45:00,USR-0231,2,37.0,9.67,7,3,0,Normal
2024-02-01 07:45:00,USR-0074,3,21.7,4.78,17,3,1,Normal
2024-01-03 20:05:00,USR-0293,9,25.2,45.92,16,5,0,Normal
2024-01-24 12:40:00,USR-0404,1,26.8,14.77,10,4,0,Normal
2024-01-28 21:10:00,USR-0136,3,29.9,68.45,11,3,0,Normal
2024-01-03 04:25:00,USR-0153,0,17.0,15.11,11,6,0,Normal
2024-01-17 07:20:00,USR-0282,4,27.4,30.67,16,4,0,Normal
2024-01-22 09:15:00,USR-0153,2,16.1,3.91,9,7,2,Normal
2024-01-21 13:05:00,USR-0366,1,24.3,4.13,11,2,0,Normal
2024-01-04 19:20:00,USR-0460,2,31.0,12.57,14,7,1,Normal
2024-01-27 16:40:00,USR-0122,3,18.2,49.7,14,7,2,Normal
2024-01-23 11:20:00,USR-0441,1,10.7,1.88,10,3,0,Normal
2024-02-04 17:15:00,USR-0405,23,94.2,184.96,0,30,6,Suspicious
2024-01-20 18:20:00,USR-0247,5,29.6,14.64,16,6,0,Normal
2024-01-09 03:20:00,USR-0009,1,38.9,52.65,9,2,0,Normal
2024-02-04 03:20:00,USR-0043,16,94.2,784.89,4,43,7,Suspicious
2024-01-17 16:55:00,USR-0120,3,50.7,35.69,10,6,0,Normal
2024-01-08 01:05:00,USR-0428,5,19.9,4.87,11,4,0,Normal
2024-01-20 20:30:00,USR-0036,2,24.9,13.37,12,2,0,Normal
2024-01-12 13:40:00,USR-0397,4,41.9,29.62,11,6,0,Normal
2024-01-13 13:20:00,USR-0098,3,44.4,16.17,17,3,0,Normal
2024-01-26 06:35:00,USR-0439,3,18.1,1.81,8,5,0,Normal
2024-01-06 18:55:00,USR-0018,4,64.6,27.71,13,3,0,Normal
2024-01-27 23:35:00,USR-0246,4,20.6,7.37,8,6,1,Normal
2024-01-03 16:00:00,USR-0467,3,33.7,8.37,17,2,1,Normal
2024-01-27 11:20:00,USR-0180,2,15.8,22.55,9,2,1,Normal
2024-02-03 11:05:00,USR-0142,14,85.5,557.11,2,49,7,Suspicious
2024-01-22 15:50:00,USR-0376,2,34.6,14.58,17,7,0,Normal
2024-02-02 01:20:00,USR-0248,17,90.7,215.58,4,47,10,Suspicious
2024-01-31 03:30:00,USR-0095,4,25.9,0.62,8,4,0,Normal
2024-01-10 12:40:00,USR-0401,1,20.0,17.58,18,6,2,Normal
2024-01-10 23:55:00,USR-0165,5,17.9,19.95,17,2,0,Normal
2024-01-02 10:55:00,USR-0381,1,41.7,5.79,14,3,0,Normal
2024-01-23 21:45:00,USR-0027,2,36.1,13.52,13,6,1,Normal
2024-01-17 04:20:00,USR-0070,5,28.5,4.44,8,6,0,Normal
2024-01-27 12:10:00,USR-0253,5,36.6,5.11,17,3,1,Normal
2024-01-19 00:20:00,USR-0255,3,30.3,40.12,17,4,0,Normal
2024-01-18 13:30:00,USR-0065,1,29.6,6.4,17,7,1,Normal
2024-01-22 11:10:00,USR-0366,5,49.8,1.65,7,4,1,Normal
2024-01-06 20:50:00,USR-0367,2,34.3,33.0,19,2,1,Normal
2024-01-23 12:40:00,USR-0407,2,28.5,24.39,8,6,0,Normal
2024-01-07 17:50:00,USR-0295,3,46.8,1.47,9,2,1,Normal
2024-01-18 17:30:00,USR-0331,0,16.2,13.21,10,4,0,Normal
2024-01-17 01:00:00,USR-0484,2,43.3,7.37,16,4,0,Normal
2024-01-18 01:50:00,USR-0468,2,22.0,8.44,13,7,0,Normal
2024-01-11 01:55:00,USR-0447,2,12.6,3.71,12,7,0,Normal
2024-01-18 02:10:00,USR-0190,1,44.2,5.63,8,6,1,Normal
2024-01-25 23:40:00,USR-0227,0,10.7,38.18,9,7,0,Normal
2024-02-02 06:00:00,USR-0381,22,93.2,163.85,3,19,8,Suspicious
2024-02-02 23:30:00,USR-0102,28,93.0,164.66,3,16,6,Suspicious
2024-01-25 03:35:00,USR-0422,4,24.5,9.99,13,5,0,Normal
2024-01-29 06:45:00,USR-0425,2,23.3,7.73,9,5,0,Normal
2024-02-03 02:35:00,USR-0190,27,86.5,349.85,2,46,10,Suspicious
2024-01-29 14:05:00,USR-0143,2,35.3,41.75,15,6,1,Normal
2024-01-20 19:35:00,USR-0419,3,13.2,4.14,11,3,2,Normal
2024-01-28 18:45:00,USR-0095,2,25.8,51.11,10,7,1,Normal
2024-01-09 05:35:00,USR-0124,1,24.7,6.08,11,7,0,Normal
2024-01-06 05:45:00,USR-0335,4,46.1,17.84,10,7,1,Normal
2024-02-03 09:30:00,USR-0180,17,89.9,387.6,2,27,9,Suspicious
2024-01-20 19:55:00,USR-0370,1,43.9,4.18,13,3,0,Normal
2024-01-22 17:00:00,USR-0408,5,28.9,26.12,16,1,0,Normal
2024-01-29 04:00:00,USR-0271,0,18.9,29.71,19,5,0,Normal
2024-01-29 23:15:00,USR-0413,2,30.3,35.64,15,2,0,Normal
2024-01-17 02:15:00,USR-0448,4,30.8,6.28,8,2,1,Normal
2024-01-13 01:00:00,USR-0230,1,40.1,5.57,15,4,0,Normal
2024-01-09 23:05:00,USR-0465,2,25.3,1.88,14,1,0,Normal
2024-01-13 20:55:00,USR-0004,1,47.6,18.21,13,5,2,Normal
2024-02-01 22:40:00,USR-0492,29,92.8,312.03,0,39,10,Suspicious
2024-01-11 14:40:00,USR-0032,1,17.8,6.98,14,4,0,Normal
2024-01-28 12:55:00,USR-0138,3,11.8,3.9,15,6,0,Normal
2024-01-15 15:05:00,USR-0031,5,26.9,1.63,17,2,0,Normal
2024-01-27 04:00:00,USR-0475,2,8.7,72.67,10,5,0,Normal
2024-01-10 13:10:00,USR-0375,3,29.4,4.49,15,2,0,Normal
2024-01-05 02:15:00,USR-0046,3,24.1,16.49,13,6,1,Normal
2024-01-04 23:10:00,USR-0017,4,29.0,7.05,11,1,0,Normal
2024-01-25 14:55:00,USR-0246,1,28.7,3.53,9,5,0,Normal
2024-01-02 13:05:00,USR-0384,2,42.0,6.13,9,4,0,Normal
2024-01-14 03:10:00,USR-0096,5,33.4,16.7,11,2,1,Normal
2024-02-03 10:40:00,USR-0189,22,87.9,692.19,1,23,7,Suspicious
2024-02-03 18:00:00,USR-0217,22,85.8,391.55,1,39,9,Suspicious
2024-02-04 03:40:00,USR-0366,17,96.2,189.24,4,24,7,Suspicious
2024-01-13 14:10:00,USR-0243,4,16.0,7.7,8,1,1,Normal
2024-01-30 10:10:00,USR-0310,2,6.8,2.14,13,2,0,Normal
2024-01-22 10:40:00,USR-0337,4,24.5,6.37,11,3,1,Normal
2024-01-30 08:50:00,USR-0321,2,35.6,1.69,14,3,0,Normal
2024-01-05 09:50:00,USR-0258,0,8.4,4.03,11,3,1,Normal
2024-01-26 19:50:00,USR-0182,2,20.4,4.21,14,1,0,Normal
2024-01-24 12:25:00,USR-0276,3,25.4,23.36,11,2,1,Normal
2024-01-05 12:20:00,USR-0112,9,13.7,6.29,12,6,0,Normal
2024-01-25 15:35:00,USR-0333,1,49.3,3.75,18,2,0,Normal
2024-01-24 08:50:00,USR-0233,2,40.3,34.09,10,5,0,Normal
2024-01-07 10:00:00,USR-0120,4,19.0,2.36,15,3,0,Normal
2024-01-13 08:30:00,USR-0346,6,37.3,12.55,13,6,0,Normal
2024-01-22 07:40:00,USR-0497,5,31.6,7.65,11,5,1,Normal
2024-01-24 03:00:00,USR-0059,0,33.8,4.33,10,1,1,Normal
2024-02-02 08:55:00,USR-0276,22,85.3,290.68,3,27,6,Suspicious
2024-01-04 13:55:00,USR-0108,3,18.8,0.79,9,7,0,Normal
2024-01-03 13:00:00,USR-0407,4,21.4,33.0,11,4,1,Normal
2024-02-03 22:40:00,USR-0256,24,99.2,184.53,0,25,9,Suspicious
2024-01-06 23:40:00,USR-0483,3,12.6,19.41,9,7,0,Normal
2024-01-14 14:55:00,USR-0263,1,42.4,14.2,12,6,1,Normal
2024-01-21 05:15:00,USR-0424,4,35.5,7.43,15,5,0,Normal
2024-01-29 15:05:00,USR-0028,4,23.8,4.05,12,2,0,Normal
2024-01-28 22:30:00,USR-0316,5,35.5,12.46,17,5,0,Normal
2024-01-02 23:30:00,USR-0403,4,17.7,1.42,13,3,0,Normal
2024-01-05 13:10:00,USR-0344,3,43.2,21.15,10,4,2,Normal
2024-01-29 11:35:00,USR-0046,1,32.9,26.52,19,4,2,Normal
2024-01-15 20:00:00,USR-0375,5,27.1,59.32,10,3,0,Normal
2024-01-27 15:25:00,USR-0048,4,37.7,8.79,14,5,1,Normal
2024-01-07 14:05:00,USR-0002,2,30.4,0.64,7,7,1,Normal
2024-01-21 10:00:00,USR-0119,2,27.3,4.35,15,1,1,Normal
2024-02-02 15:20:00,USR-0279,24,96.1,980.53,1,26,6,Suspicious
2024-01-31 08:25:00,USR-0364,2,7.9,30.46,18,1,0,Normal
2024-01-10 03:25:00,USR-0198,0,21.3,3.72,15,5,0,Normal
2024-01-02 17:35:00,USR-0082,2,29.2,1.46,8,5,2,Normal
2024-01-07 17:55:00,USR-0108,5,9.1,7.5,12,4,0,Normal
2024-01-02 23:15:00,USR-0403,3,12.4,17.04,11,6,0,Normal
2024-01-26 16:20:00,USR-0125,3,15.2,59.45,17,6,2,Normal
2024-01-14 10:20:00,USR-0223,4,46.0,4.14,10,1,0,Normal
2024-02-03 18:40:00,USR-0079,25,95.2,144.11,0,48,7,Suspicious
2024-01-24 13:35:00,USR-0036,4,12.2,79.96,10,4,0,Normal
2024-01-29 01:40:00,USR-0022,5,28.2,8.78,17,5,0,Normal
2024-01-19 03:25:00,USR-0307,4,15.4,0.67,15,7,2,Normal
2024-01-06 10:15:00,USR-0371,4,17.3,20.6,12,3,1,Normal
2024-01-08 21:15:00,USR-0036,4,50.8,29.58,13,3,0,Normal
2024-01-13 12:50:00,USR-0043,5,30.3,14.31,9,7,2,Normal
2024-01-22 00:15:00,USR-0337,2,16.3,10.3,11,5,1,Normal
2024-01-22 02:55:00,USR-0188,4,61.0,2.3,9,5,2,Normal
2024-01-16 19:35:00,USR-0232,4,33.8,13.91,11,7,2,Normal
2024-01-14 17:00:00,USR-0375,3,12.2,23.45,14,7,0,Normal
2024-01-29 12:25:00,USR-0028,3,36.4,17.57,11,2,0,Normal
2024-02-02 16:50:00,USR-0248,24,95.8,482.97,5,24,7,Suspicious
2024-01-21 10:20:00,USR-0298,0,36.7,7.48,9,2,1,Normal
2024-01-05 19:50:00,USR-0153,2,70.2,7.24,12,5,0,Normal
2024-01-18 16:45:00,USR-0031,1,15.4,11.37,13,2,0,Normal
2024-01-10 14:35:00,USR-0425,1,17.9,2.36,14,4,0,Normal
2024-01-03 20:40:00,USR-0234,9,44.4,7.6,10,3,0,Normal
2024-01-19 16:30:00,USR-0265,1,39.9,10.72,17,2,0,Normal
2024-02-03 03:15:00,USR-0249,15,88.4,209.69,0,28,7,Suspicious
2024-01-10 12:55:00,USR-0292,2,43.0,8.02,12,2,2,Normal
2024-01-04 17:35:00,USR-0298,5,9.6,47.75,14,2,3,Normal
2024-01-20 14:30:00,USR-0412,1,14.8,4.5,7,2,1,Normal
2024-02-01 07:10:00,USR-0110,4,24.4,30.85,16,7,1,Normal
2024-01-11 05:55:00,USR-0015,4,29.8,0.59,7,4,0,Normal
2024-01-26 13:35:00,USR-0358,3,5.8,20.49,16,7,0,Normal
2024-01-20 11:55:00,USR-0288,3,32.9,12.62,8,7,0,Normal
2024-01-05 15:40:00,USR-0276,3,33.1,14.01,7,2,0,Normal
2024-01-05 05:15:00,USR-0325,1,26.4,20.93,13,1,0,Normal
2024-01-16 04:20:00,USR-0323,4,31.7,29.93,17,2,0,Normal
2024-01-04 20:30:00,USR-0040,2,25.5,6.22,14,6,1,Normal
2024-02-03 15:00:00,USR-0405,26,98.8,994.44,5,26,7,Suspicious
2024-01-22 00:25:00,USR-0139,2,40.8,6.78,12,1,0,Normal
2024-01-17 13:10:00,USR-0073,3,15.2,2.34,10,7,0,Normal
2024-01-08 01:20:00,USR-0014,3,42.6,27.19,14,1,2,Normal
2024-01-03 10:20:00,USR-0385,3,23.7,73.9,14,6,0,Normal
2024-01-06 05:35:00,USR-0113,3,12.9,8.35,17,1,0,Normal
2024-01-25 19:45:00,USR-0244,3,9.0,15.16,19,7,2,Normal
2024-02-04 10:25:00,USR-0180,18,90.0,231.88,0,23,6,Suspicious
2024-01-07 12:45:00,USR-0176,1,20.0,33.55,16,4,0,Normal
2024-01-20 02:10:00,USR-0197,3,32.3,5.51,9,1,2,Normal
2024-01-06 14:50:00,USR-0007,2,21.0,13.56,14,1,2,Normal
2024-01-09 21:20:00,USR-0110,7,40.4,19.14,12,5,1,Normal
2024-01-31 15:05:00,USR-0482,2,12.3,8.1,15,2,1,Normal
2024-01-12 14:50:00,USR-0172,5,24.2,25.45,10,6,0,Normal
2024-02-02 18:05:00,USR-0111,24,92.6,104.06,5,38,10,Suspicious
2024-01-01 02:45:00,USR-0009,2,56.7,56.54,15,4,1,Normal
2024-01-16 04:25:00,USR-0467,1,25.6,8.35,13,6,0,Normal
2024-01-04 14:10:00,USR-0359,1,12.0,13.1,11,7,0,Normal
2024-01-11 09:15:00,USR-0092,2,40.7,14.98,11,7,2,Normal
2024-01-12 15:10:00,USR-0379,3,11.4,23.31,10,2,1,Normal
2024-01-30 16:25:00,USR-0101,3,6.6,43.1,11,4,0,Normal
2024-01-16 09:30:00,USR-0244,5,50.0,7.5,11,1,0,Normal
2024-01-16 15:10:00,USR-0311,3,47.6,7.86,10,4,0,Normal
2024-01-24 16:50:00,USR-0404,2,43.5,2.91,13,5,1,Normal
2024-02-04 13:20:00,USR-0219,27,88.3,127.38,4,31,9,Suspicious
2024-01-03 18:50:00,USR-0278,3,23.9,3.73,10,1,1,Normal
2024-01-18 06:30:00,USR-0308,2,35.4,11.64,19,7,0,Normal
2024-02-03 01:45:00,USR-0426,22,92.7,403.24,1,43,19,Suspicious
2024-01-22 07:50:00,USR-0230,0,62.6,46.87,13,6,0,Normal
2024-01-05 06:45:00,USR-0199,1,9.3,8.6,9,7,1,Normal
2024-01-24 16:05:00,USR-0466,1,24.8,2.13,17,6,0,Normal
2024-01-31 22:05:00,USR-0446,1,8.3,15.21,9,6,0,Normal
2024-01-20 23:00:00,USR-0033,3,22.2,11.93,12,7,0,Normal
2024-01-14 21:15:00,USR-0152,2,28.5,2.73,10,4,0,Normal
2024-01-03 10:05:00,USR-0075,7,22.1,14.64,12,4,0,Normal
2024-01-30 19:45:00,USR-0160,2,54.5,7.36,9,7,0,Normal
2024-01-24 23:05:00,USR-0425,2,29.9,9.16,10,3,1,Normal
2024-01-08 03:30:00,USR-0291,2,28.6,7.28,14,2,0,Normal
2024-02-01 01:50:00,USR-0004,2,36.4,21.21,18,6,0,Normal
2024-01-02 09:55:00,USR-0152,5,42.2,15.74,10,3,0,Normal
2024-01-20 04:45:00,USR-0351,3,16.6,6.43,9,4,2,Normal
2024-01-21 07:40:00,USR-0216,3,21.5,1.45,13,6,0,Normal
2024-02-03 19:30:00,USR-0331,19,88.8,143.58,1,19,5,Suspicious
2024-01-19 05:05:00,USR-0316,4,38.0,30.02,10,6,0,Normal
2024-01-04 08:05:00,USR-0073,0,38.8,16.14,10,7,0,Normal
2024-01-12 07:20:00,USR-0296,4,52.7,50.82,17,3,0,Normal
2024-01-25 10:35:00,USR-0323,1,29.8,12.19,18,5,0,Normal
2024-02-04 07:55:00,USR-0377,24,86.4,329.11,1,34,10,Suspicious
2024-01-20 16:25:00,USR-0356,1,32.5,12.45,9,7,1,Normal
2024-01-12 06:50:00,USR-0163,4,29.5,4.61,9,4,0,Normal
2024-01-17 09:35:00,USR-0082,5,9.7,92.2,9,1,1,Normal
2024-01-01 13:10:00,USR-0083,5,13.3,15.23,17,4,1,Normal
2024-01-25 00:35:00,USR-0247,2,11.4,11.32,15,1,0,Normal
2024-01-01 09:45:00,USR-0124,1,26.7,81.75,13,4,0,Normal
2024-01-27 04:45:00,USR-0265,3,18.4,29.69,8,3,0,Normal
2024-01-13 06:10:00,USR-0459,3,43.4,21.94,7,6,0,Normal
2024-01-23 07:25:00,USR-0027,2,27.7,4.46,10,4,1,Normal
2024-01-11 19:20:00,USR-0339,2,6.3,3.18,11,6,0,Normal
2024-01-19 21:50:00,USR-0490,3,20.7,13.71,17,1,1,Normal
2024-01-02 01:30:00,USR-0327,3,36.9,12.95,8,7,0,Normal
2024-02-02 03:10:00,USR-0418,13,96.9,139.31,0,33,4,Suspicious
2024-01-20 01:45:00,USR-0309,2,29.8,75.52,13,1,0,Normal
2024-01-28 03:40:00,USR-0136,6,7.4,57.1,12,5,1,Normal
2024-01-01 21:25:00,USR-0179,6,14.1,12.14,7,5,0,Normal
2024-01-29 10:30:00,USR-0070,2,44.0,36.63,9,3,0,Normal
2024-01-20 08:50:00,USR-0431,2,37.6,23.56,10,3,1,Normal
2024-01-15 21:00:00,USR-0436,3,25.7,64.17,13,5,0,Normal
2024-01-25 15:10:00,USR-0117,2,14.2,7.95,15,1,0,Normal
2024-02-03 19:35:00,USR-0327,21,96.6,161.19,3,45,7,Suspicious
2024-01-04 10:40:00,USR-0373,3,43.1,50.04,12,3,1,Normal
2024-01-21 00:40:00,USR-0380,1,11.4,13.68,11,6,1,Normal
2024-01-16 12:15:00,USR-0358,3,34.0,15.84,11,6,0,Normal
2024-01-26 01:00:00,USR-0122,5,17.7,7.18,9,2,1,Normal
2024-01-04 17:15:00,USR-0042,0,18.1,1.69,9,3,0,Normal
2024-01-08 02:45:00,USR-0477,4,29.5,36.63,15,6,0,Normal
2024-01-09 19:55:00,USR-0189,4,19.3,2.53,12,1,1,Normal
2024-01-29 08:45:00,USR-0090,0,42.5,4.11,18,2,0,Normal
2024-02-04 14:50:00,USR-0411,21,92.6,130.94,2,24,9,Suspicious
2024-01-27 10:10:00,USR-0198,4,19.9,12.02,12,6,1,Normal
2024-01-27 05:20:00,USR-0096,2,21.1,3.07,11,5,0,Normal
2024-01-31 16:25:00,USR-0239,3,32.0,1.15,13,1,0,Normal
2024-01-12 07:10:00,USR-0380,3,15.2,23.82,14,7,0,Normal
2024-01-21 09:15:00,USR-0021,6,47.1,4.54,17,1,0,Normal
2024-01-28 05:15:00,USR-0285,5,26.2,10.8,10,1,0,Normal
2024-01-19 02:25:00,USR-0271,4,18.1,4.97,11,6,1,Normal
2024-01-26 01:15:00,USR-0234,2,41.8,1.03,8,1,2,Normal
2024-01-27 19:55:00,USR-0399,4,40.9,15.72,12,2,0,Normal
2024-01-14 13:45:00,USR-0279,4,9.6,21.08,16,6,0,Normal
2024-01-15 03:30:00,USR-0180,6,25.7,15.49,18,1,0,Normal
2024-01-06 16:40:00,USR-0056,1,36.7,40.58,9,5,1,Normal
2024-01-23 11:15:00,USR-0041,2,8.4,1.42,11,4,0,Normal
2024-01-14 14:30:00,USR-0464,2,44.5,32.91,13,6,0,Normal
2024-01-29 02:20:00,USR-0012,1,9.8,2.03,14,4,1,Normal
2024-01-27 00:45:00,USR-0466,1,27.4,3.87,13,2,1,Normal
2024-01-14 23:15:00,USR-0427,1,36.5,28.06,11,7,0,Normal
2024-01-08 02:10:00,USR-0106,2,25.1,54.9,13,5,0,Normal
2024-01-15 16:10:00,USR-0395,4,42.0,2.18,11,6,0,Normal
2024-01-26 22:50:00,USR-0282,1,29.2,25.9,15,5,0,Normal
2024-01-22 12:15:00,USR-0267,2,46.3,31.96,16,3,0,Normal
2024-01-14 11:20:00,USR-0402,0,46.5,3.31,14,3,1,Normal
2024-01-30 07:50:00,USR-0336,5,21.4,0.63,14,3,0,Normal
2024-01-26 03:05:00,USR-0225,5,17.9,5.27,18,4,0,Normal
2024-01-15 19:40:00,USR-0252,2,14.8,16.64,11,3,0,Normal
2024-01-04 09:40:00,USR-0278,8,43.1,4.62,8,5,1,Normal
2024-01-25 02:55:00,USR-0391,2,44.6,8.26,16,1,3,Normal
2024-01-03 00:45:00,USR-0476,2,41.8,10.97,11,3,0,Normal
2024-01-03 23:50:00,USR-0091,2,27.5,8.45,13,1,2,Normal
2024-01-08 05:35:00,USR-0209,1,21.6,13.85,12,2,1,Normal
2024-01-27 07:05:00,USR-0093,6,32.4,11.26,10,4,1,Normal
2024-01-21 02:10:00,USR-0062,3,13.6,16.25,11,5,0,Normal
2024-01-13 16:40:00,USR-0092,4,13.4,3.07,14,4,1,Normal
2024-01-17 15:45:00,USR-0274,4,26.4,6.65,18,7,1,Normal
2024-01-09 18:20:00,USR-0289,3,16.7,2.46,13,5,0,Normal
2024-01-05 18:10:00,USR-0162,8,31.8,26.71,11,4,1,Normal
2024-01-01 20:25:00,USR-0313,2,18.9,12.91,18,1,1,Normal
2024-01-18 13:55:00,USR-0161,3,37.1,28.02,9,1,0,Normal
2024-01-24 06:45:00,USR-0090,2,22.3,21.19,12,4,1,Normal
2024-01-27 02:00:00,USR-0138,5,12.5,9.18,19,6,1,Normal
2024-01-25 01:25:00,USR-0235,5,10.5,2.46,15,7,0,Normal
2024-01-07 01:35:00,USR-0430,7,15.8,13.14,12,6,0,Normal
2024-01-13 21:20:00,USR-0114,4,13.1,10.47,11,4,0,Normal
2024-01-04 14:45:00,USR-0329,6,15.9,11.82,10,3,0,Normal
2024-01-14 13:50:00,USR-0071,4,9.2,11.22,13,7,0,Normal
2024-02-03 18:30:00,USR-0336,20,92.6,359.24,1,23,5,Suspicious
2024-01-04 18:35:00,USR-0262,4,21.7,12.32,16,6,1,Normal
2024-01-18 03:45:00,USR-0071,3,14.5,67.34,15,3,0,Normal
2024-01-19 15:10:00,USR-0492,5,36.3,5.84,14,2,0,Normal
2024-01-31 13:05:00,USR-0368,2,20.5,12.4,13,2,1,Normal
2024-01-14 15:20:00,USR-0264,3,20.3,7.65,16,2,0,Normal
2024-01-04 06:35:00,USR-0029,5,8.3,18.33,11,7,2,Normal
2024-02-03 00:35:00,USR-0222,16,97.5,245.06,2,30,11,Suspicious
2024-01-31 18:00:00,USR-0292,3,10.9,22.15,10,2,1,Normal
2024-01-16 21:55:00,USR-0334,3,22.1,3.73,11,5,0,Normal
2024-01-23 19:30:00,USR-0074,3,20.1,5.73,13,7,1,Normal
2024-01-02 04:15:00,USR-0191,2,40.7,4.22,13,7,2,Normal
2024-01-09 21:40:00,USR-0311,1,25.2,6.07,10,4,0,Normal
2024-01-11 13:50:00,USR-0262,2,44.1,14.9,9,2,0,Normal
2024-01-21 13:45:00,USR-0329,3,44.6,2.39,13,7,0,Normal
2024-01-25 04:15:00,USR-0309,3,9.4,37.86,11,5,0,Normal
2024-01-26 12:15:00,USR-0185,2,7.6,7.64,10,2,1,Normal
2024-01-10 10:50:00,USR-0029,6,15.7,19.68,10,1,0,Normal
2024-01-02 14:10:00,USR-0187,2,30.3,7.46,14,6,2,Normal
2024-02-02 04:55:00,USR-0494,17,85.5,286.44,0,21,10,Suspicious
2024-01-17 12:45:00,USR-0232,3,22.9,23.68,11,2,0,Normal
2024-01-29 02:50:00,USR-0461,2,13.2,13.88,11,3,2,Normal
2024-01-29 14:55:00,USR-0370,1,27.2,25.26,16,6,0,Normal
2024-01-16 19:10:00,USR-0248,1,55.9,23.47,11,2,0,Normal
2024-01-29 10:05:00,USR-0310,5,16.2,18.33,17,2,1,Normal
2024-01-23 20:00:00,USR-0098,2,23.6,6.19,12,2,1,Normal
2024-01-11 21:20:00,USR-0335,4,14.7,37.01,11,7,0,Normal
2024-01-15 15:25:00,USR-0390,2,12.1,1.86,14,4,2,Normal
2024-01-01 03:15:00,USR-0305,2,37.1,9.48,10,6,0,Normal
2024-01-15 07:05:00,USR-0218,3,14.2,14.88,16,4,0,Normal
2024-01-06 07:10:00,USR-0482,0,31.7,2.43,11,4,1,Normal
2024-01-16 17:15:00,USR-0061,4,22.1,7.37,15,3,1,Normal
2024-01-05 16:40:00,USR-0276,2,33.9,6.54,11,5,0,Normal
2024-02-01 16:00:00,USR-0487,1,9.7,76.96,15,4,0,Normal
2024-01-07 07:50:00,USR-0045,5,38.2,4.32,11,6,0,Normal
2024-01-15 02:35:00,USR-0277,5,23.7,15.02,19,1,0,Normal
2024-01-31 22:35:00,USR-0379,3,31.9,11.17,10,2,0,Normal
2024-01-13 20:15:00,USR-0394,4,35.7,4.35,16,3,0,Normal
2024-01-30 11:10:00,USR-0104,2,66.8,3.08,11,6,0,Normal
2024-01-18 17:15:00,USR-0427,4,31.0,0.91,11,3,0,Normal
2024-01-17 06:30:00,USR-0425,2,22.2,11.42,10,5,1,Normal
2024-01-21 00:25:00,USR-0138,1,18.6,5.6,17,3,0,Normal
2024-02-03 06:10:00,USR-0093,15,97.0,331.13,4,19,6,Suspicious
2024-01-18 21:05:00,USR-0181,2,45.8,16.64,9,5,1,Normal
2024-01-22 07:10:00,USR-0472,5,9.5,27.77,12,3,0,Normal
2024-01-05 14:20:00,USR-0480,4,28.6,3.99,11,4,1,Normal
2024-01-17 00:35:00,USR-0152,1,51.3,2.1,13,6,0,Normal
2024-01-09 05:10:00,USR-0102,3,14.6,7.1,16,5,1,Normal
2024-01-31 07:40:00,USR-0064,1,35.7,9.51,9,1,0,Normal
2024-01-07 12:35:00,USR-0217,1,43.8,6.92,10,1,1,Normal
2024-02-03 00:00:00,USR-0315,23,95.7,190.14,3,35,6,Suspicious
2024-01-10 01:40:00,USR-0359,5,37.5,32.92,17,1,0,Normal
2024-02-01 03:15:00,USR-0127,2,17.8,16.18,7,6,0,Normal
2024-01-18 16:55:00,USR-0245,5,29.7,6.72,8,4,1,Normal
2024-01-31 11:05:00,USR-0436,3,33.8,11.53,11,4,1,Normal
2024-01-11 02:30:00,USR-0343,4,45.0,11.52,17,2,0,Normal
2024-01-25 14:40:00,USR-0451,2,30.6,4.77,10,5,1,Normal
2024-01-07 07:10:00,USR-0398,2,43.0,2.16,12,3,0,Normal
2024-02-01 06:45:00,USR-0013,5,9.7,1.46,11,7,0,Normal
2024-01-26 11:30:00,USR-0407,3,19.0,7.61,12,5,0,Normal
2024-02-01 05:40:00,USR-0246,0,27.0,12.38,17,2,1,Normal
2024-01-12 01:20:00,USR-0109,1,40.8,14.32,16,2,0,Normal
2024-01-27 19:20:00,USR-0042,2,21.4,20.36,10,7,0,Normal
2024-01-19 20:45:00,USR-0386,4,29.4,11.39,11,4,0,Normal
2024-02-02 19:50:00,USR-0434,18,92.2,480.52,1,19,11,Suspicious
2024-01-16 23:15:00,USR-0230,5,25.9,4.62,7,1,0,Normal
2024-01-03 02:45:00,USR-0012,1,36.6,0.66,10,7,1,Normal
2024-01-08 09:45:00,USR-0263,2,42.5,29.2,12,3,1,Normal
2024-01-31 05:35:00,USR-0120,2,25.6,53.98,11,5,1,Normal
2024-01-11 15:35:00,USR-0214,1,28.5,3.87,14,5,0,Normal
2024-01-11 08:20:00,USR-0128,3,19.4,0.81,15,6,1,Normal
2024-01-17 11:20:00,USR-0183,3,38.6,6.46,17,1,0,Normal
2024-01-14 21:35:00,USR-0104,3,10.5,34.66,19,2,1,Normal
2024-01-23 15:30:00,USR-0342,0,27.1,4.55,10,4,0,Normal
2024-01-11 13:45:00,USR-0353,3,28.7,13.26,13,7,1,Normal
2024-01-10 03:15:00,USR-0155,2,49.1,44.41,10,4,2,Normal
2024-02-02 03:55:00,USR-0022,21,86.6,254.71,1,46,9,Suspicious
2024-01-12 05:45:00,USR-0396,3,23.1,21.01,14,6,1,Normal
2024-01-16 10:00:00,USR-0065,3,26.6,8.27,12,2,2,Normal
2024-01-27 01:05:00,USR-0147,3,17.2,23.49,9,1,1,Normal
2024-01-26 06:50:00,USR-0236,1,39.0,4.31,8,5,0,Normal
2024-01-11 17:15:00,USR-0304,5,26.7,0.93,17,5,1,Normal
2024-01-24 08:30:00,USR-0130,2,13.5,1.67,12,2,1,Normal
2024-01-15 22:20:00,USR-0048,2,25.2,3.16,10,4,0,Normal
2024-01-18 18:40:00,USR-0033,5,22.3,6.62,10,3,0,Normal
2024-01-24 05:20:00,USR-0255,0,26.1,32.55,9,1,0,Normal
2024-01-07 07:40:00,USR-0135,5,34.7,3.28,10,4,1,Normal
2024-01-18 03:15:00,USR-0053,1,15.5,9.16,18,5,0,Normal
2024-01-24 15:20:00,USR-0192,3,37.9,3.14,10,3,1,Normal
2024-01-25 09:45:00,USR-0369,0,22.8,1.74,10,1,0,Normal
2024-01-20 23:35:00,USR-0182,4,15.8,20.68,13,6,0,Normal
2024-01-23 04:50:00,USR-0389,6,44.6,13.42,11,2,0,Normal
2024-01-22 21:25:00,USR-0267,5,25.6,32.25,10,6,0,Normal
2024-01-19 07:30:00,USR-0431,3,21.8,11.1,10,4,0,Normal
2024-01-29 06:55:00,USR-0056,3,44.8,10.6,8,7,0,Normal
2024-01-29 21:55:00,USR-0462,1,13.3,24.52,13,5,0,Normal
2024-01-03 23:20:00,USR-0389,1,53.2,13.62,9,6,0,Normal
2024-02-01 23:05:00,USR-0260,27,86.1,151.51,3,47,10,Suspicious
2024-01-18 00:50:00,USR-0457,3,29.7,2.24,11,6,1,Normal
2024-01-15 04:15:00,USR-0342,3,21.9,14.57,12,4,1,Normal
2024-02-02 18:45:00,USR-0236,22,86.7,100.95,5,20,9,Suspicious
2024-01-14 00:00:00,USR-0076,2,41.1,41.29,9,2,0,Normal
2024-01-28 10:45:00,USR-0134,5,18.3,2.03,17,5,2,Normal
2024-01-27 12:30:00,USR-0419,3,38.5,19.13,13,7,0,Normal
2024-01-09 18:05:00,USR-0309,3,46.4,1.95,11,3,1,Normal
2024-02-03 21:50:00,USR-0309,28,97.2,117.0,4,34,12,Suspicious
2024-02-03 09:10:00,USR-0167,18,99.7,187.93,4,31,8,Suspicious
2024-01-04 00:20:00,USR-0481,2,28.7,34.33,13,7,1,Normal
2024-01-20 09:20:00,USR-0154,3,43.9,40.61,9,5,0,Normal
2024-01-05 08:55:00,USR-0498,3,30.5,8.8,10,2,1,Normal
2024-01-28 10:15:00,USR-0171,4,41.1,5.27,8,2,0,Normal
2024-01-28 16:00:00,USR-0317,1,44.3,4.52,15,1,0,Normal
2024-01-10 08:20:00,USR-0413,2,46.2,14.14,16,1,0,Normal
2024-01-07 14:20:00,USR-0177,4,22.3,24.94,16,2,1,Normal
2024-01-03 04:40:00,USR-0260,2,22.1,13.13,10,2,0,Normal
2024-01-06 16:00:00,USR-0189,5,28.6,10.75,9,7,1,Normal
2024-02-02 09:50:00,USR-0279,18,98.0,230.62,5,48,9,Suspicious
2024-01-15 18:45:00,USR-0075,4,28.9,28.74,15,1,1,Normal
2024-01-03 10:35:00,USR-0159,4,17.3,9.85,12,5,0,Normal
2024-01-24 13:25:00,USR-0476,1,41.5,27.24,19,5,0,Normal
2024-01-10 07:05:00,USR-0322,3,37.2,15.18,13,5,2,Normal
2024-01-14 04:50:00,USR-0152,4,24.4,29.34,16,4,0,Normal
2024-01-08 20:40:00,USR-0025,3,18.8,21.76,18,5,0,Normal
2024-01-28 12:10:00,USR-0136,7,48.3,16.63,16,7,0,Normal
2024-01-04 00:00:00,USR-0267,2,29.1,14.71,13,4,0,Normal
2024-01-06 22:40:00,USR-0482,6,17.0,7.48,11,4,0,Normal
2024-01-29 07:15:00,USR-0425,4,10.7,2.99,18,1,2,Normal
2024-01-03 12:40:00,USR-0376,5,8.7,1.86,11,5,0,Normal
2024-01-08 23:05:00,USR-0022,3,46.5,1.52,12,3,1,Normal
2024-01-04 20:40:00,USR-0151,3,12.3,26.0,19,6,0,Normal
2024-01-01 13:35:00,USR-0283,4,31.9,32.15,13,7,0,Normal
2024-01-15 00:55:00,USR-0355,0,24.5,5.94,12,2,0,Normal
2024-01-06 08:20:00,USR-0002,6,25.4,18.19,12,5,1,Normal
2024-01-18 04:00:00,USR-0065,4,38.7,5.21,17,6,0,Normal
2024-01-23 10:30:00,USR-0010,3,12.8,7.24,17,1,0,Normal
2024-01-19 19:40:00,USR-0187,4,19.3,16.27,16,6,0,Normal
2024-01-22 03:40:00,USR-0056,2,23.5,7.48,12,4,0,Normal
2024-01-22 13:45:00,USR-0029,1,30.5,5.8,11,5,0,Normal
2024-01-13 07:55:00,USR-0156,5,13.4,1.1,11,2,0,Normal
2024-02-03 23:50:00,USR-0276,15,96.5,288.53,4,25,8,Suspicious
2024-01-08 22:25:00,USR-0415,5,15.6,8.73,10,1,0,Normal
2024-01-30 21:10:00,USR-0006,4,45.1,5.1,7,4,1,Normal
2024-01-02 13:25:00,USR-0070,2,27.7,2.05,13,7,0,Normal
2024-01-03 21:20:00,USR-0015,3,29.9,18.28,16,6,0,Normal
2024-01-15 14:45:00,USR-0452,1,32.7,38.8,14,1,2,Normal
2024-01-02 06:40:00,USR-0264,3,21.4,5.04,14,2,1,Normal
2024-01-25 03:55:00,USR-0165,2,46.5,27.3,14,2,0,Normal
2024-02-01 12:25:00,USR-0122,1,30.1,4.16,10,6,2,Normal
2024-01-23 10:55:00,USR-0453,3,42.6,9.62,12,5,0,Normal
2024-02-02 17:45:00,USR-0148,25,89.6,255.17,1,36,5,Suspicious
2024-01-25 20:50:00,USR-0365,3,28.6,5.81,17,4,1,Normal
2024-01-24 11:25:00,USR-0039,4,35.9,68.2,17,1,0,Normal
2024-01-07 01:55:00,USR-0104,3,17.3,2.76,7,3,0,Normal
2024-01-19 03:45:00,USR-0185,2,28.5,11.93,12,6,1,Normal
2024-01-22 01:40:00,USR-0067,2,20.2,4.8,11,6,0,Normal
2024-01-23 02:35:00,USR-0018,2,51.1,0.93,11,7,1,Normal
2024-01-10 23:00:00,USR-0389,3,30.5,16.23,13,4,0,Normal
2024-01-29 11:20:00,USR-0221,4,15.2,3.02,17,6,1,Normal
2024-02-01 11:25:00,USR-0116,2,34.3,3.18,10,5,2,Normal
2024-01-04 15:00:00,USR-0484,3,41.7,2.11,19,1,0,Normal
2024-01-19 23:30:00,USR-0244,3,26.3,9.94,9,2,1,Normal
2024-01-06 14:40:00,USR-0256,8,44.3,3.52,9,2,2,Normal
2024-01-04 19:55:00,USR-0160,5,16.3,31.78,18,6,0,Normal
2024-02-04 15:35:00,USR-0097,29,95.6,497.13,2,26,3,Suspicious
2024-01-20 01:55:00,USR-0279,2,30.4,6.99,10,1,0,Normal
2024-01-20 11:35:00,USR-0019,1,31.6,3.21,9,5,2,Normal
2024-01-04 00:15:00,USR-0283,4,26.2,18.75,13,4,1,Normal
2024-01-04 06:20:00,USR-0033,1,12.8,6.64,11,2,0,Normal
2024-02-02 07:50:00,USR-0302,13,85.4,929.97,2,34,6,Suspicious
2024-01-05 16:00:00,USR-0406,3,14.7,56.41,18,6,0,Normal
2024-01-31 11:50:00,USR-0340,4,29.0,26.07,19,1,1,Normal
2024-01-28 15:15:00,USR-0033,0,15.3,5.54,13,2,0,Normal
2024-01-06 08:30:00,USR-0374,1,25.2,9.68,16,7,0,Normal
2024-01-18 07:45:00,USR-0027,1,23.2,12.59,16,2,0,Normal
2024-01-19 00:15:00,USR-0303,4,54.1,10.79,12,2,0,Normal
2024-01-06 16:50:00,USR-0049,4,54.5,7.18,15,4,0,Normal
2024-01-07 12:55:00,USR-0124,2,59.7,7.42,11,5,1,Normal
2024-01-28 21:05:00,USR-0080,1,31.9,7.15,11,6,1,Normal
2024-01-24 14:00:00,USR-0329,3,57.5,22.02,13,3,2,Normal
2024-01-29 15:40:00,USR-0416,3,40.6,29.43,9,3,1,Normal
2024-01-31 02:40:00,USR-0134,1,36.9,4.84,11,7,1,Normal
2024-01-16 14:40:00,USR-0230,2,41.5,5.14,12,2,1,Normal
2024-01-31 15:15:00,USR-0167,2,11.5,23.95,8,4,1,Normal
2024-02-04 16:10:00,USR-0045,22,88.6,1048.35,2,25,8,Suspicious
2024-01-14 07:35:00,USR-0196,1,35.4,2.51,14,7,0,Normal
2024-01-03 06:55:00,USR-0334,1,22.6,32.35,10,3,0,Normal
2024-01-04 20:15:00,USR-0156,2,30.0,6.85,12,5,1,Normal
2024-01-28 17:35:00,USR-0177,7,19.1,26.37,17,1,2,Normal
2024-01-03 03:55:00,USR-0276,4,28.1,47.88,12,2,1,Normal
2024-01-17 03:40:00,USR-0250,3,47.2,17.13,12,4,0,Normal
2024-01-09 04:15:00,USR-0251,3,34.3,14.72,8,3,1,Normal
2024-01-13 17:35:00,USR-0396,3,31.5,6.82,7,2,0,Normal
2024-01-29 15:45:00,USR-0085,5,31.8,27.06,12,4,0,Normal
2024-01-15 19:00:00,USR-0196,3,19.6,38.24,10,2,1,Normal
2024-01-28 09:10:00,USR-0263,3,18.5,8.49,12,5,0,Normal
2024-01-02 22:10:00,USR-0244,1,16.9,17.99,15,3,1,Normal
2024-01-20 05:55:00,USR-0277,4,13.0,31.98,17,4,1,Normal
2024-01-03 13:50:00,USR-0478,2,31.8,5.37,17,2,0,Normal
2024-01-28 01:55:00,USR-0232,3,5.2,10.19,15,2,2,Normal
2024-01-17 18:20:00,USR-0215,3,33.1,13.22,13,4,1,Normal
2024-01-08 23:35:00,USR-0338,3,38.4,3.91,9,2,0,Normal
2024-01-08 19:50:00,USR-0387,0,6.5,2.54,8,4,1,Normal
2024-01-05 02:20:00,USR-0072,4,23.2,2.6,12,2,2,Normal
2024-01-29 15:35:00,USR-0303,1,30.7,14.26,11,5,1,Normal
2024-01-16 14:05:00,USR-0189,3,36.1,2.26,13,7,2,Normal
2024-02-04 03:10:00,USR-0492,16,95.7,273.88,2,17,4,Suspicious
2024-01-30 10:25:00,USR-0302,5,32.4,34.34,14,2,0,Normal
2024-01-20 03:25:00,USR-0280,3,29.4,17.76,10,2,1,Normal
2024-01-23 18:30:00,USR-0273,5,8.2,9.93,15,3,1,Normal
2024-01-21 05:40:00,USR-0464,1,41.2,16.85,19,2,1,Normal
2024-02-03 08:40:00,USR-0121,23,86.5,1542.72,3,43,8,Suspicious
2024-02-04 14:30:00,USR-0140,26,85.2,396.18,3,32,6,Suspicious
2024-01-15 17:35:00,USR-0365,1,28.9,19.21,19,1,1,Normal
2024-01-12 04:25:00,USR-0295,7,52.8,5.44,7,4,2,Normal
2024-01-17 10:15:00,USR-0222,3,54.0,5.6,10,3,1,Normal
2024-02-02 21:45:00,USR-0122,25,91.7,645.52,1,32,10,Suspicious
2024-02-02 11:00:00,USR-0018,21,93.8,187.06,5,39,11,Suspicious
2024-01-06 19:50:00,USR-0374,4,28.0,21.33,15,5,0,Normal
2024-01-27 22:20:00,USR-0465,8,25.5,16.33,9,6,0,Normal
2024-01-11 19:00:00,USR-0278,4,19.9,9.83,11,6,0,Normal
2024-01-02 21:20:00,USR-0125,3,41.5,1.29,9,3,0,Normal
2024-01-04 13:20:00,USR-0353,2,21.9,49.01,11,4,1,Normal
2024-01-20 15:20:00,USR-0217,1,40.0,58.37,14,7,1,Normal
2024-01-07 18:50:00,USR-0429,3,19.4,16.99,11,4,0,Normal
2024-02-04 00:50:00,USR-0223,27,89.3,221.51,2,47,7,Suspicious
2024-01-17 18:40:00,USR-0449,2,63.0,58.65,15,1,0,Normal
2024-01-15 07:35:00,USR-0256,3,22.5,3.9,17,7,0,Normal
2024-01-09 19:35:00,USR-0326,2,11.5,3.87,12,4,0,Normal
2024-01-27 09:35:00,USR-0375,1,19.9,29.42,12,2,0,Normal
2024-01-02 18:55:00,USR-0337,3,30.4,6.72,11,5,0,Normal
2024-01-19 07:15:00,USR-0483,4,7.7,17.44,11,6,1,Normal
2024-01-23 20:20:00,USR-0050,2,33.2,37.67,18,7,0,Normal
2024-01-24 18:00:00,USR-0361,4,19.8,26.58,14,3,1,Normal
2024-01-07 21:45:00,USR-0228,2,10.6,3.93,12,1,0,Normal
2024-01-01 20:55:00,USR-0433,5,34.1,5.67,17,5,1,Normal
2024-01-12 07:35:00,USR-0437,3,23.9,10.87,13,7,1,Normal
2024-01-25 00:40:00,USR-0318,2,27.2,19.08,14,5,0,Normal
2024-01-15 20:35:00,USR-0023,2,19.6,3.8,14,2,0,Normal
2024-01-14 06:35:00,USR-0261,2,20.6,3.89,13,3,0,Normal
2024-02-04 10:40:00,USR-0410,18,98.6,548.65,0,15,8,Suspicious
2024-01-06 12:25:00,USR-0171,1,36.3,26.22,11,4,0,Normal
2024-01-05 22:40:00,USR-0016,4,12.8,6.12,9,5,0,Normal
2024-02-01 08:45:00,USR-0281,0,38.2,9.67,14,3,0,Normal
2024-01-01 19:45:00,USR-0296,3,33.4,14.78,13,2,1,Normal
2024-01-02 09:40:00,USR-0423,2,14.7,34.58,15,7,0,Normal
2024-01-18 07:20:00,USR-0227,2,31.5,11.16,14,4,1,Normal
2024-01-15 18:20:00,USR-0090,4,21.6,27.01,14,1,0,Normal
2024-02-04 04:35:00,USR-0382,16,91.6,148.78,5,49,8,Suspicious
2024-01-03 07:35:00,USR-0498,5,20.2,13.12,11,6,0,Normal
2024-01-17 23:40:00,USR-0493,3,73.0,32.92,7,3,1,Normal
2024-02-02 05:00:00,USR-0339,15,96.0,872.43,1,16,9,Suspicious
2024-01-20 04:50:00,USR-0214,3,42.7,10.69,7,7,0,Normal
2024-01-03 00:20:00,USR-0067,2,53.7,48.11,12,2,0,Normal
2024-01-17 18:00:00,USR-0224,3,30.9,8.87,10,1,0,Normal
2024-01-06 16:15:00,USR-0133,3,23.1,10.48,13,6,2,Normal
2024-01-26 00:30:00,USR-0195,5,42.1,2.45,11,3,0,Normal
2024-01-27 20:35:00,USR-0169,1,18.0,6.82,14,1,0,Normal
2024-01-24 19:45:00,USR-0185,6,9.0,7.3,10,6,1,Normal
2024-01-04 09:30:00,USR-0062,6,38.2,34.17,17,6,1,Normal
2024-02-04 02:30:00,USR-0217,23,91.7,492.86,1,39,6,Suspicious
2024-01-13 06:35:00,USR-0112,5,20.1,11.49,13,5,3,Normal
2024-01-05 10:55:00,USR-0424,2,34.2,30.45,9,2,0,Normal
2024-01-01 21:00:00,USR-0178,3,17.8,1.65,15,5,1,Normal
2024-01-14 01:05:00,USR-0318,1,38.5,48.34,14,1,0,Normal
2024-01-11 09:05:00,USR-0056,4,24.7,16.22,12,1,0,Normal
2024-01-15 01:20:00,USR-0020,4,40.8,12.91,15,7,0,Normal
2024-01-07 10:20:00,USR-0069,2,33.5,3.91,11,2,0,Normal
2024-01-06 00:40:00,USR-0079,5,25.0,20.61,9,4,0,Normal
2024-02-01 09:25:00,USR-0499,4,39.2,9.26,11,2,1,Normal
2024-01-14 21:50:00,USR-0377,3,31.5,10.69,19,6,3,Normal
2024-01-18 00:40:00,USR-0448,3,38.4,18.19,8,5,0,Normal
2024-01-16 06:50:00,USR-0264,4,5.9,9.75,14,4,0,Normal
2024-01-11 12:00:00,USR-0028,0,23.8,2.63,12,5,1,Normal
2024-01-09 05:30:00,USR-0041,5,14.1,6.99,13,3,0,Normal
2024-01-27 10:15:00,USR-0380,2,27.6,27.78,17,4,0,Normal
2024-01-18 01:15:00,USR-0019,3,43.2,9.72,16,3,0,Normal
2024-01-07 19:35:00,USR-0475,5,12.9,9.26,11,6,1,Normal
2024-01-15 00:00:00,USR-0328,1,26.5,4.73,14,2,2,Normal
2024-01-01 07:10:00,USR-0341,2,17.5,1.38,7,2,3,Normal
2024-01-29 09:35:00,USR-0422,3,41.0,8.17,13,7,0,Normal
2024-01-04 20:45:00,USR-0299,4,24.9,23.31,9,4,0,Normal
2024-01-24 23:45:00,USR-0213,2,7.0,3.54,8,4,1,Normal
2024-01-24 01:25:00,USR-0414,2,14.9,27.03,9,2,0,Normal
2024-01-14 18:40:00,USR-0211,1,16.1,5.16,9,5,0,Normal
2024-01-12 15:20:00,USR-0481,3,24.1,16.87,12,3,0,Normal
2024-01-24 06:40:00,USR-0411,2,21.9,13.57,19,1,0,Normal
2024-01-08 13:20:00,USR-0023,1,38.4,14.7,17,1,0,Normal
2024-01-03 05:05:00,USR-0091,2,22.5,19.05,15,7,0,Normal
2024-01-10 14:55:00,USR-0054,2,22.4,1.09,14,1,0,Normal
2024-01-01 05:30:00,USR-0041,3,41.4,0.99,14,3,0,Normal
2024-02-02 13:45:00,USR-0210,26,96.2,469.59,4,47,7,Suspicious
2024-01-11 15:20:00,USR-0060,1,13.5,20.44,15,3,1,Normal
2024-01-31 12:00:00,USR-0262,1,17.9,2.98,9,4,0,Normal
2024-01-23 00:05:00,USR-0218,3,51.7,11.66,8,7,0,Normal
2024-02-01 14:55:00,USR-0149,2,11.8,39.35,11,6,0,Normal
2024-01-05 11:50:00,USR-0041,0,29.3,2.96,13,6,0,Normal
2024-01-21 09:10:00,USR-0243,2,30.8,30.96,12,1,1,Normal
2024-01-26 03:50:00,USR-0096,6,10.0,8.13,11,2,1,Normal
2024-02-03 05:05:00,USR-0081,33,99.8,321.35,1,22,9,Suspicious
2024-01-27 13:55:00,USR-0137,4,8.9,3.27,15,6,0,Normal
2024-01-16 11:35:00,USR-0206,7,11.1,2.09,12,1,1,Normal
2024-02-02 14:40:00,USR-0178,19,85.7,112.92,2,37,7,Suspicious
2024-01-15 13:10:00,USR-0370,5,14.9,10.4,12,4,2,Normal
2024-01-13 22:10:00,USR-0001,3,34.3,17.31,13,3,0,Normal
2024-01-12 20:35:00,USR-0237,1,27.7,23.1,12,6,0,Normal
2024-01-25 11:45:00,USR-0162,0,15.2,14.61,10,3,1,Normal
2024-01-12 15:55:00,USR-0144,5,20.7,13.36,15,5,0,Normal
2024-01-11 10:45:00,USR-0432,1,38.3,18.63,11,6,1,Normal
2024-01-27 00:35:00,USR-0406,4,14.1,6.6,19,2,1,Normal
2024-01-12 02:10:00,USR-0127,6,38.8,18.75,12,1,1,Normal
2024-01-19 05:40:00,USR-0490,4,43.3,27.38,13,3,2,Normal
2024-01-14 04:55:00,USR-0448,7,18.0,3.62,8,7,4,Normal
2024-01-14 04:30:00,USR-0482,1,31.1,10.83,12,2,0,Normal
2024-02-02 11:15:00,USR-0029,19,94.8,137.77,1,29,13,Suspicious
2024-01-23 02:45:00,USR-0156,1,11.7,4.91,10,5,1,Normal
2024-01-18 02:00:00,USR-0500,4,13.9,2.88,12,1,1,Normal
2024-01-02 07:25:00,USR-0341,2,68.3,3.27,16,1,0,Normal
2024-01-18 02:55:00,USR-0057,1,15.5,5.02,12,7,1,Normal
2024-01-20 11:10:00,USR-0297,1,15.2,69.94,10,3,1,Normal
2024-01-12 07:40:00,USR-0087,2,31.2,2.23,17,6,0,Normal
2024-01-20 02:05:00,USR-0194,2,46.1,11.45,11,3,1,Normal
2024-01-26 09:30:00,USR-0431,3,12.5,6.75,15,5,0,Normal
2024-02-03 03:30:00,USR-0464,22,95.3,347.44,1,31,11,Suspicious
2024-01-18 14:45:00,USR-0004,7,11.7,5.39,14,7,0,Normal
2024-01-17 13:20:00,USR-0280,0,26.3,1.02,17,6,0,Normal
2024-02-01 15:15:00,USR-0329,3,17.1,42.08,12,5,0,Normal
2024-01-09 10:10:00,USR-0481,3,11.4,5.78,11,5,1,Normal
2024-01-26 08:15:00,USR-0434,3,15.2,43.6,8,4,1,Normal
2024-01-01 16:10:00,USR-0201,3,21.7,7.67,9,4,1,Normal
2024-01-23 06:10:00,USR-0295,2,9.0,35.18,10,1,1,Normal
2024-01-07 04:05:00,USR-0121,7,12.9,2.96,13,3,0,Normal
2024-02-03 04:05:00,USR-0325,21,85.0,483.15,4,27,10,Suspicious
2024-01-03 20:10:00,USR-0254,2,26.6,17.78,16,2,0,Normal
2024-01-27 18:40:00,USR-0020,2,15.9,12.69,13,1,0,Normal
2024-01-09 09:15:00,USR-0171,1,36.0,15.97,8,7,2,Normal
2024-01-12 17:30:00,USR-0410,6,27.3,6.96,18,7,0,Normal
2024-01-27 08:45:00,USR-0023,0,23.6,51.94,17,1,0,Normal
2024-01-21 06:10:00,USR-0112,4,12.0,18.87,12,4,0,Normal
2024-01-16 16:40:00,USR-0355,2,57.6,43.98,8,7,1,Normal
2024-01-31 06:25:00,USR-0221,2,26.0,13.49,10,1,1,Normal
2024-01-05 15:35:00,USR-0209,2,16.7,34.73,10,7,0,Normal
2024-02-02 10:15:00,USR-0250,16,87.7,255.53,5,26,9,Suspicious
2024-01-05 17:20:00,USR-0425,12,19.6,12.61,13,7,0,Normal
2024-01-06 19:30:00,USR-0313,5,31.5,20.78,16,5,0,Normal
2024-01-15 12:50:00,USR-0437,2,33.3,5.46,14,2,0,Normal
2024-01-15 21:25:00,USR-0484,1,42.6,3.96,15,1,1,Normal
2024-01-09 07:30:00,USR-0352,4,22.9,26.03,15,1,0,Normal
2024-01-09 08:05:00,USR-0038,4,27.2,0.51,17,2,0,Normal
2024-01-11 12:20:00,USR-0378,5,10.7,1.07,8,7,0,Normal
2024-01-19 12:30:00,USR-0495,3,30.5,2.5,9,1,0,Normal
2024-01-27 22:30:00,USR-0255,5,39.1,6.06,9,1,0,Normal
2024-01-05 03:15:00,USR-0147,3,47.0,5.65,16,2,0,Normal
2024-01-28 23:00:00,USR-0499,6,21.2,17.49,13,3,0,Normal
2024-01-24 16:20:00,USR-0391,5,6.9,13.25,12,6,0,Normal
2024-01-30 05:50:00,USR-0429,5,16.0,13.84,10,1,2,Normal
2024-01-04 04:40:00,USR-0448,0,29.8,7.46,16,5,0,Normal
2024-01-15 01:15:00,USR-0134,3,15.7,10.63,10,1,2,Normal
2024-01-11 17:35:00,USR-0118,1,38.3,7.01,16,3,1,Normal
2024-01-14 06:55:00,USR-0015,3,30.2,1.41,17,6,2,Normal
2024-01-29 03:05:00,USR-0293,5,34.0,27.19,11,7,1,Normal
2024-01-07 05:35:00,USR-0382,6,45.5,10.4,12,4,1,Normal
2024-01-26 18:00:00,USR-0311,7,22.6,0.52,13,6,0,Normal
2024-01-25 16:25:00,USR-0375,4,13.0,45.78,17,3,0,Normal
2024-01-03 00:40:00,USR-0460,3,17.1,13.1,18,2,0,Normal
2024-01-26 05:40:00,USR-0411,2,39.8,15.32,14,3,0,Normal
2024-02-03 21:25:00,USR-0382,20,91.4,307.17,3,25,11,Suspicious
2024-01-24 14:35:00,USR-0015,4,14.5,9.35,13,7,0,Normal
2024-01-07 11:55:00,USR-0406,2,26.1,4.14,14,4,0,Normal
2024-01-02 05:05:00,USR-0451,6,48.2,23.29,10,5,0,Normal
2024-01-23 02:50:00,USR-0172,8,18.6,15.2,10,1,0,Normal
2024-01-18 11:55:00,USR-0329,4,7.8,26.54,13,2,1,Normal
2024-02-04 08:30:00,USR-0466,16,89.6,441.7,4,30,5,Suspicious
2024-01-07 08:05:00,USR-0082,1,11.2,2.74,11,3,0,Normal
2024-01-23 00:00:00,USR-0474,1,50.8,23.46,10,5,0,Normal
2024-01-28 07:15:00,USR-0278,2,38.4,12.58,10,4,0,Normal
2024-01-03 16:45:00,USR-0160,3,21.9,7.45,12,1,1,Normal
2024-01-10 14:20:00,USR-0018,2,40.3,20.69,17,4,1,Normal
2024-01-16 11:10:00,USR-0197,3,29.4,59.17,10,1,0,Normal
2024-02-01 08:50:00,USR-0301,4,15.3,26.0,13,5,0,Normal
2024-01-04 12:20:00,USR-0075,1,41.7,2.75,12,5,1,Normal
2024-02-01 16:45:00,USR-0100,2,20.1,15.72,13,4,0,Normal
2024-02-03 17:20:00,USR-0306,22,85.4,421.79,2,43,12,Suspicious
2024-01-23 14:35:00,USR-0210,1,29.7,16.07,12,3,1,Normal
2024-01-24 03:05:00,USR-0166,2,29.7,2.48,12,3,0,Normal
2024-01-02 21:40:00,USR-0180,1,18.8,14.49,11,3,0,Normal
2024-01-16 21:10:00,USR-0321,1,13.2,4.39,17,6,2,Normal
2024-01-19 06:55:00,USR-0409,0,28.2,1.54,19,6,0,Normal
2024-01-24 05:15:00,USR-0179,0,58.2,1.13,18,7,0,Normal
2024-01-02 07:50:00,USR-0122,2,19.7,7.94,9,6,1,Normal
2024-01-03 02:50:00,USR-0066,7,39.7,18.55,12,6,0,Normal
2024-01-28 18:25:00,USR-0168,5,21.0,46.54,15,2,2,Normal
2024-01-08 11:10:00,USR-0376,2,12.8,23.51,12,5,0,Normal
2024-01-22 11:20:00,USR-0468,3,12.9,7.2,9,3,0,Normal
2024-01-13 16:20:00,USR-0162,3,17.5,43.38,9,4,0,Normal
2024-02-01 05:10:00,USR-0473,1,16.3,9.03,10,4,0,Normal
2024-01-20 08:45:00,USR-0465,5,56.8,2.02,12,6,0,Normal
2024-01-15 03:55:00,USR-0358,5,17.3,24.16,18,3,0,Normal
2024-01-17 12:50:00,USR-0036,2,55.7,8.12,14,7,0,Normal
2024-01-28 13:15:00,USR-0284,3,15.9,14.66,11,3,1,Normal
2024-02-02 07:10:00,USR-0122,25,87.0,509.41,4,34,7,Suspicious
2024-01-02 23:00:00,USR-0031,4,31.0,0.85,9,5,1,Normal
2024-01-10 18:35:00,USR-0157,4,55.3,7.19,17,4,0,Normal
2024-01-02 15:50:00,USR-0132,4,22.7,5.18,16,6,0,Normal
2024-01-31 01:05:00,USR-0329,2,52.1,4.28,10,1,0,Normal
2024-01-10 21:15:00,USR-0033,4,43.2,4.75,14,7,0,Normal
2024-02-01 01:40:00,USR-0117,1,12.3,18.7,14,7,2,Normal
2024-01-29 23:40:00,USR-0359,3,25.7,17.42,9,2,0,Normal
2024-01-20 12:55:00,USR-0171,3,30.8,5.88,17,2,1,Normal
2024-01-07 14:00:00,USR-0307,1,32.2,45.94,11,6,0,Normal
2024-01-11 11:40:00,USR-0120,4,26.2,3.68,16,3,0,Normal
2024-01-23 00:15:00,USR-0372,3,30.3,5.45,13,1,0,Normal
2024-01-01 16:55:00,USR-0300,0,20.5,2.3,8,1,0,Normal
2024-01-09 00:00:00,USR-0309,4,25.8,29.4,19,5,0,Normal
2024-01-05 04:55:00,USR-0479,4,19.7,14.16,13,6,0,Normal
2024-02-02 18:55:00,USR-0256,25,97.4,557.84,5,43,8,Suspicious
2024-02-03 16:35:00,USR-0487,13,98.8,452.75,4,46,9,Suspicious
2024-02-01 21:55:00,USR-0366,3,22.8,1.11,13,2,2,Normal
2024-01-28 11:35:00,USR-0073,4,17.7,16.25,10,5,0,Normal
2024-01-19 11:40:00,USR-0322,2,7.4,29.52,9,4,0,Normal
2024-01-15 21:10:00,USR-0479,2,20.4,10.27,13,2,0,Normal
2024-01-23 07:55:00,USR-0072,3,30.7,7.64,11,2,0,Normal
2024-01-08 23:55:00,USR-0243,2,29.0,19.68,13,3,1,Normal
2024-02-03 18:15:00,USR-0339,35,88.6,473.11,2,20,7,Suspicious
2024-01-26 15:00:00,USR-0019,2,22.9,10.55,12,4,0,Normal
2024-01-09 10:50:00,USR-0292,4,18.9,2.31,15,5,0,Normal
2024-01-26 06:10:00,USR-0404,4,37.5,7.65,19,7,2,Normal
2024-01-31 14:35:00,USR-0458,4,31.9,20.9,18,1,0,Normal
2024-01-17 08:55:00,USR-0172,2,50.5,17.87,17,1,0,Normal
2024-01-07 00:45:00,USR-0277,0,25.5,3.32,10,2,0,Normal
2024-01-05 23:05:00,USR-0492,3,15.1,53.26,14,1,1,Normal
2024-01-12 21:20:00,USR-0051,2,32.8,28.23,10,6,1,Normal
2024-01-14 15:55:00,USR-0411,3,10.3,17.2,13,4,1,Normal
2024-01-09 16:30:00,USR-0277,7,22.6,13.54,13,5,1,Normal
2024-01-08 21:50:00,USR-0229,5,21.3,20.65,15,6,0,Normal
2024-01-10 20:50:00,USR-0111,1,48.5,36.71,9,7,1,Normal
2024-01-16 00:05:00,USR-0379,2,34.0,0.91,13,3,0,Normal
2024-01-10 09:50:00,USR-0254,4,29.1,23.44,11,3,0,Normal
2024-01-20 01:25:00,USR-0143,5,15.6,5.17,10,4,0,Normal
2024-01-02 12:50:00,USR-0494,3,24.0,4.5,13,6,1,Normal
2024-01-23 19:55:00,USR-0076,1,14.8,11.32,10,4,1,Normal
2024-01-13 00:25:00,USR-0355,1,16.8,23.67,9,4,0,Normal
2024-01-23 13:00:00,USR-0396,5,26.2,24.8,13,6,1,Normal
2024-01-15 13:15:00,USR-0045,2,21.9,16.13,15,7,0,Normal
2024-01-25 13:45:00,USR-0375,5,22.8,4.62,18,1,2,Normal
2024-01-30 13:00:00,USR-0464,4,28.2,37.74,14,1,0,Normal
2024-01-24 03:45:00,USR-0133,5,35.3,2.51,7,3,1,Normal
2024-01-17 11:55:00,USR-0001,4,17.1,22.62,9,5,1,Normal
2024-02-01 13:05:00,USR-0023,5,13.1,5.97,7,2,1,Normal
2024-02-01 12:30:00,USR-0151,5,27.6,36.05,11,1,2,Normal
2024-02-03 13:10:00,USR-0249,28,94.4,1008.78,4,24,9,Suspicious
2024-01-11 16:05:00,USR-0258,4,24.8,51.6,10,4,0,Normal
2024-01-10 04:55:00,USR-0098,0,56.6,3.1,19,6,0,Normal
2024-01-13 22:45:00,USR-0225,4,47.8,2.74,11,6,1,Normal
2024-01-26 22:55:00,USR-0036,2,8.5,19.97,10,7,0,Normal
2024-01-03 03:45:00,USR-0372,1,9.7,3.44,15,6,1,Normal
2024-01-02 04:50:00,USR-0072,3,25.2,27.82,8,3,1,Normal
2024-01-08 01:10:00,USR-0204,4,28.9,18.27,9,7,0,Normal
2024-01-03 06:40:00,USR-0293,2,44.0,1.3,11,1,2,Normal
2024-01-25 06:35:00,USR-0011,7,9.4,4.33,14,1,1,Normal
2024-01-16 10:10:00,USR-0370,4,14.1,22.83,10,2,0,Normal
2024-01-26 11:15:00,USR-0167,5,27.4,39.68,17,2,2,Normal
2024-02-01 03:10:00,USR-0150,4,36.7,2.6,15,7,0,Normal
2024-01-03 20:35:00,USR-0031,1,21.5,10.59,10,3,2,Normal
2024-01-02 17:40:00,USR-0461,5,42.7,14.62,16,5,0,Normal
2024-01-11 14:30:00,USR-0370,5,40.1,29.25,7,7,2,Normal
2024-01-28 07:00:00,USR-0293,3,23.1,12.71,15,1,3,Normal
2024-02-01 21:35:00,USR-0056,3,58.6,9.55,15,4,0,Normal
2024-01-20 06:55:00,USR-0273,4,15.6,21.78,10,1,0,Normal
2024-01-17 16:50:00,USR-0372,2,29.7,0.61,9,6,0,Normal
2024-01-05 21:45:00,USR-0347,1,17.0,31.22,11,2,0,Normal
2024-01-08 16:05:00,USR-0301,5,29.8,19.35,13,7,0,Normal
2024-01-31 10:40:00,USR-0475,3,19.1,21.2,10,4,0,Normal
2024-01-05 05:35:00,USR-0326,3,15.9,9.44,12,5,0,Normal
2024-01-17 06:10:00,USR-0434,2,10.5,24.76,9,5,1,Normal
2024-01-12 22:25:00,USR-0285,6,42.1,18.94,11,7,0,Normal
2024-01-03 13:15:00,USR-0168,4,40.4,18.74,15,1,0,Normal
2024-02-02 16:55:00,USR-0113,27,93.1,102.99,3,21,8,Suspicious
2024-01-22 17:30:00,USR-0483,3,10.7,56.77,9,1,1,Normal
2024-02-01 05:35:00,USR-0437,3,43.6,4.85,10,7,0,Normal
2024-01-05 01:15:00,USR-0341,2,46.1,33.88,15,6,0,Normal
2024-01-18 05:25:00,USR-0029,3,21.0,27.61,12,4,0,Normal
2024-01-27 00:05:00,USR-0247,4,25.7,10.63,16,1,0,Normal
2024-01-10 10:55:00,USR-0405,3,17.4,22.08,9,5,0,Normal
2024-01-23 04:15:00,USR-0413,3,22.6,8.53,15,5,1,Normal
2024-01-14 14:05:00,USR-0255,2,54.7,8.56,18,7,0,Normal
2024-02-04 10:20:00,USR-0023,24,95.7,504.5,1,24,11,Suspicious
2024-01-30 05:00:00,USR-0024,2,35.1,30.28,18,1,1,Normal
2024-01-08 23:10:00,USR-0439,3,11.9,11.52,12,7,0,Normal
2024-01-25 18:55:00,USR-0097,2,47.7,4.94,14,7,0,Normal
2024-01-24 12:45:00,USR-0240,5,7.2,9.48,15,4,0,Normal
2024-01-05 00:15:00,USR-0005,3,14.4,12.02,12,1,0,Normal
2024-01-31 22:30:00,USR-0310,5,26.1,6.18,13,1,3,Normal
2024-01-04 21:45:00,USR-0319,1,18.5,2.5,10,3,0,Normal
2024-01-10 19:35:00,USR-0056,3,32.1,37.95,16,5,2,Normal
2024-01-23 15:00:00,USR-0419,2,14.0,10.85,13,6,0,Normal
2024-01-07 03:50:00,USR-0331,2,35.9,4.05,8,6,1,Normal
2024-01-27 11:55:00,USR-0047,0,25.5,11.86,10,5,1,Normal
2024-01-04 18:10:00,USR-0123,2,39.6,37.66,16,6,1,Normal
2024-01-30 17:30:00,USR-0112,3,13.5,22.64,11,7,2,Normal
2024-01-17 17:40:00,USR-0158,2,12.8,20.69,10,1,0,Normal
2024-01-03 06:30:00,USR-0045,7,37.0,5.11,15,5,0,Normal
2024-01-27 07:20:00,USR-0134,4,38.6,30.03,15,3,0,Normal
2024-01-16 20:45:00,USR-0101,3,20.5,8.08,13,7,0,Normal
2024-02-03 07:05:00,USR-0058,26,97.4,351.11,3,29,11,Suspicious
2024-01-15 06:30:00,USR-0393,2,22.8,0.93,11,3,0,Normal
2024-02-04 07:50:00,USR-0419,29,98.8,509.0,0,45,6,Suspicious
2024-02-03 05:20:00,USR-0373,27,88.7,210.11,4,28,5,Suspicious
2024-01-11 18:05:00,USR-0161,6,39.3,7.79,17,1,0,Normal
2024-01-23 08:50:00,USR-0479,2,18.3,5.44,10,3,0,Normal
2024-01-31 14:20:00,USR-0279,3,47.4,20.77,12,3,1,Normal
2024-01-30 12:00:00,USR-0463,2,43.9,34.18,11,7,1,Normal
2024-01-17 14:50:00,USR-0131,1,39.8,8.8,17,1,0,Normal
2024-01-04 09:25:00,USR-0334,0,19.3,2.59,11,5,0,Normal
2024-01-01 19:55:00,USR-0489,2,10.5,41.44,14,6,1,Normal
2024-01-27 01:35:00,USR-0146,2,38.3,21.18,8,5,0,Normal
2024-01-17 10:40:00,USR-0454,2,12.4,15.11,13,1,0,Normal
2024-01-12 09:30:00,USR-0289,5,16.5,3.33,13,2,1,Normal
2024-01-13 20:45:00,USR-0425,5,20.4,8.87,9,4,1,Normal
2024-01-14 07:55:00,USR-0082,1,16.7,13.07,14,6,0,Normal
2024-01-17 18:15:00,USR-0193,6,23.4,12.88,19,1,2,Normal
2024-01-18 20:45:00,USR-0066,1,14.5,25.18,11,2,0,Normal
2024-01-04 10:05:00,USR-0322,2,22.6,10.17,7,5,0,Normal
2024-01-27 02:15:00,USR-0214,2,22.5,12.28,15,5,0,Normal
2024-01-02 18:25:00,USR-0100,2,19.4,6.59,16,5,1,Normal
2024-01-03 15:40:00,USR-0316,0,18.2,9.54,10,1,1,Normal
2024-01-18 22:00:00,USR-0382,3,27.3,5.75,9,2,1,Normal
2024-01-11 15:00:00,USR-0343,2,39.7,17.93,12,7,1,Normal
2024-01-04 01:45:00,USR-0469,5,17.3,3.24,10,6,2,Normal
2024-01-11 22:05:00,USR-0131,3,42.1,0.75,15,2,0,Normal
2024-01-01 05:55:00,USR-0275,3,10.8,13.08,7,6,0,Normal
2024-01-12 15:45:00,USR-0087,5,22.5,4.52,10,6,0,Normal
2024-01-22 04:00:00,USR-0450,1,15.5,18.19,14,5,0,Normal
2024-01-29 14:50:00,USR-0480,1,17.2,11.91,11,6,0,Normal
2024-01-30 20:00:00,USR-0299,3,49.9,38.64,12,1,0,Normal
2024-01-13 02:15:00,USR-0269,4,39.7,2.31,11,2,2,Normal
2024-01-09 08:55:00,USR-0127,2,15.2,27.54,13,2,0,Normal
2024-01-26 17:25:00,USR-0040,2,24.7,15.67,10,1,0,Normal
2024-01-04 18:05:00,USR-0363,4,46.7,10.08,9,4,3,Normal
2024-01-11 13:05:00,USR-0189,4,11.1,12.86,15,2,0,Normal
2024-01-09 22:40:00,USR-0124,2,18.6,7.4,13,3,0,Normal
2024-01-06 01:15:00,USR-0053,2,60.8,26.6,10,3,0,Normal
2024-01-17 19:20:00,USR-0420,2,29.0,0.55,11,6,0,Normal
2024-01-10 18:10:00,USR-0306,6,9.8,20.78,18,2,0,Normal
2024-01-06 09:00:00,USR-0216,5,27.3,2.86,11,7,0,Normal
2024-01-08 02:20:00,USR-0435,7,30.5,6.86,8,7,1,Normal
2024-01-24 02:15:00,USR-0312,1,16.1,59.33,13,1,1,Normal
2024-01-11 20:40:00,USR-0167,2,41.5,40.89,18,5,0,Normal
2024-01-23 03:10:00,USR-0392,8,33.2,10.61,15,6,1,Normal
2024-01-13 16:45:00,USR-0032,4,35.8,27.21,9,2,0,Normal
2024-01-11 00:05:00,USR-0234,4,16.5,1.64,11,4,2,Normal
2024-01-06 18:10:00,USR-0069,3,41.8,11.02,14,3,0,Normal
2024-01-07 07:05:00,USR-0336,5,18.7,20.06,11,6,0,Normal
2024-01-21 03:45:00,USR-0284,2,18.3,12.39,11,5,0,Normal
2024-01-24 23:25:00,USR-0406,3,46.8,9.38,15,7,1,Normal
2024-01-05 11:10:00,USR-0168,2,9.4,8.13,13,4,1,Normal
2024-01-23 00:20:00,USR-0323,5,27.8,22.58,16,1,0,Normal
2024-01-23 05:00:00,USR-0229,4,18.7,57.89,9,7,2,Normal
2024-01-06 02:20:00,USR-0287,3,35.3,5.68,15,5,0,Normal
2024-01-16 15:30:00,USR-0429,3,20.3,23.65,12,6,0,Normal
2024-02-03 13:55:00,USR-0407,24,99.1,165.7,0,43,9,Suspicious
2024-01-27 00:15:00,USR-0297,3,29.6,80.67,13,1,0,Normal
2024-01-20 14:15:00,USR-0253,2,23.8,8.07,14,2,1,Normal
2024-01-13 01:35:00,USR-0155,0,10.7,36.63,13,7,0,Normal
2024-01-19 04:35:00,USR-0335,3,22.6,0.63,12,2,0,Normal
2024-01-16 08:40:00,USR-0353,1,48.5,32.78,14,5,0,Normal
2024-01-23 16:15:00,USR-0121,7,23.5,40.82,12,4,0,Normal
2024-02-03 12:50:00,USR-0116,23,85.5,147.92,3,32,10,Suspicious
2024-02-03 15:25:00,USR-0407,22,97.7,204.97,2,31,9,Suspicious
2024-01-04 21:10:00,USR-0180,4,57.0,21.1,13,3,3,Normal
2024-01-20 22:20:00,USR-0094,6,25.7,64.24,12,4,1,Normal
2024-01-03 22:40:00,USR-0076,5,62.5,10.6,18,2,1,Normal
2024-01-03 13:55:00,USR-0297,4,29.3,1.43,16,5,0,Normal
2024-01-14 05:45:00,USR-0188,6,27.2,22.2,9,3,0,Normal
2024-01-02 07:15:00,USR-0454,2,19.5,0.87,10,4,1,Normal
2024-02-03 08:35:00,USR-0440,19,98.9,599.85,3,21,11,Suspicious
2024-01-06 21:45:00,USR-0448,0,24.5,16.87,13,6,0,Normal
2024-01-02 05:55:00,USR-0494,5,10.7,4.33,11,6,0,Normal
2024-02-01 19:30:00,USR-0486,3,40.9,7.61,12,6,1,Normal
2024-01-24 01:20:00,USR-0053,0,34.8,6.77,10,5,0,Normal
2024-01-12 19:20:00,USR-0496,1,35.1,27.99,18,6,0,Normal
2024-01-06 21:50:00,USR-0463,3,33.0,1.7,13,3,1,Normal
2024-01-03 04:10:00,USR-0478,4,10.4,17.34,7,4,1,Normal
2024-01-05 21:00:00,USR-0013,3,15.6,12.02,15,6,1,Normal
2024-01-04 15:55:00,USR-0429,1,42.0,0.56,14,1,1,Normal
2024-01-10 07:10:00,USR-0282,1,27.4,46.86,9,6,1,Normal
2024-01-02 09:35:00,USR-0160,5,29.6,3.23,11,6,1,Normal
2024-01-09 01:40:00,USR-0303,3,14.7,3.58,13,5,1,Normal
2024-01-01 08:30:00,USR-0412,5,14.7,4.97,16,2,2,Normal
2024-01-30 01:50:00,USR-0049,2,13.9,63.87,10,1,1,Normal
2024-01-27 14:40:00,USR-0044,3,41.5,15.19,11,2,0,Normal
2024-01-27 09:25:00,USR-0256,2,19.9,27.16,9,3,0,Normal
2024-01-09 22:05:00,USR-0062,4,19.0,4.55,15,2,0,Normal
2024-01-05 20:50:00,USR-0382,6,15.2,3.39,9,6,0,Normal
2024-01-05 20:55:00,USR-0221,4,16.3,15.78,15,4,2,Normal
2024-01-13 12:45:00,USR-0224,3,26.8,18.7,17,5,0,Normal
2024-01-19 19:15:00,USR-0168,2,39.9,2.57,13,4,1,Normal
2024-01-01 09:55:00,USR-0139,1,23.0,2.9,10,6,0,Normal
2024-01-02 05:15:00,USR-0448,1,21.4,5.05,11,3,1,Normal
2024-01-19 03:55:00,USR-0262,2,23.1,17.31,7,1,0,Normal
2024-01-20 02:20:00,USR-0252,2,17.1,24.66,14,2,1,Normal
2024-01-15 09:00:00,USR-0364,9,35.4,13.22,13,6,1,Normal
2024-01-27 05:40:00,USR-0303,0,56.5,9.81,15,6,2,Normal
2024-01-11 13:55:00,USR-0225,2,10.9,11.06,18,4,1,Normal
2024-01-26 19:20:00,USR-0196,3,40.6,10.21,10,4,0,Normal
2024-02-02 03:15:00,USR-0146,23,96.5,496.43,2,23,9,Suspicious
2024-01-07 13:00:00,USR-0140,5,8.5,5.53,8,7,1,Normal
2024-01-21 11:45:00,USR-0415,4,23.9,14.38,17,6,1,Normal
2024-01-04 07:40:00,USR-0027,3,36.4,29.07,8,3,2,Normal
2024-01-14 08:15:00,USR-0207,3,22.8,16.33,10,3,1,Normal
2024-01-28 15:25:00,USR-0331,2,10.9,35.15,10,7,0,Normal
2024-01-22 15:55:00,USR-0185,3,5.4,7.54,12,1,1,Normal
2024-01-06 06:40:00,USR-0094,1,9.0,39.11,12,2,0,Normal
2024-01-11 22:50:00,USR-0390,4,39.1,2.57,12,1,0,Normal
2024-01-09 11:20:00,USR-0078,4,33.6,58.75,12,6,2,Normal
2024-02-02 23:10:00,USR-0124,18,93.1,700.85,4,17,7,Suspicious
2024-01-03 06:00:00,USR-0441,2,40.6,22.29,16,2,1,Normal
2024-01-20 23:10:00,USR-0369,6,57.4,11.53,19,2,1,Normal
2024-01-14 01:15:00,USR-0028,4,12.2,11.04,12,4,0,Normal
2024-01-01 19:30:00,USR-0111,2,37.2,5.68,7,1,2,Normal
2024-01-24 00:35:00,USR-0301,2,33.2,0.72,11,2,0,Normal
2024-02-04 03:35:00,USR-0375,26,90.6,102.71,3,37,13,Suspicious
2024-02-01 16:05:00,USR-0437,5,27.9,5.74,17,1,0,Normal
2024-01-25 15:30:00,USR-0378,3,41.0,2.07,10,2,0,Normal
2024-01-04 20:35:00,USR-0058,5,28.2,15.13,15,6,0,Normal
2024-01-10 04:15:00,USR-0440,1,26.7,27.01,9,5,0,Normal
2024-01-15 03:00:00,USR-0389,3,33.0,1.84,16,6,1,Normal
2024-01-29 17:40:00,USR-0036,2,12.5,18.8,12,7,0,Normal
2024-01-31 17:55:00,USR-0302,4,35.9,5.12,13,5,0,Normal
2024-01-28 02:20:00,USR-0305,2,18.6,17.18,14,1,1,Normal
2024-01-26 03:45:00,USR-0137,6,48.6,33.05,18,7,0,Normal
2024-01-05 13:40:00,USR-0273,3,12.4,19.37,13,5,1,Normal
2024-01-18 19:50:00,USR-0208,1,8.8,25.82,15,2,0,Normal
2024-01-16 08:10:00,USR-0229,4,49.3,3.68,8,6,0,Normal
2024-01-05 19:00:00,USR-0073,3,23.6,26.36,9,5,1,Normal
2024-01-09 09:35:00,USR-0160,0,32.0,4.68,11,6,0,Normal
2024-01-01 14:25:00,USR-0133,0,64.0,0.71,13,1,1,Normal
2024-01-18 00:10:00,USR-0498,3,37.0,21.78,10,2,0,Normal
2024-02-01 15:00:00,USR-0215,3,39.5,29.96,13,6,0,Normal
2024-01-13 07:20:00,USR-0105,5,15.6,8.02,11,5,0,Normal
2024-01-02 22:05:00,USR-0479,2,31.6,29.53,19,7,0,Normal
2024-01-14 16:45:00,USR-0046,6,16.2,8.14,17,1,0,Normal
2024-01-01 20:45:00,USR-0076,4,49.4,7.78,10,7,1,Normal
2024-01-17 19:25:00,USR-0482,2,39.0,11.72,18,3,0,Normal
2024-01-02 00:05:00,USR-0139,1,11.2,3.52,17,4,0,Normal
2024-02-04 08:05:00,USR-0351,16,95.7,286.64,4,44,8,Suspicious
2024-01-22 04:55:00,USR-0260,2,14.4,3.27,10,3,0,Normal
2024-01-09 03:25:00,USR-0427,1,18.7,7.72,8,7,2,Normal
2024-01-12 07:00:00,USR-0403,2,64.9,20.73,9,1,0,Normal
2024-01-22 03:35:00,USR-0280,1,22.0,48.78,12,1,1,Normal
2024-01-10 14:25:00,USR-0130,5,8.0,1.81,15,5,0,Normal
2024-01-16 20:15:00,USR-0417,4,13.7,9.17,17,4,0,Normal
2024-01-21 16:45:00,USR-0294,3,18.6,1.68,15,3,0,Normal
2024-01-19 01:45:00,USR-0209,2,17.5,0.52,12,6,1,Normal
2024-01-15 03:20:00,USR-0224,4,46.7,24.08,13,3,0,Normal
2024-01-13 03:45:00,USR-0431,3,28.1,4.36,19,7,0,Normal
2024-01-20 14:35:00,USR-0276,4,34.3,1.91,15,3,0,Normal
2024-01-06 07:00:00,USR-0329,3,18.3,15.3,9,2,0,Normal
2024-01-01 10:25:00,USR-0470,2,23.4,9.16,11,7,0,Normal
2024-01-30 20:30:00,USR-0380,2,29.4,21.87,12,6,0,Normal
2024-01-26 19:40:00,USR-0165,0,34.8,3.31,9,5,1,Normal
2024-02-02 12:40:00,USR-0165,22,88.6,1027.52,2,35,3,Suspicious
2024-01-08 03:00:00,USR-0480,1,22.5,6.6,10,6,1,Normal
2024-01-22 14:20:00,USR-0456,4,37.9,3.84,7,5,1,Normal
2024-01-07 04:25:00,USR-0024,4,47.4,37.55,8,5,1,Normal
2024-01-22 05:35:00,USR-0315,3,38.8,2.86,12,6,0,Normal
2024-01-04 03:50:00,USR-0340,3,35.3,31.35,12,5,0,Normal
2024-01-23 22:40:00,USR-0301,2,31.2,9.68,12,3,1,Normal
2024-01-27 11:35:00,USR-0112,2,33.8,5.05,13,3,2,Normal
2024-01-29 16:10:00,USR-0099,2,54.4,17.32,11,5,0,Normal
2024-02-02 04:50:00,USR-0229,22,91.7,448.91,2,40,6,Suspicious
2024-01-06 14:25:00,USR-0395,0,13.3,7.73,9,4,0,Normal
2024-01-28 01:25:00,USR-0219,4,35.5,56.98,12,4,0,Normal
2024-01-19 06:20:00,USR-0221,2,32.2,10.99,9,3,0,Normal
2024-01-13 10:55:00,USR-0477,0,31.1,3.1,10,5,1,Normal
2024-01-17 15:25:00,USR-0049,1,32.4,1.29,12,7,2,Normal
2024-01-13 20:50:00,USR-0328,4,11.6,7.55,7,6,1,Normal
2024-01-15 00:45:00,USR-0075,0,20.7,4.73,10,7,0,Normal
2024-01-29 22:20:00,USR-0018,0,31.6,5.0,10,4,0,Normal
2024-01-23 16:20:00,USR-0436,4,8.0,9.42,12,5,0,Normal
2024-01-04 19:35:00,USR-0241,2,21.1,20.1,16,6,3,Normal
2024-01-11 08:35:00,USR-0094,2,14.9,14.47,8,1,1,Normal
2024-01-12 04:40:00,USR-0224,5,36.5,4.48,9,5,2,Normal
2024-01-01 14:45:00,USR-0218,4,15.6,2.22,16,2,0,Normal
2024-01-20 00:20:00,USR-0012,1,50.4,0.82,7,1,0,Normal
2024-01-18 06:50:00,USR-0456,7,24.6,3.27,11,2,1,Normal
2024-01-28 03:20:00,USR-0423,2,9.4,13.96,15,7,0,Normal
2024-01-13 14:15:00,USR-0006,3,50.5,6.72,9,1,1,Normal
2024-01-23 19:20:00,USR-0207,4,30.3,4.14,12,3,3,Normal
2024-01-27 20:20:00,USR-0318,2,36.2,6.14,14,2,1,Normal
2024-01-01 14:55:00,USR-0458,3,49.3,10.21,16,5,0,Normal
2024-01-12 18:55:00,USR-0117,3,10.4,2.38,11,6,0,Normal
2024-01-01 12:05:00,USR-0140,5,45.3,30.16,13,4,2,Normal
2024-01-27 08:30:00,USR-0224,3,37.4,27.37,12,5,1,Normal
2024-01-26 23:35:00,USR-0222,1,26.9,94.27,15,3,0,Normal
2024-01-05 16:15:00,USR-0467,8,37.2,1.95,9,1,0,Normal
2024-01-11 18:45:00,USR-0451,4,37.0,5.03,9,4,0,Normal
2024-02-04 04:55:00,USR-0214,24,98.6,429.62,3,22,12,Suspicious
2024-01-15 09:15:00,USR-0208,2,8.7,20.86,10,2,0,Normal
2024-01-13 13:05:00,USR-0360,2,30.5,8.38,12,3,1,Normal
2024-01-12 15:05:00,USR-0007,8,53.2,22.24,9,4,0,Normal
2024-01-21 23:50:00,USR-0400,1,26.0,41.06,14,6,1,Normal
2024-01-31 10:50:00,USR-0498,5,36.9,3.03,14,5,1,Normal
2024-01-22 21:20:00,USR-0157,4,54.7,6.59,13,6,0,Normal
2024-01-19 06:40:00,USR-0211,3,17.3,7.08,16,1,0,Normal
2024-01-05 23:55:00,USR-0205,0,29.8,4.49,11,1,0,Normal
2024-01-13 17:45:00,USR-0181,3,9.5,15.1,18,7,0,Normal
2024-01-22 19:20:00,USR-0082,4,27.7,60.53,13,2,0,Normal
2024-01-18 01:25:00,USR-0373,1,16.9,46.7,10,2,1,Normal
2024-01-02 21:25:00,USR-0054,1,8.1,4.69,12,4,1,Normal
2024-01-02 23:40:00,USR-0487,3,19.1,13.59,9,6,1,Normal
2024-01-03 03:35:00,USR-0474,8,16.3,11.65,15,4,1,Normal
2024-01-10 15:25:00,USR-0346,0,29.3,34.91,9,6,0,Normal
2024-01-27 09:20:00,USR-0010,2,14.8,15.25,14,6,0,Normal
2024-01-21 00:45:00,USR-0326,5,26.2,33.95,10,3,2,Normal
2024-01-09 18:15:00,USR-0296,3,40.7,28.91,14,1,0,Normal
2024-01-23 23:50:00,USR-0239,3,13.7,2.16,10,1,1,Normal
2024-01-03 07:15:00,USR-0010,2,25.9,10.7,15,5,0,Normal
2024-01-16 21:45:00,USR-0206,2,28.4,7.54,8,2,1,Normal
2024-01-04 20:20:00,USR-0099,5,13.4,12.94,9,3,0,Normal
2024-01-02 02:10:00,USR-0130,3,41.2,2.07,9,2,0,Normal
2024-01-25 16:50:00,USR-0057,4,37.1,28.07,10,7,0,Normal
2024-01-13 00:35:00,USR-0258,3,39.8,5.06,9,1,0,Normal
2024-01-02 04:40:00,USR-0331,2,28.6,9.58,14,6,0,Normal
2024-01-21 04:05:00,USR-0429,2,15.2,20.55,14,4,0,Normal
2024-01-22 00:00:00,USR-0361,1,28.5,7.54,15,7,0,Normal
2024-01-28 06:35:00,USR-0426,3,21.4,23.38,11,2,0,Normal
2024-01-04 08:30:00,USR-0055,0,34.4,26.36,11,6,3,Normal
2024-01-04 07:25:00,USR-0347,2,9.3,25.98,10,5,1,Normal
2024-01-15 21:05:00,USR-0413,1,20.0,15.19,10,5,0,Normal
2024-01-03 23:05:00,USR-0071,4,25.0,3.24,12,5,0,Normal
2024-01-08 05:50:00,USR-0224,4,18.4,50.77,17,2,0,Normal
2024-01-10 22:10:00,USR-0038,4,56.0,3.61,10,4,1,Normal
2024-01-01 21:20:00,USR-0027,2,28.5,2.6,16,6,0,Normal
2024-01-16 04:45:00,USR-0319,4,57.2,12.54,15,1,0,Normal
2024-01-30 11:40:00,USR-0408,3,31.6,7.07,8,7,2,Normal
2024-02-03 21:35:00,USR-0182,23,92.0,106.22,3,33,5,Suspicious
2024-01-05 08:05:00,USR-0332,2,31.1,23.85,12,6,1,Normal
2024-01-05 03:35:00,USR-0077,2,43.0,8.98,11,2,0,Normal
2024-01-06 17:50:00,USR-0054,5,27.5,42.06,13,3,0,Normal
2024-01-05 01:00:00,USR-0049,2,22.0,28.34,8,1,0,Normal
2024-01-18 12:15:00,USR-0370,3,17.0,13.95,11,6,1,Normal
2024-01-15 21:45:00,USR-0185,2,33.5,2.63,16,7,1,Normal
2024-01-17 14:45:00,USR-0223,3,6.6,1.46,9,3,2,Normal
2024-01-09 12:40:00,USR-0335,6,18.1,3.47,8,3,1,Normal
2024-01-08 16:30:00,USR-0307,0,6.9,25.56,13,7,0,Normal
2024-01-14 01:10:00,USR-0449,4,28.1,12.31,15,4,0,Normal
2024-01-18 08:25:00,USR-0153,4,14.6,21.95,11,4,0,Normal
2024-01-09 04:35:00,USR-0467,2,41.4,0.84,7,7,0,Normal
2024-01-13 11:45:00,USR-0293,2,46.3,5.0,16,6,0,Normal
2024-02-01 14:10:00,USR-0240,6,21.0,6.43,7,1,0,Normal
2024-01-08 09:50:00,USR-0141,6,29.2,5.07,10,2,0,Normal
2024-02-01 14:00:00,USR-0255,1,31.5,1.73,16,6,0,Normal
2024-01-24 22:15:00,USR-0435,4,13.1,16.13,10,3,1,Normal
2024-02-04 01:10:00,USR-0136,13,95.9,484.72,3,38,14,Suspicious
2024-01-03 21:25:00,USR-0235,2,48.8,21.98,10,1,0,Normal
2024-01-23 22:20:00,USR-0167,6,15.5,8.46,7,3,0,Normal
2024-01-13 04:20:00,USR-0402,4,19.4,43.66,13,4,0,Normal
2024-01-11 23:00:00,USR-0030,3,25.3,5.96,16,5,0,Normal
2024-01-26 19:05:00,USR-0114,0,13.3,12.79,10,3,0,Normal
2024-01-24 05:30:00,USR-0010,3,43.5,4.19,10,4,3,Normal
2024-02-04 10:35:00,USR-0198,20,88.5,253.76,4,18,4,Suspicious
2024-01-03 22:55:00,USR-0075,1,21.3,13.53,15,5,0,Normal
2024-01-02 14:40:00,USR-0214,2,51.7,4.45,12,3,0,Normal
2024-01-17 18:05:00,USR-0222,6,21.5,32.44,14,4,1,Normal
2024-01-01 04:05:00,USR-0362,1,49.7,25.49,12,1,0,Normal
2024-01-31 00:05:00,USR-0382,1,22.1,6.9,12,2,0,Normal
2024-01-09 23:55:00,USR-0105,1,18.9,15.66,19,6,0,Normal
2024-01-22 02:15:00,USR-0384,0,33.4,7.25,7,7,1,Normal
2024-02-02 23:50:00,USR-0079,18,87.7,135.63,2,41,8,Suspicious
2024-02-01 11:40:00,USR-0283,4,50.5,7.01,9,5,1,Normal
2024-01-22 16:25:00,USR-0422,1,34.9,3.45,8,3,1,Normal
2024-01-23 05:30:00,USR-0472,3,18.1,13.19,10,2,0,Normal
2024-01-27 13:15:00,USR-0390,2,17.9,21.4,16,4,0,Normal
2024-01-08 19:55:00,USR-0085,3,27.3,54.76,15,6,3,Normal
2024-01-09 05:25:00,USR-0122,4,28.3,11.85,14,2,0,Normal
2024-01-12 03:20:00,USR-0468,2,45.9,0.93,11,4,1,Normal
2024-01-26 00:05:00,USR-0327,0,33.5,27.64,16,2,0,Normal
2024-02-02 00:05:00,USR-0067,17,92.4,100.14,5,42,12,Suspicious
2024-01-03 08:05:00,USR-0215,4,20.3,36.65,11,1,0,Normal
2024-01-29 04:15:00,USR-0476,2,12.7,3.11,11,4,0,Normal
2024-02-02 13:40:00,USR-0090,23,85.0,133.41,1,19,6,Suspicious
2024-01-23 14:25:00,USR-0220,2,17.0,9.56,12,3,1,Normal
2024-02-04 14:05:00,USR-0042,20,95.7,437.74,4,25,8,Suspicious
2024-01-31 09:55:00,USR-0271,6,18.6,40.87,10,1,1,Normal
2024-01-24 19:00:00,USR-0266,3,26.0,10.58,16,5,0,Normal
2024-01-26 01:45:00,USR-0119,3,20.3,16.8,9,1,1,Normal
2024-02-04 14:25:00,USR-0337,18,97.7,162.33,4,49,9,Suspicious
2024-01-08 23:00:00,USR-0265,5,36.1,3.83,16,6,0,Normal
2024-01-16 12:20:00,USR-0261,2,21.6,8.63,11,4,2,Normal
2024-01-25 06:05:00,USR-0025,2,8.8,5.34,15,7,1,Normal
2024-01-18 04:10:00,USR-0354,2,38.1,2.36,10,6,0,Normal
2024-02-02 19:15:00,USR-0278,23,96.8,329.55,1,31,2,Suspicious
2024-01-24 17:20:00,USR-0223,2,11.1,21.65,15,4,0,Normal
2024-01-01 07:55:00,USR-0437,2,34.7,4.15,10,6,0,Normal
2024-01-08 03:50:00,USR-0389,1,25.6,3.0,7,5,0,Normal
2024-01-08 09:25:00,USR-0160,1,20.2,11.5,14,6,0,Normal
2024-02-01 09:45:00,USR-0206,6,21.6,40.92,13,6,0,Normal
2024-01-05 03:30:00,USR-0107,3,20.3,2.87,11,4,1,Normal
2024-01-13 14:35:00,USR-0393,2,5.5,29.1,15,1,0,Normal
2024-01-17 09:55:00,USR-0103,3,23.4,2.47,10,6,0,Normal
2024-01-09 22:10:00,USR-0136,2,29.2,4.81,10,2,0,Normal
2024-01-09 21:30:00,USR-0045,1,23.8,6.66,19,6,0,Normal
2024-02-02 11:50:00,USR-0209,18,98.4,311.82,4,18,7,Suspicious
2024-01-13 21:45:00,USR-0411,2,30.6,5.29,15,2,0,Normal
2024-01-13 15:50:00,USR-0092,5,21.9,4.22,12,2,1,Normal
2024-01-02 13:15:00,USR-0452,7,28.9,7.82,11,5,0,Normal
2024-01-03 17:55:00,USR-0155,3,15.6,8.92,15,4,1,Normal
2024-01-19 14:40:00,USR-0396,1,29.7,3.68,10,1,0,Normal
2024-01-12 21:50:00,USR-0018,1,27.9,12.68,10,5,1,Normal
2024-01-21 15:50:00,USR-0257,1,24.6,15.12,10,6,0,Normal
2024-01-27 17:30:00,USR-0333,1,42.3,16.56,10,5,0,Normal
2024-01-22 12:10:00,USR-0330,1,29.7,37.4,8,1,1,Normal
2024-02-01 20:25:00,USR-0300,6,38.6,26.16,14,2,0,Normal
2024-01-29 09:20:00,USR-0031,3,9.0,27.49,9,4,0,Normal
2024-01-21 08:45:00,USR-0340,3,48.0,9.2,16,6,1,Normal
2024-01-16 16:00:00,USR-0285,5,23.2,29.79,18,3,0,Normal
2024-01-02 15:20:00,USR-0394,4,58.6,7.22,12,1,0,Normal
2024-01-30 07:15:00,USR-0335,1,21.7,21.29,10,7,0,Normal
2024-01-22 10:35:00,USR-0469,2,32.3,2.36,9,4,0,Normal
2024-01-15 19:10:00,USR-0399,1,26.6,8.9,13,5,1,Normal
2024-02-03 06:00:00,USR-0194,20,85.1,100.55,0,32,4,Suspicious
2024-02-04 09:35:00,USR-0461,24,92.6,1464.59,3,30,8,Suspicious
2024-01-06 17:10:00,USR-0127,4,23.0,3.73,16,3,0,Normal
2024-01-01 05:05:00,USR-0308,3,32.7,4.53,8,5,1,Normal
2024-01-15 10:00:00,USR-0205,2,54.9,0.91,19,7,3,Normal
2024-01-25 19:35:00,USR-0178,3,28.3,22.88,14,4,0,Normal
2024-01-23 02:05:00,USR-0100,5,29.5,2.23,10,6,1,Normal
2024-01-19 02:05:00,USR-0129,3,33.1,15.96,10,1,0,Normal
2024-01-09 18:10:00,USR-0282,0,10.5,10.07,11,6,2,Normal
2024-01-03 14:25:00,USR-0382,1,66.5,8.7,16,4,1,Normal
2024-01-05 12:35:00,USR-0499,3,24.5,12.83,9,6,0,Normal
2024-01-10 05:40:00,USR-0407,2,10.7,1.42,14,2,1,Normal
2024-01-29 04:50:00,USR-0201,4,34.8,6.16,11,7,0,Normal
2024-01-04 05:30:00,USR-0161,3,32.0,3.95,17,3,0,Normal
2024-01-12 03:00:00,USR-0338,4,31.9,31.6,17,4,0,Normal
2024-02-04 15:25:00,USR-0209,22,94.1,349.6,0,48,7,Suspicious
2024-01-03 14:45:00,USR-0137,1,10.0,17.18,16,3,0,Normal
2024-01-27 21:30:00,USR-0104,4,23.9,11.31,13,6,0,Normal
2024-01-22 18:25:00,USR-0285,2,26.3,5.95,16,4,0,Normal
2024-02-02 17:35:00,USR-0268,20,90.6,172.37,1,33,4,Suspicious
2024-01-24 08:35:00,USR-0131,1,60.7,33.89,9,2,1,Normal
2024-01-02 16:20:00,USR-0186,2,71.9,17.69,17,4,0,Normal
2024-01-03 19:35:00,USR-0216,4,6.5,16.27,11,6,0,Normal
2024-01-01 08:55:00,USR-0427,2,23.1,4.91,17,5,0,Normal
2024-01-15 15:00:00,USR-0171,3,17.3,11.17,11,5,0,Normal
2024-01-23 13:05:00,USR-0270,4,11.8,0.94,15,1,0,Normal
2024-01-09 21:45:00,USR-0255,2,27.3,41.02,18,3,0,Normal
2024-01-12 16:30:00,USR-0205,4,13.7,58.22,11,1,1,Normal
2024-01-31 07:25:00,USR-0445,7,10.8,6.54,9,2,0,Normal
2024-01-18 04:25:00,USR-0108,2,25.2,7.67,12,3,0,Normal
2024-01-30 12:05:00,USR-0499,5,19.3,13.73,11,7,0,Normal
2024-01-30 08:45:00,USR-0338,1,11.8,6.76,13,1,0,Normal
2024-01-09 15:35:00,USR-0367,6,7.7,4.65,14,4,0,Normal
2024-01-07 07:30:00,USR-0191,3,21.7,9.59,11,4,0,Normal
2024-01-30 02:45:00,USR-0222,3,21.5,6.67,16,6,0,Normal
2024-01-30 08:10:00,USR-0364,3,30.8,10.49,7,2,0,Normal
2024-01-22 04:15:00,USR-0299,2,22.8,3.19,8,5,0,Normal
2024-01-14 08:35:00,USR-0013,2,17.9,9.72,12,7,0,Normal
2024-01-10 12:20:00,USR-0455,3,9.2,42.52,14,1,0,Normal
2024-01-02 12:55:00,USR-0136,5,38.9,11.77,19,3,1,Normal
2024-01-21 06:35:00,USR-0155,6,30.9,8.92,9,3,0,Normal
2024-01-21 21:35:00,USR-0161,0,29.0,13.54,14,3,1,Normal
2024-01-20 03:20:00,USR-0092,1,27.5,9.9,17,5,0,Normal
2024-01-29 01:35:00,USR-0435,2,41.2,14.4,11,7,0,Normal
2024-01-26 05:15:00,USR-0488,5,40.4,17.7,10,1,0,Normal
2024-01-16 04:10:00,USR-0267,2,26.9,13.39,18,1,1,Normal
2024-01-17 05:55:00,USR-0493,0,27.4,45.09,11,5,1,Normal
2024-01-12 06:00:00,USR-0124,2,42.5,37.02,17,2,1,Normal
2024-01-23 18:50:00,USR-0112,1,39.6,17.4,10,6,0,Normal
2024-01-04 11:00:00,USR-0174,3,17.8,3.47,13,4,0,Normal
2024-01-27 03:10:00,USR-0162,2,19.8,1.29,17,7,0,Normal
2024-02-01 04:00:00,USR-0067,4,13.0,0.97,9,1,1,Normal
2024-01-12 21:55:00,USR-0176,2,14.6,2.51,10,6,0,Normal
2024-01-19 11:00:00,USR-0408,2,59.7,15.29,13,2,1,Normal
2024-01-11 10:20:00,USR-0096,1,38.5,11.94,13,3,0,Normal
2024-01-12 21:35:00,USR-0143,4,16.1,24.83,11,3,2,Normal
2024-01-01 22:05:00,USR-0216,6,21.5,18.33,12,4,1,Normal
2024-01-09 09:00:00,USR-0141,3,22.8,0.68,11,2,0,Normal
2024-02-01 00:00:00,USR-0413,1,19.8,1.67,9,4,0,Normal
2024-01-04 10:45:00,USR-0371,1,25.8,6.61,16,4,0,Normal
2024-01-06 17:05:00,USR-0488,1,26.4,60.72,12,3,0,Normal
2024-01-13 11:50:00,USR-0047,0,24.7,18.42,13,2,0,Normal
2024-01-17 08:45:00,USR-0044,2,12.4,25.39,15,6,0,Normal
2024-01-12 12:30:00,USR-0070,1,27.4,16.68,7,5,1,Normal
2024-02-02 05:15:00,USR-0238,28,94.2,1296.51,5,34,7,Suspicious
2024-01-19 03:05:00,USR-0371,4,15.5,1.15,15,4,0,Normal
2024-01-19 04:50:00,USR-0019,2,11.9,13.92,12,7,1,Normal
2024-01-26 02:55:00,USR-0224,6,60.8,2.4,16,5,0,Normal
2024-01-12 02:50:00,USR-0056,1,26.0,30.73,12,5,1,Normal
2024-01-23 18:25:00,USR-0070,1,12.4,7.29,13,4,0,Normal
2024-01-05 07:30:00,USR-0217,1,14.9,7.98,10,2,0,Normal
2024-01-03 16:25:00,USR-0381,2,16.8,7.29,11,7,1,Normal
2024-01-02 06:55:00,USR-0189,2,28.3,10.0,17,6,1,Normal
2024-01-22 09:40:00,USR-0484,3,30.7,1.35,10,5,0,Normal
2024-01-25 16:20:00,USR-0058,6,26.6,1.86,14,3,1,Normal
2024-01-19 15:45:00,USR-0473,4,61.5,17.4,11,1,0,Normal
2024-02-02 14:00:00,USR-0010,25,88.1,112.64,2,16,5,Suspicious
2024-01-23 13:40:00,USR-0265,3,8.6,29.53,13,3,0,Normal
2024-01-11 03:45:00,USR-0130,6,23.3,18.51,12,3,0,Normal
2024-01-14 16:25:00,USR-0403,1,20.9,8.36,13,5,0,Normal
2024-01-09 10:30:00,USR-0424,3,34.6,4.79,11,1,2,Normal
2024-01-16 02:05:00,USR-0496,2,12.7,0.99,17,7,0,Normal
2024-01-22 04:30:00,USR-0062,6,28.1,37.32,12,7,0,Normal
2024-01-30 07:35:00,USR-0425,2,15.0,12.51,11,5,1,Normal
2024-01-27 03:00:00,USR-0280,1,20.2,0.59,12,4,1,Normal
2024-01-28 01:30:00,USR-0434,2,35.3,24.42,13,3,0,Normal
2024-01-20 16:55:00,USR-0035,0,27.0,14.36,10,6,0,Normal
2024-02-02 01:15:00,USR-0355,21,86.6,106.73,4,45,9,Suspicious
2024-01-10 15:10:00,USR-0478,2,22.0,10.09,12,1,1,Normal
2024-01-29 19:30:00,USR-0129,2,32.6,5.85,16,1,1,Normal
2024-01-27 10:05:00,USR-0119,1,38.2,9.79,11,3,0,Normal
2024-01-26 00:00:00,USR-0373,2,32.1,22.04,16,6,0,Normal
2024-01-07 07:45:00,USR-0344,2,17.6,6.22,8,6,1,Normal
2024-02-01 15:45:00,USR-0242,0,17.3,4.58,9,5,2,Normal
2024-01-31 21:00:00,USR-0414,2,31.0,1.95,12,5,0,Normal
2024-01-18 13:25:00,USR-0479,4,41.4,25.87,12,5,1,Normal
2024-02-02 20:10:00,USR-0397,18,90.5,186.83,4,32,11,Suspicious
2024-01-05 19:45:00,USR-0089,1,8.3,14.41,15,1,0,Normal
2024-01-31 03:15:00,USR-0353,2,31.3,8.58,19,6,1,Normal
2024-01-14 23:45:00,USR-0143,0,38.0,11.89,17,7,0,Normal
2024-01-04 19:45:00,USR-0298,4,28.3,26.24,8,3,0,Normal
2024-01-23 01:55:00,USR-0163,5,37.3,16.3,14,4,0,Normal
2024-01-15 00:25:00,USR-0140,1,39.9,2.91,14,5,1,Normal
2024-01-21 08:30:00,USR-0497,1,38.8,6.19,14,4,0,Normal
2024-01-20 02:00:00,USR-0026,2,7.0,15.84,10,7,1,Normal
2024-01-01 15:15:00,USR-0310,2,44.6,2.47,9,2,2,Normal
2024-01-05 09:45:00,USR-0010,3,29.4,0.63,14,6,0,Normal
2024-01-13 01:40:00,USR-0296,4,11.1,8.82,13,5,1,Normal
2024-01-19 22:45:00,USR-0357,3,19.0,7.05,7,7,0,Normal
2024-01-31 19:50:00,USR-0124,1,25.7,21.54,13,3,1,Normal
2024-01-28 10:25:00,USR-0484,2,44.9,4.44,7,7,1,Normal
2024-01-07 05:40:00,USR-0067,5,22.9,8.66,12,1,1,Normal
2024-01-30 02:40:00,USR-0404,2,51.9,56.78,11,2,0,Normal
2024-01-01 10:45:00,USR-0461,4,42.1,2.21,9,7,0,Normal
2024-01-23 12:55:00,USR-0131,1,28.2,12.89,9,2,0,Normal
2024-01-14 17:20:00,USR-0116,1,22.1,10.57,7,2,0,Normal
2024-01-18 03:50:00,USR-0285,3,36.6,0.86,14,7,1,Normal
2024-01-28 10:05:00,USR-0198,3,46.5,21.42,10,7,0,Normal
2024-01-27 20:50:00,USR-0491,2,20.6,3.1,10,1,1,Normal
2024-01-18 13:15:00,USR-0368,5,9.4,3.87,11,3,0,Normal
2024-01-14 21:55:00,USR-0050,5,25.6,11.97,10,5,0,Normal
2024-01-22 22:55:00,USR-0384,5,52.4,7.61,11,2,1,Normal
2024-01-02 17:25:00,USR-0474,6,11.4,1.74,8,7,1,Normal
2024-02-02 23:55:00,USR-0032,22,92.8,591.36,0,36,8,Suspicious
2024-01-14 11:40:00,USR-0049,2,14.8,41.61,18,7,0,Normal
2024-01-10 04:45:00,USR-0291,8,26.4,18.31,11,7,0,Normal
2024-01-05 00:40:00,USR-0093,2,36.9,2.06,14,2,1,Normal
2024-01-28 17:10:00,USR-0420,1,10.8,18.73,12,3,0,Normal
2024-01-07 08:20:00,USR-0095,3,44.1,2.07,7,3,0,Normal
2024-02-02 15:25:00,USR-0071,23,85.3,327.16,4,21,4,Suspicious
2024-01-28 13:05:00,USR-0204,5,42.2,6.18,12,6,1,Normal
2024-01-14 12:00:00,USR-0360,2,28.7,6.31,12,6,0,Normal
2024-01-17 19:45:00,USR-0193,3,40.0,4.0,17,4,1,Normal
2024-01-18 13:10:00,USR-0437,1,45.0,9.1,10,7,1,Normal
2024-01-23 04:25:00,USR-0231,0,27.5,1.91,17,3,1,Normal
2024-01-09 01:30:00,USR-0321,7,35.7,13.68,11,6,1,Normal
2024-01-16 09:00:00,USR-0428,3,27.7,15.78,14,1,0,Normal
2024-02-03 10:00:00,USR-0009,17,86.1,301.49,5,20,8,Suspicious
2024-01-21 14:15:00,USR-0150,5,37.4,19.43,19,5,2,Normal
2024-01-03 17:15:00,USR-0035,2,41.7,13.33,9,2,1,Normal
2024-01-24 00:15:00,USR-0115,4,31.7,21.41,15,4,0,Normal
2024-01-04 03:45:00,USR-0348,4,40.3,43.15,12,2,1,Normal
2024-01-05 02:35:00,USR-0463,4,14.0,5.42,18,6,2,Normal
2024-01-10 21:55:00,USR-0356,1,19.9,78.13,12,5,0,Normal
2024-01-08 20:00:00,USR-0114,5,55.5,8.9,9,3,1,Normal
2024-01-25 01:20:00,USR-0251,3,10.8,16.03,10,4,0,Normal
2024-01-19 10:20:00,USR-0434,5,32.6,8.88,15,1,1,Normal
2024-01-13 18:40:00,USR-0336,2,5.9,75.57,12,4,1,Normal
2024-01-22 01:05:00,USR-0335,5,22.0,22.45,16,7,1,Normal
2024-01-19 17:00:00,USR-0180,2,6.5,0.85,12,5,0,Normal
2024-02-03 23:40:00,USR-0374,13,89.1,517.19,1,40,8,Suspicious
2024-01-03 15:20:00,USR-0186,8,12.8,1.79,17,2,1,Normal
2024-01-14 06:05:00,USR-0177,3,23.5,32.18,7,6,0,Normal
2024-01-07 14:25:00,USR-0360,2,40.4,1.93,10,7,2,Normal
2024-01-13 03:20:00,USR-0274,2,14.0,7.23,9,6,1,Normal
2024-01-07 20:55:00,USR-0209,4,23.4,8.9,10,2,0,Normal
2024-01-31 04:30:00,USR-0372,3,14.9,18.06,12,1,0,Normal
2024-01-18 23:20:00,USR-0098,4,52.3,7.07,11,3,1,Normal
2024-01-19 01:55:00,USR-0063,3,28.1,8.77,10,6,0,Normal
2024-01-08 04:05:00,USR-0096,5,21.0,7.55,10,2,0,Normal
2024-01-07 22:00:00,USR-0140,1,20.0,13.09,16,6,3,Normal
2024-01-08 07:25:00,USR-0498,1,32.7,12.69,11,6,0,Normal
2024-01-08 06:45:00,USR-0388,1,7.0,7.36,13,3,1,Normal
2024-01-08 11:15:00,USR-0294,5,29.7,3.0,17,5,0,Normal
2024-01-09 21:05:00,USR-0431,4,38.7,3.73,13,7,1,Normal
2024-01-04 23:50:00,USR-0080,2,20.9,3.22,13,2,0,Normal
2024-01-14 09:40:00,USR-0308,2,26.5,4.77,11,2,0,Normal
2024-02-03 17:55:00,USR-0062,23,99.8,277.13,5,46,11,Suspicious
2024-01-11 01:10:00,USR-0233,5,38.2,46.42,8,2,1,Normal
2024-01-06 09:10:00,USR-0391,1,18.5,1.01,13,1,1,Normal
2024-01-08 22:30:00,USR-0239,4,18.5,5.52,14,4,2,Normal
2024-01-12 22:40:00,USR-0141,8,25.1,6.11,12,4,0,Normal
2024-01-01 00:50:00,USR-0073,4,14.1,15.88,11,3,1,Normal
2024-02-01 02:40:00,USR-0204,1,16.0,14.96,11,7,0,Normal
2024-01-22 06:05:00,USR-0119,4,27.3,5.72,10,4,0,Normal
2024-01-13 12:15:00,USR-0253,4,41.0,14.77,9,5,0,Normal
2024-01-19 17:50:00,USR-0253,1,42.1,5.41,11,7,0,Normal
2024-01-06 20:35:00,USR-0315,5,55.1,10.56,11,3,2,Normal
2024-01-18 02:30:00,USR-0480,6,32.9,15.15,12,1,0,Normal
2024-01-21 11:55:00,USR-0451,1,42.8,3.71,13,2,0,Normal
2024-01-05 23:10:00,USR-0171,6,5.8,3.99,12,2,0,Normal
2024-01-15 05:15:00,USR-0185,3,26.7,12.89,8,7,1,Normal
2024-01-06 11:50:00,USR-0321,1,22.0,57.68,8,3,0,Normal
2024-01-09 13:10:00,USR-0023,2,16.9,1.07,9,6,2,Normal
2024-01-21 20:45:00,USR-0024,2,29.6,0.74,17,4,0,Normal
2024-01-17 10:30:00,USR-0385,2,43.0,31.2,15,3,1,Normal
2024-01-27 19:35:00,USR-0263,4,33.6,6.12,16,6,0,Normal
2024-01-16 20:55:00,USR-0014,4,31.4,16.91,15,3,0,Normal
2024-01-19 17:35:00,USR-0346,7,33.0,13.9,9,5,0,Normal
2024-01-21 20:35:00,USR-0125,2,22.4,44.51,10,3,0,Normal
2024-01-17 11:25:00,USR-0103,4,61.9,10.48,10,3,0,Normal
2024-01-28 09:05:00,USR-0332,3,27.1,38.11,15,1,0,Normal
2024-01-22 13:30:00,USR-0422,3,17.9,7.3,8,5,1,Normal
2024-01-02 18:20:00,USR-0238,1,35.5,44.12,10,2,0,Normal
2024-01-23 16:00:00,USR-0326,3,30.5,31.88,19,6,1,Normal
2024-01-30 16:55:00,USR-0357,3,55.7,11.8,7,1,1,Normal
2024-01-24 12:00:00,USR-0329,6,46.0,50.74,11,1,0,Normal
2024-01-30 10:50:00,USR-0165,4,30.0,35.57,12,7,1,Normal
2024-01-02 19:10:00,USR-0436,5,23.3,21.02,15,7,0,Normal
2024-01-24 19:40:00,USR-0254,4,59.3,30.87,12,5,0,Normal
2024-01-29 13:30:00,USR-0386,3,11.1,3.26,17,2,0,Normal
2024-01-18 09:15:00,USR-0347,3,30.7,13.03,14,6,0,Normal
2024-01-29 01:50:00,USR-0245,3,34.7,1.58,14,5,0,Normal
2024-01-20 17:10:00,USR-0118,5,32.5,19.78,12,3,1,Normal
2024-01-09 17:50:00,USR-0449,1,18.3,7.25,15,4,0,Normal
2024-01-04 15:50:00,USR-0054,2,25.3,14.22,10,2,0,Normal
2024-02-04 04:40:00,USR-0483,27,91.7,271.24,1,32,6,Suspicious
2024-01-23 11:05:00,USR-0037,5,42.5,8.15,9,4,1,Normal
2024-01-08 09:40:00,USR-0078,4,14.4,6.27,13,4,0,Normal
2024-01-20 21:55:00,USR-0108,6,25.7,7.84,12,7,0,Normal
2024-01-10 16:05:00,USR-0317,5,44.0,13.46,13,6,0,Normal
2024-01-20 14:05:00,USR-0284,5,36.1,9.31,12,1,2,Normal
2024-02-04 02:25:00,USR-0450,22,97.4,251.56,5,29,2,Suspicious
2024-01-06 22:00:00,USR-0371,1,44.3,1.44,15,7,2,Normal
2024-01-02 07:10:00,USR-0226,2,30.8,16.2,17,7,2,Normal
2024-01-01 14:00:00,USR-0081,4,22.9,9.76,13,4,1,Normal
2024-02-03 00:45:00,USR-0434,24,99.8,397.81,3,15,4,Suspicious
2024-01-29 00:35:00,USR-0234,5,32.9,33.13,11,1,2,Normal
2024-01-17 05:30:00,USR-0203,1,11.6,9.1,15,1,1,Normal
2024-01-05 08:10:00,USR-0026,4,42.4,4.92,11,2,0,Normal
2024-01-21 05:55:00,USR-0473,7,15.6,37.51,10,1,0,Normal
2024-01-22 00:20:00,USR-0398,5,50.6,5.45,11,4,0,Normal
2024-01-24 19:05:00,USR-0161,3,36.0,32.71,12,6,1,Normal
2024-02-03 20:55:00,USR-0428,26,90.2,394.68,4,32,9,Suspicious
2024-01-28 02:05:00,USR-0005,1,49.1,8.83,8,7,1,Normal
2024-01-01 05:35:00,USR-0102,4,15.7,35.79,14,2,0,Normal
2024-01-15 05:45:00,USR-0457,0,21.5,0.63,14,7,0,Normal
2024-01-30 22:55:00,USR-0178,8,32.5,6.92,13,3,1,Normal
2024-01-24 02:00:00,USR-0280,2,35.4,3.09,9,5,0,Normal
2024-01-27 05:30:00,USR-0480,0,47.2,9.74,13,4,1,Normal
2024-01-16 15:45:00,USR-0104,2,30.9,16.89,13,4,1,Normal
2024-01-19 18:35:00,USR-0066,1,39.9,5.24,14,2,0,Normal
2024-01-14 14:40:00,USR-0299,4,35.5,5.4,14,6,1,Normal
2024-01-15 11:20:00,USR-0153,2,34.5,35.06,10,2,1,Normal
2024-01-15 06:45:00,USR-0262,2,18.4,10.3,10,1,0,Normal
2024-01-21 09:55:00,USR-0239,1,41.7,11.76,17,1,0,Normal
2024-01-06 08:40:00,USR-0132,2,21.6,23.81,9,4,0,Normal
2024-01-10 14:10:00,USR-0039,4,18.8,7.85,12,4,1,Normal
2024-01-07 22:10:00,USR-0298,1,11.3,19.6,11,4,0,Normal
2024-01-21 22:55:00,USR-0394,4,13.6,23.35,10,2,0,Normal
2024-01-07 06:40:00,USR-0432,2,34.3,6.69,11,1,0,Normal
2024-01-13 07:10:00,USR-0399,1,34.1,26.8,9,5,0,Normal
2024-01-14 04:10:00,USR-0135,4,18.7,6.34,14,2,1,Normal
2024-01-02 20:30:00,USR-0316,1,29.9,9.35,14,1,0,Normal
2024-02-01 18:30:00,USR-0239,4,41.6,1.8,11,4,0,Normal
2024-01-30 18:15:00,USR-0016,3,24.7,17.83,11,1,0,Normal
2024-01-07 06:25:00,USR-0477,3,23.4,13.71,17,1,0,Normal
2024-02-02 21:00:00,USR-0230,18,99.2,156.58,5,32,5,Suspicious
2024-01-02 02:40:00,USR-0334,5,44.1,7.56,16,2,2,Normal
2024-01-17 23:05:00,USR-0303,2,28.7,7.38,9,1,0,Normal
2024-01-01 12:50:00,USR-0180,3,45.1,27.98,10,7,0,Normal
2024-01-23 01:00:00,USR-0119,3,20.1,8.13,7,3,0,Normal
2024-01-12 04:55:00,USR-0489,3,20.0,7.45,12,7,0,Normal
2024-01-31 17:45:00,USR-0241,3,23.7,5.7,18,3,1,Normal
2024-01-24 03:25:00,USR-0292,4,33.8,3.58,13,6,1,Normal
2024-01-04 01:15:00,USR-0329,4,19.0,14.36,10,5,0,Normal
2024-01-04 13:50:00,USR-0002,3,42.2,11.94,9,1,0,Normal
2024-01-06 15:10:00,USR-0094,3,29.3,22.57,13,2,1,Normal
2024-01-21 22:40:00,USR-0265,3,39.7,27.67,11,4,0,Normal
2024-01-13 12:20:00,USR-0105,2,10.9,32.35,7,1,0,Normal
2024-01-16 00:20:00,USR-0281,1,42.6,8.3,11,4,0,Normal
2024-01-10 13:35:00,USR-0320,5,38.3,45.22,13,1,0,Normal
2024-02-04 15:00:00,USR-0169,23,87.4,857.49,4,24,6,Suspicious
2024-01-01 05:45:00,USR-0034,6,56.5,13.48,14,1,1,Normal
2024-01-22 11:30:00,USR-0500,0,14.5,2.41,8,6,0,Normal
2024-01-14 20:40:00,USR-0256,1,19.6,14.8,8,7,0,Normal
2024-01-11 19:25:00,USR-0264,3,12.8,11.86,8,7,0,Normal
2024-01-28 21:50:00,USR-0347,3,13.2,17.7,15,2,0,Normal
2024-02-02 16:25:00,USR-0291,16,85.5,220.96,2,41,7,Suspicious
2024-01-22 10:45:00,USR-0291,1,35.9,22.51,10,3,1,Normal
2024-02-01 02:55:00,USR-0498,0,32.2,8.44,17,7,2,Normal
2024-01-22 20:00:00,USR-0346,3,25.2,8.64,12,6,0,Normal
2024-01-04 05:10:00,USR-0155,2,36.6,3.81,19,7,0,Normal
2024-01-06 20:00:00,USR-0485,7,37.3,18.56,11,4,0,Normal
2024-01-20 01:35:00,USR-0328,6,26.1,6.12,19,2,0,Normal
2024-01-06 06:25:00,USR-0209,2,40.4,14.5,11,1,0,Normal
2024-01-06 02:05:00,USR-0307,2,60.1,0.73,15,2,0,Normal
2024-01-10 19:45:00,USR-0487,5,33.5,1.75,12,1,1,Normal
2024-01-28 05:35:00,USR-0150,0,30.3,4.41,10,4,2,Normal
2024-01-09 21:55:00,USR-0494,3,43.8,5.75,11,4,0,Normal
2024-01-28 19:40:00,USR-0500,3,22.5,5.04,16,7,0,Normal
2024-01-20 20:35:00,USR-0225,5,47.8,7.0,12,2,0,Normal
2024-01-23 18:10:00,USR-0018,3,26.4,3.66,9,7,0,Normal
2024-01-29 09:25:00,USR-0496,2,25.5,2.5,15,5,1,Normal
2024-02-01 23:55:00,USR-0186,21,99.0,415.09,0,46,7,Suspicious
2024-01-23 03:05:00,USR-0177,4,14.6,4.69,15,5,0,Normal
2024-01-23 02:30:00,USR-0457,6,16.2,78.32,13,3,1,Normal
2024-01-13 00:55:00,USR-0137,1,44.9,5.99,13,4,2,Normal
2024-01-21 06:00:00,USR-0263,4,14.9,8.66,10,6,1,Normal
2024-01-08 23:25:00,USR-0448,2,30.9,16.2,12,3,1,Normal
2024-01-20 14:10:00,USR-0045,1,28.2,2.43,16,3,1,Normal
2024-01-18 11:40:00,USR-0386,2,29.0,8.81,9,7,0,Normal
2024-01-05 12:15:00,USR-0155,4,46.4,38.48,15,3,0,Normal
2024-01-20 10:30:00,USR-0081,1,8.9,1.72,15,6,0,Normal
2024-01-20 05:25:00,USR-0353,3,20.1,16.91,9,5,1,Normal
2024-01-20 00:25:00,USR-0305,2,43.0,49.48,8,6,0,Normal
2024-01-08 10:35:00,USR-0306,2,35.5,23.11,10,3,0,Normal
2024-01-31 13:25:00,USR-0076,6,35.0,36.19,13,7,1,Normal
2024-01-10 21:30:00,USR-0116,6,44.8,19.13,14,2,2,Normal
2024-01-24 00:50:00,USR-0222,3,24.2,4.91,14,7,0,Normal
2024-01-11 04:25:00,USR-0379,4,34.2,3.25,14,7,0,Normal
2024-01-29 12:05:00,USR-0218,0,28.4,27.34,9,6,1,Normal
2024-01-18 12:05:00,USR-0317,4,24.2,30.23,13,2,0,Normal
2024-01-30 23:35:00,USR-0237,3,26.9,21.96,14,4,0,Normal
2024-01-10 01:15:00,USR-0396,1,15.7,6.67,12,2,1,Normal
2024-01-17 06:00:00,USR-0153,4,9.8,3.06,15,1,0,Normal
2024-01-05 04:25:00,USR-0386,5,36.8,11.98,12,3,0,Normal
2024-01-26 09:40:00,USR-0185,3,23.1,0.63,12,6,2,Normal
2024-01-07 19:45:00,USR-0213,3,6.1,20.91,12,5,1,Normal
2024-02-01 21:10:00,USR-0496,2,50.0,8.53,11,2,1,Normal
2024-01-11 21:30:00,USR-0436,4,44.3,7.03,16,2,0,Normal
2024-01-09 06:25:00,USR-0096,3,8.0,4.33,12,5,0,Normal
2024-02-03 21:00:00,USR-0039,27,93.9,542.11,4,38,4,Suspicious
2024-01-27 00:25:00,USR-0336,5,24.2,4.08,14,1,0,Normal
2024-01-17 02:00:00,USR-0459,3,44.1,4.13,14,2,0,Normal
2024-01-16 13:05:00,USR-0044,0,26.8,11.47,9,4,2,Normal
2024-02-01 02:30:00,USR-0066,2,25.3,13.07,14,2,0,Normal
2024-01-31 21:45:00,USR-0043,1,31.1,13.9,9,5,0,Normal
2024-01-29 23:10:00,USR-0133,0,39.2,20.21,17,3,2,Normal
2024-01-06 07:15:00,USR-0283,3,29.1,13.18,10,4,1,Normal
2024-01-18 21:40:00,USR-0003,4,20.6,2.2,13,5,0,Normal
2024-01-17 10:55:00,USR-0104,6,12.9,9.86,12,4,0,Normal
2024-01-01 04:25:00,USR-0069,3,22.0,30.6,7,5,0,Normal
2024-01-29 03:10:00,USR-0022,2,17.5,20.14,7,4,0,Normal
2024-01-26 16:00:00,USR-0048,3,13.4,7.53,12,7,0,Normal
2024-01-27 10:35:00,USR-0356,4,18.9,1.57,19,5,1,Normal
2024-01-29 15:15:00,USR-0032,5,15.7,62.01,16,5,1,Normal
2024-01-01 09:50:00,USR-0274,5,27.9,64.28,15,6,1,Normal
2024-02-02 05:40:00,USR-0166,25,95.7,678.89,0,45,8,Suspicious
2024-01-31 21:05:00,USR-0333,3,16.2,1.09,18,2,0,Normal
2024-02-03 23:35:00,USR-0038,20,94.4,383.55,3,28,7,Suspicious
2024-01-06 18:50:00,USR-0220,1,33.8,15.06,10,4,0,Normal
2024-01-21 00:30:00,USR-0443,4,34.3,16.2,13,5,1,Normal
2024-02-02 05:45:00,USR-0299,24,86.5,347.7,0,27,6,Suspicious
2024-01-07 16:25:00,USR-0253,1,20.1,6.57,11,2,2,Normal
2024-01-30 03:25:00,USR-0333,1,48.8,21.19,19,5,0,Normal
2024-01-31 09:20:00,USR-0091,1,24.7,4.15,11,5,0,Normal
2024-01-04 03:55:00,USR-0440,1,20.7,3.36,13,2,0,Normal
2024-01-25 14:35:00,USR-0081,5,10.2,2.14,14,1,0,Normal
2024-01-21 06:15:00,USR-0021,4,17.1,5.09,12,6,0,Normal
2024-01-11 18:30:00,USR-0266,1,25.4,8.62,14,1,0,Normal
2024-01-10 21:40:00,USR-0330,7,15.2,3.97,10,3,0,Normal
2024-01-02 09:00:00,USR-0237,2,6.5,21.24,8,4,0,Normal
2024-01-11 11:10:00,USR-0139,2,38.8,42.75,13,4,0,Normal
2024-01-09 16:55:00,USR-0056,1,29.9,108.06,13,1,2,Normal
2024-01-01 04:30:00,USR-0454,3,39.9,1.49,9,5,2,Normal
2024-02-03 00:25:00,USR-0253,26,98.5,542.9,0,44,6,Suspicious
2024-01-16 11:40:00,USR-0165,0,27.4,10.56,9,3,0,Normal
2024-01-20 23:55:00,USR-0228,9,24.9,63.53,14,4,0,Normal
2024-01-02 11:50:00,USR-0069,3,20.6,3.61,15,6,0,Normal
2024-01-27 12:55:00,USR-0484,6,43.4,15.68,11,1,1,Normal
2024-01-23 06:00:00,USR-0431,1,40.1,34.11,10,6,2,Normal
2024-01-05 10:50:00,USR-0299,6,18.4,1.53,14,7,0,Normal
2024-01-25 12:15:00,USR-0224,7,31.5,32.57,14,3,0,Normal
2024-01-07 14:45:00,USR-0111,1,26.6,10.6,15,2,0,Normal
2024-01-21 16:25:00,USR-0279,2,41.5,1.94,8,6,1,Normal
2024-01-30 11:35:00,USR-0149,1,12.5,20.88,10,6,1,Normal
2024-01-25 23:00:00,USR-0433,0,8.9,5.5,11,6,0,Normal
2024-01-16 06:40:00,USR-0422,4,27.3,21.97,12,4,0,Normal
2024-01-30 09:00:00,USR-0119,1,15.7,7.33,9,7,0,Normal
2024-01-04 21:30:00,USR-0178,5,27.9,9.42,9,1,1,Normal
2024-01-17 17:05:00,USR-0043,0,19.4,3.26,11,3,1,Normal
2024-01-20 07:55:00,USR-0316,4,19.8,75.26,15,5,0,Normal
2024-01-28 11:05:00,USR-0337,4,27.0,4.06,11,3,0,Normal
2024-01-08 15:30:00,USR-0150,2,19.1,50.59,11,5,1,Normal
2024-01-08 01:45:00,USR-0029,1,37.5,16.17,10,5,0,Normal
2024-01-07 15:45:00,USR-0285,3,19.5,8.18,12,3,0,Normal
2024-01-11 07:20:00,USR-0299,1,27.8,6.64,17,6,1,Normal
2024-01-06 12:50:00,USR-0425,1,13.0,38.12,13,4,0,Normal
2024-01-17 16:05:00,USR-0286,3,9.4,10.72,9,2,0,Normal
2024-01-17 22:10:00,USR-0202,3,30.0,10.21,17,1,0,Normal
2024-01-12 00:00:00,USR-0199,3,29.6,21.72,17,6,0,Normal
2024-01-28 03:10:00,USR-0280,6,14.9,16.53,9,6,0,Normal
2024-01-14 21:40:00,USR-0361,6,51.5,7.52,10,4,0,Normal
2024-01-06 09:40:00,USR-0034,5,17.1,10.68,8,5,0,Normal
2024-01-11 09:10:00,USR-0244,3,20.6,0.88,9,3,0,Normal
2024-01-24 04:10:00,USR-0301,1,47.5,19.68,11,5,0,Normal
2024-01-25 14:50:00,USR-0002,3,28.0,20.0,13,6,1,Normal
2024-01-24 09:45:00,USR-0210,3,37.1,2.91,17,7,0,Normal
2024-01-04 02:45:00,USR-0014,2,16.8,38.54,19,7,1,Normal
2024-01-17 01:20:00,USR-0237,5,38.1,2.75,14,3,0,Normal
2024-01-30 22:50:00,USR-0139,4,15.2,0.72,13,1,1,Normal
2024-01-07 15:35:00,USR-0362,0,21.4,1.06,9,6,0,Normal
2024-02-01 18:00:00,USR-0275,3,33.4,2.99,13,3,1,Normal
2024-02-03 20:30:00,USR-0362,24,95.7,558.7,2,38,8,Suspicious
2024-01-08 16:15:00,USR-0258,1,23.6,1.52,11,3,1,Normal
2024-01-06 23:00:00,USR-0200,4,37.6,30.91,10,2,0,Normal
2024-01-01 09:30:00,USR-0489,3,27.1,18.51,10,5,0,Normal
2024-01-13 18:50:00,USR-0452,4,39.3,0.65,7,6,0,Normal
2024-01-15 20:50:00,USR-0055,2,16.3,9.53,15,3,1,Normal
2024-01-27 02:35:00,USR-0040,3,17.7,43.29,17,3,1,Normal
2024-02-02 20:25:00,USR-0431,25,88.9,521.64,4,24,8,Suspicious
2024-01-27 05:45:00,USR-0241,3,51.0,6.82,11,4,0,Normal
2024-01-21 09:45:00,USR-0494,2,38.2,63.92,18,3,1,Normal
2024-01-30 12:50:00,USR-0058,2,22.4,18.07,16,3,0,Normal
2024-01-27 01:20:00,USR-0070,3,20.1,2.41,12,5,0,Normal
2024-01-01 17:20:00,USR-0071,0,9.4,4.49,15,6,1,Normal
2024-01-17 21:25:00,USR-0061,4,37.1,42.97,13,6,0,Normal
2024-01-18 21:25:00,USR-0350,6,7.0,2.24,15,4,0,Normal
2024-01-17 16:10:00,USR-0261,3,14.5,14.32,12,5,0,Normal
2024-01-25 19:40:00,USR-0491,4,25.9,13.94,16,4,0,Normal
2024-01-25 17:45:00,USR-0011,3,13.3,4.21,19,4,1,Normal
2024-01-02 07:55:00,USR-0095,1,48.7,7.8,16,1,0,Normal
2024-02-04 11:05:00,USR-0191,24,93.9,1077.3,3,18,9,Suspicious
2024-01-18 03:30:00,USR-0279,0,23.9,2.06,15,3,0,Normal
2024-02-01 21:50:00,USR-0031,4,16.5,9.62,16,6,0,Normal
2024-01-07 20:15:00,USR-0289,2,58.8,7.23,8,3,0,Normal
2024-01-02 14:55:00,USR-0193,3,38.3,7.42,9,4,0,Normal
2024-02-01 08:30:00,USR-0074,2,20.7,2.26,11,2,1,Normal
2024-01-16 18:45:00,USR-0421,1,32.0,98.72,9,4,0,Normal
2024-01-15 17:15:00,USR-0179,3,16.8,18.28,10,1,1,Normal
2024-01-31 20:55:00,USR-0390,2,35.7,10.11,10,5,1,Normal
2024-01-07 02:55:00,USR-0232,3,24.9,16.88,13,5,0,Normal
2024-01-28 12:25:00,USR-0368,5,25.0,30.5,8,3,0,Normal
2024-01-17 19:00:00,USR-0358,4,41.2,4.04,13,2,0,Normal
2024-01-28 20:55:00,USR-0224,4,42.1,4.47,14,7,1,Normal
2024-01-10 03:40:00,USR-0157,4,13.9,4.56,15,2,0,Normal
2024-01-18 14:10:00,USR-0092,2,21.6,24.9,11,4,0,Normal
2024-01-31 05:10:00,USR-0087,5,20.3,23.19,11,6,0,Normal
2024-01-08 13:35:00,USR-0309,3,54.5,4.87,14,7,0,Normal
2024-01-25 03:45:00,USR-0420,4,35.4,22.5,15,6,0,Normal
2024-01-13 15:20:00,USR-0161,2,54.1,8.04,9,1,0,Normal
2024-01-31 09:15:00,USR-0229,0,53.3,12.6,10,6,0,Normal
2024-01-31 11:25:00,USR-0188,3,30.5,30.58,14,1,0,Normal
2024-01-19 11:50:00,USR-0161,3,45.2,1.03,8,5,0,Normal
2024-01-16 00:15:00,USR-0125,1,36.5,19.43,11,2,0,Normal
2024-01-05 16:25:00,USR-0257,2,41.1,1.45,14,5,3,Normal
2024-01-17 16:35:00,USR-0492,2,20.7,5.02,11,1,0,Normal
2024-01-08 16:35:00,USR-0366,3,27.9,42.65,9,4,0,Normal
2024-01-30 20:40:00,USR-0245,2,22.4,87.13,14,3,1,Normal
2024-02-01 04:40:00,USR-0429,1,33.5,9.67,7,6,0,Normal
2024-01-10 00:25:00,USR-0081,4,36.7,43.92,11,4,1,Normal
2024-01-04 17:25:00,USR-0133,3,28.1,7.36,13,4,1,Normal
2024-02-01 02:15:00,USR-0196,2,37.0,2.5,8,7,1,Normal
2024-01-29 01:10:00,USR-0304,5,36.1,1.64,11,2,1,Normal
2024-01-28 03:00:00,USR-0482,1,23.1,0.64,16,2,1,Normal
2024-01-22 07:00:00,USR-0175,1,41.6,11.65,7,2,0,Normal
2024-01-10 16:50:00,USR-0359,7,25.1,19.38,9,7,1,Normal
2024-01-12 02:05:00,USR-0451,3,13.0,28.86,11,7,0,Normal
2024-01-23 18:05:00,USR-0011,2,29.4,4.31,11,2,0,Normal
2024-01-05 05:10:00,USR-0144,3,32.3,14.2,9,3,2,Normal
2024-01-23 18:40:00,USR-0216,3,30.3,15.22,17,6,2,Normal
2024-01-29 05:40:00,USR-0184,2,8.7,19.94,17,2,0,Normal
2024-01-18 16:05:00,USR-0226,2,22.9,27.96,11,6,0,Normal
2024-01-17 21:40:00,USR-0289,4,26.5,33.28,12,7,1,Normal
2024-01-18 10:50:00,USR-0226,3,39.6,38.35,17,6,1,Normal
2024-01-18 08:10:00,USR-0063,3,48.9,0.81,15,3,0,Normal
2024-01-16 10:50:00,USR-0373,1,52.0,3.61,14,7,1,Normal
2024-01-19 04:20:00,USR-0256,4,41.6,27.68,10,5,1,Normal
2024-02-03 00:20:00,USR-0350,18,85.8,357.53,0,37,4,Suspicious
2024-01-12 20:25:00,USR-0465,3,37.2,63.95,7,7,2,Normal
2024-01-20 21:30:00,USR-0157,7,41.1,17.54,13,5,0,Normal
2024-01-14 20:05:00,USR-0334,3,25.6,1.39,15,1,0,Normal
2024-01-05 07:35:00,USR-0342,3,34.3,14.54,10,3,0,Normal
2024-01-06 19:35:00,USR-0166,4,38.4,15.23,8,5,2,Normal
2024-01-28 20:50:00,USR-0494,7,19.1,16.61,10,2,0,Normal
2024-01-04 19:00:00,USR-0216,2,10.6,14.91,10,5,2,Normal
2024-01-18 14:50:00,USR-0275,7,34.2,7.54,12,2,0,Normal
2024-02-02 07:20:00,USR-0077,21,86.5,2165.48,0,28,8,Suspicious
2024-01-30 12:20:00,USR-0474,2,24.4,7.75,16,4,2,Normal
2024-01-16 19:55:00,USR-0365,5,27.9,27.73,7,1,2,Normal
2024-01-14 05:35:00,USR-0473,5,43.4,13.53,15,4,0,Normal
2024-01-13 23:50:00,USR-0244,2,20.9,12.28,9,5,0,Normal
2024-01-23 06:40:00,USR-0357,1,17.0,21.06,11,5,1,Normal
2024-01-19 17:15:00,USR-0444,3,21.6,67.47,13,4,1,Normal
2024-01-31 17:00:00,USR-0289,3,9.7,15.38,11,4,0,Normal
2024-01-28 18:35:00,USR-0074,4,32.2,3.6,16,1,0,Normal
2024-01-15 08:15:00,USR-0228,7,13.6,11.14,12,6,0,Normal
2024-01-09 06:20:00,USR-0258,3,16.3,13.93,10,5,0,Normal
2024-01-16 01:05:00,USR-0148,4,33.3,8.48,7,2,0,Normal
2024-01-29 03:20:00,USR-0353,4,17.8,10.58,13,4,0,Normal
2024-01-23 11:30:00,USR-0202,5,17.1,10.4,13,4,0,Normal
2024-01-09 16:05:00,USR-0339,3,23.2,13.45,16,2,0,Normal
2024-01-13 20:10:00,USR-0357,4,28.5,80.67,11,3,1,Normal
2024-01-19 07:55:00,USR-0354,2,33.3,11.65,17,6,0,Normal
2024-02-02 21:35:00,USR-0085,25,95.9,204.48,5,25,9,Suspicious
2024-01-26 21:05:00,USR-0376,0,53.8,3.25,9,2,1,Normal
2024-01-30 05:10:00,USR-0046,5,37.9,2.51,18,5,1,Normal
2024-02-04 05:30:00,USR-0469,23,93.9,356.98,2,22,8,Suspicious
2024-01-18 09:35:00,USR-0298,5,13.4,32.22,7,7,1,Normal
2024-01-08 03:55:00,USR-0096,3,13.4,15.03,11,1,0,Normal
2024-01-31 17:30:00,USR-0023,2,14.3,17.01,10,5,1,Normal
2024-01-13 15:30:00,USR-0394,4,40.5,3.07,7,7,1,Normal
2024-01-11 20:55:00,USR-0183,3,27.6,3.64,11,2,1,Normal
2024-02-01 19:20:00,USR-0040,0,36.7,18.37,9,5,0,Normal
2024-01-07 17:25:00,USR-0127,2,21.4,22.86,8,4,1,Normal
2024-01-10 09:55:00,USR-0266,5,63.5,1.12,13,1,0,Normal
2024-01-30 06:05:00,USR-0186,1,28.8,37.71,13,4,1,Normal
2024-01-16 17:55:00,USR-0101,3,28.9,3.04,11,5,0,Normal
2024-01-11 21:50:00,USR-0381,0,43.6,14.72,16,1,0,Normal
2024-02-02 02:10:00,USR-0259,29,86.2,160.18,3,25,4,Suspicious
2024-01-19 09:05:00,USR-0056,0,57.1,3.74,11,2,0,Normal
2024-01-05 21:40:00,USR-0069,2,36.1,4.25,9,4,2,Normal
2024-01-15 09:30:00,USR-0225,4,18.8,0.66,9,4,0,Normal
2024-01-27 12:25:00,USR-0500,3,12.6,5.78,11,2,0,Normal
2024-01-13 06:45:00,USR-0051,2,27.1,13.76,13,1,0,Normal
2024-01-07 16:40:00,USR-0428,2,36.9,26.85,10,2,0,Normal
2024-01-09 04:10:00,USR-0209,3,26.5,3.51,14,3,1,Normal
2024-01-15 17:20:00,USR-0136,3,19.5,2.76,11,3,1,Normal
2024-01-31 18:30:00,USR-0087,4,17.5,36.66,8,1,2,Normal
2024-01-29 04:20:00,USR-0166,6,18.7,1.21,12,1,0,Normal
2024-01-02 10:40:00,USR-0088,3,50.0,29.53,11,4,0,Normal
2024-01-22 20:55:00,USR-0284,5,39.4,51.86,10,5,3,Normal
2024-01-15 13:30:00,USR-0028,4,10.0,47.32,9,5,1,Normal
2024-01-01 05:10:00,USR-0338,3,59.6,2.71,16,6,0,Normal
2024-01-08 12:10:00,USR-0169,2,31.8,2.3,15,3,1,Normal
2024-01-04 05:25:00,USR-0164,4,7.6,8.0,9,3,0,Normal
2024-01-06 22:05:00,USR-0284,1,14.2,4.66,11,5,1,Normal
2024-01-29 06:25:00,USR-0294,2,27.8,6.89,12,2,0,Normal
2024-01-30 00:50:00,USR-0482,6,25.6,6.92,18,2,1,Normal
2024-01-16 14:55:00,USR-0068,3,41.1,1.99,10,5,0,Normal
2024-01-03 12:25:00,USR-0291,5,14.3,46.44,10,4,0,Normal
2024-02-03 15:50:00,USR-0116,20,95.2,109.8,5,26,2,Suspicious
2024-01-22 01:45:00,USR-0424,1,21.7,4.0,15,6,0,Normal
2024-01-12 15:40:00,USR-0100,2,16.2,2.7,13,2,0,Normal
2024-01-13 05:00:00,USR-0352,4,5.4,9.97,10,1,0,Normal
2024-01-08 00:05:00,USR-0399,2,13.1,5.89,10,5,0,Normal
2024-01-19 13:45:00,USR-0032,2,53.9,16.42,11,7,2,Normal
2024-01-13 21:15:00,USR-0465,2,26.8,10.42,12,6,0,Normal
2024-01-27 17:15:00,USR-0116,4,51.4,33.93,7,1,1,Normal
2024-01-04 14:00:00,USR-0346,6,14.3,69.75,9,1,0,Normal
2024-01-11 18:00:00,USR-0340,6,12.7,0.6,9,5,1,Normal
2024-02-01 13:15:00,USR-0201,1,12.7,2.11,16,6,0,Normal
2024-01-29 18:00:00,USR-0054,1,37.1,4.31,11,3,1,Normal
2024-01-31 20:45:00,USR-0007,1,35.0,10.33,17,5,1,Normal
2024-01-02 06:25:00,USR-0393,3,42.1,4.06,17,6,0,Normal
2024-01-09 14:30:00,USR-0235,1,28.9,13.04,14,7,0,Normal
2024-01-17 03:00:00,USR-0356,6,31.0,9.03,11,4,1,Normal
2024-01-24 20:10:00,USR-0326,1,34.3,2.39,10,6,0,Normal
2024-01-12 08:15:00,USR-0387,2,16.8,1.68,13,3,0,Normal
2024-02-01 15:25:00,USR-0323,3,27.3,1.62,13,6,0,Normal
2024-01-31 19:05:00,USR-0243,6,28.7,16.37,10,1,0,Normal
2024-01-27 05:55:00,USR-0461,4,9.7,25.74,11,7,1,Normal
2024-01-04 00:10:00,USR-0245,1,17.5,36.53,14,7,0,Normal
2024-01-01 02:30:00,USR-0167,2,47.7,2.86,13,7,0,Normal
2024-01-26 14:20:00,USR-0106,4,11.3,3.65,19,7,0,Normal
2024-01-26 11:55:00,USR-0281,3,20.8,9.63,12,5,2,Normal
2024-01-05 11:20:00,USR-0323,1,26.0,35.34,10,7,0,Normal
2024-01-22 03:20:00,USR-0027,3,21.7,41.09,15,4,0,Normal
2024-01-15 00:10:00,USR-0499,8,17.7,7.51,13,3,0,Normal
2024-01-27 19:40:00,USR-0486,1,31.6,37.81,11,7,0,Normal
2024-01-02 22:20:00,USR-0432,2,14.3,18.59,9,2,0,Normal
2024-01-14 20:50:00,USR-0351,1,17.2,107.07,12,2,2,Normal
2024-01-18 22:35:00,USR-0337,4,33.3,12.1,9,1,0,Normal
2024-01-09 14:05:00,USR-0330,4,25.7,3.29,10,7,0,Normal
2024-02-01 01:25:00,USR-0385,2,25.5,28.03,12,7,0,Normal
2024-01-02 04:00:00,USR-0327,2,47.1,12.82,10,6,0,Normal
2024-01-25 14:05:00,USR-0070,3,24.1,13.28,14,6,1,Normal
2024-01-05 00:35:00,USR-0065,3,21.0,25.26,18,2,0,Normal
2024-01-22 07:25:00,USR-0048,3,40.5,24.54,9,7,1,Normal
2024-01-03 15:10:00,USR-0006,5,48.2,5.1,11,4,0,Normal
2024-01-14 00:40:00,USR-0446,4,7.7,7.85,15,4,0,Normal
2024-01-16 07:45:00,USR-0364,4,54.4,4.68,12,7,1,Normal
2024-01-14 12:35:00,USR-0274,4,17.6,16.68,12,2,0,Normal
2024-01-25 06:10:00,USR-0069,3,27.8,20.04,11,6,0,Normal
2024-01-04 03:20:00,USR-0423,8,23.9,13.27,11,1,0,Normal
2024-01-23 10:35:00,USR-0482,4,23.6,8.59,14,1,0,Normal
2024-01-31 22:55:00,USR-0368,2,29.9,3.21,11,7,0,Normal
2024-02-02 13:55:00,USR-0308,23,97.4,986.23,1,24,6,Suspicious
2024-01-31 07:50:00,USR-0403,2,24.7,24.93,12,1,0,Normal
2024-01-05 09:40:00,USR-0365,2,23.0,3.19,17,6,0,Normal
2024-01-24 11:40:00,USR-0153,4,53.6,31.44,12,2,0,Normal
2024-01-14 19:55:00,USR-0370,1,16.5,44.21,13,5,0,Normal
2024-01-30 00:45:00,USR-0081,5,42.3,21.14,14,3,1,Normal
2024-01-27 19:15:00,USR-0486,0,23.2,4.1,17,5,0,Normal
2024-01-30 09:45:00,USR-0142,2,44.0,2.27,11,7,0,Normal
2024-01-28 08:05:00,USR-0435,2,49.1,5.22,13,4,1,Normal
2024-01-24 12:10:00,USR-0039,1,35.6,7.71,11,7,1,Normal
2024-01-24 18:45:00,USR-0365,5,6.4,21.69,10,3,0,Normal
2024-01-10 03:45:00,USR-0425,4,57.2,0.96,17,7,0,Normal
2024-01-18 21:55:00,USR-0479,1,30.9,8.53,8,4,1,Normal
2024-01-05 20:30:00,USR-0038,3,23.4,9.13,12,6,0,Normal
2024-01-26 06:00:00,USR-0139,5,27.3,6.49,11,3,0,Normal
2024-01-03 01:35:00,USR-0336,5,15.0,44.32,9,1,0,Normal
2024-01-10 04:20:00,USR-0037,7,15.5,2.87,12,6,1,Normal
2024-01-06 01:50:00,USR-0186,2,10.4,9.77,16,1,0,Normal
2024-01-02 10:50:00,USR-0012,3,33.6,35.79,14,7,0,Normal
2024-01-13 23:20:00,USR-0347,0,15.5,4.97,16,2,1,Normal
2024-01-03 14:40:00,USR-0275,4,37.9,11.4,14,3,0,Normal
2024-01-17 15:15:00,USR-0132,1,35.9,19.33,9,4,2,Normal
2024-01-20 17:40:00,USR-0245,4,27.6,29.24,13,5,2,Normal
2024-01-20 08:30:00,USR-0124,0,38.8,44.18,13,5,3,Normal
2024-01-19 01:20:00,USR-0012,4,7.9,13.09,10,3,0,Normal
2024-01-31 03:50:00,USR-0452,3,18.5,13.33,15,6,0,Normal
2024-01-17 23:50:00,USR-0152,3,45.8,19.94,12,3,0,Normal
2024-01-12 11:30:00,USR-0482,6,41.9,1.35,11,3,0,Normal
2024-01-27 16:05:00,USR-0054,5,39.4,20.61,15,1,0,Normal
2024-01-15 20:20:00,USR-0015,2,33.9,7.55,19,3,0,Normal
2024-01-16 14:35:00,USR-0055,2,17.7,5.45,16,6,0,Normal
2024-01-03 11:00:00,USR-0189,3,31.6,1.86,11,4,0,Normal
2024-01-10 21:10:00,USR-0182,1,36.7,5.36,12,7,1,Normal
2024-01-02 02:30:00,USR-0406,4,21.0,56.84,11,4,0,Normal
2024-01-22 05:55:00,USR-0041,3,25.2,18.11,15,3,0,Normal
2024-01-25 00:10:00,USR-0389,2,50.0,8.34,13,6,1,Normal
2024-01-30 16:50:00,USR-0347,4,9.4,15.35,9,2,0,Normal
2024-01-01 11:00:00,USR-0093,5,46.7,9.96,9,4,1,Normal
2024-01-25 12:40:00,USR-0391,3,29.4,12.17,11,4,4,Normal
2024-01-21 08:25:00,USR-0500,4,28.0,10.61,8,4,1,Normal
2024-01-10 06:55:00,USR-0068,1,24.2,7.27,14,2,0,Normal
2024-01-22 17:25:00,USR-0183,2,19.8,11.27,14,5,1,Normal
2024-01-24 06:55:00,USR-0118,3,17.7,1.94,12,2,1,Normal
2024-01-20 09:00:00,USR-0067,4,30.3,27.07,11,3,1,Normal
2024-01-15 10:20:00,USR-0384,3,48.5,81.38,7,3,0,Normal
2024-01-03 07:30:00,USR-0479,6,16.3,15.88,8,5,0,Normal
2024-01-12 17:25:00,USR-0476,1,22.1,73.31,10,6,1,Normal
2024-01-23 14:15:00,USR-0372,5,27.4,2.6,10,5,0,Normal
2024-01-09 10:00:00,USR-0084,3,54.7,10.63,10,7,1,Normal
2024-01-02 08:30:00,USR-0009,2,20.6,7.62,11,3,3,Normal
2024-01-01 03:50:00,USR-0210,3,40.2,0.78,17,3,0,Normal
2024-01-03 15:05:00,USR-0032,2,14.0,22.61,15,1,1,Normal
2024-01-07 02:20:00,USR-0487,5,56.7,12.94,11,7,0,Normal
2024-01-20 06:40:00,USR-0425,4,17.6,22.75,11,3,1,Normal
2024-01-14 00:45:00,USR-0136,4,10.7,3.22,15,2,0,Normal
2024-01-31 12:15:00,USR-0013,4,30.2,7.42,14,6,1,Normal
2024-01-31 11:10:00,USR-0371,1,35.7,0.81,17,2,1,Normal
2024-01-25 03:15:00,USR-0346,2,12.2,41.64,18,6,0,Normal
2024-01-01 00:35:00,USR-0140,3,19.5,12.9,14,3,0,Normal
2024-01-24 00:55:00,USR-0221,6,25.0,7.22,12,6,0,Normal
2024-01-09 17:35:00,USR-0191,3,32.1,7.19,7,2,1,Normal
2024-02-03 14:05:00,USR-0407,26,92.7,278.57,1,25,4,Suspicious
2024-01-23 08:25:00,USR-0272,2,28.8,13.21,12,4,0,Normal
2024-01-12 13:10:00,USR-0006,4,40.8,14.13,13,7,2,Normal
2024-02-01 06:20:00,USR-0320,2,24.1,3.86,8,7,2,Normal
2024-01-11 15:50:00,USR-0146,2,30.8,14.1,11,5,1,Normal
2024-01-13 03:40:00,USR-0485,3,11.8,6.89,12,3,0,Normal
2024-01-26 05:45:00,USR-0023,2,21.0,2.2,9,6,2,Normal
2024-01-09 16:35:00,USR-0355,3,13.5,6.06,13,2,0,Normal
2024-01-23 16:30:00,USR-0417,0,17.2,37.29,11,3,0,Normal
2024-01-17 19:35:00,USR-0078,3,9.8,16.34,14,6,1,Normal
2024-01-01 05:40:00,USR-0483,2,57.3,8.33,10,1,0,Normal
2024-01-11 17:45:00,USR-0162,6,36.2,18.73,14,4,1,Normal
2024-01-21 03:00:00,USR-0200,1,22.1,15.96,11,7,0,Normal
2024-01-29 15:10:00,USR-0288,3,19.9,2.68,13,3,0,Normal
2024-01-06 23:05:00,USR-0101,7,27.6,4.85,10,2,0,Normal
2024-01-14 21:30:00,USR-0262,3,12.7,25.05,17,5,1,Normal
2024-01-13 21:35:00,USR-0241,1,21.8,4.07,17,5,2,Normal
2024-01-28 11:10:00,USR-0244,3,11.5,20.75,8,5,0,Normal
2024-01-24 15:55:00,USR-0140,3,11.0,17.1,15,4,0,Normal
2024-01-04 02:20:00,USR-0361,5,18.6,13.15,11,1,0,Normal
2024-01-19 19:30:00,USR-0379,3,10.5,13.32,15,1,0,Normal
2024-01-10 11:00:00,USR-0213,4,18.8,4.27,19,4,1,Normal
2024-01-03 20:25:00,USR-0353,3,23.4,5.31,13,2,0,Normal
2024-01-18 15:15:00,USR-0276,2,67.0,0.66,15,2,0,Normal
2024-02-03 12:15:00,USR-0301,15,89.2,126.58,5,30,8,Suspicious
2024-01-02 13:45:00,USR-0148,2,30.0,1.01,11,7,0,Normal
2024-01-19 06:50:00,USR-0192,4,14.4,1.4,12,1,0,Normal
2024-01-21 10:15:00,USR-0287,3,19.8,35.95,12,1,0,Normal
2024-01-26 17:10:00,USR-0479,2,45.2,7.48,10,6,0,Normal
2024-01-19 09:15:00,USR-0140,1,22.1,23.72,15,5,0,Normal
2024-01-29 06:20:00,USR-0319,2,45.1,1.58,9,1,0,Normal
2024-02-01 02:35:00,USR-0056,4,54.1,3.5,17,7,0,Normal
2024-01-22 17:55:00,USR-0492,3,14.9,43.68,11,1,0,Normal
2024-01-23 06:50:00,USR-0011,1,51.9,3.11,12,7,1,Normal
2024-01-09 04:25:00,USR-0416,2,21.7,5.38,7,1,1,Normal
2024-01-29 11:05:00,USR-0291,5,15.6,4.07,10,4,0,Normal
2024-01-03 04:35:00,USR-0249,4,6.9,11.99,11,2,0,Normal
2024-01-24 17:50:00,USR-0005,4,47.3,20.11,9,1,1,Normal
2024-01-15 11:50:00,USR-0008,4,17.8,30.64,13,7,1,Normal
2024-01-12 17:15:00,USR-0411,2,25.3,5.34,19,3,0,Normal
2024-01-10 15:30:00,USR-0208,1,22.8,4.64,7,7,0,Normal
2024-01-26 21:30:00,USR-0407,3,34.0,4.18,9,2,0,Normal
2024-01-16 01:25:00,USR-0403,3,27.3,5.02,8,3,0,Normal
2024-01-25 05:05:00,USR-0425,3,30.2,10.75,12,3,0,Normal
2024-01-09 00:05:00,USR-0283,3,12.0,18.56,12,6,0,Normal
2024-02-01 05:25:00,USR-0371,1,23.4,17.17,11,2,0,Normal
2024-01-21 12:10:00,USR-0251,3,49.7,1.29,12,2,1,Normal
2024-01-04 11:50:00,USR-0448,1,7.0,30.77,18,5,0,Normal
2024-01-28 08:25:00,USR-0079,3,36.2,5.26,16,4,1,Normal
2024-01-30 10:45:00,USR-0237,3,25.9,2.76,11,4,1,Normal
2024-01-18 07:10:00,USR-0158,5,18.2,10.12,15,4,0,Normal
2024-01-17 08:20:00,USR-0349,4,28.7,5.89,15,5,0,Normal
2024-01-29 06:15:00,USR-0420,0,20.5,112.14,14,1,3,Normal
2024-01-11 13:15:00,USR-0260,2,48.0,31.47,10,3,1,Normal
2024-01-09 00:40:00,USR-0211,0,48.8,44.94,9,1,0,Normal
2024-01-04 09:55:00,USR-0251,4,9.4,1.79,14,6,0,Normal
2024-01-09 08:45:00,USR-0197,2,15.9,7.78,11,1,2,Normal
2024-01-10 09:00:00,USR-0247,4,45.4,12.32,17,7,0,Normal
2024-01-21 17:00:00,USR-0107,1,41.2,9.04,12,3,0,Normal
2024-01-25 06:50:00,USR-0383,4,41.2,3.68,10,5,0,Normal
2024-01-01 08:10:00,USR-0388,0,7.7,4.1,10,3,0,Normal
2024-01-29 19:00:00,USR-0009,2,28.1,18.14,15,7,0,Normal
2024-01-09 02:25:00,USR-0129,3,40.4,5.15,17,2,0,Normal
2024-01-23 20:55:00,USR-0076,3,12.6,28.37,12,6,0,Normal
2024-01-03 06:35:00,USR-0125,5,20.9,47.86,10,7,0,Normal
2024-01-12 06:05:00,USR-0043,1,11.7,10.64,14,3,1,Normal
2024-01-31 12:45:00,USR-0439,6,24.3,13.06,15,5,0,Normal
2024-01-17 23:30:00,USR-0054,3,50.3,10.42,10,6,1,Normal
2024-01-27 07:30:00,USR-0371,4,19.6,4.17,11,3,1,Normal
2024-02-02 15:05:00,USR-0063,18,98.1,123.6,5,24,7,Suspicious
2024-01-01 20:40:00,USR-0293,0,28.8,38.4,15,6,0,Normal
2024-01-26 19:00:00,USR-0396,4,20.1,42.8,16,7,0,Normal
2024-01-16 02:45:00,USR-0099,3,39.6,14.72,12,4,1,Normal
2024-01-09 23:15:00,USR-0200,4,12.0,23.78,7,4,0,Normal
2024-01-04 13:35:00,USR-0194,1,22.7,1.46,13,4,0,Normal
2024-01-03 11:20:00,USR-0113,5,14.7,18.08,13,3,0,Normal
2024-01-14 05:20:00,USR-0424,2,23.0,4.23,16,2,1,Normal
2024-01-21 17:45:00,USR-0083,1,20.8,11.81,8,1,0,Normal
2024-01-18 05:00:00,USR-0377,4,56.3,3.05,7,5,0,Normal
2024-01-01 03:45:00,USR-0458,2,23.5,1.26,12,4,1,Normal
2024-01-22 00:05:00,USR-0191,0,14.7,4.18,17,3,0,Normal
2024-01-30 23:30:00,USR-0016,4,23.7,10.97,10,3,0,Normal
2024-01-21 05:00:00,USR-0114,3,18.9,1.88,14,1,1,Normal
2024-01-05 05:20:00,USR-0198,5,37.1,17.98,11,7,0,Normal
2024-02-03 10:15:00,USR-0213,11,87.5,862.37,3,23,11,Suspicious
2024-01-04 20:00:00,USR-0356,1,29.4,1.54,10,2,3,Normal
2024-01-12 19:55:00,USR-0137,2,15.2,0.6,9,2,0,Normal
2024-01-22 14:50:00,USR-0220,5,10.2,1.91,10,4,1,Normal
2024-01-27 03:50:00,USR-0212,5,9.5,22.92,15,6,2,Normal
2024-01-13 09:10:00,USR-0403,3,13.5,17.47,11,1,1,Normal
2024-01-25 22:00:00,USR-0302,4,16.6,6.74,12,7,0,Normal
2024-01-29 16:20:00,USR-0481,6,15.8,12.8,9,7,0,Normal
2024-01-15 06:20:00,USR-0152,1,44.6,17.14,12,3,1,Normal
2024-01-23 17:05:00,USR-0072,2,28.1,16.57,9,3,1,Normal
2024-01-03 05:15:00,USR-0121,4,15.6,9.13,18,5,1,Normal
2024-01-13 12:00:00,USR-0322,6,46.1,16.89,12,3,0,Normal
2024-01-04 08:55:00,USR-0274,4,33.3,5.54,13,4,0,Normal
2024-01-22 06:45:00,USR-0433,5,33.8,2.23,12,5,0,Normal
2024-01-23 09:05:00,USR-0320,4,33.3,5.99,10,4,1,Normal
2024-01-06 18:00:00,USR-0083,7,45.3,19.58,9,5,0,Normal
2024-01-17 20:20:00,USR-0007,0,57.7,25.05,18,3,0,Normal
2024-01-17 02:40:00,USR-0250,3,26.2,15.74,11,2,3,Normal
2024-01-01 01:15:00,USR-0112,1,51.3,3.92,15,2,0,Normal
2024-01-22 17:50:00,USR-0019,3,38.9,29.44,17,4,1,Normal
2024-01-08 17:00:00,USR-0008,2,14.1,7.23,12,7,1,Normal
2024-01-21 07:55:00,USR-0117,4,13.0,7.98,14,3,0,Normal
2024-01-24 00:20:00,USR-0302,1,41.0,2.99,12,2,1,Normal
2024-01-12 03:50:00,USR-0107,3,26.4,17.43,10,5,2,Normal
2024-01-05 12:30:00,USR-0071,1,40.8,1.3,15,1,1,Normal
2024-01-03 11:40:00,USR-0327,1,30.0,12.07,10,4,0,Normal
2024-01-05 02:45:00,USR-0049,2,19.1,12.61,15,5,0,Normal
2024-01-18 21:30:00,USR-0481,1,22.3,4.79,13,5,1,Normal
2024-01-05 01:35:00,USR-0007,4,21.2,1.78,10,4,0,Normal
2024-01-14 18:30:00,USR-0410,1,59.6,12.68,11,4,0,Normal
2024-01-07 00:20:00,USR-0148,6,42.9,17.36,13,3,0,Normal
2024-01-20 23:15:00,USR-0074,2,14.3,39.84,12,5,1,Normal
2024-01-12 12:05:00,USR-0189,3,47.6,16.6,15,7,0,Normal
2024-02-02 22:10:00,USR-0008,27,95.2,276.0,1,30,4,Suspicious
2024-01-09 15:30:00,USR-0354,6,19.4,22.0,15,5,1,Normal
2024-01-15 19:45:00,USR-0127,7,33.1,4.78,12,2,0,Normal
2024-01-22 19:55:00,USR-0314,3,43.9,9.61,15,2,0,Normal
2024-01-05 14:00:00,USR-0356,6,12.2,2.54,14,1,0,Normal
2024-01-06 17:20:00,USR-0258,6,34.9,20.82,10,7,1,Normal
2024-01-27 15:40:00,USR-0026,1,21.2,1.34,10,7,0,Normal
2024-01-14 17:45:00,USR-0184,4,17.0,13.14,15,5,1,Normal
2024-01-18 23:40:00,USR-0317,3,9.7,32.11,12,1,0,Normal
2024-01-27 22:00:00,USR-0341,1,10.3,21.07,11,4,0,Normal
2024-01-28 05:45:00,USR-0422,3,29.7,27.42,15,4,0,Normal
2024-01-06 03:50:00,USR-0019,3,14.7,7.18,11,6,0,Normal
2024-01-28 19:55:00,USR-0123,5,21.0,7.8,16,2,0,Normal
2024-01-17 10:50:00,USR-0225,2,37.2,4.87,15,5,0,Normal
2024-01-27 23:10:00,USR-0080,3,23.2,1.13,9,6,0,Normal
2024-01-12 13:00:00,USR-0349,1,10.7,11.41,10,6,2,Normal
2024-02-04 14:35:00,USR-0218,18,88.6,523.54,4,37,10,Suspicious
2024-01-29 06:50:00,USR-0239,3,21.0,22.1,9,6,1,Normal
2024-01-08 05:20:00,USR-0023,2,25.2,14.54,16,2,0,Normal
2024-01-07 21:00:00,USR-0239,7,39.6,3.39,10,4,1,Normal
2024-01-01 19:50:00,USR-0105,1,35.5,19.29,10,2,0,Normal
2024-01-25 22:55:00,USR-0453,6,27.6,19.03,13,6,4,Normal
2024-01-04 15:35:00,USR-0465,1,32.5,24.58,13,2,1,Normal
2024-01-16 23:40:00,USR-0079,3,16.0,18.66,17,3,1,Normal
2024-01-25 02:05:00,USR-0411,2,30.3,3.95,10,6,1,Normal
2024-01-12 18:00:00,USR-0168,3,30.4,1.32,11,3,0,Normal
2024-02-01 21:20:00,USR-0020,2,22.7,11.43,9,4,1,Normal
2024-01-06 19:25:00,USR-0386,0,27.5,25.69,10,7,1,Normal
2024-01-02 13:20:00,USR-0254,8,49.4,24.49,13,7,1,Normal
2024-01-19 08:00:00,USR-0385,1,48.2,10.05,8,7,1,Normal
2024-01-06 19:10:00,USR-0037,4,21.6,10.95,18,1,2,Normal
2024-02-03 14:20:00,USR-0086,18,85.2,182.62,5,45,4,Suspicious
2024-01-28 18:55:00,USR-0308,7,24.1,6.28,18,4,0,Normal
2024-01-07 11:35:00,USR-0120,4,26.7,7.82,7,3,1,Normal
2024-01-05 08:50:00,USR-0201,4,24.0,19.11,11,3,0,Normal
2024-01-20 16:10:00,USR-0056,2,37.1,21.21,8,3,1,Normal
2024-01-29 16:50:00,USR-0435,0,40.6,2.68,11,1,1,Normal
2024-01-19 23:40:00,USR-0404,4,33.0,12.29,13,4,1,Normal
2024-01-13 08:45:00,USR-0348,5,39.8,6.74,7,7,0,Normal
2024-01-31 07:45:00,USR-0387,7,6.3,20.3,7,2,0,Normal
2024-01-21 05:30:00,USR-0479,4,43.3,1.05,10,7,0,Normal
2024-01-20 08:05:00,USR-0343,2,33.9,8.74,19,3,2,Normal
2024-01-19 17:40:00,USR-0374,8,20.2,13.56,16,4,0,Normal
2024-01-06 23:50:00,USR-0159,1,34.8,0.73,10,5,1,Normal
2024-01-28 11:15:00,USR-0289,3,22.2,27.94,13,2,0,Normal
2024-01-31 04:05:00,USR-0480,5,43.4,5.26,10,3,0,Normal
2024-02-02 09:45:00,USR-0240,25,95.9,1500.61,0,44,9,Suspicious
2024-01-18 15:20:00,USR-0027,4,16.3,1.02,12,1,0,Normal
2024-01-16 18:05:00,USR-0456,8,15.0,16.54,14,7,1,Normal
2024-02-03 00:50:00,USR-0152,21,88.8,299.6,0,26,9,Suspicious
2024-01-07 22:15:00,USR-0265,1,32.7,35.98,15,5,0,Normal
2024-02-02 10:40:00,USR-0300,20,91.6,301.41,5,43,6,Suspicious
2024-01-05 09:20:00,USR-0153,5,30.7,24.41,11,3,0,Normal
2024-01-27 11:50:00,USR-0481,2,18.9,1.22,12,6,1,Normal
2024-01-13 22:50:00,USR-0478,5,18.7,14.01,8,7,1,Normal
2024-01-07 11:40:00,USR-0147,4,20.2,6.5,11,3,1,Normal
2024-01-14 16:10:00,USR-0016,4,42.3,4.74,10,2,0,Normal
2024-01-29 01:55:00,USR-0146,2,21.7,5.54,16,5,1,Normal
2024-01-01 23:20:00,USR-0394,3,49.0,2.3,11,3,0,Normal
2024-01-02 08:50:00,USR-0360,0,33.6,14.18,14,3,0,Normal
2024-02-02 06:55:00,USR-0122,18,89.4,130.97,0,22,6,Suspicious
2024-01-02 04:20:00,USR-0154,3,13.8,1.73,13,2,0,Normal
2024-01-19 12:35:00,USR-0455,2,17.7,36.76,13,5,0,Normal
2024-01-31 02:50:00,USR-0026,1,18.4,3.71,15,5,0,Normal
2024-01-12 08:40:00,USR-0290,7,23.2,8.06,13,1,1,Normal
2024-01-01 06:55:00,USR-0273,4,22.9,2.93,14,3,1,Normal
2024-01-27 17:10:00,USR-0289,2,32.7,4.81,10,3,0,Normal
2024-01-28 13:00:00,USR-0488,1,20.9,10.08,12,7,0,Normal
2024-01-24 23:55:00,USR-0467,8,55.9,5.85,13,6,0,Normal
2024-01-22 12:55:00,USR-0150,1,37.3,4.23,11,7,0,Normal
2024-01-04 14:20:00,USR-0276,1,38.6,3.65,10,6,0,Normal
2024-01-11 23:15:00,USR-0426,4,15.1,9.52,10,2,0,Normal
2024-01-30 15:15:00,USR-0247,1,51.7,9.02,12,3,1,Normal
2024-01-12 20:45:00,USR-0014,3,33.5,4.84,18,4,1,Normal
2024-01-19 13:15:00,USR-0006,1,23.5,4.35,9,5,0,Normal
2024-01-04 04:05:00,USR-0260,2,25.2,5.86,11,3,0,Normal
2024-01-11 14:25:00,USR-0308,2,21.0,23.21,19,2,1,Normal
2024-01-10 01:35:00,USR-0198,6,34.4,4.43,10,7,0,Normal
2024-01-02 01:00:00,USR-0185,2,34.0,0.77,12,7,0,Normal
2024-01-05 05:25:00,USR-0118,4,61.1,9.09,12,5,1,Normal
2024-01-04 04:25:00,USR-0273,3,59.1,7.14,10,1,1,Normal
2024-01-02 08:10:00,USR-0019,3,14.6,9.64,9,1,0,Normal
2024-01-03 19:10:00,USR-0019,1,51.1,13.81,9,5,2,Normal
2024-01-22 15:20:00,USR-0095,5,56.1,3.87,11,4,0,Normal
2024-01-26 23:55:00,USR-0169,5,36.4,22.64,13,4,0,Normal
2024-01-27 00:10:00,USR-0030,6,9.7,2.19,10,2,1,Normal
2024-01-05 10:15:00,USR-0079,3,8.1,23.42,11,3,1,Normal
2024-01-24 07:25:00,USR-0313,1,12.7,18.39,13,6,1,Normal
2024-01-07 11:10:00,USR-0060,2,43.3,10.83,9,3,0,Normal
2024-01-16 14:25:00,USR-0470,3,7.8,2.24,13,5,0,Normal
2024-01-10 11:05:00,USR-0002,5,14.9,0.54,8,2,0,Normal
2024-01-06 12:35:00,USR-0217,3,14.3,0.66,17,2,1,Normal
2024-01-22 10:10:00,USR-0027,4,11.4,5.16,12,3,1,Normal
2024-01-21 02:20:00,USR-0402,5,41.4,12.09,12,4,0,Normal
2024-02-02 04:30:00,USR-0353,33,85.1,120.1,1,21,17,Suspicious
2024-01-22 20:20:00,USR-0127,3,13.2,10.52,16,7,0,Normal
2024-01-05 22:45:00,USR-0153,3,38.5,6.46,12,7,0,Normal
2024-01-20 22:50:00,USR-0032,1,14.0,16.99,13,5,0,Normal
2024-02-04 05:35:00,USR-0443,23,95.5,179.83,0,47,10,Suspicious
2024-01-07 18:40:00,USR-0071,3,16.0,36.07,10,1,0,Normal
2024-01-21 01:10:00,USR-0432,5,33.5,14.4,14,4,0,Normal
2024-02-03 04:20:00,USR-0345,20,85.3,298.16,0,24,14,Suspicious
2024-01-17 12:30:00,USR-0496,5,50.1,5.83,11,3,1,Normal
2024-01-11 06:00:00,USR-0058,2,24.0,13.75,14,1,0,Normal
2024-01-19 06:15:00,USR-0069,3,17.3,17.04,15,7,1,Normal
2024-01-06 01:45:00,USR-0238,4,37.9,7.12,10,4,0,Normal
2024-01-10 23:50:00,USR-0162,1,15.3,38.45,14,6,1,Normal
2024-01-12 09:10:00,USR-0156,1,23.5,3.07,9,3,1,Normal
2024-01-04 17:10:00,USR-0373,2,44.0,4.74,8,6,1,Normal
2024-01-19 16:45:00,USR-0098,3,31.7,18.68,7,4,1,Normal
2024-01-09 11:35:00,USR-0497,5,22.5,18.94,12,2,0,Normal
2024-02-01 00:05:00,USR-0155,6,11.6,0.95,13,1,0,Normal
2024-02-01 01:00:00,USR-0190,2,39.1,11.61,13,1,0,Normal
2024-01-29 18:50:00,USR-0299,3,15.4,7.01,15,5,0,Normal
2024-01-29 22:40:00,USR-0081,5,26.2,14.44,12,5,0,Normal
2024-02-03 06:40:00,USR-0433,19,97.1,239.65,0,49,6,Suspicious
2024-01-08 14:55:00,USR-0136,0,30.4,27.79,12,6,0,Normal
2024-01-29 16:45:00,USR-0178,3,33.1,9.28,10,5,0,Normal
2024-01-11 22:25:00,USR-0265,1,43.9,50.1,14,6,1,Normal
2024-01-10 06:00:00,USR-0258,2,30.9,31.98,9,3,1,Normal
2024-01-21 21:30:00,USR-0495,2,16.5,0.69,18,4,0,Normal
2024-01-26 12:00:00,USR-0146,2,11.5,7.63,10,1,1,Normal
2024-01-22 02:00:00,USR-0103,4,24.2,1.13,8,2,0,Normal
2024-02-02 22:25:00,USR-0034,22,89.6,454.64,3,37,6,Suspicious
2024-01-23 20:25:00,USR-0064,4,21.0,11.66,9,5,0,Normal
2024-01-24 12:15:00,USR-0366,5,45.7,51.21,12,6,1,Normal
2024-01-01 06:40:00,USR-0476,5,31.0,24.43,14,1,0,Normal
2024-01-29 14:25:00,USR-0147,2,35.6,3.65,10,7,1,Normal
2024-01-31 04:45:00,USR-0207,1,25.1,4.62,13,3,0,Normal
2024-01-17 06:25:00,USR-0321,4,43.9,5.88,13,6,1,Normal
2024-01-13 05:40:00,USR-0358,5,15.2,10.73,8,4,0,Normal
2024-01-22 17:35:00,USR-0379,4,13.1,2.22,11,4,0,Normal
2024-01-30 21:55:00,USR-0358,2,6.1,25.47,9,3,0,Normal
2024-01-30 22:30:00,USR-0388,4,27.0,12.81,15,7,1,Normal
2024-02-03 15:45:00,USR-0374,26,94.0,192.24,3,40,9,Suspicious
2024-02-03 16:30:00,USR-0182,24,91.3,1177.34,3,20,6,Suspicious
2024-01-12 19:25:00,USR-0202,4,25.8,38.86,9,6,0,Normal
2024-01-03 09:30:00,USR-0035,3,52.5,22.35,17,4,0,Normal
2024-01-08 03:20:00,USR-0151,3,14.9,20.18,14,3,2,Normal
2024-01-20 11:50:00,USR-0338,4,21.3,21.24,11,3,1,Normal
2024-02-03 12:30:00,USR-0222,20,95.6,550.91,1,33,12,Suspicious
2024-01-29 02:45:00,USR-0302,6,24.3,52.32,10,5,2,Normal
2024-01-15 21:55:00,USR-0367,1,36.1,12.21,19,1,0,Normal
2024-01-21 05:10:00,USR-0130,2,30.2,7.86,16,7,1,Normal
2024-01-04 22:20:00,USR-0163,3,36.0,39.19,19,7,0,Normal
2024-01-21 08:35:00,USR-0253,4,37.0,14.62,12,3,0,Normal
2024-01-07 01:00:00,USR-0378,4,45.7,8.29,9,6,0,Normal
2024-01-27 11:05:00,USR-0337,2,15.2,21.48,12,6,0,Normal
2024-01-16 03:50:00,USR-0155,2,17.2,39.12,9,5,2,Normal
2024-01-20 21:10:00,USR-0302,1,20.4,43.88,16,2,0,Normal
2024-01-20 20:50:00,USR-0398,3,13.4,4.42,12,7,0,Normal
2024-01-31 02:05:00,USR-0252,2,11.0,2.16,10,6,0,Normal
2024-02-03 23:30:00,USR-0383,25,89.3,267.41,1,29,6,Suspicious
2024-01-02 21:35:00,USR-0216,2,18.9,6.28,13,2,1,Normal
2024-01-02 01:40:00,USR-0483,1,54.2,3.89,14,3,0,Normal
2024-01-20 13:05:00,USR-0135,2,23.9,48.29,12,1,1,Normal
2024-01-03 18:45:00,USR-0073,2,29.4,9.26,17,2,0,Normal
2024-01-10 02:55:00,USR-0102,1,34.3,12.16,11,6,1,Normal
2024-01-19 10:00:00,USR-0143,3,16.0,16.13,12,4,0,Normal
2024-01-03 18:20:00,USR-0248,2,58.6,23.94,13,4,0,Normal
2024-01-31 02:45:00,USR-0189,1,32.7,19.44,7,2,0,Normal
2024-01-13 08:00:00,USR-0201,1,16.5,7.87,11,3,1,Normal
2024-01-13 16:05:00,USR-0132,3,12.9,3.71,11,7,0,Normal
2024-01-21 23:20:00,USR-0432,4,37.9,32.45,8,7,0,Normal
2024-01-02 00:15:00,USR-0019,4,13.9,3.46,14,6,1,Normal
2024-01-22 04:10:00,USR-0079,1,27.0,25.85,10,7,0,Normal
2024-01-12 21:05:00,USR-0150,2,12.1,11.52,13,5,0,Normal
2024-02-01 04:45:00,USR-0405,3,22.2,9.31,15,7,0,Normal
2024-02-01 09:55:00,USR-0077,3,21.0,34.04,17,6,1,Normal
2024-01-09 15:25:00,USR-0396,3,30.0,22.03,19,4,0,Normal
2024-01-25 14:15:00,USR-0005,3,13.0,7.03,13,3,2,Normal
2024-02-04 08:20:00,USR-0188,15,91.6,128.94,2,42,3,Suspicious
2024-01-10 00:15:00,USR-0021,3,9.8,13.69,9,4,0,Normal
2024-01-23 08:10:00,USR-0229,1,40.6,6.58,10,3,1,Normal
2024-01-24 10:15:00,USR-0387,1,15.0,17.17,14,6,1,Normal
2024-01-09 02:20:00,USR-0488,3,9.8,8.99,11,1,1,Normal
2024-02-04 17:05:00,USR-0304,28,97.9,319.84,4,40,8,Suspicious
2024-01-31 22:15:00,USR-0158,0,32.0,6.19,15,5,0,Normal
2024-01-17 19:40:00,USR-0199,3,24.5,3.55,17,6,0,Normal
2024-01-19 11:30:00,USR-0329,2,12.4,2.97,11,3,0,Normal
2024-01-09 17:05:00,USR-0498,2,30.0,2.24,9,3,0,Normal
2024-01-29 01:30:00,USR-0277,3,36.3,4.17,9,7,0,Normal
2024-01-25 22:35:00,USR-0341,4,53.2,20.54,8,7,0,Normal
2024-01-19 14:05:00,USR-0139,4,42.1,35.13,16,4,1,Normal
2024-01-22 18:55:00,USR-0179,3,25.5,14.46,15,7,1,Normal
2024-01-09 09:40:00,USR-0243,1,44.3,12.34,13,1,2,Normal
2024-01-10 18:15:00,USR-0388,1,14.4,6.04,19,1,0,Normal
2024-01-28 21:25:00,USR-0371,4,29.6,15.15,8,6,0,Normal
2024-01-08 05:45:00,USR-0411,4,18.2,27.74,16,2,2,Normal
2024-01-25 04:00:00,USR-0103,2,33.1,33.33,19,1,0,Normal
2024-01-15 14:25:00,USR-0072,2,26.4,1.61,10,6,2,Normal
2024-01-03 23:35:00,USR-0071,1,34.1,1.82,15,2,1,Normal
2024-01-22 19:00:00,USR-0069,1,44.9,14.09,7,1,0,Normal
2024-01-01 16:05:00,USR-0028,0,30.7,3.7,13,3,0,Normal
2024-01-05 01:50:00,USR-0066,1,28.5,8.25,7,3,0,Normal
2024-01-23 07:35:00,USR-0130,3,27.1,5.94,9,1,0,Normal
2024-01-23 18:15:00,USR-0117,3,12.3,13.74,15,7,0,Normal
2024-01-02 17:50:00,USR-0128,3,11.4,17.21,14,2,0,Normal
2024-01-29 02:15:00,USR-0450,1,36.8,23.06,13,4,0,Normal
2024-01-13 07:25:00,USR-0202,3,17.8,7.92,13,1,1,Normal
2024-02-01 09:50:00,USR-0335,2,29.0,20.73,10,3,0,Normal
2024-01-18 04:50:00,USR-0456,4,23.4,33.07,18,1,1,Normal
2024-01-24 19:30:00,USR-0225,2,30.1,4.54,12,5,0,Normal
2024-01-27 20:25:00,USR-0147,1,24.7,7.78,19,3,1,Normal
2024-01-22 09:30:00,USR-0150,1,8.4,28.33,10,6,0,Normal
2024-02-03 23:25:00,USR-0175,21,93.4,517.02,5,24,13,Suspicious
2024-01-07 12:40:00,USR-0437,2,31.8,6.54,9,7,1,Normal
2024-01-13 23:45:00,USR-0464,1,29.5,4.24,10,2,0,Normal
2024-01-17 00:00:00,USR-0023,0,38.7,1.39,10,2,0,Normal
2024-01-17 23:10:00,USR-0434,5,32.5,10.21,12,1,1,Normal
2024-01-07 19:05:00,USR-0160,2,41.2,28.39,17,4,0,Normal
2024-01-10 13:55:00,USR-0130,7,38.9,5.67,12,6,1,Normal
2024-01-25 23:50:00,USR-0064,3,12.1,6.45,10,2,2,Normal
2024-01-11 23:10:00,USR-0156,5,41.6,3.5,12,5,0,Normal
2024-01-14 16:15:00,USR-0089,2,19.1,46.19,11,4,0,Normal
2024-01-05 06:50:00,USR-0368,2,21.1,39.26,11,1,0,Normal
2024-01-29 06:00:00,USR-0444,3,9.0,6.98,17,6,1,Normal
2024-01-08 06:00:00,USR-0394,4,16.7,11.71,10,1,1,Normal
2024-02-03 21:55:00,USR-0352,19,88.0,219.18,4,42,8,Suspicious
2024-01-02 00:20:00,USR-0039,3,40.2,5.09,15,4,0,Normal
2024-02-04 06:45:00,USR-0009,31,93.5,1089.49,2,24,10,Suspicious
2024-01-21 23:55:00,USR-0428,4,46.9,22.24,16,2,2,Normal
2024-01-07 13:40:00,USR-0482,4,24.5,17.27,12,2,0,Normal
2024-01-16 00:45:00,USR-0151,3,16.4,1.97,16,4,1,Normal
2024-01-19 23:20:00,USR-0046,2,15.9,20.95,17,4,0,Normal
2024-01-28 11:55:00,USR-0222,5,47.1,3.5,10,5,0,Normal
2024-01-24 19:55:00,USR-0182,3,24.1,36.03,13,2,0,Normal
2024-02-01 09:10:00,USR-0305,4,19.3,22.36,12,2,0,Normal
2024-01-31 19:20:00,USR-0383,4,31.9,26.97,11,5,2,Normal
2024-01-11 19:05:00,USR-0035,5,46.9,6.93,12,1,0,Normal
2024-01-31 17:35:00,USR-0480,3,14.3,3.97,15,6,1,Normal
2024-01-22 02:45:00,USR-0361,3,42.2,22.11,8,6,0,Normal
2024-01-18 10:20:00,USR-0259,4,19.8,17.06,15,7,1,Normal
2024-01-05 21:50:00,USR-0375,6,9.4,3.05,7,4,0,Normal
2024-01-24 12:30:00,USR-0440,2,27.2,37.01,13,4,0,Normal
2024-01-01 13:45:00,USR-0299,0,60.1,18.02,10,4,1,Normal
2024-01-16 20:35:00,USR-0124,3,29.2,20.2,15,4,1,Normal
2024-02-01 06:55:00,USR-0323,5,27.3,47.73,19,7,1,Normal
2024-01-13 22:20:00,USR-0126,1,40.2,38.52,16,1,0,Normal
2024-01-11 09:30:00,USR-0410,5,26.2,22.37,10,3,1,Normal
2024-01-05 22:55:00,USR-0010,0,24.9,21.14,18,7,1,Normal
2024-02-04 00:30:00,USR-0031,18,93.9,405.89,5,33,5,Suspicious
2024-01-15 23:50:00,USR-0414,4,25.7,66.67,12,5,1,Normal
2024-01-23 09:45:00,USR-0090,3,26.0,1.34,7,2,1,Normal
2024-01-31 23:05:00,USR-0106,6,8.2,23.89,11,7,1,Normal
2024-01-28 10:35:00,USR-0145,5,58.3,4.76,9,3,0,Normal
2024-01-21 07:45:00,USR-0298,6,10.8,16.86,11,7,0,Normal
2024-01-12 22:05:00,USR-0414,4,27.5,9.93,12,2,0,Normal
2024-01-06 09:55:00,USR-0065,5,42.5,29.68,15,4,0,Normal
2024-01-09 03:00:00,USR-0200,3,44.4,13.09,8,5,0,Normal
2024-01-21 09:40:00,USR-0458,1,29.8,19.29,7,3,0,Normal
2024-01-23 12:10:00,USR-0272,2,23.3,3.5,13,3,0,Normal
2024-01-12 16:55:00,USR-0120,4,26.7,2.86,11,3,1,Normal
2024-01-19 23:10:00,USR-0077,1,44.8,18.15,17,3,2,Normal
2024-01-18 05:55:00,USR-0313,5,54.6,10.63,11,2,0,Normal
2024-02-01 07:30:00,USR-0453,0,18.3,7.5,19,4,1,Normal
2024-01-30 06:50:00,USR-0423,3,22.5,6.5,16,3,1,Normal
2024-01-15 10:15:00,USR-0253,3,30.1,47.73,12,5,0,Normal
2024-01-26 10:30:00,USR-0228,3,12.6,19.55,19,4,0,Normal
2024-01-11 11:05:00,USR-0152,4,25.4,64.8,19,3,2,Normal
2024-01-15 16:50:00,USR-0206,2,20.2,1.91,8,1,0,Normal
2024-01-13 17:50:00,USR-0159,7,24.1,8.91,19,4,2,Normal
2024-02-03 20:45:00,USR-0295,19,89.9,165.8,3,21,12,Suspicious
2024-01-17 04:40:00,USR-0201,2,20.9,12.03,10,6,0,Normal
2024-01-10 07:25:00,USR-0103,4,17.4,10.31,13,1,1,Normal
2024-01-23 11:10:00,USR-0058,2,39.4,21.1,18,1,1,Normal
2024-01-12 10:25:00,USR-0187,4,20.9,4.41,12,5,1,Normal
2024-01-16 21:25:00,USR-0320,2,38.4,19.71,10,7,0,Normal
2024-01-13 10:30:00,USR-0133,3,35.2,7.97,10,5,1,Normal
2024-01-24 20:05:00,USR-0162,6,11.9,2.43,7,1,0,Normal
2024-01-18 20:00:00,USR-0343,2,25.9,11.52,13,3,0,Normal
2024-01-27 15:05:00,USR-0445,3,17.5,9.6,14,4,0,Normal
2024-01-28 20:20:00,USR-0112,2,59.8,18.84,12,2,1,Normal
2024-02-03 15:35:00,USR-0475,19,86.1,395.07,0,42,8,Suspicious
2024-01-03 01:45:00,USR-0251,2,28.8,7.13,13,1,0,Normal
2024-01-28 07:45:00,USR-0469,5,21.6,11.38,14,4,2,Normal
2024-01-18 18:25:00,USR-0034,2,30.7,31.03,14,1,0,Normal
2024-01-07 12:15:00,USR-0042,4,37.5,26.24,10,7,0,Normal
2024-01-06 02:25:00,USR-0036,2,27.0,6.49,8,7,0,Normal
2024-01-25 18:50:00,USR-0268,1,44.4,5.77,13,3,1,Normal
2024-01-04 07:00:00,USR-0058,4,32.9,7.45,10,7,0,Normal
2024-01-10 06:45:00,USR-0309,3,28.6,10.28,11,5,0,Normal
2024-01-25 07:15:00,USR-0056,3,25.9,2.69,11,4,2,Normal
2024-01-29 08:30:00,USR-0070,6,42.3,1.38,12,3,0,Normal
2024-01-08 18:05:00,USR-0246,3,49.4,4.61,15,1,2,Normal
2024-01-24 20:45:00,USR-0450,2,29.7,11.87,17,2,2,Normal
2024-01-19 08:55:00,USR-0410,4,34.4,5.65,12,7,0,Normal
2024-01-27 12:15:00,USR-0162,6,28.7,10.97,12,6,0,Normal
2024-01-03 17:40:00,USR-0100,4,14.2,2.56,15,6,0,Normal
2024-01-07 01:25:00,USR-0291,1,44.9,3.66,15,1,0,Normal
2024-01-23 02:00:00,USR-0108,3,7.2,2.03,12,7,0,Normal
2024-01-26 01:35:00,USR-0359,4,26.4,1.21,12,4,0,Normal
2024-01-15 12:45:00,USR-0249,4,21.1,2.55,9,5,0,Normal
2024-02-04 07:45:00,USR-0054,20,86.1,128.12,0,22,9,Suspicious
2024-01-29 15:00:00,USR-0192,3,17.7,13.55,13,7,0,Normal
2024-01-26 16:15:00,USR-0102,3,14.9,3.65,10,6,0,Normal
2024-01-26 13:15:00,USR-0055,2,58.7,21.83,17,7,1,Normal
2024-01-16 18:00:00,USR-0367,5,8.8,2.97,12,7,0,Normal
2024-01-25 21:45:00,USR-0271,5,46.8,21.83,16,2,1,Normal
2024-01-11 12:50:00,USR-0059,2,39.1,26.42,18,6,1,Normal
2024-01-25 15:05:00,USR-0082,3,17.0,7.67,15,4,0,Normal
2024-01-06 08:55:00,USR-0311,5,21.7,1.76,10,2,0,Normal
2024-01-02 06:15:00,USR-0399,4,35.2,2.52,13,7,0,Normal
2024-01-08 21:30:00,USR-0001,4,52.4,6.73,13,2,0,Normal
2024-01-02 05:50:00,USR-0171,4,14.1,19.01,16,4,0,Normal
2024-01-18 03:00:00,USR-0425,2,60.4,7.08,12,6,0,Normal
2024-01-09 06:35:00,USR-0081,2,32.0,0.7,16,5,0,Normal
2024-01-06 10:25:00,USR-0127,0,24.0,9.17,10,2,1,Normal
2024-01-11 00:10:00,USR-0143,2,16.2,7.04,10,3,1,Normal
2024-01-22 03:50:00,USR-0138,3,12.0,41.69,8,4,3,Normal
2024-01-22 14:00:00,USR-0439,4,17.2,7.33,9,3,1,Normal
2024-01-03 05:20:00,USR-0410,2,34.6,17.82,9,2,1,Normal
2024-01-29 20:25:00,USR-0053,8,41.8,0.68,11,5,1,Normal
2024-01-07 20:00:00,USR-0117,5,15.0,16.0,19,4,0,Normal
2024-01-20 18:50:00,USR-0381,5,12.2,56.7,14,2,0,Normal
2024-01-06 03:45:00,USR-0240,3,6.9,39.1,14,4,1,Normal
2024-01-28 13:30:00,USR-0412,4,19.7,30.9,14,3,0,Normal
2024-02-04 13:50:00,USR-0429,22,92.1,289.74,3,37,13,Suspicious
2024-01-14 20:35:00,USR-0364,2,20.3,35.64,12,4,1,Normal
2024-01-10 16:40:00,USR-0386,1,18.0,24.52,9,4,0,Normal
2024-01-22 02:05:00,USR-0187,2,46.1,33.83,11,4,0,Normal
2024-01-18 20:35:00,USR-0434,3,21.1,4.98,9,1,0,Normal
2024-01-21 10:35:00,USR-0498,2,17.2,18.54,17,5,1,Normal
2024-01-26 17:30:00,USR-0164,5,42.2,21.87,11,6,0,Normal
2024-01-06 07:40:00,USR-0462,1,22.8,3.85,13,4,0,Normal
2024-01-10 19:10:00,USR-0348,1,36.9,12.57,9,5,0,Normal
2024-01-15 04:10:00,USR-0086,1,24.2,65.58,10,3,0,Normal
2024-01-17 14:10:00,USR-0230,2,21.6,20.8,13,4,0,Normal
2024-01-20 18:00:00,USR-0268,1,20.8,14.94,12,1,0,Normal
2024-02-03 01:55:00,USR-0455,22,89.1,323.75,5,28,6,Suspicious
2024-01-16 23:55:00,USR-0467,5,28.0,19.27,12,3,1,Normal
2024-01-30 05:40:00,USR-0217,1,33.3,4.04,11,2,0,Normal
2024-01-19 20:05:00,USR-0045,2,29.3,4.04,10,7,0,Normal
2024-01-13 04:55:00,USR-0440,3,25.3,29.79,11,7,0,Normal
2024-01-16 14:20:00,USR-0241,4,37.3,17.25,11,3,1,Normal
2024-01-09 09:55:00,USR-0179,2,48.6,21.31,11,4,0,Normal
2024-01-19 19:20:00,USR-0162,1,35.2,34.26,16,4,0,Normal
2024-01-18 09:40:00,USR-0180,2,28.3,4.6,11,7,1,Normal
2024-01-04 10:15:00,USR-0298,4,26.9,15.27,13,6,1,Normal
2024-01-15 15:50:00,USR-0052,3,15.7,3.78,13,5,1,Normal
2024-01-29 13:55:00,USR-0500,4,34.3,1.45,8,2,0,Normal
2024-01-13 21:25:00,USR-0418,5,25.3,1.27,17,5,0,Normal
2024-01-01 11:35:00,USR-0075,6,17.2,1.51,10,4,0,Normal
2024-01-20 20:15:00,USR-0236,3,27.0,6.1,13,6,0,Normal
2024-01-25 01:15:00,USR-0498,5,46.0,10.85,19,1,0,Normal
2024-01-12 12:55:00,USR-0212,1,13.3,8.12,16,5,0,Normal
2024-01-03 17:05:00,USR-0055,5,21.9,1.82,11,1,0,Normal
2024-01-08 05:05:00,USR-0128,4,33.2,13.77,9,4,1,Normal
2024-01-02 23:45:00,USR-0386,3,14.6,0.79,15,4,0,Normal
2024-01-22 23:20:00,USR-0088,1,17.8,12.27,9,3,0,Normal
2024-01-28 11:25:00,USR-0436,2,26.4,6.33,17,4,0,Normal
2024-01-28 01:15:00,USR-0471,4,5.3,41.09,11,7,0,Normal
2024-01-11 20:10:00,USR-0215,2,15.2,46.64,18,7,1,Normal
2024-01-05 13:35:00,USR-0420,3,20.3,1.24,11,5,0,Normal
2024-02-02 21:40:00,USR-0386,21,99.1,479.22,2,15,8,Suspicious
2024-01-02 20:55:00,USR-0275,3,37.9,54.93,15,3,0,Normal
2024-01-26 14:50:00,USR-0180,4,9.0,17.55,11,3,1,Normal
2024-01-01 02:00:00,USR-0191,4,22.0,4.86,13,4,1,Normal
2024-01-29 00:15:00,USR-0366,1,20.4,16.53,10,6,1,Normal
2024-01-16 23:50:00,USR-0470,4,25.1,67.44,9,3,1,Normal
2024-01-31 17:10:00,USR-0282,5,41.1,5.83,11,2,0,Normal
2024-02-01 23:00:00,USR-0483,20,87.6,1572.27,2,41,7,Suspicious
2024-01-24 23:40:00,USR-0042,5,7.7,28.14,11,2,0,Normal
2024-01-02 14:30:00,USR-0200,2,24.2,16.25,15,4,0,Normal
2024-01-14 02:35:00,USR-0469,5,25.0,2.15,13,5,1,Normal
2024-01-16 09:40:00,USR-0467,5,59.0,4.01,9,4,3,Normal
2024-01-07 23:30:00,USR-0159,4,15.3,28.1,12,5,1,Normal
2024-01-18 20:30:00,USR-0061,4,31.0,9.27,13,5,1,Normal
2024-01-21 15:00:00,USR-0176,3,37.9,5.59,9,5,0,Normal
2024-01-13 02:35:00,USR-0132,3,25.3,25.25,15,1,0,Normal
2024-01-04 04:50:00,USR-0264,4,24.5,36.34,13,6,0,Normal
2024-01-07 05:00:00,USR-0253,4,14.8,46.06,8,4,0,Normal
2024-01-22 17:15:00,USR-0415,4,22.7,4.92,13,2,0,Normal
2024-01-02 15:30:00,USR-0380,1,20.7,11.1,19,2,2,Normal
2024-02-04 09:05:00,USR-0465,14,95.4,677.83,2,24,3,Suspicious
2024-01-02 11:30:00,USR-0125,0,18.6,12.4,19,6,0,Normal
2024-01-17 06:55:00,USR-0037,3,34.9,3.38,12,7,0,Normal
2024-01-12 02:15:00,USR-0184,0,17.1,12.34,9,2,0,Normal
2024-01-22 12:50:00,USR-0454,2,28.0,6.12,8,4,2,Normal
2024-02-04 11:25:00,USR-0105,21,97.7,462.7,2,42,7,Suspicious
2024-01-19 16:35:00,USR-0038,2,74.2,11.52,19,5,0,Normal
2024-02-02 16:15:00,USR-0322,20,97.1,394.85,3,30,11,Suspicious
2024-01-17 05:50:00,USR-0070,1,10.8,16.83,16,7,0,Normal
2024-01-06 14:00:00,USR-0060,2,28.3,7.51,10,2,0,Normal
2024-01-23 07:45:00,USR-0095,5,31.6,29.36,9,4,1,Normal
2024-01-02 17:45:00,USR-0354,6,19.6,10.53,19,6,0,Normal
2024-01-29 15:50:00,USR-0208,1,18.8,3.1,10,4,1,Normal
2024-01-02 02:20:00,USR-0052,2,14.9,27.78,11,3,1,Normal
2024-01-03 22:00:00,USR-0389,2,42.6,1.15,14,4,1,Normal
2024-01-01 22:30:00,USR-0499,3,34.2,14.02,17,4,1,Normal
2024-01-12 20:20:00,USR-0242,3,12.0,11.36,9,7,1,Normal
2024-01-17 08:25:00,USR-0031,3,13.1,16.57,15,1,1,Normal
2024-01-09 20:05:00,USR-0261,4,20.1,31.8,8,2,1,Normal
2024-01-29 07:55:00,USR-0179,3,20.6,11.18,13,5,0,Normal
2024-01-26 09:55:00,USR-0469,2,10.7,17.03,11,5,0,Normal
2024-01-29 07:00:00,USR-0371,3,10.3,5.67,11,5,0,Normal
2024-01-08 16:10:00,USR-0157,4,8.1,4.55,17,2,1,Normal
2024-01-04 17:55:00,USR-0045,1,60.4,9.29,12,4,0,Normal
2024-01-02 07:30:00,USR-0351,2,39.2,6.85,12,2,1,Normal
2024-02-02 09:10:00,USR-0065,21,96.5,455.85,1,24,1,Suspicious
2024-01-11 07:25:00,USR-0110,7,13.6,17.03,11,1,0,Normal
2024-01-24 02:30:00,USR-0042,3,25.4,10.0,8,2,0,Normal
2024-01-08 12:05:00,USR-0295,3,20.5,44.07,8,6,1,Normal
2024-01-01 05:50:00,USR-0006,7,39.9,9.21,17,5,0,Normal
2024-01-18 20:40:00,USR-0023,2,41.5,8.39,15,3,0,Normal
2024-01-14 22:35:00,USR-0197,3,24.3,46.91,14,2,0,Normal
2024-01-13 02:00:00,USR-0495,3,11.6,11.69,11,5,2,Normal
2024-01-22 15:15:00,USR-0305,2,17.3,8.29,17,1,1,Normal
2024-01-26 21:55:00,USR-0231,1,48.9,10.22,16,3,1,Normal
2024-01-25 08:05:00,USR-0378,1,23.1,2.91,12,6,0,Normal
2024-01-01 13:15:00,USR-0249,1,37.6,6.1,17,7,0,Normal
2024-01-17 05:15:00,USR-0199,4,30.8,3.61,10,3,1,Normal
2024-01-21 20:15:00,USR-0418,3,24.6,7.37,14,4,0,Normal
2024-01-01 01:50:00,USR-0456,6,42.2,9.74,11,1,0,Normal
2024-01-10 17:15:00,USR-0041,3,31.2,36.76,8,6,0,Normal
2024-01-08 21:55:00,USR-0077,1,54.7,27.7,19,6,0,Normal
2024-01-03 10:50:00,USR-0176,6,31.2,2.62,11,5,0,Normal
2024-01-25 05:00:00,USR-0168,2,16.6,1.81,10,7,1,Normal
2024-01-30 22:20:00,USR-0194,2,43.2,11.08,14,4,1,Normal
2024-01-17 14:35:00,USR-0236,3,6.9,17.43,11,5,1,Normal
2024-01-24 02:10:00,USR-0349,1,24.9,13.67,10,3,0,Normal
2024-01-11 14:20:00,USR-0433,5,76.7,2.95,11,7,0,Normal
2024-01-17 19:50:00,USR-0201,4,49.5,12.75,9,1,0,Normal
2024-01-27 14:15:00,USR-0078,1,23.9,34.57,11,3,0,Normal
2024-01-13 12:35:00,USR-0225,3,32.6,33.62,9,1,0,Normal
2024-02-02 05:20:00,USR-0184,29,93.6,388.29,2,40,6,Suspicious
2024-01-16 17:00:00,USR-0312,3,59.3,35.61,19,3,0,Normal
2024-01-28 15:45:00,USR-0356,1,17.0,9.89,9,6,0,Normal
2024-01-12 19:05:00,USR-0217,2,22.7,15.66,12,3,1,Normal
2024-01-20 04:20:00,USR-0427,4,45.2,46.09,9,2,1,Normal
2024-01-11 17:00:00,USR-0387,4,39.7,17.11,14,4,0,Normal
2024-01-07 20:30:00,USR-0458,3,31.6,19.3,10,7,0,Normal
2024-01-11 16:10:00,USR-0268,1,6.8,8.58,9,7,0,Normal
2024-01-15 12:30:00,USR-0460,2,49.5,17.37,11,2,0,Normal
2024-01-08 18:15:00,USR-0303,2,13.6,3.86,10,3,2,Normal
2024-01-09 00:10:00,USR-0434,2,33.5,13.94,15,1,0,Normal
2024-01-09 05:15:00,USR-0119,1,19.4,5.78,15,1,0,Normal
2024-02-04 08:45:00,USR-0371,22,99.2,353.48,2,16,4,Suspicious
2024-01-04 06:05:00,USR-0239,1,13.2,3.76,17,3,0,Normal
2024-02-01 05:00:00,USR-0186,1,19.0,8.27,11,6,1,Normal
2024-01-16 06:20:00,USR-0138,5,11.1,7.78,15,5,0,Normal
2024-01-28 09:25:00,USR-0019,5,12.4,17.12,13,2,0,Normal
2024-01-24 02:05:00,USR-0248,3,29.9,15.06,11,7,2,Normal
2024-01-18 07:30:00,USR-0384,5,12.1,50.39,10,2,0,Normal
2024-01-17 00:25:00,USR-0471,3,8.4,9.79,8,4,0,Normal
2024-01-05 22:10:00,USR-0456,2,24.3,4.32,11,6,0,Normal
2024-01-06 07:20:00,USR-0396,3,11.5,11.91,15,1,0,Normal
2024-01-19 02:30:00,USR-0122,1,30.3,5.68,13,7,3,Normal
2024-01-26 08:00:00,USR-0005,4,42.3,9.36,15,5,1,Normal
2024-01-20 13:45:00,USR-0178,3,13.4,1.01,7,1,1,Normal
2024-01-13 16:15:00,USR-0207,4,35.8,10.82,10,6,0,Normal
2024-01-09 19:15:00,USR-0206,2,34.3,10.68,17,5,0,Normal
2024-01-21 19:10:00,USR-0083,5,26.7,3.12,11,4,0,Normal
2024-01-29 04:30:00,USR-0432,4,8.2,5.67,17,5,0,Normal
2024-01-26 05:20:00,USR-0190,2,32.1,24.32,9,1,0,Normal
2024-01-01 12:30:00,USR-0365,3,18.7,8.33,15,5,0,Normal
2024-01-06 04:45:00,USR-0300,2,23.7,1.62,9,1,0,Normal
2024-01-07 20:45:00,USR-0499,2,20.0,10.96,11,7,0,Normal
2024-02-03 05:00:00,USR-0239,25,89.8,210.18,1,36,12,Suspicious
2024-01-30 11:00:00,USR-0264,3,66.2,13.81,11,5,0,Normal
2024-01-20 07:50:00,USR-0013,3,19.2,33.6,12,4,1,Normal
2024-01-20 05:40:00,USR-0007,1,17.3,46.64,13,1,2,Normal
2024-01-29 21:45:00,USR-0457,0,73.3,6.78,11,1,1,Normal
2024-01-13 23:25:00,USR-0137,2,37.7,11.57,9,4,1,Normal
2024-01-13 13:40:00,USR-0095,2,21.9,1.77,12,7,0,Normal
2024-01-17 15:55:00,USR-0360,3,23.4,1.45,14,1,2,Normal
2024-01-27 02:25:00,USR-0133,3,22.0,24.37,19,1,2,Normal
2024-01-03 19:15:00,USR-0237,4,18.8,12.98,16,7,3,Normal
2024-01-06 01:25:00,USR-0484,1,33.5,3.39,12,7,1,Normal
2024-01-20 06:50:00,USR-0212,4,28.5,1.11,8,2,1,Normal
2024-01-29 01:05:00,USR-0367,6,29.4,34.5,8,5,2,Normal
2024-01-17 04:00:00,USR-0211,4,25.7,21.69,10,5,0,Normal
2024-01-30 21:05:00,USR-0393,4,38.2,37.87,10,5,2,Normal
2024-01-05 15:20:00,USR-0112,0,27.3,29.5,11,7,0,Normal
2024-01-17 10:05:00,USR-0084,3,27.2,6.61,12,7,0,Normal
2024-01-29 20:05:00,USR-0178,4,23.8,2.03,9,5,0,Normal
2024-01-06 13:45:00,USR-0089,4,61.2,12.17,10,2,0,Normal
2024-01-26 22:45:00,USR-0012,5,20.0,8.44,7,3,0,Normal
2024-01-17 03:15:00,USR-0139,2,37.5,6.92,10,6,1,Normal
2024-01-20 01:05:00,USR-0431,1,28.5,1.62,12,6,0,Normal
2024-01-07 04:50:00,USR-0006,4,46.3,40.25,11,3,2,Normal
2024-01-03 10:25:00,USR-0445,2,13.5,6.22,15,4,1,Normal
2024-01-15 05:35:00,USR-0399,4,41.3,19.88,7,6,0,Normal
2024-01-29 18:45:00,USR-0339,2,22.7,1.38,16,6,0,Normal
2024-01-01 22:35:00,USR-0116,5,31.9,3.31,16,1,0,Normal
2024-01-21 02:30:00,USR-0101,5,14.8,7.78,12,2,0,Normal
2024-01-20 12:10:00,USR-0109,2,17.7,0.75,16,2,1,Normal
2024-01-24 21:00:00,USR-0381,3,30.8,73.05,14,3,0,Normal
2024-01-22 15:45:00,USR-0461,4,44.9,6.51,14,5,0,Normal
2024-01-05 17:35:00,USR-0090,6,19.1,11.88,12,5,1,Normal
2024-01-05 02:40:00,USR-0321,3,24.0,38.3,13,4,0,Normal
2024-01-28 12:00:00,USR-0292,2,15.7,2.61,14,3,0,Normal
2024-01-26 23:40:00,USR-0190,1,54.5,68.25,12,5,1,Normal
2024-01-03 07:00:00,USR-0398,5,31.5,2.33,13,5,1,Normal
2024-01-23 00:25:00,USR-0332,5,37.0,16.22,12,5,0,Normal
2024-01-15 01:45:00,USR-0015,3,35.2,2.88,8,2,0,Normal
2024-01-02 17:20:00,USR-0005,3,19.2,11.51,10,4,0,Normal
2024-01-14 22:15:00,USR-0200,1,24.7,1.83,16,3,0,Normal
2024-01-19 13:30:00,USR-0037,2,8.7,32.97,12,5,1,Normal
2024-01-23 03:40:00,USR-0363,5,25.0,2.31,9,6,0,Normal
2024-01-22 21:35:00,USR-0219,4,16.7,60.34,11,3,1,Normal
2024-01-04 14:50:00,USR-0214,2,22.4,19.96,19,6,0,Normal
2024-01-15 14:20:00,USR-0243,6,36.6,4.11,12,2,2,Normal
2024-02-03 07:30:00,USR-0060,18,98.8,140.39,4,35,8,Suspicious
2024-01-08 17:30:00,USR-0137,3,55.7,18.14,11,1,1,Normal
2024-01-08 03:35:00,USR-0248,0,29.8,42.34,10,5,0,Normal
2024-01-12 23:30:00,USR-0087,6,37.7,7.9,9,3,0,Normal
2024-01-01 18:40:00,USR-0244,3,20.8,36.49,15,7,0,Normal
2024-01-07 04:20:00,USR-0174,2,23.5,12.79,11,4,0,Normal
2024-01-25 13:40:00,USR-0256,1,37.2,13.8,17,4,0,Normal
2024-02-03 08:15:00,USR-0480,21,88.2,234.36,1,33,6,Suspicious
2024-01-04 12:55:00,USR-0199,2,17.0,11.81,17,2,2,Normal
2024-01-27 13:35:00,USR-0317,3,27.7,30.25,13,3,0,Normal
2024-01-10 19:40:00,USR-0489,4,26.1,29.87,17,6,0,Normal
2024-01-01 21:05:00,USR-0178,2,32.2,0.56,14,2,2,Normal
2024-01-16 21:00:00,USR-0106,5,17.2,12.55,12,1,1,Normal
2024-01-24 08:00:00,USR-0127,1,30.7,0.78,15,7,0,Normal
2024-01-26 20:40:00,USR-0497,3,28.9,36.46,14,4,0,Normal
2024-01-14 05:05:00,USR-0175,5,15.8,8.96,8,6,2,Normal
2024-01-04 07:05:00,USR-0051,4,59.7,23.44,13,3,0,Normal
2024-01-09 15:05:00,USR-0266,6,51.2,73.36,9,1,1,Normal
2024-01-19 08:05:00,USR-0084,5,20.5,14.27,15,2,0,Normal
2024-01-28 17:40:00,USR-0099,3,19.8,45.84,9,7,0,Normal
2024-02-02 09:30:00,USR-0031,18,91.0,214.16,3,39,12,Suspicious
2024-01-17 07:55:00,USR-0044,5,25.1,12.94,15,1,0,Normal
2024-01-18 19:45:00,USR-0236,3,42.7,15.65,8,6,0,Normal
2024-01-03 18:15:00,USR-0326,4,41.2,6.72,16,2,0,Normal
2024-01-17 18:55:00,USR-0129,4,13.2,1.44,13,3,3,Normal
2024-02-01 03:25:00,USR-0212,3,11.1,48.61,19,5,0,Normal
2024-02-01 00:30:00,USR-0069,2,23.8,38.15,15,6,0,Normal
2024-01-27 09:50:00,USR-0276,1,43.0,15.86,12,3,1,Normal
2024-01-08 07:35:00,USR-0042,2,20.9,33.39,12,1,0,Normal
2024-01-08 22:50:00,USR-0103,0,10.1,22.71,8,1,1,Normal
2024-01-08 11:30:00,USR-0064,6,23.3,25.43,16,1,0,Normal
2024-01-24 19:50:00,USR-0202,4,45.6,10.8,14,7,0,Normal
2024-01-21 07:00:00,USR-0376,2,21.1,14.28,10,3,0,Normal
2024-01-14 02:00:00,USR-0444,3,31.9,23.09,10,1,0,Normal
2024-01-21 18:40:00,USR-0256,3,25.6,1.72,13,1,0,Normal
2024-01-16 13:20:00,USR-0369,2,25.2,4.79,9,6,0,Normal
2024-01-03 00:30:00,USR-0327,4,37.7,9.04,10,6,0,Normal
2024-01-03 06:20:00,USR-0276,3,37.2,0.69,8,7,0,Normal
2024-01-31 19:15:00,USR-0042,2,21.0,4.9,14,1,1,Normal
2024-01-29 07:50:00,USR-0379,4,18.9,1.82,15,5,0,Normal
2024-01-25 12:10:00,USR-0041,5,28.8,15.27,13,7,0,Normal
2024-01-02 08:05:00,USR-0332,1,22.3,13.63,18,3,0,Normal
2024-01-22 16:35:00,USR-0343,1,27.1,3.74,10,5,1,Normal
2024-01-27 22:50:00,USR-0192,4,17.0,11.23,16,5,0,Normal
2024-02-04 02:15:00,USR-0262,29,96.9,856.02,5,44,2,Suspicious
2024-01-03 20:30:00,USR-0088,3,15.3,50.13,16,4,0,Normal
2024-01-28 02:55:00,USR-0170,1,52.9,15.8,15,4,0,Normal
2024-01-12 10:50:00,USR-0040,1,21.9,7.42,12,3,0,Normal
2024-01-01 04:20:00,USR-0295,4,28.2,33.71,16,2,0,Normal
2024-01-05 09:05:00,USR-0099,3,30.6,3.96,10,5,0,Normal
2024-01-11 05:45:00,USR-0001,5,31.6,17.04,10,7,1,Normal
2024-01-01 20:15:00,USR-0490,4,39.5,23.6,12,6,0,Normal
2024-02-02 06:15:00,USR-0281,14,99.9,107.66,0,29,9,Suspicious
2024-01-01 11:25:00,USR-0491,2,16.6,4.17,13,3,1,Normal
2024-01-23 00:10:00,USR-0484,2,38.6,8.98,10,7,0,Normal
2024-01-15 01:25:00,USR-0323,3,8.4,7.68,13,3,3,Normal
2024-02-04 14:20:00,USR-0203,26,99.5,374.19,3,42,9,Suspicious
2024-01-30 14:05:00,USR-0492,3,8.8,9.86,11,3,0,Normal
2024-01-04 15:40:00,USR-0257,3,34.6,12.17,11,4,0,Normal
2024-01-26 14:10:00,USR-0007,5,7.8,26.51,11,4,0,Normal
2024-01-10 10:05:00,USR-0285,5,17.2,30.67,11,5,0,Normal
2024-01-13 10:00:00,USR-0133,1,32.9,2.3,11,1,0,Normal
2024-02-02 02:15:00,USR-0042,12,92.2,537.39,1,48,8,Suspicious
2024-01-21 15:45:00,USR-0044,4,32.1,13.33,9,1,1,Normal
2024-01-31 20:30:00,USR-0219,6,9.9,4.29,16,1,0,Normal
2024-01-15 07:15:00,USR-0288,2,28.9,6.78,11,6,1,Normal
2024-01-02 13:35:00,USR-0180,2,24.3,42.91,16,1,1,Normal
2024-01-18 01:40:00,USR-0059,5,11.2,1.77,13,5,0,Normal
2024-01-31 21:55:00,USR-0403,5,42.4,4.1,16,1,1,Normal
2024-01-17 13:15:00,USR-0340,3,44.0,6.67,9,6,1,Normal
2024-01-28 17:55:00,USR-0442,3,14.6,19.09,11,5,0,Normal
2024-01-19 04:10:00,USR-0001,7,12.5,2.72,11,1,1,Normal
2024-01-13 13:55:00,USR-0431,5,35.2,3.46,13,6,1,Normal
2024-01-19 04:00:00,USR-0128,2,27.4,10.94,8,6,0,Normal
2024-02-04 11:55:00,USR-0472,21,97.1,1327.39,3,41,5,Suspicious
2024-01-19 15:30:00,USR-0234,5,24.2,26.82,13,1,0,Normal
2024-01-11 02:50:00,USR-0002,4,16.0,18.91,10,4,0,Normal
2024-01-25 13:30:00,USR-0224,4,20.5,21.05,13,2,0,Normal
2024-02-01 17:40:00,USR-0103,4,46.2,34.16,9,6,0,Normal
2024-01-14 04:05:00,USR-0379,1,21.7,17.01,13,2,0,Normal
2024-01-18 08:05:00,USR-0053,1,52.5,10.11,10,7,0,Normal
2024-01-14 14:00:00,USR-0184,5,36.9,4.86,11,3,0,Normal
2024-02-03 18:35:00,USR-0229,21,98.8,210.04,2,31,8,Suspicious
2024-01-28 08:35:00,USR-0094,1,53.3,16.81,15,1,1,Normal
2024-02-01 23:30:00,USR-0254,24,93.4,116.57,4,35,9,Suspicious
2024-01-03 04:45:00,USR-0010,3,26.6,75.28,10,1,0,Normal
2024-01-06 04:10:00,USR-0121,5,24.8,47.16,16,3,0,Normal
2024-01-02 19:00:00,USR-0379,2,34.4,28.82,18,3,2,Normal
2024-01-01 16:00:00,USR-0184,4,15.2,0.87,14,2,0,Normal
2024-01-01 00:05:00,USR-0415,3,19.8,13.95,12,3,1,Normal
2024-01-03 16:55:00,USR-0063,4,18.9,28.65,10,6,0,Normal
2024-01-24 07:35:00,USR-0215,1,38.2,76.06,10,1,1,Normal
2024-01-12 22:10:00,USR-0296,2,32.0,1.3,8,2,0,Normal
2024-01-08 04:25:00,USR-0467,2,41.2,0.98,12,5,0,Normal
2024-02-02 14:20:00,USR-0303,23,99.3,637.18,2,47,10,Suspicious
2024-01-07 21:10:00,USR-0174,2,9.7,3.83,16,4,0,Normal
2024-01-28 18:10:00,USR-0327,2,41.7,17.34,15,7,0,Normal
2024-01-29 22:15:00,USR-0179,1,34.5,22.18,9,7,2,Normal
2024-01-13 07:45:00,USR-0152,1,31.9,49.83,14,7,1,Normal
2024-01-24 13:30:00,USR-0230,1,46.5,8.72,15,1,0,Normal
2024-01-11 23:55:00,USR-0110,3,34.3,23.71,13,5,0,Normal
2024-01-23 09:55:00,USR-0488,5,31.7,9.9,8,4,1,Normal
2024-01-28 15:40:00,USR-0006,4,21.5,37.13,8,5,0,Normal
2024-01-31 18:10:00,USR-0364,1,58.7,5.01,13,5,0,Normal
2024-01-06 16:30:00,USR-0362,0,35.7,27.4,8,2,1,Normal
2024-01-10 11:55:00,USR-0181,2,26.7,29.34,10,2,0,Normal
2024-01-24 22:25:00,USR-0190,2,31.6,2.54,17,3,0,Normal
2024-01-31 20:10:00,USR-0017,4,32.9,1.35,11,3,0,Normal
2024-01-05 06:05:00,USR-0499,1,12.6,22.98,10,1,0,Normal
2024-01-19 20:50:00,USR-0188,3,15.7,5.98,12,1,0,Normal
2024-01-26 13:00:00,USR-0337,2,49.4,0.65,10,7,0,Normal
2024-01-25 04:35:00,USR-0184,0,8.6,24.87,9,3,1,Normal
2024-01-30 07:10:00,USR-0137,2,43.2,4.83,11,6,0,Normal
2024-01-05 11:40:00,USR-0344,8,41.8,3.36,10,1,0,Normal
2024-01-20 10:55:00,USR-0308,4,34.5,10.51,10,2,1,Normal
2024-01-26 08:30:00,USR-0230,2,11.0,17.33,14,4,0,Normal
2024-01-22 09:10:00,USR-0021,2,20.9,12.5,13,3,0,Normal
2024-01-28 18:30:00,USR-0051,2,15.9,33.45,11,3,1,Normal
2024-01-12 08:30:00,USR-0374,2,49.9,5.89,14,2,0,Normal
2024-01-27 23:30:00,USR-0402,1,62.4,6.27,11,2,2,Normal
2024-02-03 17:45:00,USR-0248,21,91.6,114.93,5,27,7,Suspicious
2024-01-22 22:10:00,USR-0440,0,19.5,3.43,10,1,0,Normal
2024-01-04 07:55:00,USR-0277,4,23.3,16.69,7,3,1,Normal
2024-01-13 11:25:00,USR-0186,6,30.0,108.67,19,6,0,Normal
2024-01-02 23:25:00,USR-0065,1,35.3,27.39,15,5,0,Normal
2024-02-03 21:20:00,USR-0418,17,91.5,254.68,2,20,9,Suspicious
2024-01-16 13:15:00,USR-0245,1,29.5,25.05,16,2,0,Normal
2024-01-06 23:30:00,USR-0444,5,34.4,0.87,9,6,1,Normal
2024-01-22 16:20:00,USR-0380,2,10.6,54.44,8,3,0,Normal
2024-01-24 02:40:00,USR-0176,4,33.0,43.42,16,1,0,Normal
2024-01-03 07:10:00,USR-0063,5,19.4,56.05,12,2,1,Normal
2024-01-08 18:00:00,USR-0494,4,12.9,5.4,9,7,0,Normal
2024-01-11 14:00:00,USR-0094,3,21.5,4.54,15,1,0,Normal
2024-01-02 20:40:00,USR-0233,2,14.8,2.4,10,2,1,Normal
2024-01-30 13:15:00,USR-0050,1,11.5,12.27,18,1,2,Normal
2024-01-06 00:10:00,USR-0219,3,41.9,9.57,11,5,0,Normal
2024-01-28 18:15:00,USR-0046,2,39.8,4.68,9,6,1,Normal
2024-01-14 10:40:00,USR-0449,1,29.5,41.82,12,5,0,Normal
2024-02-04 05:15:00,USR-0422,22,88.2,302.01,1,39,8,Suspicious
2024-01-17 09:50:00,USR-0233,3,14.5,21.58,12,3,0,Normal
2024-01-22 23:55:00,USR-0094,0,7.9,18.28,13,2,0,Normal
2024-01-06 02:55:00,USR-0254,3,58.6,62.95,13,7,0,Normal
2024-01-04 06:45:00,USR-0239,1,48.5,53.79,14,4,0,Normal
2024-01-01 06:05:00,USR-0015,3,62.0,4.65,15,4,0,Normal
2024-01-25 17:05:00,USR-0474,4,24.3,4.88,19,1,1,Normal
2024-01-16 21:35:00,USR-0476,0,19.8,1.22,10,6,0,Normal
2024-01-16 03:55:00,USR-0384,3,50.2,4.92,11,1,0,Normal
2024-02-03 02:25:00,USR-0436,19,88.1,159.79,2,25,5,Suspicious
2024-02-02 03:00:00,USR-0056,24,87.8,351.63,5,30,8,Suspicious
2024-01-18 11:20:00,USR-0465,5,40.9,8.1,10,5,0,Normal
2024-01-31 14:55:00,USR-0209,5,33.7,28.83,13,6,1,Normal
2024-01-05 13:25:00,USR-0382,2,15.3,1.0,15,4,0,Normal
2024-01-13 01:10:00,USR-0322,4,48.8,18.35,13,7,1,Normal
2024-01-05 20:15:00,USR-0170,5,24.3,6.44,12,5,0,Normal
2024-01-26 01:10:00,USR-0407,1,54.0,12.19,10,4,1,Normal
2024-01-09 00:25:00,USR-0267,2,27.0,4.66,13,2,0,Normal
2024-01-22 20:35:00,USR-0407,5,18.1,26.17,13,3,1,Normal
2024-01-15 11:40:00,USR-0262,6,14.2,18.87,11,4,0,Normal
2024-01-30 11:45:00,USR-0109,3,18.2,30.45,18,7,0,Normal
2024-01-17 01:25:00,USR-0169,3,51.9,27.34,15,7,1,Normal
2024-02-01 07:50:00,USR-0020,2,44.9,1.1,8,5,0,Normal
2024-01-12 01:10:00,USR-0442,5,54.2,21.83,11,3,1,Normal
2024-01-01 10:50:00,USR-0071,4,11.7,70.69,19,6,0,Normal
2024-01-13 01:50:00,USR-0459,4,32.1,2.26,14,2,1,Normal
2024-01-13 09:15:00,USR-0160,1,5.4,3.53,12,3,0,Normal
2024-01-07 13:10:00,USR-0112,1,29.0,17.54,11,3,1,Normal
2024-01-29 19:20:00,USR-0254,4,16.8,11.29,9,1,1,Normal
2024-01-06 05:25:00,USR-0167,6,39.2,19.51,14,1,1,Normal
2024-01-19 06:30:00,USR-0142,3,18.4,28.68,15,4,0,Normal
2024-01-13 10:40:00,USR-0308,1,41.2,21.2,14,4,0,Normal
2024-01-14 10:35:00,USR-0032,3,28.7,31.33,18,2,1,Normal
2024-01-05 18:15:00,USR-0328,4,41.8,9.97,10,2,1,Normal
2024-01-03 16:05:00,USR-0413,5,20.7,8.8,11,3,0,Normal
2024-01-26 12:20:00,USR-0082,3,24.3,24.77,10,7,0,Normal
2024-01-17 16:00:00,USR-0066,3,39.7,1.45,11,4,0,Normal
2024-01-01 00:00:00,USR-0325,3,46.8,12.22,10,6,0,Normal
2024-01-30 04:25:00,USR-0225,3,11.4,15.31,12,3,1,Normal
2024-01-01 22:50:00,USR-0272,1,28.1,49.98,11,5,0,Normal
2024-01-10 06:30:00,USR-0063,3,21.2,4.74,18,7,1,Normal
2024-01-11 08:00:00,USR-0092,1,42.9,12.61,11,3,0,Normal
2024-01-24 22:00:00,USR-0371,3,20.3,6.29,12,1,0,Normal
2024-01-20 13:55:00,USR-0150,4,44.2,5.88,19,2,0,Normal
2024-01-26 18:15:00,USR-0473,0,9.9,7.24,9,3,0,Normal
2024-01-16 22:25:00,USR-0226,5,44.0,24.05,13,3,0,Normal
2024-02-04 03:55:00,USR-0020,21,95.8,379.63,4,39,7,Suspicious
2024-01-29 18:55:00,USR-0131,1,31.3,31.96,9,2,0,Normal
2024-01-04 15:15:00,USR-0408,4,22.1,12.55,8,4,0,Normal
2024-01-15 04:00:00,USR-0389,3,24.5,7.33,8,7,0,Normal
2024-01-22 12:35:00,USR-0096,2,10.6,28.98,16,3,0,Normal
2024-01-10 02:35:00,USR-0110,4,42.7,20.45,16,2,0,Normal
2024-01-21 11:20:00,USR-0183,1,33.3,23.11,10,2,0,Normal
2024-02-03 22:55:00,USR-0075,21,99.6,135.12,0,45,8,Suspicious
2024-01-13 18:20:00,USR-0077,2,32.1,3.76,14,6,0,Normal
2024-01-17 01:05:00,USR-0436,6,23.2,4.43,7,5,0,Normal
2024-01-17 11:10:00,USR-0500,3,27.3,24.86,16,7,0,Normal
2024-01-27 10:40:00,USR-0404,3,20.8,56.02,11,4,1,Normal
2024-01-06 13:15:00,USR-0354,5,42.5,3.38,9,4,0,Normal
2024-01-20 10:25:00,USR-0149,3,13.6,4.58,8,6,2,Normal
2024-01-24 16:10:00,USR-0201,2,38.1,1.61,12,7,0,Normal
2024-01-25 04:45:00,USR-0189,6,40.1,31.75,12,3,0,Normal
2024-01-28 14:15:00,USR-0432,1,24.9,17.43,16,6,0,Normal
2024-01-06 19:45:00,USR-0417,1,31.1,3.59,14,3,0,Normal
2024-01-18 21:45:00,USR-0455,3,16.2,10.97,11,4,0,Normal
2024-01-23 08:55:00,USR-0283,4,28.3,2.93,7,2,0,Normal
2024-01-21 03:10:00,USR-0361,4,40.3,24.45,13,1,1,Normal
2024-01-20 17:55:00,USR-0373,3,35.8,9.15,10,3,0,Normal
2024-01-31 16:55:00,USR-0022,0,23.8,31.21,11,7,0,Normal
2024-01-13 12:55:00,USR-0176,3,22.6,6.92,14,1,0,Normal
2024-01-31 00:25:00,USR-0365,6,31.2,33.6,9,3,0,Normal
2024-01-12 12:50:00,USR-0261,1,48.0,37.81,15,7,0,Normal
2024-01-26 22:30:00,USR-0124,5,24.5,5.15,9,1,0,Normal
2024-02-03 04:55:00,USR-0471,22,93.4,623.36,5,34,10,Suspicious
2024-01-08 12:15:00,USR-0215,2,7.9,7.91,17,2,1,Normal
2024-01-21 08:10:00,USR-0358,4,18.2,73.56,7,1,0,Normal
2024-01-13 21:10:00,USR-0346,8,33.4,10.87,8,2,0,Normal
2024-01-30 12:25:00,USR-0171,2,36.0,16.89,13,1,1,Normal
2024-01-23 17:25:00,USR-0351,2,23.7,4.8,12,4,0,Normal
2024-01-10 13:00:00,USR-0400,4,8.4,26.31,19,1,0,Normal
2024-01-31 02:10:00,USR-0024,8,43.7,10.33,16,3,1,Normal
2024-01-21 01:00:00,USR-0487,5,29.1,52.65,13,2,1,Normal
2024-02-04 02:55:00,USR-0247,23,99.4,129.89,0,16,9,Suspicious
2024-01-18 04:30:00,USR-0053,2,36.2,0.55,10,7,1,Normal
2024-01-07 08:55:00,USR-0245,2,38.6,23.49,10,7,2,Normal
2024-01-20 11:30:00,USR-0033,2,24.3,13.87,13,5,0,Normal
2024-01-02 05:25:00,USR-0238,5,28.1,17.99,15,2,1,Normal
2024-01-21 19:30:00,USR-0349,0,10.9,6.72,15,1,0,Normal
2024-01-07 17:20:00,USR-0057,1,9.6,25.61,10,7,0,Normal
2024-01-08 05:00:00,USR-0023,5,14.6,4.98,12,5,0,Normal
2024-01-07 13:45:00,USR-0271,3,54.7,46.75,15,1,0,Normal
2024-01-31 20:05:00,USR-0361,1,26.6,40.28,12,7,1,Normal
2024-01-16 12:10:00,USR-0214,5,15.9,6.56,11,5,0,Normal
2024-01-02 14:25:00,USR-0131,4,28.8,45.75,12,6,0,Normal
2024-01-28 07:55:00,USR-0298,2,22.6,20.08,12,5,0,Normal
2024-01-10 20:00:00,USR-0278,4,8.5,4.03,14,7,0,Normal
2024-01-08 08:00:00,USR-0211,4,22.8,22.15,17,2,0,Normal
2024-01-18 20:15:00,USR-0343,1,20.1,13.82,12,2,0,Normal
2024-01-30 13:35:00,USR-0362,3,50.3,24.34,15,7,0,Normal
2024-01-04 01:55:00,USR-0213,3,19.1,7.05,13,7,0,Normal
2024-01-17 09:10:00,USR-0234,4,13.9,16.17,9,1,0,Normal
2024-01-10 16:55:00,USR-0429,1,14.7,11.53,15,3,1,Normal
2024-01-07 09:40:00,USR-0437,2,27.0,32.77,12,3,2,Normal
2024-01-24 05:45:00,USR-0089,6,30.2,12.23,11,2,2,Normal
2024-01-13 03:10:00,USR-0286,4,29.4,18.09,11,4,1,Normal
2024-01-02 16:05:00,USR-0129,4,29.8,65.63,14,1,0,Normal
2024-02-02 13:30:00,USR-0025,20,96.5,1272.33,0,26,7,Suspicious
2024-01-10 09:25:00,USR-0199,2,17.1,4.41,11,2,1,Normal
2024-01-11 23:30:00,USR-0347,3,20.6,19.55,12,6,1,Normal
2024-01-09 13:45:00,USR-0333,3,27.7,7.54,16,7,0,Normal
2024-01-07 17:05:00,USR-0185,10,18.0,10.48,14,5,0,Normal
2024-01-28 08:15:00,USR-0336,3,22.7,7.12,14,7,1,Normal
2024-01-26 21:25:00,USR-0168,2,40.5,10.81,16,3,2,Normal
2024-01-18 17:45:00,USR-0397,3,43.1,55.19,9,4,0,Normal
2024-01-16 05:45:00,USR-0306,3,16.0,4.51,18,1,1,Normal
2024-01-04 18:25:00,USR-0283,1,48.6,11.05,11,1,0,Normal
2024-01-27 22:55:00,USR-0348,4,22.5,9.1,10,2,2,Normal
2024-01-04 16:55:00,USR-0319,6,36.0,5.14,11,6,0,Normal
2024-01-02 22:30:00,USR-0283,3,21.4,20.51,17,2,0,Normal
2024-01-23 12:30:00,USR-0150,5,19.2,19.24,11,5,0,Normal
2024-01-12 00:10:00,USR-0225,4,18.4,63.68,16,3,1,Normal
2024-01-15 01:55:00,USR-0087,3,14.6,29.46,13,2,0,Normal
2024-01-06 16:45:00,USR-0256,5,35.0,11.93,15,2,0,Normal
2024-01-08 17:40:00,USR-0240,3,19.2,4.05,11,1,2,Normal
2024-01-16 17:50:00,USR-0081,1,9.9,4.18,12,6,0,Normal
2024-02-01 11:30:00,USR-0216,1,11.2,19.22,15,6,0,Normal
2024-01-30 13:10:00,USR-0133,4,25.1,12.74,19,3,0,Normal
2024-01-30 23:10:00,USR-0235,1,21.3,26.82,13,5,0,Normal
2024-01-10 09:35:00,USR-0069,3,14.6,26.96,19,5,1,Normal
2024-01-08 09:05:00,USR-0149,3,39.9,1.97,12,5,2,Normal
2024-01-09 05:20:00,USR-0419,6,16.4,6.73,11,5,0,Normal
2024-01-08 00:25:00,USR-0455,2,17.1,8.05,9,7,0,Normal
2024-02-04 15:45:00,USR-0285,31,93.1,194.03,1,40,3,Suspicious
2024-02-04 09:40:00,USR-0015,28,93.3,332.04,4,36,9,Suspicious
2024-01-29 14:40:00,USR-0401,3,15.2,17.73,10,1,2,Normal
2024-01-30 14:35:00,USR-0424,6,34.7,1.05,14,1,0,Normal
2024-01-20 16:45:00,USR-0116,1,50.2,18.84,10,2,0,Normal
2024-01-15 09:40:00,USR-0082,2,26.0,12.78,16,6,0,Normal
2024-01-31 16:00:00,USR-0077,2,14.1,9.93,11,6,0,Normal
2024-02-02 02:00:00,USR-0030,20,99.1,197.05,5,37,8,Suspicious
2024-01-22 07:20:00,USR-0029,4,46.1,0.62,14,4,0,Normal
2024-01-31 06:05:00,USR-0104,3,36.6,2.12,15,4,1,Normal
2024-01-24 12:50:00,USR-0009,7,44.4,14.55,10,7,0,Normal
2024-01-19 21:40:00,USR-0478,1,11.6,1.98,10,7,1,Normal
2024-01-11 03:00:00,USR-0309,3,20.4,3.38,9,3,1,Normal
2024-01-16 12:40:00,USR-0374,4,29.8,15.18,12,5,2,Normal
2024-01-18 02:35:00,USR-0453,4,27.9,0.84,10,6,0,Normal
2024-01-25 03:00:00,USR-0086,5,14.7,16.93,10,4,2,Normal
2024-01-17 05:05:00,USR-0239,4,10.9,12.23,9,1,0,Normal
2024-01-17 14:40:00,USR-0335,7,11.9,0.9,11,3,1,Normal
2024-01-24 10:05:00,USR-0052,0,12.6,0.63,9,1,1,Normal
2024-01-31 20:15:00,USR-0026,2,23.8,6.49,12,6,0,Normal
2024-01-20 19:15:00,USR-0108,6,11.8,14.32,18,6,0,Normal
2024-01-22 23:25:00,USR-0372,2,23.0,10.35,10,7,0,Normal
2024-01-28 14:45:00,USR-0184,1,18.7,26.32,17,7,0,Normal
2024-01-27 13:20:00,USR-0102,2,51.7,0.95,10,4,0,Normal
2024-01-06 10:45:00,USR-0162,2,29.4,7.69,9,4,0,Normal
2024-01-25 05:40:00,USR-0471,2,24.1,8.41,8,7,0,Normal
2024-01-29 07:30:00,USR-0164,3,37.6,20.51,13,3,0,Normal
2024-01-28 14:20:00,USR-0452,1,29.5,45.59,12,4,2,Normal
2024-02-02 13:10:00,USR-0013,23,88.2,233.99,2,39,7,Suspicious
2024-01-30 15:10:00,USR-0332,2,17.2,3.69,13,6,0,Normal
2024-02-03 13:20:00,USR-0051,26,94.8,210.4,3,48,3,Suspicious
2024-01-30 06:15:00,USR-0320,3,17.5,1.14,13,6,0,Normal
2024-01-19 03:20:00,USR-0434,4,33.2,4.4,14,2,0,Normal
2024-01-30 03:35:00,USR-0401,2,44.0,1.07,7,2,0,Normal
2024-01-10 02:20:00,USR-0386,3,36.0,6.45,18,1,0,Normal
2024-02-03 08:45:00,USR-0297,23,89.3,388.71,5,48,6,Suspicious
2024-01-27 07:00:00,USR-0337,2,28.2,8.94,10,3,0,Normal
2024-01-13 01:55:00,USR-0317,2,28.2,6.25,17,3,0,Normal
2024-01-13 06:40:00,USR-0292,5,25.0,4.16,15,2,0,Normal
2024-01-09 17:25:00,USR-0127,3,18.5,3.89,17,3,0,Normal
2024-01-17 01:40:00,USR-0194,1,54.8,25.19,16,2,1,Normal
2024-01-24 02:55:00,USR-0380,4,8.6,4.97,16,5,0,Normal
2024-01-29 16:30:00,USR-0348,4,54.6,6.72,11,6,1,Normal
2024-01-22 01:55:00,USR-0473,5,25.5,13.17,12,5,1,Normal
2024-01-14 09:25:00,USR-0371,1,26.9,24.66,10,5,0,Normal
2024-01-23 01:20:00,USR-0257,2,17.4,7.24,8,2,0,Normal
2024-01-11 15:05:00,USR-0454,4,42.3,9.22,14,7,3,Normal
2024-01-10 06:50:00,USR-0099,9,24.5,18.74,11,3,0,Normal
2024-01-30 23:20:00,USR-0214,3,42.3,16.62,10,4,0,Normal
2024-01-09 23:35:00,USR-0105,1,25.9,23.44,13,2,0,Normal
2024-01-11 02:15:00,USR-0465,3,53.4,14.05,13,6,0,Normal
2024-01-24 14:15:00,USR-0498,3,24.1,49.08,17,2,0,Normal
2024-01-07 01:15:00,USR-0293,2,22.5,42.64,10,4,0,Normal
2024-01-31 10:30:00,USR-0221,4,30.0,36.19,10,3,0,Normal
2024-01-18 07:35:00,USR-0306,4,24.3,41.27,12,1,1,Normal
2024-01-25 16:30:00,USR-0028,6,19.8,5.82,10,2,0,Normal
2024-01-14 02:15:00,USR-0318,1,21.6,4.51,9,1,2,Normal
2024-01-22 08:55:00,USR-0161,3,9.1,3.55,10,1,1,Normal
2024-01-03 12:45:00,USR-0453,5,31.0,3.7,13,4,2,Normal
2024-01-07 14:30:00,USR-0290,3,12.8,13.02,10,5,0,Normal
2024-01-20 14:25:00,USR-0224,2,26.7,32.83,13,2,0,Normal
2024-02-02 23:15:00,USR-0189,14,92.8,516.2,2,49,6,Suspicious
2024-01-12 21:25:00,USR-0007,4,25.1,6.45,9,3,0,Normal
2024-01-24 01:10:00,USR-0212,1,22.7,10.37,8,6,0,Normal
2024-01-06 17:25:00,USR-0455,2,23.5,2.78,9,5,0,Normal
2024-01-09 22:15:00,USR-0174,2,23.9,11.15,13,7,0,Normal
2024-01-23 00:30:00,USR-0260,3,18.4,5.12,11,2,1,Normal
2024-01-20 22:30:00,USR-0350,3,17.2,2.28,19,5,0,Normal
2024-01-24 13:55:00,USR-0087,2,37.4,23.16,13,6,0,Normal
2024-02-03 03:05:00,USR-0331,19,86.2,198.06,4,44,8,Suspicious
2024-01-30 22:35:00,USR-0351,2,12.5,1.68,11,1,0,Normal
2024-01-23 16:35:00,USR-0074,4,20.7,54.13,12,5,0,Normal
2024-01-16 14:30:00,USR-0398,1,19.1,8.71,11,1,1,Normal
2024-01-27 00:55:00,USR-0439,1,23.8,0.83,9,6,0,Normal
2024-02-02 14:45:00,USR-0171,21,95.4,688.01,1,33,10,Suspicious
2024-01-08 15:10:00,USR-0293,2,35.6,10.62,9,5,0,Normal
2024-01-12 01:40:00,USR-0466,5,25.2,7.66,8,6,1,Normal
2024-01-11 02:05:00,USR-0309,4,32.7,4.87,13,1,0,Normal
2024-02-04 02:50:00,USR-0488,20,95.1,260.34,1,45,8,Suspicious
2024-01-11 11:55:00,USR-0472,1,16.7,5.1,8,5,1,Normal
2024-01-16 14:00:00,USR-0403,3,46.7,4.87,10,5,0,Normal
2024-02-04 13:15:00,USR-0185,30,87.7,241.68,5,45,6,Suspicious
2024-01-08 10:30:00,USR-0142,4,38.0,1.33,16,1,0,Normal
2024-01-27 12:35:00,USR-0500,4,30.8,12.0,9,5,0,Normal
2024-01-13 19:40:00,USR-0342,1,53.7,8.41,11,6,1,Normal
2024-01-06 20:55:00,USR-0252,4,14.7,7.15,14,7,0,Normal
2024-01-12 14:45:00,USR-0325,0,34.4,22.33,15,3,0,Normal
2024-01-15 02:00:00,USR-0440,3,30.2,15.25,15,4,0,Normal
2024-01-23 22:55:00,USR-0150,8,7.6,12.39,13,2,1,Normal
2024-01-26 19:10:00,USR-0212,3,8.6,30.87,13,1,0,Normal
2024-01-02 18:50:00,USR-0495,2,27.8,26.23,9,4,0,Normal
2024-01-21 00:10:00,USR-0208,7,21.0,6.91,10,3,1,Normal
2024-01-06 12:45:00,USR-0439,4,28.1,2.76,12,6,0,Normal
2024-01-07 11:05:00,USR-0382,3,37.2,12.38,12,5,0,Normal
2024-02-01 01:35:00,USR-0344,6,36.1,1.06,8,2,1,Normal
2024-02-04 16:35:00,USR-0260,22,95.5,182.29,0,43,9,Suspicious
2024-02-02 17:25:00,USR-0372,17,85.5,517.85,5,48,3,Suspicious
2024-01-18 15:45:00,USR-0185,4,40.3,16.04,16,2,0,Normal
2024-01-22 14:40:00,USR-0369,6,37.7,14.88,11,7,1,Normal
2024-01-22 03:25:00,USR-0270,2,21.1,1.31,18,1,1,Normal
2024-01-17 08:10:00,USR-0030,1,11.2,14.77,11,1,1,Normal
2024-01-09 12:35:00,USR-0149,3,28.3,21.8,10,2,0,Normal
2024-01-16 17:35:00,USR-0278,4,29.6,7.91,11,4,0,Normal
2024-01-13 18:25:00,USR-0287,5,32.6,16.93,12,6,1,Normal
2024-01-31 15:20:00,USR-0080,2,22.6,1.5,13,2,0,Normal
2024-01-08 02:30:00,USR-0446,6,41.9,17.34,12,3,0,Normal
2024-01-24 09:25:00,USR-0150,2,6.6,15.59,9,3,0,Normal
2024-01-28 17:45:00,USR-0195,1,10.9,3.49,8,4,2,Normal
2024-02-03 21:45:00,USR-0296,26,87.1,188.25,5,28,6,Suspicious
2024-01-08 11:35:00,USR-0061,3,15.0,8.25,8,4,1,Normal
2024-01-23 23:45:00,USR-0408,5,34.3,1.04,13,6,0,Normal
2024-01-10 17:10:00,USR-0063,3,37.2,35.07,11,4,0,Normal
2024-01-08 11:45:00,USR-0466,2,34.5,26.88,14,1,0,Normal
2024-01-10 05:10:00,USR-0411,3,23.3,2.19,14,2,1,Normal
2024-01-15 02:50:00,USR-0095,3,19.2,21.02,10,2,1,Normal
2024-01-16 22:20:00,USR-0236,4,15.6,36.56,13,2,1,Normal
2024-01-31 00:50:00,USR-0217,2,35.5,5.65,14,1,2,Normal
2024-01-03 06:15:00,USR-0011,2,37.7,23.41,15,2,0,Normal
2024-01-26 18:05:00,USR-0324,3,41.9,15.19,19,5,0,Normal
2024-01-26 23:20:00,USR-0208,4,26.2,32.78,15,5,1,Normal
2024-01-22 12:25:00,USR-0459,4,41.5,10.54,11,5,1,Normal
2024-01-11 17:40:00,USR-0129,1,22.3,0.83,11,3,0,Normal
2024-01-14 04:25:00,USR-0108,3,33.4,6.12,11,4,0,Normal
2024-01-08 22:35:00,USR-0266,1,28.4,6.69,19,7,0,Normal
2024-01-31 18:25:00,USR-0359,2,35.2,48.32,12,6,1,Normal
2024-01-07 08:25:00,USR-0126,6,27.2,9.73,11,6,1,Normal
2024-01-12 18:50:00,USR-0117,3,16.2,7.08,14,5,0,Normal
2024-02-04 13:40:00,USR-0154,26,96.2,156.38,0,24,8,Suspicious
2024-01-28 11:00:00,USR-0107,1,35.5,9.7,13,5,1,Normal
2024-01-04 10:30:00,USR-0054,3,39.9,5.85,11,1,1,Normal
2024-01-12 14:40:00,USR-0215,3,23.8,21.42,12,5,0,Normal
2024-01-30 20:50:00,USR-0191,4,44.0,11.05,10,7,0,Normal
2024-01-14 10:05:00,USR-0289,3,36.4,1.24,10,1,0,Normal
2024-01-19 01:15:00,USR-0372,2,35.6,6.02,12,4,0,Normal
2024-01-12 20:00:00,USR-0173,3,39.5,6.96,11,7,0,Normal
2024-01-30 18:00:00,USR-0235,2,44.4,41.64,17,3,0,Normal
2024-01-19 15:20:00,USR-0326,4,20.6,25.55,15,1,0,Normal
2024-01-27 19:25:00,USR-0472,2,17.0,44.01,9,3,1,Normal
2024-01-12 04:10:00,USR-0245,4,24.5,48.66,11,3,0,Normal
2024-01-30 08:30:00,USR-0125,1,63.4,8.17,14,2,0,Normal
2024-01-07 17:10:00,USR-0252,4,40.4,1.19,11,7,0,Normal
2024-02-03 05:35:00,USR-0337,30,93.0,510.04,1,42,12,Suspicious
2024-02-01 23:50:00,USR-0177,25,98.5,444.71,4,25,8,Suspicious
2024-01-15 12:00:00,USR-0323,2,19.9,23.73,16,4,1,Normal
2024-02-01 20:00:00,USR-0056,3,25.8,3.16,11,3,0,Normal
2024-01-27 13:30:00,USR-0003,2,39.3,0.96,11,5,1,Normal
2024-01-08 11:00:00,USR-0357,1,10.3,38.31,10,3,0,Normal
2024-01-07 16:00:00,USR-0224,2,7.8,26.22,8,5,0,Normal
2024-01-17 14:05:00,USR-0442,3,35.7,31.84,11,7,0,Normal
2024-01-23 21:30:00,USR-0111,4,28.3,64.1,11,5,0,Normal
2024-01-15 18:35:00,USR-0121,4,37.7,26.62,11,5,0,Normal
2024-02-01 20:55:00,USR-0049,4,19.0,8.06,19,6,3,Normal
2024-01-11 07:10:00,USR-0164,2,25.2,11.86,16,3,0,Normal
2024-01-16 08:25:00,USR-0316,5,16.1,6.29,11,3,1,Normal
2024-02-02 08:15:00,USR-0268,18,90.4,250.72,2,16,9,Suspicious
2024-01-25 01:05:00,USR-0446,5,33.8,7.47,11,7,1,Normal
2024-01-24 22:45:00,USR-0368,5,26.4,8.29,12,3,2,Normal
2024-01-22 19:05:00,USR-0027,0,46.8,2.17,17,1,0,Normal
2024-01-19 12:25:00,USR-0006,4,45.1,18.68,11,3,1,Normal
2024-01-11 07:00:00,USR-0371,3,24.1,14.38,9,4,1,Normal
2024-01-01 02:20:00,USR-0226,8,37.3,14.92,9,5,0,Normal
2024-01-09 16:25:00,USR-0343,6,36.0,1.28,11,1,1,Normal
2024-01-03 20:15:00,USR-0466,1,25.4,24.2,10,2,0,Normal
2024-01-27 12:45:00,USR-0470,4,25.3,32.9,18,7,0,Normal
2024-01-06 01:35:00,USR-0315,3,8.7,8.04,16,1,0,Normal
2024-01-09 19:10:00,USR-0291,3,41.6,12.92,13,7,2,Normal
2024-01-28 00:05:00,USR-0005,4,44.8,5.97,9,3,0,Normal
2024-01-11 10:25:00,USR-0144,2,13.5,10.43,9,1,1,Normal
2024-01-25 04:50:00,USR-0070,2,30.4,12.46,12,1,0,Normal
2024-02-01 13:30:00,USR-0012,6,12.2,7.3,12,6,0,Normal
2024-01-19 18:55:00,USR-0103,2,35.9,10.0,9,3,2,Normal
2024-01-07 04:35:00,USR-0387,2,38.2,19.05,10,2,0,Normal
2024-01-28 20:30:00,USR-0439,3,34.9,29.06,18,1,0,Normal
2024-01-13 20:00:00,USR-0286,1,54.4,10.36,11,3,1,Normal
2024-01-04 21:40:00,USR-0469,2,30.3,22.38,18,4,1,Normal
2024-01-19 09:45:00,USR-0177,5,22.9,7.93,16,4,0,Normal
2024-01-08 17:05:00,USR-0043,1,16.7,5.95,11,5,2,Normal
2024-01-21 21:05:00,USR-0006,4,8.5,7.14,9,3,0,Normal
2024-01-01 03:25:00,USR-0382,3,16.1,9.55,13,1,0,Normal
2024-02-04 00:25:00,USR-0200,21,99.0,240.1,5,21,5,Suspicious
2024-01-22 17:05:00,USR-0234,3,12.2,37.12,10,5,0,Normal
2024-01-05 17:00:00,USR-0341,0,12.1,1.58,10,7,0,Normal
2024-01-15 21:35:00,USR-0150,4,22.4,8.11,16,1,0,Normal
2024-01-17 18:50:00,USR-0336,5,23.5,4.49,11,1,0,Normal
2024-01-09 05:00:00,USR-0006,2,23.5,14.31,11,3,0,Normal
2024-01-28 12:30:00,USR-0174,3,22.6,30.67,16,6,0,Normal
2024-01-04 11:40:00,USR-0209,6,28.9,7.3,11,7,0,Normal
2024-01-01 20:00:00,USR-0211,4,18.6,1.18,16,5,1,Normal
2024-01-14 05:30:00,USR-0333,4,21.5,13.1,17,3,0,Normal
2024-01-26 21:20:00,USR-0175,2,19.9,16.93,19,1,1,Normal
2024-01-22 10:20:00,USR-0080,3,33.2,8.92,19,5,0,Normal
2024-01-05 06:55:00,USR-0352,1,52.5,6.22,10,7,1,Normal
2024-01-23 19:15:00,USR-0172,3,14.1,1.98,12,1,0,Normal
2024-01-10 11:25:00,USR-0432,4,16.7,19.33,9,3,0,Normal
2024-01-18 09:20:00,USR-0230,3,27.3,0.64,15,6,0,Normal
2024-01-29 04:55:00,USR-0453,3,12.1,28.0,10,2,0,Normal
2024-01-04 18:20:00,USR-0451,4,15.5,11.0,11,3,0,Normal
2024-01-14 05:50:00,USR-0310,3,24.7,5.96,18,4,1,Normal
2024-01-22 15:05:00,USR-0251,6,30.7,9.99,13,2,0,Normal
2024-01-06 13:05:00,USR-0077,0,18.5,7.74,14,2,0,Normal
2024-01-19 12:50:00,USR-0374,2,24.8,1.81,13,5,1,Normal
2024-01-23 03:30:00,USR-0201,1,27.7,18.86,13,3,0,Normal
2024-01-21 11:10:00,USR-0448,4,11.2,33.69,19,7,1,Normal
2024-02-03 01:20:00,USR-0383,14,96.2,257.19,1,41,9,Suspicious
2024-01-26 14:05:00,USR-0162,3,45.2,1.07,16,4,0,Normal
2024-01-28 04:40:00,USR-0315,0,15.1,21.44,12,3,0,Normal
2024-02-03 15:20:00,USR-0469,24,89.5,993.27,4,15,9,Suspicious
2024-01-18 07:40:00,USR-0102,3,50.5,1.0,19,6,0,Normal
2024-01-19 19:50:00,USR-0382,4,31.6,20.65,10,2,1,Normal
2024-01-02 04:55:00,USR-0495,4,22.0,33.85,16,6,1,Normal
2024-01-16 08:30:00,USR-0003,1,8.8,11.97,13,1,1,Normal
2024-02-02 09:20:00,USR-0275,26,95.2,401.28,3,17,15,Suspicious
2024-01-01 23:50:00,USR-0067,4,28.7,6.15,10,7,0,Normal
2024-01-13 19:30:00,USR-0156,1,12.7,6.84,17,6,0,Normal
2024-01-29 23:55:00,USR-0064,2,30.9,2.27,16,6,0,Normal
2024-01-22 08:10:00,USR-0322,2,27.1,3.07,10,4,0,Normal
2024-01-17 22:30:00,USR-0452,2,48.9,10.81,12,1,1,Normal
2024-01-20 00:15:00,USR-0396,1,13.4,13.73,13,5,2,Normal
2024-01-22 07:30:00,USR-0500,5,39.2,14.51,19,7,1,Normal
2024-01-09 12:10:00,USR-0016,4,51.9,13.8,13,3,0,Normal
2024-01-02 19:05:00,USR-0167,2,19.5,21.37,10,7,0,Normal
2024-01-10 15:15:00,USR-0224,7,45.5,11.87,9,6,1,Normal
2024-02-04 16:00:00,USR-0247,20,90.9,813.53,3,30,8,Suspicious
2024-01-11 10:05:00,USR-0229,5,17.3,8.46,11,4,0,Normal
2024-01-29 22:25:00,USR-0462,1,25.6,25.81,10,6,0,Normal
2024-01-23 07:20:00,USR-0049,2,24.2,26.67,19,4,1,Normal
2024-01-19 21:20:00,USR-0296,3,68.7,15.24,8,3,0,Normal
2024-01-29 12:00:00,USR-0478,5,49.1,40.95,13,7,0,Normal
2024-01-05 11:30:00,USR-0243,3,15.7,19.1,15,5,0,Normal
2024-02-04 00:55:00,USR-0472,24,96.0,279.36,5,19,14,Suspicious
2024-01-22 07:35:00,USR-0069,0,12.5,19.62,11,7,1,Normal
2024-01-10 01:45:00,USR-0460,1,13.2,36.84,11,1,0,Normal
2024-01-02 09:15:00,USR-0358,3,36.0,12.92,13,2,1,Normal
2024-01-26 00:10:00,USR-0199,3,23.6,5.52,15,1,1,Normal
2024-01-31 07:35:00,USR-0286,3,36.8,14.5,10,6,1,Normal
2024-01-27 08:10:00,USR-0124,3,30.1,27.4,9,7,1,Normal
2024-01-24 19:20:00,USR-0345,5,25.7,12.15,13,2,0,Normal
2024-01-15 16:40:00,USR-0132,3,39.3,9.06,11,4,0,Normal
2024-02-03 04:15:00,USR-0104,14,96.0,499.98,3,32,11,Suspicious
2024-01-04 23:40:00,USR-0391,1,8.3,16.05,10,7,0,Normal
2024-01-06 00:55:00,USR-0114,5,23.1,45.39,17,6,0,Normal
2024-01-27 18:00:00,USR-0475,5,38.2,21.55,10,5,2,Normal
2024-01-25 04:40:00,USR-0399,2,13.2,13.97,13,2,0,Normal
2024-01-13 19:15:00,USR-0391,7,39.0,1.9,10,3,0,Normal
2024-01-24 09:05:00,USR-0299,7,30.3,13.91,16,1,0,Normal
2024-02-02 00:20:00,USR-0352,28,87.4,409.87,1,30,9,Suspicious
2024-01-06 10:35:00,USR-0099,5,45.6,8.92,12,7,0,Normal
2024-01-09 09:20:00,USR-0168,3,13.5,1.85,15,7,1,Normal
2024-01-22 12:05:00,USR-0376,4,18.0,4.33,10,6,0,Normal
2024-01-16 16:10:00,USR-0125,5,9.5,1.65,17,4,0,Normal
2024-02-04 15:40:00,USR-0444,22,94.3,250.54,1,44,5,Suspicious
2024-01-25 06:45:00,USR-0278,5,59.9,3.02,17,6,0,Normal
2024-01-27 03:05:00,USR-0273,7,13.3,0.58,11,3,2,Normal
2024-01-09 17:10:00,USR-0396,4,6.5,15.83,14,1,0,Normal
2024-01-10 12:25:00,USR-0189,5,45.9,0.94,11,3,0,Normal
2024-01-29 14:00:00,USR-0414,4,20.8,8.26,10,1,0,Normal
2024-02-02 12:30:00,USR-0044,15,90.1,517.6,5,19,8,Suspicious
2024-01-11 07:40:00,USR-0177,5,12.2,26.48,16,7,0,Normal
2024-02-03 10:10:00,USR-0373,15,95.4,282.92,2,18,5,Suspicious
2024-01-05 17:50:00,USR-0230,3,24.6,10.25,13,7,0,Normal
2024-01-08 18:30:00,USR-0152,1,13.8,16.39,10,1,2,Normal
2024-01-03 15:15:00,USR-0076,6,28.9,18.49,11,1,1,Normal
2024-01-14 20:10:00,USR-0087,3,22.6,3.59,16,3,2,Normal
2024-01-21 02:45:00,USR-0242,7,42.3,12.86,8,2,1,Normal
2024-01-30 21:20:00,USR-0430,7,35.5,2.56,10,5,0,Normal
2024-01-06 03:15:00,USR-0030,4,19.1,12.82,9,2,2,Normal
2024-01-21 01:45:00,USR-0262,3,35.1,37.81,15,2,0,Normal
2024-01-21 13:20:00,USR-0291,1,14.6,9.18,17,1,0,Normal
2024-01-04 10:25:00,USR-0261,4,21.8,1.34,8,4,0,Normal
2024-01-09 02:55:00,USR-0330,5,30.2,13.28,11,7,2,Normal
2024-01-12 06:45:00,USR-0172,2,40.2,1.29,15,5,0,Normal
2024-01-25 08:55:00,USR-0368,1,21.9,3.53,11,7,0,Normal
2024-02-03 10:25:00,USR-0142,16,91.1,1228.4,2,47,10,Suspicious
2024-01-06 03:35:00,USR-0397,4,45.9,52.95,14,5,0,Normal
2024-01-17 05:10:00,USR-0361,6,9.2,55.75,9,3,0,Normal
2024-02-01 07:55:00,USR-0182,7,27.3,5.22,9,2,1,Normal
2024-01-05 15:50:00,USR-0472,6,14.6,17.87,9,7,0,Normal
2024-01-23 23:35:00,USR-0163,7,47.2,1.31,15,2,0,Normal
2024-01-04 04:10:00,USR-0322,4,45.1,2.09,13,7,0,Normal
2024-01-23 13:45:00,USR-0407,3,18.3,26.66,13,1,3,Normal
2024-01-09 18:30:00,USR-0070,2,14.9,15.27,8,5,0,Normal
2024-01-07 20:40:00,USR-0034,2,22.8,5.2,11,1,0,Normal
2024-01-13 06:20:00,USR-0075,3,9.8,11.5,11,2,1,Normal
2024-01-16 17:10:00,USR-0365,3,30.8,58.62,14,3,0,Normal
2024-01-28 09:40:00,USR-0469,3,26.5,11.94,15,4,1,Normal
2024-01-08 13:25:00,USR-0168,2,26.9,0.95,12,3,0,Normal
2024-01-12 03:10:00,USR-0154,3,11.2,23.0,16,4,0,Normal
2024-01-02 05:20:00,USR-0445,3,14.2,1.69,16,5,2,Normal
2024-02-03 08:10:00,USR-0348,27,97.9,216.95,0,43,9,Suspicious
2024-01-18 18:30:00,USR-0470,1,45.1,7.78,11,6,2,Normal
2024-01-24 20:15:00,USR-0168,2,31.7,5.36,9,3,1,Normal
2024-01-21 19:50:00,USR-0418,3,53.6,3.47,12,6,0,Normal
2024-01-08 02:40:00,USR-0354,7,14.7,5.91,17,7,0,Normal
2024-02-01 09:15:00,USR-0313,0,21.6,11.24,19,4,0,Normal
2024-01-08 13:15:00,USR-0459,2,34.4,21.71,16,7,0,Normal
2024-01-13 09:05:00,USR-0500,3,23.4,7.47,9,5,1,Normal
2024-01-13 11:00:00,USR-0442,0,23.0,29.69,10,5,0,Normal
2024-01-17 13:50:00,USR-0296,2,12.5,4.56,13,3,1,Normal
2024-01-20 22:15:00,USR-0005,3,39.0,14.19,12,3,0,Normal
2024-02-02 04:05:00,USR-0386,17,85.6,204.69,5,31,10,Suspicious
2024-01-07 04:30:00,USR-0414,5,23.7,1.98,15,1,0,Normal
2024-01-12 03:25:00,USR-0068,4,29.6,40.12,9,4,2,Normal
2024-01-05 21:15:00,USR-0006,1,19.7,3.14,10,3,2,Normal
2024-01-05 09:00:00,USR-0227,5,32.9,4.44,7,1,1,Normal
2024-01-27 14:55:00,USR-0492,3,26.5,27.97,13,5,1,Normal
2024-02-01 08:20:00,USR-0449,3,17.7,10.01,16,5,1,Normal
2024-01-31 16:10:00,USR-0302,9,42.4,25.67,12,1,1,Normal
2024-01-03 03:40:00,USR-0076,2,39.3,1.9,17,6,0,Normal
2024-01-15 06:10:00,USR-0271,2,31.8,2.43,10,1,1,Normal
2024-01-13 16:35:00,USR-0255,1,11.0,7.56,11,3,0,Normal
2024-01-25 15:00:00,USR-0445,2,19.6,12.69,17,7,0,Normal
2024-01-13 13:00:00,USR-0429,5,29.9,32.16,9,7,0,Normal
2024-01-18 23:30:00,USR-0205,3,39.9,1.18,9,5,0,Normal
2024-01-14 08:45:00,USR-0191,2,47.1,52.41,9,2,0,Normal
2024-01-04 06:15:00,USR-0251,4,15.5,7.3,9,4,0,Normal
2024-01-25 00:55:00,USR-0076,3,48.2,5.63,19,5,2,Normal
2024-01-21 10:05:00,USR-0341,5,8.3,11.79,10,3,1,Normal
2024-01-20 02:15:00,USR-0256,2,23.1,2.52,15,3,0,Normal
2024-01-07 05:30:00,USR-0066,6,45.7,42.25,11,1,0,Normal
2024-02-04 11:20:00,USR-0138,19,96.3,288.88,4,36,7,Suspicious
2024-01-10 15:45:00,USR-0153,2,15.4,6.27,13,6,1,Normal
2024-02-02 00:25:00,USR-0094,25,86.2,354.43,2,21,5,Suspicious
2024-01-24 07:50:00,USR-0207,3,16.6,3.84,18,1,1,Normal
2024-01-26 08:50:00,USR-0132,0,17.2,21.58,13,1,0,Normal
2024-01-17 15:10:00,USR-0139,4,21.4,3.05,12,3,0,Normal
2024-01-02 21:55:00,USR-0103,3,11.4,1.16,9,2,1,Normal
2024-01-12 21:15:00,USR-0188,4,20.3,5.4,9,5,0,Normal
2024-01-09 01:55:00,USR-0446,2,12.2,23.07,8,3,2,Normal
2024-01-03 01:55:00,USR-0149,4,35.0,1.42,16,2,1,Normal
2024-02-03 04:35:00,USR-0157,20,94.2,609.65,3,44,8,Suspicious
2024-02-03 16:50:00,USR-0234,20,87.2,108.65,2,20,6,Suspicious
2024-01-19 08:30:00,USR-0454,4,7.6,16.82,16,6,2,Normal
2024-01-19 20:10:00,USR-0339,4,34.9,21.36,19,2,3,Normal
2024-01-15 23:15:00,USR-0413,5,22.0,1.88,15,2,1,Normal
2024-01-26 16:25:00,USR-0489,4,18.7,2.53,9,4,1,Normal
2024-02-01 11:15:00,USR-0262,4,15.2,34.19,10,6,0,Normal
2024-01-06 13:30:00,USR-0109,4,14.9,17.12,13,4,0,Normal
2024-01-27 00:00:00,USR-0224,1,37.7,9.64,11,3,0,Normal
2024-01-12 17:55:00,USR-0291,1,28.4,13.15,18,2,0,Normal
2024-01-09 22:50:00,USR-0263,3,48.6,10.83,11,6,0,Normal
2024-01-23 17:30:00,USR-0401,4,34.5,7.34,13,7,0,Normal
2024-01-27 12:40:00,USR-0449,2,20.1,8.6,10,6,1,Normal
2024-01-30 02:30:00,USR-0168,7,15.3,4.15,14,5,0,Normal
2024-01-23 01:50:00,USR-0289,4,32.3,9.33,13,2,0,Normal
2024-01-06 03:30:00,USR-0258,3,6.3,21.92,11,7,0,Normal
2024-01-24 04:45:00,USR-0351,5,38.2,15.23,19,6,0,Normal
2024-01-27 16:25:00,USR-0011,2,9.2,16.7,11,7,0,Normal
2024-01-13 19:10:00,USR-0156,6,11.6,7.73,17,6,0,Normal
2024-02-01 01:05:00,USR-0276,1,19.4,78.34,13,1,1,Normal
2024-01-18 00:35:00,USR-0469,2,46.0,14.81,13,3,1,Normal
2024-01-05 02:25:00,USR-0142,5,14.6,3.63,17,1,0,Normal
2024-01-13 23:35:00,USR-0269,2,38.2,0.94,13,1,0,Normal
2024-01-09 05:05:00,USR-0087,1,46.7,13.11,11,3,2,Normal
2024-01-13 07:30:00,USR-0164,5,22.1,40.29,17,6,0,Normal
2024-01-03 16:30:00,USR-0217,3,45.9,21.21,14,3,0,Normal
2024-01-29 16:55:00,USR-0280,3,21.6,9.51,12,1,0,Normal
2024-01-24 12:55:00,USR-0364,2,26.3,38.29,12,1,1,Normal
2024-01-17 08:05:00,USR-0044,5,27.9,21.47,7,7,0,Normal
2024-01-23 10:45:00,USR-0203,2,21.1,15.13,12,4,0,Normal
2024-01-29 21:00:00,USR-0489,5,12.3,38.02,15,3,0,Normal
2024-01-22 15:35:00,USR-0157,1,44.4,4.64,7,7,0,Normal
2024-01-01 21:30:00,USR-0056,3,21.2,5.91,7,7,1,Normal
2024-02-02 12:50:00,USR-0479,29,93.1,814.9,2,47,10,Suspicious
2024-02-02 02:40:00,USR-0028,23,87.7,267.66,4,21,5,Suspicious
2024-01-17 12:10:00,USR-0406,6,19.9,1.08,12,5,1,Normal
2024-01-18 19:05:00,USR-0046,4,29.1,9.5,11,1,0,Normal
2024-01-27 11:40:00,USR-0371,4,40.1,21.25,9,3,0,Normal
2024-01-25 08:10:00,USR-0264,1,19.2,2.5,9,5,0,Normal
2024-01-25 02:35:00,USR-0023,1,54.2,6.61,16,5,0,Normal
2024-01-03 16:10:00,USR-0019,3,24.6,6.96,13,4,0,Normal
2024-01-25 10:25:00,USR-0117,3,30.1,4.46,9,1,1,Normal
2024-01-31 21:50:00,USR-0186,3,12.6,3.08,15,1,0,Normal
2024-01-17 12:15:00,USR-0153,2,32.0,6.89,10,4,0,Normal
2024-01-21 04:10:00,USR-0331,3,50.3,9.62,12,4,1,Normal
2024-02-03 19:10:00,USR-0451,17,91.8,635.95,4,16,9,Suspicious
2024-01-01 18:05:00,USR-0372,4,37.4,24.53,16,1,0,Normal
2024-01-20 19:50:00,USR-0062,4,39.6,2.9,13,4,0,Normal
2024-01-22 14:15:00,USR-0111,1,14.3,3.64,13,7,1,Normal
2024-02-01 09:20:00,USR-0249,4,22.2,11.81,12,5,1,Normal
2024-01-27 22:45:00,USR-0361,1,9.7,3.41,12,7,0,Normal
2024-01-27 19:50:00,USR-0484,6,12.7,11.2,13,4,0,Normal
2024-01-06 14:45:00,USR-0412,3,17.7,14.15,10,5,1,Normal
2024-01-24 10:35:00,USR-0479,3,41.8,12.18,12,5,0,Normal
2024-01-16 04:55:00,USR-0043,4,23.1,6.81,16,4,0,Normal
2024-01-22 18:35:00,USR-0285,4,35.7,30.42,11,6,0,Normal
2024-02-03 05:55:00,USR-0112,24,96.8,583.48,0,34,10,Suspicious
2024-01-16 04:40:00,USR-0458,4,24.5,3.56,11,1,0,Normal
2024-01-04 21:15:00,USR-0096,0,45.5,43.28,13,2,0,Normal
2024-01-04 21:25:00,USR-0049,1,22.4,46.65,8,3,0,Normal
2024-01-22 16:00:00,USR-0404,7,22.5,3.89,11,5,0,Normal
2024-01-03 23:55:00,USR-0007,2,29.1,26.27,9,4,0,Normal
2024-01-07 23:35:00,USR-0375,5,48.5,16.76,11,7,1,Normal
2024-01-26 22:00:00,USR-0062,0,14.4,40.03,12,2,0,Normal
2024-01-24 17:15:00,USR-0413,1,25.3,38.49,12,1,0,Normal
2024-01-30 19:05:00,USR-0443,4,16.6,32.22,19,7,0,Normal
2024-01-13 13:30:00,USR-0485,4,51.1,20.98,14,7,0,Normal
2024-02-03 12:35:00,USR-0174,21,93.6,676.02,3,30,9,Suspicious
2024-01-18 02:25:00,USR-0454,2,25.8,2.76,11,6,2,Normal
2024-01-30 14:50:00,USR-0203,4,12.6,12.71,10,2,1,Normal
2024-01-15 17:45:00,USR-0150,5,14.1,2.38,8,2,0,Normal
2024-01-18 19:10:00,USR-0096,2,21.4,17.67,10,5,0,Normal
2024-01-26 09:20:00,USR-0136,3,24.9,9.43,10,1,0,Normal
2024-02-01 17:05:00,USR-0419,4,42.5,8.76,18,7,0,Normal
2024-02-02 00:10:00,USR-0330,27,95.6,450.14,2,47,12,Suspicious
2024-01-11 07:05:00,USR-0081,4,15.9,22.22,10,5,1,Normal
2024-01-04 18:45:00,USR-0132,1,36.8,8.14,13,7,0,Normal
2024-01-29 11:10:00,USR-0320,2,36.1,5.76,18,3,0,Normal
2024-01-22 22:40:00,USR-0165,2,21.9,8.71,15,4,0,Normal
2024-01-02 16:50:00,USR-0354,1,20.1,12.08,14,3,0,Normal
2024-01-23 12:50:00,USR-0104,1,48.7,22.42,13,4,0,Normal
2024-02-01 08:15:00,USR-0451,3,41.7,19.33,9,2,0,Normal
2024-01-12 13:55:00,USR-0105,5,8.1,25.15,15,5,0,Normal
2024-01-19 16:05:00,USR-0444,5,19.8,0.9,10,7,1,Normal
2024-01-25 18:30:00,USR-0378,2,35.0,21.71,16,2,0,Normal
2024-01-21 23:10:00,USR-0052,3,23.1,2.72,13,3,0,Normal
2024-01-09 13:20:00,USR-0468,3,52.4,9.33,12,5,0,Normal
2024-01-05 04:00:00,USR-0002,5,30.4,24.26,7,3,2,Normal
2024-01-23 04:20:00,USR-0161,1,17.9,1.09,9,2,1,Normal
2024-02-04 10:45:00,USR-0028,31,95.7,369.45,4,32,5,Suspicious
2024-01-10 20:20:00,USR-0443,5,23.7,5.96,15,3,0,Normal
2024-02-01 03:20:00,USR-0431,4,32.4,2.81,10,4,1,Normal
2024-02-03 17:10:00,USR-0294,18,98.9,173.35,2,34,12,Suspicious
2024-01-02 00:30:00,USR-0259,0,52.6,55.63,9,5,1,Normal
2024-01-10 20:10:00,USR-0005,3,11.5,5.41,15,7,0,Normal
2024-01-17 08:00:00,USR-0037,3,57.4,1.23,12,4,0,Normal
2024-01-03 14:05:00,USR-0274,4,44.4,8.01,10,2,0,Normal
2024-01-14 18:50:00,USR-0036,1,12.0,39.52,13,1,0,Normal
2024-01-16 16:25:00,USR-0425,4,18.3,18.56,14,5,0,Normal
2024-01-10 12:35:00,USR-0463,1,13.3,2.94,13,3,0,Normal
2024-01-02 22:55:00,USR-0135,6,33.7,45.42,16,4,0,Normal
2024-02-02 08:30:00,USR-0308,30,92.7,1109.76,3,27,5,Suspicious
2024-01-11 11:50:00,USR-0224,2,13.4,22.19,11,6,1,Normal
2024-01-19 22:30:00,USR-0363,5,30.5,1.48,10,2,1,Normal
2024-01-15 03:15:00,USR-0163,2,28.0,0.54,9,4,1,Normal
2024-01-24 10:10:00,USR-0412,3,18.6,33.34,11,2,1,Normal
2024-02-03 01:30:00,USR-0170,19,99.0,1540.97,4,47,6,Suspicious
2024-01-01 08:50:00,USR-0405,3,39.5,9.21,11,3,0,Normal
2024-01-28 00:40:00,USR-0171,4,25.5,5.09,12,6,0,Normal
2024-01-25 23:15:00,USR-0389,4,30.2,63.13,13,5,0,Normal
2024-01-26 19:25:00,USR-0292,5,25.6,36.31,9,7,1,Normal
2024-01-11 06:20:00,USR-0133,3,7.1,11.06,15,1,1,Normal
2024-02-04 11:10:00,USR-0311,29,94.0,239.45,1,27,7,Suspicious
2024-01-10 03:10:00,USR-0263,2,32.3,12.07,9,3,1,Normal
2024-02-02 07:25:00,USR-0235,14,95.4,137.62,1,21,7,Suspicious
2024-01-30 16:05:00,USR-0064,3,20.1,25.8,10,3,1,Normal
2024-01-09 07:45:00,USR-0202,3,36.5,8.14,17,1,0,Normal
2024-01-17 06:20:00,USR-0150,3,13.6,28.71,12,5,0,Normal
2024-01-30 14:20:00,USR-0442,5,32.1,5.38,17,6,0,Normal
2024-01-24 10:30:00,USR-0245,4,10.1,10.78,12,3,0,Normal
2024-01-29 20:20:00,USR-0200,4,23.1,2.16,12,7,0,Normal
2024-01-06 13:10:00,USR-0005,1,33.8,2.85,15,2,0,Normal
2024-02-04 06:55:00,USR-0007,22,85.9,467.77,2,32,11,Suspicious
2024-01-29 09:55:00,USR-0493,0,14.9,8.87,10,2,1,Normal
2024-01-22 14:30:00,USR-0366,3,14.4,25.58,14,3,1,Normal
2024-01-19 12:55:00,USR-0385,3,23.2,4.98,13,5,0,Normal
2024-01-19 02:10:00,USR-0100,3,28.7,4.25,9,3,0,Normal
2024-01-24 07:40:00,USR-0018,0,46.2,8.88,9,4,0,Normal
2024-02-01 02:45:00,USR-0486,5,14.2,0.86,11,2,0,Normal
2024-01-27 04:50:00,USR-0229,2,21.2,21.43,11,6,0,Normal
2024-02-04 08:55:00,USR-0257,25,95.6,337.07,2,49,8,Suspicious
2024-02-01 06:40:00,USR-0262,2,50.0,2.82,16,5,0,Normal
2024-01-30 15:45:00,USR-0101,2,24.3,35.92,12,2,0,Normal
2024-01-12 03:45:00,USR-0231,3,39.0,1.1,10,6,1,Normal
2024-01-09 19:45:00,USR-0085,1,22.4,1.66,15,7,0,Normal
2024-01-23 01:05:00,USR-0053,4,44.6,0.67,10,3,0,Normal
2024-01-24 01:35:00,USR-0138,2,39.7,13.46,17,6,0,Normal
2024-02-01 06:50:00,USR-0119,8,15.3,24.45,10,4,0,Normal
2024-02-03 09:40:00,USR-0093,24,86.3,881.0,3,42,4,Suspicious
2024-01-08 04:15:00,USR-0372,3,21.1,4.97,10,2,0,Normal
2024-01-19 18:00:00,USR-0382,2,55.4,16.15,12,6,0,Normal
2024-02-01 16:40:00,USR-0042,3,35.6,18.52,10,4,0,Normal
2024-01-22 01:50:00,USR-0429,4,29.3,9.8,11,1,0,Normal
2024-01-06 00:30:00,USR-0125,0,23.1,18.33,14,7,1,Normal
2024-01-25 05:20:00,USR-0098,2,37.3,11.4,8,5,0,Normal
2024-01-03 18:35:00,USR-0228,1,21.0,2.82,10,6,2,Normal
2024-01-28 15:55:00,USR-0208,3,35.5,27.11,8,2,1,Normal
2024-01-23 15:55:00,USR-0475,1,16.4,19.24,17,5,0,Normal
2024-01-27 09:30:00,USR-0029,3,40.0,4.45,10,7,0,Normal
2024-01-30 03:20:00,USR-0186,4,7.4,23.66,10,7,1,Normal
2024-01-04 09:35:00,USR-0259,6,36.7,32.25,19,3,0,Normal
2024-01-10 03:00:00,USR-0187,5,19.9,13.74,15,2,0,Normal
2024-01-10 23:35:00,USR-0454,5,14.9,14.57,9,3,1,Normal
2024-01-25 20:45:00,USR-0215,0,25.1,23.05,12,2,0,Normal
2024-01-13 18:30:00,USR-0333,3,30.7,26.49,12,7,0,Normal
2024-01-03 11:45:00,USR-0137,1,13.5,0.6,10,3,1,Normal
2024-01-10 14:50:00,USR-0425,1,12.3,10.55,11,4,0,Normal
2024-01-06 22:10:00,USR-0337,3,11.1,3.02,9,5,0,Normal
2024-01-23 08:20:00,USR-0241,4,32.0,4.75,15,7,0,Normal
2024-01-03 04:00:00,USR-0486,3,13.8,13.09,9,7,1,Normal
2024-01-07 12:30:00,USR-0143,2,46.2,1.55,10,3,0,Normal
2024-01-01 11:20:00,USR-0236,3,24.2,15.13,15,7,2,Normal
2024-01-02 11:05:00,USR-0351,0,27.6,64.81,18,3,2,Normal
2024-01-05 11:05:00,USR-0276,2,25.6,24.15,11,4,0,Normal
2024-01-05 03:05:00,USR-0194,2,23.4,10.17,10,2,0,Normal
2024-01-07 16:50:00,USR-0466,2,20.3,8.29,8,7,1,Normal
2024-01-04 08:50:00,USR-0438,7,18.3,5.62,12,7,0,Normal
2024-01-10 02:00:00,USR-0309,4,26.2,25.38,10,3,1,Normal
2024-01-12 19:35:00,USR-0217,2,10.7,4.51,14,2,1,Normal
2024-01-07 19:25:00,USR-0031,4,51.8,10.27,13,4,1,Normal
2024-01-04 09:00:00,USR-0435,4,41.4,3.9,13,6,0,Normal
2024-01-08 01:30:00,USR-0024,2,11.1,14.24,13,1,1,Normal
2024-01-31 17:40:00,USR-0430,8,25.9,16.02,9,1,0,Normal
2024-01-09 12:50:00,USR-0434,4,18.6,9.19,12,6,0,Normal
2024-02-01 03:40:00,USR-0131,3,32.9,8.99,17,4,0,Normal
2024-01-10 13:25:00,USR-0060,3,8.2,19.79,11,3,0,Normal
2024-01-04 23:30:00,USR-0423,1,8.5,9.87,15,3,1,Normal
2024-01-31 23:55:00,USR-0240,3,26.0,7.84,11,3,1,Normal
2024-01-09 17:00:00,USR-0434,2,5.9,12.47,12,6,0,Normal
2024-01-15 23:35:00,USR-0373,2,46.9,1.9,13,4,0,Normal
2024-01-04 01:30:00,USR-0371,7,50.5,2.82,16,6,2,Normal
2024-01-02 19:35:00,USR-0296,0,28.3,5.64,9,2,1,Normal
2024-01-14 19:40:00,USR-0264,3,23.1,88.68,13,7,1,Normal
2024-01-30 19:30:00,USR-0056,2,31.9,14.43,9,6,1,Normal
2024-01-28 07:10:00,USR-0330,2,30.8,15.96,12,7,0,Normal
2024-01-01 17:10:00,USR-0398,0,21.0,17.09,11,5,0,Normal
2024-02-01 17:10:00,USR-0009,3,10.9,18.06,14,2,0,Normal
2024-01-03 19:25:00,USR-0300,6,48.7,13.11,11,2,2,Normal
2024-01-20 08:35:00,USR-0293,4,34.7,11.56,10,1,1,Normal
2024-01-03 14:10:00,USR-0219,8,42.0,41.76,12,5,1,Normal
2024-01-29 11:30:00,USR-0342,3,49.2,51.11,10,5,0,Normal
2024-02-02 16:10:00,USR-0349,21,90.3,182.87,1,43,8,Suspicious
2024-01-25 21:40:00,USR-0004,4,26.3,7.5,16,4,2,Normal
2024-01-05 03:40:00,USR-0135,2,18.2,2.67,12,2,0,Normal
2024-01-06 06:30:00,USR-0439,4,18.1,25.51,11,3,3,Normal
2024-01-24 16:25:00,USR-0398,8,15.2,9.47,19,7,0,Normal
2024-01-21 08:50:00,USR-0155,4,29.6,8.58,14,6,0,Normal
2024-01-18 22:40:00,USR-0131,2,31.1,6.11,12,1,0,Normal
2024-01-09 11:50:00,USR-0217,4,15.3,11.35,16,1,1,Normal
2024-01-24 00:00:00,USR-0144,2,26.0,3.42,8,4,1,Normal
2024-01-02 06:05:00,USR-0236,1,52.5,26.11,13,1,0,Normal
2024-01-08 12:20:00,USR-0326,3,55.9,39.38,15,5,0,Normal
2024-01-13 17:20:00,USR-0106,4,21.5,4.0,12,5,0,Normal
2024-01-22 23:40:00,USR-0357,2,26.5,5.93,17,7,0,Normal
2024-01-24 15:45:00,USR-0407,2,17.7,54.62,19,4,0,Normal
2024-01-23 14:50:00,USR-0067,2,18.5,45.26,11,2,1,Normal
2024-02-01 23:20:00,USR-0067,17,88.6,710.16,5,48,10,Suspicious
2024-02-02 19:05:00,USR-0152,25,96.9,346.13,4,49,9,Suspicious
2024-01-07 13:50:00,USR-0167,6,32.9,12.15,11,3,0,Normal
2024-01-27 04:35:00,USR-0495,5,34.5,6.85,12,2,1,Normal
2024-01-05 02:00:00,USR-0483,2,36.9,9.08,10,7,1,Normal
2024-01-02 20:35:00,USR-0407,2,28.3,4.46,8,3,0,Normal
2024-02-01 10:50:00,USR-0209,3,38.5,1.86,11,5,0,Normal
2024-01-04 13:30:00,USR-0465,0,18.0,14.63,10,1,0,Normal
2024-01-25 16:10:00,USR-0491,1,20.8,33.8,16,7,0,Normal
2024-01-09 04:40:00,USR-0251,3,22.5,15.06,15,3,1,Normal
2024-01-22 09:55:00,USR-0156,2,35.9,20.1,12,5,1,Normal
2024-01-19 02:00:00,USR-0075,0,27.1,4.48,14,5,0,Normal
2024-01-30 03:10:00,USR-0142,1,48.5,5.6,12,1,1,Normal
2024-01-25 20:10:00,USR-0121,1,16.9,0.81,8,6,0,Normal
2024-01-28 02:10:00,USR-0132,2,12.0,7.36,14,7,0,Normal
2024-01-16 03:15:00,USR-0152,3,26.0,8.72,9,7,0,Normal
2024-01-06 19:40:00,USR-0472,6,16.1,6.74,11,4,0,Normal
2024-01-09 10:45:00,USR-0274,4,10.3,1.82,10,4,1,Normal
2024-02-02 11:40:00,USR-0500,16,95.3,1035.58,3,25,6,Suspicious
2024-02-02 23:25:00,USR-0344,24,91.9,711.65,0,22,3,Suspicious
2024-01-28 22:55:00,USR-0170,5,56.2,27.07,9,7,1,Normal
2024-01-03 05:50:00,USR-0033,2,37.2,58.87,15,3,0,Normal
2024-01-08 12:50:00,USR-0437,4,46.1,3.13,17,5,0,Normal
2024-01-08 21:25:00,USR-0175,3,31.0,51.86,13,6,1,Normal
2024-01-04 02:55:00,USR-0449,3,10.7,15.94,12,4,1,Normal
2024-01-02 15:35:00,USR-0126,4,23.3,2.55,9,6,1,Normal
2024-01-02 10:35:00,USR-0232,2,48.9,14.77,11,4,0,Normal
2024-01-27 01:10:00,USR-0399,0,27.2,10.5,14,1,0,Normal
2024-01-13 17:05:00,USR-0093,3,34.6,14.1,14,4,0,Normal
2024-02-03 20:40:00,USR-0485,21,85.1,444.04,3,27,11,Suspicious
2024-01-15 18:50:00,USR-0452,4,25.5,8.39,18,5,0,Normal
2024-02-01 04:05:00,USR-0246,1,22.4,16.37,9,1,1,Normal
2024-01-29 10:15:00,USR-0414,1,13.9,7.95,12,6,0,Normal
2024-01-06 06:20:00,USR-0281,3,37.7,21.84,13,3,2,Normal
2024-01-15 22:55:00,USR-0352,4,25.5,13.76,11,4,2,Normal
2024-01-26 16:35:00,USR-0218,0,35.6,9.83,11,2,0,Normal
2024-02-03 10:50:00,USR-0432,22,99.6,666.13,4,28,12,Suspicious
2024-01-28 07:20:00,USR-0498,2,21.2,0.83,13,3,0,Normal
2024-01-07 13:30:00,USR-0395,5,46.1,6.06,9,3,0,Normal
2024-01-16 23:10:00,USR-0051,4,36.1,25.78,11,3,0,Normal
2024-01-24 10:55:00,USR-0235,4,44.5,14.34,17,4,0,Normal
2024-02-03 09:20:00,USR-0087,23,95.1,245.48,3,24,10,Suspicious
2024-01-24 17:35:00,USR-0052,4,21.2,3.5,10,4,1,Normal
2024-01-09 20:35:00,USR-0469,2,14.6,4.6,14,4,0,Normal
2024-01-01 23:30:00,USR-0249,8,7.6,6.56,15,7,1,Normal
2024-01-21 14:55:00,USR-0414,2,51.2,24.34,11,6,1,Normal
2024-01-26 17:55:00,USR-0068,2,24.3,7.84,12,7,0,Normal
2024-01-25 16:35:00,USR-0065,3,42.6,24.21,10,2,0,Normal
2024-01-23 07:15:00,USR-0195,1,28.7,4.8,8,1,0,Normal
2024-01-08 08:25:00,USR-0339,1,17.8,10.19,9,3,0,Normal
2024-01-17 05:45:00,USR-0079,5,36.0,74.32,12,2,0,Normal
2024-01-20 03:30:00,USR-0116,2,50.1,11.86,12,6,0,Normal
2024-01-16 05:10:00,USR-0064,0,26.7,8.85,13,3,1,Normal
2024-01-13 14:00:00,USR-0116,4,9.3,49.53,11,5,0,Normal
2024-01-06 01:40:00,USR-0411,2,32.0,8.06,19,5,1,Normal
2024-01-12 12:20:00,USR-0369,1,17.2,1.58,12,3,0,Normal
2024-01-29 10:40:00,USR-0138,2,16.8,7.14,10,7,2,Normal
2024-02-03 03:10:00,USR-0192,18,86.2,100.8,0,36,5,Suspicious
2024-01-23 03:45:00,USR-0473,1,9.3,11.52,8,6,0,Normal
2024-01-19 20:40:00,USR-0048,2,42.9,13.49,10,2,0,Normal
2024-02-03 23:00:00,USR-0168,22,89.3,183.61,5,30,9,Suspicious
2024-01-31 02:20:00,USR-0119,1,38.8,16.49,12,6,0,Normal
2024-01-03 11:55:00,USR-0170,1,19.0,22.03,14,6,1,Normal
2024-01-13 13:35:00,USR-0156,2,20.7,32.53,17,4,0,Normal
2024-02-02 19:30:00,USR-0317,17,88.0,158.15,5,24,6,Suspicious
2024-02-04 15:50:00,USR-0311,27,92.2,725.61,2,22,11,Suspicious
2024-01-04 01:35:00,USR-0046,5,46.5,18.92,14,1,1,Normal
2024-01-01 13:20:00,USR-0341,3,29.3,13.42,13,3,0,Normal
2024-01-22 16:40:00,USR-0329,2,12.3,12.33,11,5,1,Normal
2024-01-19 06:25:00,USR-0281,2,45.8,30.14,10,2,1,Normal
2024-01-15 16:35:00,USR-0213,2,25.0,8.66,10,5,1,Normal
2024-01-26 13:40:00,USR-0175,1,23.6,4.29,10,6,0,Normal
2024-01-13 01:45:00,USR-0314,2,43.8,2.8,9,7,1,Normal
2024-01-28 03:55:00,USR-0104,4,10.7,7.77,10,5,1,Normal
2024-01-18 23:35:00,USR-0044,4,49.6,5.36,9,4,0,Normal
2024-01-12 14:20:00,USR-0200,0,19.1,10.18,13,6,0,Normal
2024-01-31 05:45:00,USR-0097,3,9.6,29.95,8,2,0,Normal
2024-01-30 10:55:00,USR-0228,2,14.6,7.29,10,7,1,Normal
2024-01-12 20:55:00,USR-0459,5,32.7,16.16,10,5,1,Normal
2024-01-12 10:10:00,USR-0305,3,18.7,0.64,8,7,1,Normal
2024-02-01 03:30:00,USR-0217,0,45.1,9.89,13,1,0,Normal
2024-01-24 17:45:00,USR-0310,2,42.2,53.13,13,3,0,Normal
2024-01-28 04:10:00,USR-0147,5,30.0,16.14,11,3,0,Normal
2024-02-01 05:30:00,USR-0255,2,24.1,45.18,10,3,0,Normal
2024-01-15 02:55:00,USR-0035,3,10.9,6.02,14,3,1,Normal
2024-01-04 02:05:00,USR-0284,2,30.7,8.4,13,1,0,Normal
2024-01-09 16:00:00,USR-0131,4,33.5,19.39,18,3,0,Normal
2024-01-05 17:15:00,USR-0497,5,6.8,21.63,12,7,1,Normal
2024-01-28 06:20:00,USR-0283,3,19.0,33.06,16,6,1,Normal
2024-01-05 09:25:00,USR-0444,1,17.1,7.81,11,3,2,Normal
2024-01-24 21:50:00,USR-0421,4,18.8,10.52,9,1,0,Normal
2024-01-03 08:45:00,USR-0220,5,37.4,7.61,14,1,1,Normal
2024-01-31 00:00:00,USR-0196,3,15.0,2.73,10,7,0,Normal
2024-01-13 15:55:00,USR-0355,8,9.9,10.63,15,2,0,Normal
2024-01-19 10:15:00,USR-0124,2,20.0,4.82,7,4,0,Normal
2024-01-21 10:40:00,USR-0389,1,15.5,16.36,13,6,0,Normal
2024-01-22 15:40:00,USR-0143,4,28.5,7.57,10,4,0,Normal
2024-01-30 04:50:00,USR-0265,2,12.4,31.26,12,1,1,Normal
2024-01-17 00:55:00,USR-0494,3,33.8,16.18,16,4,0,Normal
2024-01-23 06:05:00,USR-0082,1,20.7,1.5,9,6,0,Normal
2024-02-04 09:45:00,USR-0041,18,85.2,440.06,0,48,13,Suspicious
2024-02-01 08:35:00,USR-0416,2,48.1,37.99,10,2,0,Normal
2024-01-06 13:40:00,USR-0310,2,25.2,11.13,12,1,2,Normal
2024-02-01 10:55:00,USR-0022,2,16.2,23.54,13,2,0,Normal
2024-01-13 10:50:00,USR-0462,4,7.8,3.73,15,2,2,Normal
2024-02-03 22:25:00,USR-0341,19,94.7,100.38,2,41,8,Suspicious
2024-01-16 01:35:00,USR-0196,5,46.8,3.95,13,1,1,Normal
2024-02-01 17:30:00,USR-0461,3,26.9,0.87,17,3,0,Normal
2024-01-08 19:15:00,USR-0470,5,7.4,8.35,12,4,0,Normal
2024-01-09 06:55:00,USR-0083,6,44.5,6.89,10,4,1,Normal
2024-01-24 09:55:00,USR-0486,2,31.8,8.6,13,7,1,Normal
2024-01-31 05:00:00,USR-0312,0,22.6,48.88,16,1,0,Normal
2024-01-20 08:10:00,USR-0199,2,41.2,10.76,10,1,0,Normal
2024-01-15 23:10:00,USR-0323,4,15.2,14.8,7,2,0,Normal
2024-01-14 15:45:00,USR-0465,5,35.2,5.82,12,7,0,Normal
2024-01-01 06:35:00,USR-0236,1,12.3,4.52,11,6,0,Normal
2024-01-04 15:30:00,USR-0216,3,42.0,0.65,8,6,1,Normal
2024-01-14 09:35:00,USR-0157,3,17.1,6.61,10,1,1,Normal
2024-01-19 18:10:00,USR-0405,1,17.1,15.48,14,4,0,Normal
2024-01-16 16:15:00,USR-0090,5,23.3,32.28,12,2,0,Normal
2024-01-22 08:50:00,USR-0052,2,24.3,17.54,18,2,0,Normal
2024-01-02 19:55:00,USR-0313,4,37.1,1.3,11,2,1,Normal
2024-02-03 09:05:00,USR-0175,23,98.8,528.74,5,38,9,Suspicious
2024-01-12 05:30:00,USR-0341,1,37.9,25.04,10,1,1,Normal
2024-01-05 15:30:00,USR-0094,4,9.7,22.9,18,2,0,Normal
2024-01-29 09:10:00,USR-0397,4,41.2,39.07,15,6,0,Normal
2024-01-10 05:35:00,USR-0185,0,10.6,4.29,9,3,0,Normal
2024-01-06 09:30:00,USR-0482,7,18.2,7.03,9,5,0,Normal
2024-01-27 16:30:00,USR-0277,5,31.8,51.19,16,6,1,Normal
2024-01-26 05:10:00,USR-0347,4,44.2,20.22,16,3,0,Normal
2024-01-05 13:55:00,USR-0288,3,26.0,5.93,12,1,2,Normal
2024-01-12 17:35:00,USR-0385,1,32.4,2.31,11,5,0,Normal
2024-01-25 15:40:00,USR-0048,2,9.3,6.75,13,3,0,Normal
2024-01-04 21:00:00,USR-0423,9,29.7,27.67,13,1,1,Normal
2024-01-04 08:10:00,USR-0135,3,41.8,5.28,15,3,0,Normal
2024-01-22 21:10:00,USR-0490,1,14.1,2.75,11,2,0,Normal
2024-01-16 00:25:00,USR-0344,8,26.5,18.95,14,1,0,Normal
2024-01-13 22:55:00,USR-0317,1,19.3,29.64,15,5,0,Normal
2024-01-12 08:45:00,USR-0191,2,38.1,36.28,15,4,1,Normal
2024-01-05 12:50:00,USR-0234,3,22.0,13.53,12,1,0,Normal
2024-01-22 23:50:00,USR-0112,1,38.9,15.17,11,2,1,Normal
2024-01-10 01:50:00,USR-0252,2,38.8,2.81,13,6,0,Normal
2024-01-16 20:40:00,USR-0308,6,7.0,8.58,14,4,0,Normal
2024-01-09 20:50:00,USR-0107,2,15.2,5.0,15,6,0,Normal
2024-01-21 05:35:00,USR-0430,4,23.2,14.7,10,3,1,Normal
2024-01-02 08:55:00,USR-0460,2,23.9,5.22,7,7,0,Normal
2024-02-02 21:20:00,USR-0215,22,89.1,488.94,0,37,10,Suspicious
2024-01-03 17:30:00,USR-0117,3,33.4,18.59,10,2,1,Normal
2024-02-02 20:15:00,USR-0070,28,93.5,162.29,1,20,12,Suspicious
2024-01-28 05:30:00,USR-0474,5,29.6,13.82,8,1,0,Normal
2024-01-14 04:20:00,USR-0354,4,48.6,5.2,12,5,0,Normal
2024-01-12 10:15:00,USR-0449,2,20.3,2.56,10,7,1,Normal
2024-02-03 12:55:00,USR-0039,24,87.3,119.56,4,25,5,Suspicious
2024-01-05 10:45:00,USR-0083,5,47.3,28.21,13,1,3,Normal
2024-01-18 15:40:00,USR-0393,1,48.5,26.42,10,5,1,Normal
2024-01-11 15:45:00,USR-0092,4,15.1,23.93,17,6,0,Normal
2024-01-04 19:15:00,USR-0430,6,15.6,21.51,17,5,0,Normal
2024-01-15 23:20:00,USR-0104,4,48.1,2.78,10,7,1,Normal
2024-02-02 07:55:00,USR-0322,25,87.6,277.62,4,15,12,Suspicious
2024-01-19 05:30:00,USR-0199,2,39.8,34.12,7,2,0,Normal
2024-01-14 00:50:00,USR-0032,5,34.7,26.32,17,3,0,Normal
2024-01-25 12:35:00,USR-0443,2,27.6,36.06,10,2,0,Normal
2024-01-30 06:55:00,USR-0299,3,32.9,0.83,13,5,0,Normal
2024-01-30 13:05:00,USR-0487,2,41.4,1.59,11,5,1,Normal
2024-01-11 20:45:00,USR-0218,4,34.2,1.98,9,5,2,Normal
2024-01-21 07:20:00,USR-0286,4,33.7,14.5,9,5,0,Normal
2024-02-01 19:10:00,USR-0258,1,5.6,6.39,10,3,0,Normal
2024-01-24 05:55:00,USR-0438,1,14.8,30.51,10,2,0,Normal
2024-01-12 16:40:00,USR-0057,4,31.1,3.61,11,5,0,Normal
2024-01-12 23:10:00,USR-0334,1,35.0,14.28,9,1,0,Normal
2024-01-10 21:45:00,USR-0367,3,27.9,7.84,16,2,1,Normal
2024-02-01 22:20:00,USR-0336,2,17.5,7.74,15,7,0,Normal
2024-01-18 00:25:00,USR-0085,2,25.3,3.7,11,1,0,Normal
2024-01-17 14:15:00,USR-0377,2,17.9,15.35,8,5,0,Normal
2024-01-26 03:00:00,USR-0386,2,41.1,3.46,8,4,0,Normal
2024-01-28 21:15:00,USR-0347,3,43.7,5.63,11,2,1,Normal
2024-01-11 02:55:00,USR-0338,2,58.0,18.26,11,1,1,Normal
2024-02-04 07:10:00,USR-0072,24,96.4,254.28,5,15,7,Suspicious
2024-01-01 18:30:00,USR-0245,2,14.8,6.58,9,2,0,Normal
2024-01-14 14:25:00,USR-0453,1,33.9,0.72,15,2,0,Normal
2024-01-14 07:20:00,USR-0191,3,36.7,4.73,10,2,0,Normal
2024-01-01 15:35:00,USR-0344,4,28.7,9.91,16,6,0,Normal
2024-02-02 11:55:00,USR-0180,30,85.0,173.74,4,18,10,Suspicious
2024-01-23 23:30:00,USR-0339,3,34.2,2.93,11,4,0,Normal
2024-01-05 03:25:00,USR-0383,6,35.4,22.38,12,7,0,Normal
2024-02-01 01:20:00,USR-0493,6,15.0,27.92,10,3,1,Normal
2024-01-11 05:40:00,USR-0358,2,20.1,28.9,16,2,2,Normal
2024-01-13 06:30:00,USR-0068,3,30.8,8.9,9,4,0,Normal
2024-02-03 17:40:00,USR-0434,23,96.9,104.83,4,35,8,Suspicious
2024-01-18 17:40:00,USR-0175,2,18.6,3.33,15,4,1,Normal
2024-01-14 21:00:00,USR-0423,2,26.9,8.74,13,1,0,Normal
2024-01-08 02:35:00,USR-0074,3,44.7,2.01,15,3,1,Normal
2024-01-02 21:50:00,USR-0487,3,26.5,4.23,7,2,3,Normal
2024-01-07 02:30:00,USR-0380,3,34.9,6.96,18,1,0,Normal
2024-01-09 10:15:00,USR-0290,2,50.8,4.35,13,2,1,Normal
2024-01-23 05:15:00,USR-0072,5,34.5,14.64,17,2,0,Normal
2024-01-02 16:35:00,USR-0052,6,47.9,8.2,14,1,1,Normal
2024-01-19 00:25:00,USR-0094,4,19.0,40.1,13,4,0,Normal
2024-01-26 17:35:00,USR-0324,4,17.9,1.08,8,6,0,Normal
2024-01-06 10:05:00,USR-0118,1,20.0,8.18,14,4,1,Normal
2024-01-31 15:00:00,USR-0200,5,18.2,62.65,10,5,1,Normal
2024-01-22 07:15:00,USR-0352,7,30.7,16.63,12,3,2,Normal
2024-01-09 21:15:00,USR-0456,2,28.1,25.36,10,2,0,Normal
2024-01-23 08:35:00,USR-0485,3,39.0,17.16,12,1,1,Normal
2024-01-19 03:40:00,USR-0155,6,10.9,12.72,10,2,0,Normal
2024-01-08 13:45:00,USR-0362,1,46.1,24.46,11,7,1,Normal
2024-01-26 04:40:00,USR-0273,6,35.6,1.62,14,6,0,Normal
2024-01-10 06:25:00,USR-0090,1,26.8,8.88,12,3,1,Normal
2024-01-24 15:35:00,USR-0473,2,12.3,1.41,11,2,1,Normal
2024-01-29 18:20:00,USR-0191,3,51.9,19.39,8,1,1,Normal
2024-01-13 04:10:00,USR-0109,4,27.5,1.25,9,1,0,Normal
2024-02-01 12:15:00,USR-0365,4,28.5,16.35,9,1,1,Normal
2024-01-14 00:20:00,USR-0227,2,11.3,6.06,15,4,0,Normal
2024-01-17 07:50:00,USR-0494,3,18.4,2.93,12,1,0,Normal
2024-01-27 18:25:00,USR-0343,3,40.8,4.09,14,5,0,Normal
2024-01-10 20:45:00,USR-0019,2,28.2,8.51,17,7,0,Normal
2024-01-13 16:50:00,USR-0397,5,11.2,19.67,10,5,2,Normal
2024-01-28 02:35:00,USR-0175,4,39.4,3.19,10,7,0,Normal
2024-01-15 02:40:00,USR-0388,2,30.8,35.36,17,2,0,Normal
2024-01-29 21:10:00,USR-0120,1,16.2,2.34,15,2,0,Normal
2024-01-16 13:25:00,USR-0149,2,44.0,6.95,9,3,0,Normal
2024-02-04 14:55:00,USR-0442,28,91.5,275.79,3,15,8,Suspicious
2024-02-03 12:20:00,USR-0444,24,91.5,161.5,5,33,5,Suspicious
2024-01-08 11:20:00,USR-0243,1,56.9,15.04,10,2,0,Normal
2024-01-16 19:40:00,USR-0100,3,21.8,19.14,11,2,0,Normal
2024-01-28 14:25:00,USR-0055,5,23.5,7.19,14,7,1,Normal
2024-01-30 04:15:00,USR-0341,3,22.9,12.33,9,2,2,Normal
2024-01-07 07:35:00,USR-0232,3,30.4,3.56,7,2,1,Normal
2024-01-30 07:55:00,USR-0187,4,41.9,23.01,10,7,0,Normal
2024-01-25 02:45:00,USR-0392,4,19.3,5.77,10,1,0,Normal
2024-01-21 19:25:00,USR-0478,1,29.0,10.39,10,2,2,Normal
2024-01-19 08:40:00,USR-0224,1,38.0,1.29,12,6,0,Normal
2024-01-20 06:30:00,USR-0023,1,28.3,16.86,8,3,0,Normal
2024-01-30 04:00:00,USR-0224,3,17.5,28.85,9,3,0,Normal
2024-01-10 12:45:00,USR-0468,3,41.8,5.22,13,2,0,Normal
2024-02-02 20:35:00,USR-0170,19,93.9,583.91,4,47,8,Suspicious
2024-01-18 18:45:00,USR-0423,1,31.3,53.31,13,7,0,Normal
2024-01-05 16:45:00,USR-0220,3,9.4,7.46,9,7,1,Normal
2024-01-09 02:05:00,USR-0230,7,39.3,3.15,12,6,2,Normal
2024-01-23 06:45:00,USR-0092,3,19.1,14.42,10,7,0,Normal
2024-01-28 10:55:00,USR-0037,1,13.4,2.56,10,7,0,Normal
2024-01-16 06:55:00,USR-0490,0,28.3,20.12,10,4,0,Normal
2024-01-02 09:50:00,USR-0409,4,31.5,11.41,11,5,0,Normal
2024-01-04 03:15:00,USR-0477,4,27.8,13.45,8,5,1,Normal
2024-01-12 11:35:00,USR-0064,2,23.0,23.74,15,7,0,Normal
2024-01-26 06:25:00,USR-0429,5,27.9,5.38,14,1,0,Normal
2024-01-26 05:50:00,USR-0495,4,27.1,0.7,9,1,0,Normal
2024-01-09 18:00:00,USR-0001,1,55.2,35.68,19,1,0,Normal
2024-02-02 12:25:00,USR-0295,18,95.3,645.04,1,23,5,Suspicious
2024-01-19 15:35:00,USR-0348,2,28.1,1.71,18,1,0,Normal
2024-01-04 10:35:00,USR-0215,2,11.5,10.44,15,6,0,Normal
2024-01-08 13:05:00,USR-0015,2,41.2,27.54,17,7,0,Normal
2024-01-01 01:30:00,USR-0488,8,40.1,10.26,15,7,2,Normal
2024-01-10 10:30:00,USR-0101,1,39.5,0.81,9,2,0,Normal
2024-01-23 10:25:00,USR-0017,3,15.8,4.88,11,3,0,Normal
2024-01-12 23:50:00,USR-0440,2,10.7,7.27,19,7,0,Normal
2024-01-23 16:45:00,USR-0464,2,43.0,5.33,12,4,1,Normal
2024-01-01 18:25:00,USR-0065,0,13.4,9.59,13,3,0,Normal
2024-01-14 10:45:00,USR-0250,2,58.3,1.6,14,1,1,Normal
2024-01-21 22:30:00,USR-0274,2,8.5,8.54,9,6,3,Normal
2024-01-14 13:55:00,USR-0444,3,36.6,7.93,16,1,0,Normal
2024-01-12 12:15:00,USR-0137,5,19.7,38.27,13,4,0,Normal
2024-01-19 20:55:00,USR-0473,2,34.1,13.61,11,3,0,Normal
2024-01-28 05:50:00,USR-0218,1,43.3,9.03,10,6,0,Normal
2024-02-04 05:10:00,USR-0379,30,98.9,172.99,2,15,2,Suspicious
2024-01-09 01:25:00,USR-0023,2,37.3,8.01,17,7,0,Normal
2024-01-20 00:10:00,USR-0233,4,25.3,7.84,13,6,1,Normal
2024-01-13 11:30:00,USR-0429,7,38.3,11.63,9,4,0,Normal
2024-01-14 12:20:00,USR-0215,2,6.9,9.23,11,7,0,Normal
2024-02-02 19:20:00,USR-0183,16,98.7,419.47,0,23,9,Suspicious
2024-01-25 18:10:00,USR-0308,1,18.5,15.77,12,3,1,Normal
2024-01-30 03:30:00,USR-0476,4,29.7,59.12,10,2,0,Normal
2024-01-16 06:00:00,USR-0007,6,18.2,4.44,13,2,0,Normal
2024-01-07 18:35:00,USR-0233,1,8.7,33.5,19,3,1,Normal
2024-01-17 19:05:00,USR-0078,3,42.9,4.0,15,5,1,Normal
2024-01-01 03:40:00,USR-0189,2,38.2,58.57,17,2,0,Normal
2024-01-21 20:25:00,USR-0062,2,36.3,50.01,13,7,0,Normal
2024-01-08 20:10:00,USR-0474,1,23.8,11.21,17,2,0,Normal
2024-01-29 00:20:00,USR-0411,3,42.1,27.46,15,2,0,Normal
2024-01-28 06:55:00,USR-0440,2,10.2,12.01,14,3,1,Normal
2024-01-13 21:50:00,USR-0446,3,39.7,112.74,11,6,0,Normal
2024-01-19 14:30:00,USR-0123,2,13.8,33.12,12,3,1,Normal
2024-01-04 10:00:00,USR-0019,3,16.3,7.88,13,2,0,Normal
2024-01-26 23:45:00,USR-0409,3,34.1,16.87,16,4,2,Normal
2024-01-28 23:30:00,USR-0185,3,12.0,8.71,10,6,0,Normal
2024-01-23 22:15:00,USR-0351,3,15.0,15.26,10,6,0,Normal
2024-02-03 15:15:00,USR-0143,20,89.9,876.66,2,23,8,Suspicious
2024-01-18 13:45:00,USR-0461,5,37.4,5.37,19,6,1,Normal
2024-01-01 22:25:00,USR-0454,3,21.5,39.0,14,4,0,Normal
2024-01-16 16:20:00,USR-0315,1,10.4,2.4,10,6,2,Normal
2024-01-19 22:35:00,USR-0334,5,26.2,3.07,12,7,0,Normal
2024-01-23 04:10:00,USR-0389,1,33.7,2.32,10,3,0,Normal
2024-01-18 05:35:00,USR-0167,4,37.5,2.22,12,4,1,Normal
2024-01-30 19:55:00,USR-0009,3,24.9,17.48,17,4,0,Normal
2024-01-18 19:40:00,USR-0439,4,32.3,9.95,12,5,0,Normal
2024-01-29 06:40:00,USR-0040,5,30.6,34.03,7,4,1,Normal
2024-01-01 03:00:00,USR-0012,2,33.9,2.87,13,1,0,Normal
2024-01-29 22:50:00,USR-0288,3,29.3,15.01,14,7,3,Normal
2024-01-08 01:25:00,USR-0258,2,17.8,1.64,11,7,0,Normal
2024-01-13 05:05:00,USR-0480,2,30.4,28.56,15,1,0,Normal
2024-01-11 23:25:00,USR-0179,3,33.7,2.4,13,1,1,Normal
2024-01-15 07:50:00,USR-0029,2,16.9,44.05,19,5,0,Normal
2024-01-27 04:30:00,USR-0348,3,54.3,3.01,13,4,1,Normal
2024-01-12 19:00:00,USR-0323,4,36.3,7.27,15,4,1,Normal
2024-01-07 00:10:00,USR-0415,2,8.2,14.82,9,4,1,Normal
2024-01-10 09:45:00,USR-0384,2,6.5,1.66,10,3,0,Normal
2024-02-03 14:25:00,USR-0165,13,96.0,996.14,2,46,10,Suspicious
2024-01-09 15:20:00,USR-0100,4,5.4,2.42,9,7,1,Normal
2024-01-25 05:15:00,USR-0151,2,54.0,32.05,14,3,1,Normal
2024-01-11 00:50:00,USR-0223,4,33.6,16.63,14,4,0,Normal
2024-01-28 04:45:00,USR-0298,3,11.8,29.84,17,7,0,Normal
2024-01-31 23:15:00,USR-0072,3,33.0,46.31,13,7,0,Normal
2024-01-14 15:15:00,USR-0317,4,12.1,8.51,19,6,0,Normal
2024-01-06 10:00:00,USR-0260,4,10.0,60.11,9,7,0,Normal
2024-02-02 13:35:00,USR-0132,20,98.8,133.18,5,46,11,Suspicious
2024-01-28 19:10:00,USR-0228,2,24.9,20.92,13,6,1,Normal
2024-02-02 18:50:00,USR-0220,20,97.2,108.18,4,28,6,Suspicious
2024-02-01 03:35:00,USR-0455,3,35.0,1.45,13,5,0,Normal
2024-01-01 16:40:00,USR-0014,3,37.7,13.8,13,2,0,Normal
2024-01-05 12:55:00,USR-0422,4,14.9,4.95,10,5,2,Normal
2024-01-28 01:05:00,USR-0465,1,45.1,4.58,10,5,0,Normal
2024-02-03 00:40:00,USR-0436,20,96.4,150.57,3,35,9,Suspicious
2024-01-22 04:05:00,USR-0042,2,38.1,18.62,11,6,3,Normal
2024-01-28 23:15:00,USR-0319,7,29.5,48.75,13,1,1,Normal
2024-01-11 21:00:00,USR-0289,4,23.9,2.52,11,1,0,Normal
2024-01-01 11:05:00,USR-0483,2,18.8,1.02,13,1,0,Normal
2024-01-19 23:45:00,USR-0414,1,31.2,12.47,19,2,1,Normal
2024-01-04 18:55:00,USR-0274,2,40.3,0.73,14,7,1,Normal
2024-01-28 21:45:00,USR-0017,3,42.4,2.4,7,2,0,Normal
2024-01-26 12:10:00,USR-0243,1,12.9,18.79,12,5,1,Normal
2024-01-09 23:40:00,USR-0103,2,8.6,8.23,16,7,0,Normal
2024-01-07 08:10:00,USR-0264,4,7.9,3.46,15,3,1,Normal
2024-01-19 19:05:00,USR-0113,2,32.4,14.15,7,3,0,Normal
2024-01-05 04:50:00,USR-0234,4,12.9,27.4,9,2,1,Normal
2024-01-13 04:05:00,USR-0453,5,28.3,34.28,12,1,1,Normal
2024-01-15 08:35:00,USR-0097,2,50.1,2.78,8,7,1,Normal
2024-02-03 08:55:00,USR-0077,26,91.4,720.05,0,24,3,Suspicious
2024-01-05 06:40:00,USR-0203,5,21.8,11.43,13,7,0,Normal
2024-01-15 19:55:00,USR-0415,6,32.7,24.21,8,5,0,Normal
2024-01-19 23:15:00,USR-0098,2,52.2,1.12,7,5,1,Normal
2024-02-04 02:10:00,USR-0287,15,95.2,205.99,4,20,6,Suspicious
2024-02-04 08:40:00,USR-0114,24,87.5,301.08,5,17,7,Suspicious
2024-01-06 04:30:00,USR-0069,0,29.8,8.51,18,3,1,Normal
2024-01-27 11:15:00,USR-0023,5,21.7,37.86,9,2,3,Normal
2024-01-10 00:55:00,USR-0190,1,29.5,20.69,16,6,0,Normal
2024-01-20 17:15:00,USR-0213,3,16.0,0.79,11,3,3,Normal
2024-01-14 17:10:00,USR-0315,3,27.0,20.56,14,7,0,Normal
2024-01-02 17:10:00,USR-0156,4,34.0,5.44,18,1,0,Normal
2024-02-02 22:15:00,USR-0127,14,92.1,323.6,1,28,9,Suspicious
2024-01-22 22:20:00,USR-0254,2,20.0,6.24,13,7,0,Normal
2024-01-08 04:20:00,USR-0343,2,65.5,35.14,9,6,0,Normal
2024-01-27 16:35:00,USR-0365,0,41.2,45.86,13,4,0,Normal
2024-01-01 01:20:00,USR-0446,1,23.8,11.06,15,6,0,Normal
2024-02-03 14:15:00,USR-0342,31,93.7,200.7,5,30,6,Suspicious
2024-01-15 05:05:00,USR-0249,1,24.8,23.51,11,5,0,Normal
2024-01-27 09:05:00,USR-0247,3,24.1,3.62,16,4,0,Normal
2024-01-31 03:00:00,USR-0045,3,28.5,3.18,9,4,1,Normal
2024-01-18 16:15:00,USR-0366,4,14.8,5.85,12,1,0,Normal
2024-01-31 03:55:00,USR-0158,3,7.1,5.02,13,5,0,Normal
2024-01-31 07:55:00,USR-0495,2,13.3,5.74,12,5,1,Normal
2024-01-16 03:30:00,USR-0130,4,36.2,15.53,10,1,1,Normal
2024-02-02 23:00:00,USR-0481,22,99.0,261.64,0,28,9,Suspicious
2024-01-04 19:05:00,USR-0492,4,14.5,43.05,16,1,1,Normal
2024-01-02 21:10:00,USR-0079,2,49.4,63.8,17,7,0,Normal
2024-01-19 22:00:00,USR-0186,3,28.5,9.41,11,3,0,Normal
2024-01-05 13:45:00,USR-0331,4,35.2,65.21,8,7,0,Normal
2024-01-30 14:45:00,USR-0032,5,43.9,65.26,14,7,0,Normal
2024-01-09 07:35:00,USR-0040,2,16.6,21.7,9,5,0,Normal
2024-01-26 06:20:00,USR-0461,2,34.8,1.7,11,4,0,Normal
2024-01-22 12:45:00,USR-0470,5,42.8,57.07,10,3,0,Normal
2024-01-16 07:10:00,USR-0108,2,23.0,11.38,14,4,0,Normal
2024-01-11 18:55:00,USR-0495,4,40.6,19.12,19,5,0,Normal
2024-01-20 18:10:00,USR-0409,7,15.0,4.87,9,5,0,Normal
2024-01-13 10:05:00,USR-0416,5,21.9,1.85,11,7,1,Normal
2024-01-13 16:10:00,USR-0448,2,28.8,3.32,13,5,1,Normal
2024-01-04 14:40:00,USR-0001,2,23.6,10.52,13,7,1,Normal
2024-01-10 04:50:00,USR-0091,4,15.8,22.11,12,5,0,Normal
2024-01-07 17:40:00,USR-0303,0,15.2,1.73,11,1,0,Normal
2024-01-18 07:15:00,USR-0219,4,44.3,2.34,13,5,1,Normal
2024-01-09 03:40:00,USR-0008,0,23.1,4.1,17,5,0,Normal
2024-01-05 17:55:00,USR-0033,0,34.3,3.39,11,3,0,Normal
2024-01-03 13:40:00,USR-0497,3,14.7,10.25,17,7,1,Normal
2024-01-08 20:45:00,USR-0477,6,11.2,18.28,12,3,1,Normal
2024-01-25 08:50:00,USR-0251,2,12.7,7.55,17,5,0,Normal
2024-01-22 16:10:00,USR-0192,1,31.0,2.13,11,7,1,Normal
2024-01-17 22:35:00,USR-0476,4,15.8,4.76,9,6,0,Normal
2024-01-08 18:50:00,USR-0247,6,20.2,19.9,10,7,0,Normal
2024-01-31 11:00:00,USR-0402,5,35.7,6.55,8,1,1,Normal
2024-01-27 16:10:00,USR-0141,0,48.5,25.3,13,4,1,Normal
2024-01-07 08:40:00,USR-0381,3,38.5,2.77,9,5,1,Normal
2024-02-03 05:25:00,USR-0080,27,89.9,519.81,0,18,10,Suspicious
2024-02-03 08:25:00,USR-0062,27,99.8,713.32,4,15,13,Suspicious
2024-01-19 22:55:00,USR-0078,1,45.9,16.4,9,7,0,Normal
2024-01-26 16:45:00,USR-0060,2,23.9,4.48,10,3,2,Normal
2024-01-11 18:10:00,USR-0149,4,58.6,2.1,17,5,0,Normal
2024-01-13 04:25:00,USR-0387,1,44.5,1.39,10,1,0,Normal
2024-01-23 18:00:00,USR-0397,3,14.4,5.06,8,3,0,Normal
2024-01-23 05:35:00,USR-0420,3,17.1,2.38,13,3,1,Normal
2024-01-25 09:10:00,USR-0126,9,19.8,2.45,14,2,0,Normal
2024-01-06 03:40:00,USR-0480,2,46.4,3.47,10,4,1,Normal
2024-01-24 02:45:00,USR-0283,3,56.8,15.58,10,7,2,Normal
2024-01-13 17:00:00,USR-0240,4,35.7,40.1,11,5,0,Normal
2024-01-28 06:40:00,USR-0111,2,21.2,15.0,17,5,0,Normal
2024-01-14 06:45:00,USR-0172,4,10.8,13.76,10,2,0,Normal
2024-01-19 07:10:00,USR-0368,2,37.3,4.48,11,2,0,Normal
2024-01-17 00:50:00,USR-0085,7,17.2,20.03,12,4,0,Normal
2024-01-01 23:35:00,USR-0055,4,60.5,35.47,14,5,0,Normal
2024-01-29 22:45:00,USR-0226,3,28.9,10.32,9,6,0,Normal
2024-01-15 02:25:00,USR-0059,3,24.7,2.76,14,4,0,Normal
2024-01-02 16:00:00,USR-0124,4,18.4,39.14,12,2,0,Normal
2024-01-18 07:25:00,USR-0210,6,38.3,10.72,10,6,1,Normal
2024-01-15 06:35:00,USR-0216,2,23.1,7.05,18,2,0,Normal
2024-01-16 15:35:00,USR-0086,2,21.9,16.11,10,7,1,Normal
2024-01-18 05:10:00,USR-0488,2,21.5,5.79,18,5,0,Normal
2024-01-07 23:45:00,USR-0223,3,45.0,31.35,14,1,0,Normal
2024-01-15 17:30:00,USR-0249,5,56.6,6.32,13,6,0,Normal
2024-01-15 10:50:00,USR-0482,4,37.5,37.72,13,2,0,Normal
2024-01-08 08:20:00,USR-0117,3,14.2,0.73,9,1,0,Normal
2024-01-25 04:25:00,USR-0125,1,32.7,11.79,11,3,1,Normal
2024-01-13 16:55:00,USR-0466,1,41.6,14.05,15,6,2,Normal
2024-01-31 03:05:00,USR-0279,5,55.4,4.61,13,6,0,Normal
2024-01-30 11:20:00,USR-0279,5,36.8,9.81,15,7,0,Normal
2024-02-01 15:55:00,USR-0151,6,21.5,52.78,13,1,1,Normal
2024-01-23 21:25:00,USR-0089,5,14.5,6.26,8,6,1,Normal
2024-01-17 04:15:00,USR-0129,9,12.1,1.47,12,6,1,Normal
2024-01-20 10:20:00,USR-0173,2,8.2,14.32,9,1,0,Normal
2024-01-31 06:50:00,USR-0189,2,20.1,24.74,10,7,0,Normal
2024-01-18 12:35:00,USR-0294,2,29.7,9.23,10,5,0,Normal
2024-01-07 12:00:00,USR-0274,2,49.6,35.15,17,1,0,Normal
2024-01-08 08:05:00,USR-0185,4,19.7,4.69,8,7,1,Normal
2024-01-11 08:40:00,USR-0182,4,31.1,77.57,10,3,1,Normal
2024-01-18 19:00:00,USR-0485,3,23.3,25.96,13,6,1,Normal
2024-01-24 06:30:00,USR-0058,5,41.3,20.48,11,2,0,Normal
2024-01-13 04:50:00,USR-0464,1,31.7,10.69,11,1,0,Normal
2024-02-01 14:15:00,USR-0308,2,46.7,40.78,14,2,1,Normal
2024-01-23 16:05:00,USR-0035,3,23.4,5.62,19,3,0,Normal
2024-01-14 11:55:00,USR-0024,3,43.9,19.06,11,7,0,Normal
2024-01-27 23:15:00,USR-0400,1,23.3,29.29,10,6,0,Normal
2024-02-04 15:30:00,USR-0176,28,94.5,384.64,3,32,3,Suspicious
2024-01-02 14:20:00,USR-0077,2,24.2,3.69,11,4,0,Normal
2024-01-04 00:50:00,USR-0282,5,54.7,0.65,19,6,1,Normal
2024-01-21 03:55:00,USR-0471,4,23.5,20.74,12,6,1,Normal
2024-01-21 15:30:00,USR-0412,3,18.1,37.87,9,1,1,Normal
2024-01-02 01:55:00,USR-0371,4,26.9,8.79,16,4,1,Normal
2024-01-14 00:35:00,USR-0016,0,40.6,41.42,11,4,0,Normal
2024-01-01 14:15:00,USR-0191,2,37.4,15.14,10,3,0,Normal
2024-01-14 00:30:00,USR-0354,2,15.0,4.56,18,2,0,Normal
2024-01-09 23:45:00,USR-0083,2,24.8,38.85,10,6,0,Normal
2024-01-05 19:25:00,USR-0127,0,62.0,30.1,17,1,3,Normal
2024-01-04 06:50:00,USR-0213,5,38.1,1.89,12,5,0,Normal
2024-01-31 14:30:00,USR-0198,1,14.2,9.82,11,5,0,Normal
2024-01-15 15:40:00,USR-0078,2,30.7,8.74,10,1,1,Normal
2024-02-04 00:40:00,USR-0123,20,89.9,347.33,0,15,8,Suspicious
2024-01-04 21:05:00,USR-0089,3,45.1,12.53,13,3,1,Normal
2024-01-07 12:25:00,USR-0060,1,24.2,36.65,9,7,0,Normal
2024-01-27 18:10:00,USR-0226,4,19.1,9.21,10,3,0,Normal
2024-01-01 19:20:00,USR-0098,1,46.0,17.92,11,7,1,Normal
2024-02-03 22:05:00,USR-0441,22,89.6,251.83,1,21,12,Suspicious
2024-02-02 13:15:00,USR-0308,16,99.5,153.8,5,37,13,Suspicious
2024-01-23 13:20:00,USR-0254,5,62.5,5.15,11,1,0,Normal
2024-01-09 15:50:00,USR-0339,3,21.4,0.65,13,4,1,Normal
2024-01-11 13:00:00,USR-0153,6,34.7,4.39,14,1,1,Normal
2024-01-08 04:00:00,USR-0394,3,27.6,8.51,10,1,1,Normal
2024-01-17 12:05:00,USR-0046,7,50.6,12.88,15,1,1,Normal
2024-01-14 20:00:00,USR-0016,4,25.4,8.14,17,5,0,Normal
2024-01-16 05:35:00,USR-0036,1,28.0,28.7,13,5,0,Normal
2024-01-17 06:50:00,USR-0203,2,32.8,10.15,13,6,0,Normal
2024-01-08 19:25:00,USR-0237,4,22.8,31.53,13,6,2,Normal
2024-01-10 19:20:00,USR-0298,4,40.7,21.94,11,7,0,Normal
2024-01-04 13:25:00,USR-0058,2,39.6,27.59,8,3,0,Normal
2024-01-12 09:25:00,USR-0342,1,32.5,60.27,11,6,0,Normal
2024-01-29 17:10:00,USR-0088,4,43.6,6.15,10,5,0,Normal
2024-01-29 21:40:00,USR-0387,4,51.6,25.07,15,2,0,Normal
2024-01-21 13:10:00,USR-0301,3,21.0,0.87,9,2,1,Normal
2024-01-26 21:35:00,USR-0068,5,53.1,10.15,12,1,1,Normal
2024-01-07 10:55:00,USR-0057,2,9.5,24.11,12,7,1,Normal
2024-01-24 10:45:00,USR-0209,0,63.3,7.82,11,2,0,Normal
2024-02-02 20:00:00,USR-0019,23,88.6,100.7,5,29,7,Suspicious
2024-02-03 16:15:00,USR-0396,27,90.8,545.69,4,18,8,Suspicious
2024-01-22 08:35:00,USR-0328,4,46.8,0.99,10,1,1,Normal
2024-02-01 06:00:00,USR-0288,1,11.3,9.39,8,7,0,Normal
2024-01-14 06:10:00,USR-0181,4,20.2,9.43,13,7,0,Normal
2024-01-07 18:15:00,USR-0099,1,15.7,20.61,16,2,0,Normal
2024-01-22 06:15:00,USR-0015,2,18.6,20.76,15,4,0,Normal
2024-01-09 16:50:00,USR-0203,3,32.5,40.97,13,4,0,Normal
2024-01-28 14:10:00,USR-0082,3,37.5,11.62,14,4,0,Normal
2024-01-07 15:50:00,USR-0180,3,44.0,8.32,9,5,2,Normal
2024-02-03 20:35:00,USR-0138,22,99.7,335.66,4,21,12,Suspicious
2024-01-28 01:50:00,USR-0450,3,25.2,12.96,11,4,1,Normal
2024-01-01 09:40:00,USR-0135,2,47.1,6.36,11,5,1,Normal
2024-01-19 20:00:00,USR-0012,1,16.1,4.63,9,7,1,Normal
2024-01-07 06:50:00,USR-0459,3,22.2,5.46,14,5,0,Normal
2024-01-07 17:45:00,USR-0036,5,24.6,13.17,17,2,1,Normal
2024-01-27 17:45:00,USR-0005,3,22.1,31.5,7,4,0,Normal
2024-01-21 20:55:00,USR-0484,4,38.1,9.4,11,4,0,Normal
2024-01-25 18:40:00,USR-0458,4,15.1,10.82,11,6,0,Normal
2024-01-27 22:10:00,USR-0198,0,25.6,1.73,10,2,1,Normal
2024-01-09 07:10:00,USR-0238,0,34.1,29.54,10,3,0,Normal
2024-01-23 00:55:00,USR-0489,3,32.9,14.77,11,5,0,Normal
2024-01-28 08:20:00,USR-0132,5,27.9,1.15,13,7,0,Normal
2024-01-27 12:00:00,USR-0092,1,8.5,5.32,12,5,0,Normal
2024-01-15 19:15:00,USR-0007,2,22.3,23.51,10,3,0,Normal
2024-01-14 04:15:00,USR-0017,1,34.4,19.91,13,1,2,Normal
2024-01-09 09:30:00,USR-0363,2,21.5,24.89,9,1,0,Normal
2024-01-15 13:55:00,USR-0288,5,14.9,24.35,15,5,0,Normal
2024-01-25 00:15:00,USR-0464,1,20.6,8.72,11,5,0,Normal
2024-01-21 19:40:00,USR-0322,4,18.0,19.12,11,2,0,Normal
2024-01-29 00:05:00,USR-0471,4,24.9,4.58,10,5,0,Normal
2024-01-01 20:30:00,USR-0224,2,28.6,8.33,10,6,0,Normal
2024-01-25 20:00:00,USR-0148,2,30.9,1.28,13,7,1,Normal
2024-01-22 20:15:00,USR-0084,1,23.2,12.37,12,2,0,Normal
2024-01-03 00:00:00,USR-0446,8,30.3,4.49,12,2,0,Normal
2024-01-16 18:50:00,USR-0152,2,32.9,10.01,14,3,0,Normal
2024-01-12 10:55:00,USR-0174,0,40.1,9.05,16,7,6,Normal
2024-01-25 11:30:00,USR-0311,3,41.8,6.55,9,3,1,Normal
2024-01-14 13:15:00,USR-0492,6,19.2,7.13,10,7,0,Normal
2024-01-25 01:55:00,USR-0445,1,42.0,8.39,9,2,1,Normal
2024-01-07 16:05:00,USR-0289,2,11.5,0.65,9,3,1,Normal
2024-02-01 17:50:00,USR-0410,4,6.0,7.42,17,4,0,Normal
2024-01-30 09:25:00,USR-0152,3,23.2,31.97,7,2,1,Normal
2024-01-21 02:00:00,USR-0477,4,10.0,11.57,12,4,1,Normal
2024-01-27 18:05:00,USR-0154,2,63.1,11.85,11,5,1,Normal
2024-02-01 22:25:00,USR-0147,2,26.4,6.2,12,2,0,Normal
2024-01-14 18:00:00,USR-0106,1,16.0,6.62,11,2,1,Normal
2024-01-17 04:30:00,USR-0038,6,43.1,28.6,9,6,0,Normal
2024-01-21 18:50:00,USR-0384,0,18.8,49.75,19,6,0,Normal
2024-01-31 01:40:00,USR-0344,4,30.3,3.24,12,3,1,Normal
2024-01-25 07:00:00,USR-0144,4,23.5,13.35,13,5,1,Normal
2024-01-30 16:45:00,USR-0442,3,21.2,5.67,19,6,1,Normal
2024-01-11 01:15:00,USR-0281,2,55.1,22.79,10,1,1,Normal
2024-01-20 16:00:00,USR-0164,0,52.6,61.98,17,2,1,Normal
2024-01-03 04:50:00,USR-0160,0,18.2,9.91,14,2,3,Normal
2024-01-29 12:35:00,USR-0495,3,26.2,10.77,10,4,1,Normal
2024-01-02 03:15:00,USR-0335,0,24.2,2.72,12,4,1,Normal
2024-01-28 11:50:00,USR-0393,2,24.2,15.88,12,5,1,Normal
2024-01-17 00:45:00,USR-0058,4,37.5,13.6,8,6,1,Normal
2024-01-05 19:40:00,USR-0092,4,44.2,19.62,16,5,1,Normal
2024-02-03 22:30:00,USR-0073,17,98.4,176.58,3,26,9,Suspicious
2024-01-30 19:00:00,USR-0085,2,7.3,6.68,11,3,0,Normal
2024-01-21 21:55:00,USR-0295,1,14.7,6.2,19,3,1,Normal
2024-01-13 19:00:00,USR-0314,2,51.6,46.78,11,2,1,Normal
2024-01-20 17:25:00,USR-0203,6,57.2,25.43,15,7,2,Normal
2024-01-18 21:15:00,USR-0416,5,40.8,45.19,13,5,0,Normal
2024-01-19 14:45:00,USR-0033,3,19.2,1.23,10,3,0,Normal
2024-01-01 21:15:00,USR-0239,2,36.3,8.49,9,5,0,Normal
2024-01-16 12:50:00,USR-0341,4,41.6,53.37,11,4,2,Normal
2024-01-17 20:30:00,USR-0063,2,15.4,10.86,9,2,0,Normal
2024-01-15 17:25:00,USR-0216,1,11.8,8.23,17,1,0,Normal
2024-01-10 06:20:00,USR-0456,3,16.8,9.79,11,1,0,Normal
2024-01-16 13:30:00,USR-0265,3,25.2,1.7,13,3,0,Normal
2024-02-02 22:55:00,USR-0186,21,91.0,116.79,3,41,11,Suspicious
2024-01-25 08:25:00,USR-0175,5,24.1,2.16,15,1,0,Normal
2024-01-31 03:20:00,USR-0075,3,59.5,22.93,15,2,1,Normal
2024-01-19 01:00:00,USR-0120,2,19.8,1.78,10,1,1,Normal
2024-02-01 15:05:00,USR-0239,6,22.1,15.96,16,5,1,Normal
2024-01-30 21:40:00,USR-0275,4,10.7,18.47,10,2,0,Normal
2024-01-24 14:20:00,USR-0410,5,40.3,44.53,10,2,3,Normal
2024-01-17 09:20:00,USR-0316,4,15.2,16.62,11,5,1,Normal
2024-01-18 16:30:00,USR-0203,2,23.4,8.2,13,3,1,Normal
2024-02-01 14:40:00,USR-0352,4,14.4,2.88,10,3,1,Normal
2024-01-02 10:25:00,USR-0439,2,25.7,0.74,18,4,1,Normal
2024-01-26 11:25:00,USR-0284,4,19.9,16.33,8,6,1,Normal
2024-01-24 13:10:00,USR-0462,3,41.0,5.92,11,6,0,Normal
2024-01-16 10:20:00,USR-0286,5,33.7,29.44,19,1,0,Normal
2024-01-17 05:40:00,USR-0366,2,40.5,25.99,11,1,0,Normal
2024-01-09 11:40:00,USR-0163,2,29.7,1.88,9,1,0,Normal
2024-01-02 12:00:00,USR-0123,3,27.2,0.75,10,1,0,Normal
2024-01-27 00:30:00,USR-0329,1,37.7,1.97,13,6,0,Normal
2024-01-31 13:35:00,USR-0157,6,52.6,2.3,9,3,2,Normal
2024-01-19 17:05:00,USR-0495,3,22.8,9.24,15,6,0,Normal
2024-01-14 12:25:00,USR-0440,5,23.4,20.73,19,5,0,Normal
2024-01-31 01:20:00,USR-0360,0,22.6,1.42,16,3,0,Normal
2024-01-01 14:30:00,USR-0126,5,23.8,14.7,9,7,1,Normal
2024-01-16 11:45:00,USR-0253,1,43.3,37.91,9,3,2,Normal
2024-01-27 02:05:00,USR-0010,2,19.6,12.22,12,2,1,Normal
2024-01-17 05:35:00,USR-0237,1,28.6,7.36,17,6,1,Normal
2024-02-02 23:35:00,USR-0157,20,90.2,1681.86,5,30,5,Suspicious
2024-01-07 23:25:00,USR-0216,2,57.0,30.94,15,5,0,Normal
2024-01-20 10:40:00,USR-0056,2,17.4,26.49,18,7,0,Normal
2024-01-05 23:30:00,USR-0470,6,29.9,52.03,9,2,1,Normal
2024-01-05 02:05:00,USR-0275,2,34.7,28.22,13,3,1,Normal
2024-01-09 11:00:00,USR-0442,5,29.5,30.91,9,2,0,Normal
2024-01-10 05:50:00,USR-0204,3,54.9,10.09,17,5,0,Normal
2024-01-12 19:40:00,USR-0439,5,25.3,1.0,13,7,0,Normal
2024-01-26 14:35:00,USR-0225,2,37.0,3.93,12,5,0,Normal
2024-01-15 03:40:00,USR-0168,2,38.1,2.12,18,1,1,Normal
2024-01-21 14:05:00,USR-0020,5,40.9,1.06,12,1,1,Normal
2024-01-02 20:45:00,USR-0267,3,19.3,42.04,13,7,0,Normal
2024-01-08 09:55:00,USR-0057,2,13.5,17.93,10,3,1,Normal
2024-01-02 03:05:00,USR-0244,1,12.8,8.26,11,1,0,Normal
2024-01-18 09:45:00,USR-0430,1,19.8,8.53,12,5,1,Normal
2024-01-30 07:05:00,USR-0390,5,12.5,23.54,17,6,1,Normal
2024-01-25 13:00:00,USR-0065,7,12.4,18.46,13,3,0,Normal
2024-01-19 15:15:00,USR-0178,3,36.9,20.91,15,7,0,Normal
2024-01-13 10:15:00,USR-0211,3,38.7,13.41,9,5,0,Normal
2024-01-10 23:25:00,USR-0472,6,43.2,15.47,8,3,0,Normal
2024-01-07 17:30:00,USR-0411,4,32.1,10.17,13,6,0,Normal
2024-01-10 23:10:00,USR-0174,2,20.1,4.07,11,5,0,Normal
2024-01-29 03:35:00,USR-0390,3,23.5,0.81,14,2,1,Normal
2024-01-16 05:25:00,USR-0304,3,35.5,10.4,12,2,0,Normal
2024-01-29 18:05:00,USR-0486,6,22.6,0.74,15,6,1,Normal
2024-01-27 07:45:00,USR-0190,2,39.1,2.54,9,6,0,Normal
2024-01-18 06:00:00,USR-0233,6,19.2,2.79,13,4,1,Normal
2024-01-19 00:00:00,USR-0445,1,21.1,40.83,15,5,0,Normal
2024-01-26 15:30:00,USR-0240,3,17.6,8.48,16,2,1,Normal
2024-01-07 05:10:00,USR-0345,4,10.8,19.14,9,1,0,Normal
2024-01-24 14:05:00,USR-0473,3,13.1,6.21,11,4,0,Normal
2024-01-24 04:25:00,USR-0006,6,29.2,28.21,7,2,0,Normal
2024-01-21 00:35:00,USR-0321,5,20.3,2.29,13,2,1,Normal
2024-01-08 21:35:00,USR-0212,3,28.9,22.87,16,6,0,Normal
2024-01-18 07:05:00,USR-0066,3,33.9,10.61,13,4,0,Normal
2024-01-27 17:50:00,USR-0369,2,41.8,12.07,15,3,1,Normal
2024-01-26 01:25:00,USR-0189,0,8.5,27.96,17,3,0,Normal
2024-02-04 02:00:00,USR-0320,32,87.8,142.63,5,26,7,Suspicious
2024-01-23 01:10:00,USR-0306,4,28.3,1.97,9,1,0,Normal
2024-01-21 16:30:00,USR-0355,4,11.6,30.92,10,6,0,Normal
2024-01-15 05:25:00,USR-0117,3,46.2,16.43,11,7,1,Normal
2024-01-25 15:20:00,USR-0447,2,25.4,9.57,14,1,0,Normal
2024-01-10 01:00:00,USR-0240,3,37.5,14.34,10,3,0,Normal
2024-01-09 05:45:00,USR-0132,3,15.7,8.93,15,5,1,Normal
2024-01-24 05:10:00,USR-0023,6,12.1,18.52,8,1,1,Normal
2024-01-30 00:55:00,USR-0166,1,27.2,1.82,10,3,1,Normal
2024-02-02 18:35:00,USR-0320,28,85.0,353.0,5,43,5,Suspicious
2024-01-17 23:45:00,USR-0463,4,19.3,9.39,7,1,0,Normal
2024-01-16 16:45:00,USR-0387,4,14.4,20.18,17,5,2,Normal
2024-01-17 06:35:00,USR-0133,3,36.3,26.19,11,6,1,Normal
2024-02-01 13:20:00,USR-0145,2,32.3,35.02,15,3,1,Normal
2024-01-28 16:20:00,USR-0279,2,16.1,2.29,15,6,2,Normal
2024-02-04 03:15:00,USR-0092,22,99.9,111.22,1,44,12,Suspicious
2024-01-18 16:10:00,USR-0295,3,45.5,72.42,10,4,0,Normal
2024-02-01 16:35:00,USR-0475,2,13.9,20.66,16,1,0,Normal
2024-01-08 17:35:00,USR-0283,1,18.8,0.77,12,3,0,Normal
2024-01-10 22:00:00,USR-0099,7,30.7,41.65,18,3,1,Normal
2024-01-29 03:40:00,USR-0050,3,32.5,8.97,15,5,2,Normal
2024-01-16 21:15:00,USR-0091,7,36.7,35.61,9,4,0,Normal
2024-01-24 07:15:00,USR-0260,1,14.4,13.24,11,7,0,Normal
2024-01-09 08:10:00,USR-0280,1,8.1,12.67,10,1,1,Normal
2024-01-29 20:55:00,USR-0462,1,45.6,19.28,9,3,1,Normal
2024-01-06 21:10:00,USR-0152,2,45.0,3.92,12,6,0,Normal
2024-01-25 03:05:00,USR-0336,2,27.6,6.97,9,4,1,Normal
2024-01-31 08:45:00,USR-0334,4,17.6,2.17,17,6,0,Normal
2024-01-23 05:25:00,USR-0438,4,14.6,4.34,17,5,1,Normal
2024-01-31 05:30:00,USR-0061,2,10.0,17.17,14,4,1,Normal
2024-01-28 22:20:00,USR-0310,2,43.3,44.66,14,2,1,Normal
2024-01-12 13:05:00,USR-0118,3,24.8,59.64,9,6,0,Normal
2024-01-31 12:30:00,USR-0415,0,46.2,17.22,9,7,1,Normal
2024-01-25 22:40:00,USR-0298,1,12.3,2.33,9,5,0,Normal
2024-01-17 02:10:00,USR-0314,3,10.0,5.41,10,3,0,Normal
2024-01-16 07:25:00,USR-0441,2,16.6,3.68,12,4,0,Normal
2024-02-01 20:40:00,USR-0357,2,6.2,34.98,8,7,2,Normal
2024-01-19 21:15:00,USR-0011,3,22.3,48.02,17,1,0,Normal
2024-02-02 05:50:00,USR-0039,24,97.1,1077.67,4,18,7,Suspicious
2024-01-15 11:30:00,USR-0360,6,16.0,10.85,15,4,0,Normal
2024-01-04 19:50:00,USR-0192,4,31.9,4.07,16,1,0,Normal
2024-02-03 01:15:00,USR-0448,29,94.6,240.1,5,35,7,Suspicious
2024-01-02 12:30:00,USR-0392,3,46.3,8.97,11,2,0,Normal
2024-01-31 05:05:00,USR-0160,2,26.9,20.16,11,6,0,Normal
2024-01-13 16:25:00,USR-0183,3,39.5,17.7,17,1,0,Normal
2024-01-11 06:40:00,USR-0339,2,56.4,4.33,15,6,0,Normal
2024-01-09 14:35:00,USR-0406,3,22.8,7.59,17,2,1,Normal
2024-01-28 10:40:00,USR-0427,2,29.0,4.46,12,3,1,Normal
2024-01-28 01:45:00,USR-0383,5,41.0,11.15,18,3,0,Normal
2024-01-08 00:15:00,USR-0369,6,27.9,63.97,13,1,0,Normal
2024-01-19 18:25:00,USR-0365,3,28.3,3.54,13,6,0,Normal
2024-01-18 17:10:00,USR-0270,3,15.8,10.58,9,1,0,Normal
2024-01-31 01:50:00,USR-0495,4,53.4,3.13,15,4,0,Normal
2024-01-01 19:25:00,USR-0169,6,14.5,3.09,9,5,1,Normal
2024-01-26 22:20:00,USR-0106,3,12.8,31.09,12,6,2,Normal
2024-01-22 21:45:00,USR-0141,1,44.0,15.86,14,7,0,Normal
2024-01-01 21:45:00,USR-0181,2,24.0,13.47,11,1,0,Normal
2024-01-23 02:15:00,USR-0391,0,31.5,6.56,15,4,1,Normal
2024-01-22 06:40:00,USR-0310,2,36.3,29.63,11,6,1,Normal
2024-01-06 15:25:00,USR-0162,3,34.8,5.4,18,2,3,Normal
2024-01-07 16:45:00,USR-0047,2,20.1,29.81,12,3,0,Normal
2024-01-03 15:50:00,USR-0193,1,23.9,13.42,7,6,0,Normal
2024-01-30 17:15:00,USR-0185,0,10.0,22.54,15,2,0,Normal
2024-01-24 12:05:00,USR-0497,3,37.3,4.29,10,5,0,Normal
2024-01-18 20:10:00,USR-0175,4,41.0,11.55,9,7,1,Normal
2024-01-15 03:25:00,USR-0009,6,34.4,59.38,12,2,0,Normal
2024-02-03 20:15:00,USR-0328,28,87.2,293.24,2,41,7,Suspicious
2024-01-07 15:05:00,USR-0144,2,20.6,8.66,9,6,1,Normal
2024-02-02 05:30:00,USR-0036,16,89.0,373.57,1,36,14,Suspicious
2024-01-28 12:05:00,USR-0242,3,27.0,1.9,10,5,0,Normal
2024-01-01 13:05:00,USR-0185,5,22.5,6.82,10,5,1,Normal
2024-01-02 20:50:00,USR-0484,0,24.6,34.06,12,2,0,Normal
2024-01-09 16:10:00,USR-0446,5,34.0,4.17,15,4,0,Normal
2024-02-02 13:00:00,USR-0350,27,85.8,626.62,2,37,7,Suspicious
2024-01-18 08:40:00,USR-0404,3,15.6,14.62,9,5,1,Normal
2024-02-01 16:15:00,USR-0377,1,36.5,3.29,13,3,0,Normal
2024-01-10 09:15:00,USR-0034,4,54.6,5.64,13,6,0,Normal
2024-01-15 22:25:00,USR-0022,3,19.5,4.0,10,7,0,Normal
2024-01-06 15:50:00,USR-0230,2,32.6,1.07,10,6,1,Normal
2024-01-15 05:00:00,USR-0327,4,16.4,7.83,7,1,0,Normal
2024-01-22 02:25:00,USR-0228,4,50.1,3.79,10,1,2,Normal
2024-01-12 01:35:00,USR-0083,1,18.2,6.08,9,2,1,Normal
2024-01-09 18:40:00,USR-0384,1,36.0,7.2,12,7,0,Normal
2024-01-13 15:25:00,USR-0325,3,22.2,16.62,8,3,0,Normal
2024-01-08 01:40:00,USR-0236,2,51.4,4.36,7,1,0,Normal
2024-02-02 20:20:00,USR-0430,22,85.3,349.35,2,47,16,Suspicious
2024-01-25 07:45:00,USR-0109,5,20.3,27.34,13,4,1,Normal
2024-01-07 16:10:00,USR-0443,2,42.3,8.75,9,3,2,Normal
2024-01-26 17:50:00,USR-0328,4,8.7,44.56,15,4,0,Normal
2024-01-12 18:30:00,USR-0029,2,41.4,31.15,14,5,0,Normal
2024-01-02 20:10:00,USR-0146,6,48.2,11.41,9,2,0,Normal
2024-02-04 15:05:00,USR-0012,25,97.4,147.06,1,43,8,Suspicious
2024-01-13 10:20:00,USR-0290,2,30.9,14.43,12,4,2,Normal
2024-01-09 13:50:00,USR-0258,3,47.5,15.82,12,6,1,Normal
2024-02-03 04:50:00,USR-0379,26,90.2,102.93,1,15,3,Suspicious
2024-01-11 10:40:00,USR-0308,4,23.9,6.91,10,1,0,Normal
2024-01-21 14:30:00,USR-0049,1,29.4,15.62,14,3,0,Normal
2024-01-11 12:45:00,USR-0302,7,16.7,5.21,14,1,1,Normal
2024-02-04 03:05:00,USR-0364,21,90.5,186.98,2,34,11,Suspicious
2024-01-30 18:20:00,USR-0329,3,20.2,35.83,8,5,1,Normal
2024-01-08 07:05:00,USR-0012,5,21.4,13.52,19,4,0,Normal
2024-01-07 19:55:00,USR-0281,3,15.3,1.63,12,3,1,Normal
2024-01-07 14:35:00,USR-0423,2,17.9,16.22,11,1,1,Normal
2024-01-20 08:55:00,USR-0478,2,43.5,38.6,15,3,1,Normal
2024-02-01 12:40:00,USR-0324,2,17.0,3.15,18,4,1,Normal
2024-01-09 18:25:00,USR-0293,2,37.5,28.29,9,5,0,Normal
2024-01-06 14:05:00,USR-0193,2,51.6,31.05,12,5,1,Normal
2024-01-25 20:15:00,USR-0163,4,15.6,16.38,8,3,0,Normal
2024-02-02 04:45:00,USR-0067,21,91.1,423.06,4,19,3,Suspicious
2024-01-19 13:40:00,USR-0414,3,6.7,14.3,10,5,1,Normal
2024-01-19 21:30:00,USR-0221,1,47.4,6.6,10,2,1,Normal
2024-01-20 02:55:00,USR-0244,5,16.3,2.98,8,3,1,Normal
2024-01-23 15:40:00,USR-0296,5,34.8,23.33,10,6,0,Normal
2024-01-03 23:15:00,USR-0020,2,23.2,8.47,15,7,1,Normal
2024-02-03 18:10:00,USR-0490,20,99.7,166.48,3,31,7,Suspicious
2024-01-19 13:00:00,USR-0047,1,19.1,57.1,11,3,0,Normal
2024-01-12 04:00:00,USR-0224,5,28.2,17.17,9,1,1,Normal
2024-01-18 04:35:00,USR-0074,2,7.6,6.81,10,6,1,Normal
2024-01-14 22:00:00,USR-0337,5,12.2,26.56,10,1,0,Normal
2024-01-13 05:55:00,USR-0202,2,52.7,30.17,13,3,0,Normal
2024-01-16 18:15:00,USR-0291,3,25.0,1.36,10,7,1,Normal
2024-01-15 21:40:00,USR-0407,3,19.7,18.09,16,3,0,Normal
2024-01-11 13:10:00,USR-0024,5,19.1,24.24,9,1,1,Normal
2024-01-25 19:00:00,USR-0417,2,12.4,4.5,10,6,0,Normal
2024-01-28 08:45:00,USR-0150,2,52.3,27.96,13,4,0,Normal
2024-01-14 16:30:00,USR-0223,5,11.2,31.74,11,7,0,Normal
2024-01-31 18:45:00,USR-0160,1,24.5,5.96,10,6,0,Normal
2024-01-28 22:45:00,USR-0487,3,11.5,1.32,16,5,1,Normal
2024-01-05 04:30:00,USR-0416,1,64.7,28.68,8,3,0,Normal
2024-02-02 05:25:00,USR-0313,24,94.8,826.85,2,20,12,Suspicious
2024-01-04 16:10:00,USR-0052,3,9.8,7.09,9,3,0,Normal
2024-01-06 22:30:00,USR-0035,6,45.1,2.9,10,6,2,Normal
2024-01-26 04:10:00,USR-0100,2,13.2,9.87,9,3,0,Normal
2024-01-10 07:45:00,USR-0149,3,27.1,1.44,15,1,0,Normal
2024-01-30 11:15:00,USR-0412,1,8.6,57.32,12,7,2,Normal
2024-01-13 13:50:00,USR-0382,5,42.7,2.08,13,3,1,Normal
2024-01-10 13:50:00,USR-0027,8,37.6,38.88,10,7,2,Normal
2024-02-03 16:25:00,USR-0017,15,87.9,181.29,2,28,9,Suspicious
2024-01-09 11:15:00,USR-0044,3,9.3,11.91,16,3,1,Normal
2024-01-08 10:20:00,USR-0493,1,15.5,14.21,17,6,0,Normal
2024-01-08 00:45:00,USR-0011,6,31.7,4.66,11,7,0,Normal
2024-01-06 00:00:00,USR-0471,2,7.0,13.21,13,1,2,Normal
2024-01-03 02:05:00,USR-0246,4,12.6,17.67,11,2,2,Normal
2024-02-01 09:40:00,USR-0168,3,27.5,13.61,9,4,1,Normal
2024-01-28 20:15:00,USR-0125,3,26.0,0.69,11,1,1,Normal
2024-01-11 15:10:00,USR-0390,6,20.8,13.69,9,1,0,Normal
2024-01-12 10:05:00,USR-0109,1,33.6,10.76,12,1,0,Normal
2024-01-29 09:50:00,USR-0234,3,25.5,7.4,8,6,0,Normal
2024-02-01 19:00:00,USR-0159,2,13.1,18.33,8,3,1,Normal
2024-02-02 23:40:00,USR-0404,20,89.6,379.0,0,49,6,Suspicious
2024-01-24 12:35:00,USR-0245,4,35.4,0.82,14,6,1,Normal
2024-01-08 06:05:00,USR-0452,0,17.1,5.32,10,3,0,Normal
2024-01-28 03:25:00,USR-0411,4,19.3,16.53,18,1,0,Normal
2024-01-07 19:30:00,USR-0063,2,21.1,9.29,13,5,1,Normal
2024-01-19 09:55:00,USR-0170,3,36.7,16.6,18,5,1,Normal
2024-01-29 14:30:00,USR-0276,3,36.4,11.83,8,7,0,Normal
2024-01-25 10:50:00,USR-0385,4,15.1,17.29,11,4,1,Normal
2024-01-13 11:15:00,USR-0084,4,25.4,29.27,19,3,1,Normal
2024-01-11 17:50:00,USR-0048,4,13.6,3.53,7,5,0,Normal
2024-01-26 02:35:00,USR-0094,2,39.4,1.54,9,2,0,Normal
2024-01-12 05:55:00,USR-0164,1,17.5,7.2,9,6,1,Normal
2024-01-15 04:05:00,USR-0484,2,29.6,4.21,19,1,2,Normal
2024-01-19 07:35:00,USR-0136,2,22.8,28.25,13,3,2,Normal
2024-02-02 03:25:00,USR-0086,14,95.5,534.05,0,40,3,Suspicious
2024-01-02 12:20:00,USR-0212,3,38.8,64.25,14,7,0,Normal
2024-01-16 17:05:00,USR-0453,3,26.8,14.67,11,7,0,Normal
2024-01-20 15:10:00,USR-0039,5,10.3,24.97,9,6,0,Normal
2024-01-30 23:50:00,USR-0423,2,45.2,32.02,12,2,0,Normal
2024-01-21 19:00:00,USR-0096,1,15.2,33.15,10,6,0,Normal
2024-01-09 09:05:00,USR-0036,2,34.4,8.46,17,1,0,Normal
2024-01-18 02:45:00,USR-0061,3,16.2,0.57,12,3,1,Normal
2024-01-09 01:05:00,USR-0035,0,40.2,3.01,11,1,1,Normal
2024-01-28 08:10:00,USR-0483,4,35.0,12.41,16,4,0,Normal
2024-01-22 20:05:00,USR-0267,7,25.0,8.73,9,7,0,Normal
2024-01-14 03:50:00,USR-0197,2,39.6,12.45,15,1,0,Normal
2024-01-26 15:35:00,USR-0200,6,21.9,21.18,10,1,0,Normal
2024-01-05 05:45:00,USR-0271,2,37.8,21.92,11,6,0,Normal
2024-01-06 10:55:00,USR-0096,4,20.5,0.76,19,3,1,Normal
2024-02-01 15:30:00,USR-0082,2,26.9,7.43,15,1,0,Normal
2024-01-03 12:00:00,USR-0482,2,49.0,5.05,9,7,0,Normal
2024-01-17 11:40:00,USR-0131,3,11.6,40.86,12,5,0,Normal
2024-01-06 09:45:00,USR-0096,2,27.3,2.16,16,3,1,Normal
2024-01-05 04:15:00,USR-0372,1,24.1,9.54,17,4,1,Normal
2024-02-03 18:45:00,USR-0336,16,89.8,332.11,1,34,6,Suspicious
2024-01-22 05:40:00,USR-0333,6,17.3,5.67,9,3,3,Normal
2024-01-16 00:00:00,USR-0455,4,16.3,4.16,16,5,0,Normal
2024-01-28 13:10:00,USR-0312,1,40.1,11.89,17,5,0,Normal
2024-01-16 01:50:00,USR-0179,4,13.6,25.25,14,1,0,Normal
2024-02-04 03:25:00,USR-0063,15,86.0,923.96,4,45,9,Suspicious
2024-01-14 19:25:00,USR-0006,2,23.3,22.75,10,1,1,Normal
2024-01-12 21:40:00,USR-0366,3,32.5,5.17,14,7,1,Normal
2024-01-10 00:50:00,USR-0268,4,23.6,7.8,19,5,0,Normal
2024-01-30 10:20:00,USR-0333,3,11.9,8.38,9,5,1,Normal
2024-01-08 13:30:00,USR-0054,6,35.3,14.47,13,2,2,Normal
2024-01-28 16:35:00,USR-0315,3,16.5,16.81,13,4,0,Normal
2024-01-06 05:15:00,USR-0124,2,45.1,49.17,15,5,1,Normal
2024-01-13 13:15:00,USR-0466,4,10.0,15.03,18,4,0,Normal
2024-01-04 12:45:00,USR-0330,2,31.1,37.57,15,6,1,Normal
2024-01-18 13:05:00,USR-0222,6,36.4,7.56,11,5,2,Normal
2024-01-12 19:30:00,USR-0473,0,9.0,8.76,9,6,0,Normal
2024-01-04 14:55:00,USR-0252,1,28.6,4.47,14,5,0,Normal
2024-02-02 07:05:00,USR-0378,28,86.7,235.27,4,28,9,Suspicious
2024-01-03 02:55:00,USR-0150,3,13.1,12.51,18,2,1,Normal
2024-01-20 21:35:00,USR-0113,1,45.7,6.99,17,2,0,Normal
2024-01-26 06:40:00,USR-0476,3,30.6,9.33,12,3,1,Normal
2024-01-10 17:25:00,USR-0320,6,19.1,5.52,13,7,1,Normal
2024-01-10 09:30:00,USR-0347,5,14.8,30.22,12,2,0,Normal
2024-01-12 05:00:00,USR-0095,2,45.0,3.33,9,6,1,Normal
2024-01-25 09:40:00,USR-0336,2,21.3,5.67,10,1,3,Normal
2024-01-02 15:10:00,USR-0486,3,26.6,7.63,12,1,1,Normal
2024-01-21 17:40:00,USR-0220,2,27.7,14.35,12,2,1,Normal
2024-01-22 11:45:00,USR-0463,0,24.1,1.98,13,6,2,Normal
2024-01-26 04:50:00,USR-0446,3,22.4,11.9,8,4,0,Normal
2024-01-10 09:05:00,USR-0463,6,12.7,2.56,12,3,0,Normal
2024-01-09 14:10:00,USR-0409,3,23.6,9.06,11,3,0,Normal
2024-01-01 06:20:00,USR-0273,3,28.0,7.66,16,4,2,Normal
2024-01-16 17:20:00,USR-0151,5,24.9,3.65,9,7,0,Normal
2024-01-20 03:50:00,USR-0232,1,31.6,20.98,12,3,0,Normal
2024-01-03 02:25:00,USR-0471,2,54.7,2.26,11,2,0,Normal
2024-01-14 05:15:00,USR-0472,4,28.7,13.15,13,6,0,Normal
2024-01-25 02:40:00,USR-0127,2,39.5,21.78,12,7,0,Normal
2024-01-14 23:50:00,USR-0395,8,26.5,43.18,12,2,3,Normal
2024-01-06 03:25:00,USR-0461,1,22.8,3.81,16,1,1,Normal
2024-01-21 17:05:00,USR-0386,1,26.9,36.02,12,6,1,Normal
2024-01-26 04:05:00,USR-0307,2,22.3,10.71,12,3,0,Normal
2024-01-17 06:15:00,USR-0067,6,27.5,31.95,10,3,0,Normal
2024-01-05 20:40:00,USR-0053,1,24.3,7.0,11,4,0,Normal
2024-01-20 17:45:00,USR-0244,3,27.3,0.82,11,3,1,Normal
2024-01-18 00:45:00,USR-0222,2,24.9,50.7,15,2,2,Normal
2024-02-03 04:25:00,USR-0233,22,99.0,262.65,1,39,14,Suspicious
2024-01-24 09:00:00,USR-0383,2,46.1,4.15,13,5,1,Normal
2024-01-25 23:25:00,USR-0117,2,45.0,15.12,9,7,1,Normal
2024-01-10 15:40:00,USR-0487,4,19.6,14.93,11,5,0,Normal
2024-01-06 21:55:00,USR-0066,3,16.9,3.65,15,2,0,Normal
2024-01-13 02:55:00,USR-0162,4,12.6,4.75,14,5,2,Normal
2024-01-02 11:45:00,USR-0442,3,11.5,43.75,13,3,0,Normal
2024-01-17 13:35:00,USR-0351,2,8.1,24.53,15,3,0,Normal
2024-01-25 13:05:00,USR-0409,2,46.6,20.09,13,3,1,Normal
2024-01-12 10:20:00,USR-0280,3,18.1,33.52,10,5,0,Normal
2024-01-31 22:25:00,USR-0174,4,30.1,10.5,13,7,1,Normal
2024-01-22 23:10:00,USR-0319,4,16.1,1.1,15,3,0,Normal
2024-01-15 08:50:00,USR-0151,6,23.6,18.34,13,7,0,Normal
2024-01-09 14:45:00,USR-0209,4,12.4,9.56,11,1,1,Normal
2024-01-19 21:10:00,USR-0030,3,14.0,12.73,10,1,0,Normal
2024-01-11 03:05:00,USR-0307,5,58.9,2.54,15,4,0,Normal
2024-01-04 23:55:00,USR-0447,1,28.8,12.93,19,3,0,Normal
2024-01-08 09:35:00,USR-0278,2,30.9,8.87,11,4,0,Normal
2024-01-04 22:45:00,USR-0280,4,22.7,5.88,9,2,0,Normal
2024-01-04 04:00:00,USR-0156,2,15.6,47.45,8,1,0,Normal
2024-01-23 09:40:00,USR-0484,4,17.6,3.84,15,3,0,Normal
2024-01-14 05:10:00,USR-0143,0,30.2,7.96,17,5,1,Normal
2024-01-10 11:10:00,USR-0028,4,7.3,24.55,8,2,0,Normal
2024-01-22 04:45:00,USR-0240,3,25.3,7.3,16,6,0,Normal
2024-01-05 16:10:00,USR-0011,2,26.6,2.61,11,1,1,Normal
2024-01-01 23:45:00,USR-0223,3,44.7,11.28,11,7,2,Normal
2024-01-03 21:30:00,USR-0200,2,36.9,2.94,13,2,3,Normal
2024-01-28 04:25:00,USR-0217,7,33.2,25.62,12,3,1,Normal
2024-01-27 00:50:00,USR-0241,5,39.1,12.55,17,6,0,Normal
2024-01-28 15:05:00,USR-0361,0,60.5,11.19,12,1,1,Normal
2024-01-19 09:30:00,USR-0043,3,15.4,8.52,8,3,0,Normal
2024-01-25 02:30:00,USR-0484,3,6.3,19.76,10,5,0,Normal
2024-02-02 21:30:00,USR-0125,20,97.5,266.54,0,16,11,Suspicious
2024-01-28 22:10:00,USR-0061,2,12.4,6.52,10,1,0,Normal
2024-01-24 13:40:00,USR-0386,1,34.5,22.97,12,3,1,Normal
2024-01-02 09:30:00,USR-0389,2,32.4,13.5,16,6,1,Normal
2024-01-11 13:40:00,USR-0323,6,41.3,0.85,10,6,0,Normal
2024-01-24 20:25:00,USR-0205,1,20.9,20.37,13,6,1,Normal
2024-01-10 12:10:00,USR-0002,3,20.0,13.38,15,1,0,Normal
2024-01-11 16:20:00,USR-0334,0,24.5,15.39,14,7,0,Normal
2024-01-24 22:05:00,USR-0500,2,59.7,44.89,14,7,0,Normal
2024-01-15 16:15:00,USR-0375,2,36.6,8.74,9,3,0,Normal
2024-01-15 14:15:00,USR-0069,5,29.8,48.82,14,6,2,Normal
2024-01-23 07:05:00,USR-0360,4,33.8,1.31,10,2,0,Normal
2024-01-05 21:35:00,USR-0327,4,27.9,1.73,14,1,1,Normal
2024-01-03 03:25:00,USR-0047,4,13.2,29.94,17,3,1,Normal
2024-01-10 05:55:00,USR-0209,3,39.0,1.72,17,3,0,Normal
2024-01-27 13:40:00,USR-0279,0,23.6,27.8,12,2,2,Normal
2024-01-13 01:20:00,USR-0205,4,14.4,27.8,12,1,2,Normal
2024-01-08 09:10:00,USR-0227,3,21.4,1.77,17,4,1,Normal
2024-01-08 03:45:00,USR-0046,4,27.1,33.77,9,7,0,Normal
2024-01-23 01:25:00,USR-0343,3,28.9,0.52,15,3,1,Normal
2024-01-13 00:30:00,USR-0214,1,30.5,11.71,15,7,1,Normal
2024-01-09 19:00:00,USR-0361,0,32.4,12.27,17,7,0,Normal
2024-01-07 23:15:00,USR-0173,1,26.8,17.92,11,6,0,Normal
2024-01-14 01:00:00,USR-0042,2,20.8,5.18,15,3,0,Normal
2024-01-14 01:45:00,USR-0372,0,16.9,10.76,12,4,2,Normal
2024-01-06 09:05:00,USR-0163,4,52.6,31.36,15,2,0,Normal
2024-01-18 11:50:00,USR-0100,2,12.7,3.82,13,7,1,Normal
2024-01-05 00:45:00,USR-0411,4,28.3,36.12,14,2,0,Normal
2024-01-06 02:50:00,USR-0361,3,42.9,10.08,12,1,0,Normal
2024-01-08 23:15:00,USR-0255,0,19.5,21.51,19,5,0,Normal
2024-01-06 12:10:00,USR-0102,4,29.6,9.25,14,6,0,Normal
2024-01-16 18:10:00,USR-0245,5,59.3,8.84,16,2,1,Normal
2024-01-26 04:00:00,USR-0078,2,9.3,8.15,12,2,0,Normal
2024-02-01 02:10:00,USR-0461,4,43.5,21.33,12,5,0,Normal
2024-02-04 16:25:00,USR-0456,19,89.3,110.81,4,24,6,Suspicious
2024-01-26 13:25:00,USR-0105,2,25.4,1.54,9,2,0,Normal
2024-01-12 08:25:00,USR-0459,5,24.8,7.17,8,4,1,Normal
2024-02-03 19:00:00,USR-0060,23,89.2,108.73,0,38,6,Suspicious
2024-01-30 15:25:00,USR-0279,2,43.0,2.75,17,7,1,Normal
2024-01-28 20:05:00,USR-0185,5,12.9,8.56,11,6,0,Normal
2024-02-01 16:10:00,USR-0226,1,39.4,47.61,11,4,1,Normal
2024-01-27 04:20:00,USR-0466,4,27.0,23.14,18,5,0,Normal
2024-01-28 17:50:00,USR-0010,2,18.1,41.5,9,5,0,Normal
2024-01-10 06:15:00,USR-0476,3,37.6,24.44,13,3,0,Normal
2024-01-18 07:50:00,USR-0108,4,21.2,4.09,13,5,0,Normal
2024-01-27 11:00:00,USR-0108,1,15.4,13.83,10,7,2,Normal
2024-01-07 06:30:00,USR-0211,5,21.5,8.99,16,1,0,Normal
2024-01-21 18:25:00,USR-0309,1,20.3,1.56,19,7,0,Normal
2024-02-01 09:30:00,USR-0360,3,22.6,4.69,9,7,1,Normal
2024-01-08 23:20:00,USR-0217,2,31.5,6.2,13,4,1,Normal
2024-01-05 23:15:00,USR-0301,4,6.6,18.07,9,7,1,Normal
2024-01-03 13:05:00,USR-0152,1,41.0,5.76,15,6,0,Normal
2024-01-21 15:15:00,USR-0051,3,32.4,9.59,14,7,1,Normal
2024-01-18 06:15:00,USR-0256,2,11.1,15.51,19,7,0,Normal
2024-01-27 15:20:00,USR-0403,2,16.2,8.06,12,2,1,Normal
2024-01-10 03:05:00,USR-0186,1,12.5,29.2,15,7,2,Normal
2024-01-18 14:30:00,USR-0327,3,44.2,9.02,11,2,0,Normal
2024-01-31 05:25:00,USR-0404,0,33.3,31.57,19,4,1,Normal
2024-01-27 02:10:00,USR-0302,3,39.2,12.74,16,1,0,Normal
2024-01-13 21:05:00,USR-0384,5,15.7,4.32,13,1,0,Normal
2024-01-12 13:35:00,USR-0387,3,20.0,10.7,11,5,0,Normal
2024-01-01 13:00:00,USR-0111,5,42.1,28.84,8,4,1,Normal
2024-01-14 06:30:00,USR-0112,3,25.8,2.73,16,2,0,Normal
2024-01-28 05:00:00,USR-0350,4,29.0,32.88,9,5,0,Normal
2024-01-29 15:20:00,USR-0242,2,36.2,48.37,19,6,1,Normal
2024-01-02 02:25:00,USR-0457,3,38.1,1.48,13,1,0,Normal
2024-01-30 06:45:00,USR-0060,0,47.3,16.38,16,1,0,Normal
2024-01-10 20:55:00,USR-0159,5,23.2,15.06,12,4,0,Normal
2024-02-03 13:35:00,USR-0225,20,99.0,230.05,5,20,7,Suspicious
2024-01-27 16:15:00,USR-0381,1,18.5,0.8,11,6,1,Normal
2024-01-24 13:00:00,USR-0132,4,22.6,25.84,15,7,0,Normal
2024-01-08 23:40:00,USR-0070,3,29.9,16.7,17,5,0,Normal
2024-01-03 11:50:00,USR-0322,1,39.5,1.1,15,1,1,Normal
2024-01-17 12:40:00,USR-0106,4,28.7,39.13,8,7,0,Normal
2024-01-21 12:30:00,USR-0353,3,26.7,66.66,16,7,0,Normal
2024-01-20 00:00:00,USR-0327,5,30.8,18.82,11,1,1,Normal
2024-01-17 21:45:00,USR-0322,2,31.2,6.68,14,1,0,Normal
2024-01-13 10:10:00,USR-0298,3,64.4,16.29,10,6,0,Normal
2024-01-15 22:50:00,USR-0356,4,40.1,5.06,17,3,1,Normal
2024-01-09 01:45:00,USR-0355,2,11.7,3.64,13,4,0,Normal
2024-02-01 14:20:00,USR-0038,1,21.3,31.37,10,7,0,Normal
2024-01-05 00:50:00,USR-0058,4,18.5,16.21,16,3,2,Normal
2024-01-28 00:55:00,USR-0008,6,35.9,13.72,18,3,0,Normal
2024-02-02 20:05:00,USR-0469,18,91.6,204.54,1,47,11,Suspicious
2024-01-31 05:15:00,USR-0452,2,21.9,18.67,13,5,0,Normal
2024-01-26 03:55:00,USR-0036,2,22.6,19.18,11,1,0,Normal
2024-01-29 00:25:00,USR-0307,3,49.4,8.55,11,7,1,Normal
2024-01-22 23:05:00,USR-0178,0,44.2,4.3,14,2,1,Normal
2024-01-23 10:50:00,USR-0242,4,13.9,4.65,7,6,1,Normal
2024-01-05 22:00:00,USR-0341,3,10.8,2.53,7,6,1,Normal
2024-01-25 19:50:00,USR-0401,2,66.9,14.46,12,4,0,Normal
2024-01-20 04:35:00,USR-0159,3,13.3,11.56,14,7,0,Normal
2024-01-11 07:35:00,USR-0030,2,23.3,5.65,17,7,2,Normal
2024-01-01 10:55:00,USR-0150,2,20.5,17.46,19,6,0,Normal
2024-02-01 12:35:00,USR-0007,2,21.7,5.69,9,5,0,Normal
2024-02-04 12:45:00,USR-0479,23,87.5,229.9,0,47,7,Suspicious
2024-01-05 10:20:00,USR-0027,2,18.3,4.28,7,7,1,Normal
2024-01-25 11:40:00,USR-0352,4,13.3,2.77,10,2,0,Normal
2024-01-20 14:20:00,USR-0380,4,13.0,31.28,15,4,0,Normal
2024-01-08 16:25:00,USR-0145,2,47.0,13.89,15,2,0,Normal
2024-01-12 18:20:00,USR-0357,5,10.5,63.59,12,1,0,Normal
2024-01-20 03:40:00,USR-0089,6,49.3,1.29,11,1,1,Normal
2024-01-15 11:55:00,USR-0260,3,30.1,6.61,12,1,0,Normal
2024-01-12 18:45:00,USR-0310,2,9.2,3.04,15,4,0,Normal
2024-01-24 14:50:00,USR-0348,4,23.3,46.36,12,7,1,Normal
2024-02-04 15:20:00,USR-0380,29,98.4,996.29,4,20,10,Suspicious
2024-01-19 02:35:00,USR-0151,2,27.6,34.84,7,6,1,Normal
2024-01-16 10:30:00,USR-0053,4,38.5,4.34,14,3,2,Normal
2024-01-12 04:50:00,USR-0259,0,43.0,6.15,9,4,0,Normal
2024-02-01 08:55:00,USR-0177,5,33.5,2.35,9,5,1,Normal
2024-01-23 10:40:00,USR-0228,6,26.5,4.25,9,7,0,Normal
2024-01-09 07:40:00,USR-0023,2,31.9,15.03,10,3,1,Normal
2024-01-11 10:00:00,USR-0235,4,20.2,0.71,17,6,0,Normal
2024-01-04 16:00:00,USR-0192,3,20.9,3.84,8,6,0,Normal
2024-01-02 04:05:00,USR-0121,1,20.3,46.45,9,7,1,Normal
2024-01-12 18:40:00,USR-0267,3,28.3,1.41,10,4,1,Normal
2024-01-15 23:00:00,USR-0224,0,24.0,4.05,7,6,1,Normal
2024-01-03 08:20:00,USR-0499,5,40.6,18.19,14,5,1,Normal
2024-01-11 01:35:00,USR-0309,0,54.2,4.67,12,1,1,Normal
2024-01-19 07:05:00,USR-0158,1,20.7,0.63,13,5,0,Normal
2024-01-25 05:35:00,USR-0409,1,48.4,12.94,9,4,1,Normal
2024-01-15 06:25:00,USR-0432,1,29.2,5.05,12,3,0,Normal
2024-01-10 07:20:00,USR-0316,5,15.9,6.28,9,5,1,Normal
2024-01-22 21:30:00,USR-0015,4,12.3,1.39,11,2,0,Normal
2024-01-20 01:15:00,USR-0213,1,33.0,40.02,16,4,2,Normal
2024-01-03 08:35:00,USR-0477,4,19.4,6.39,13,4,0,Normal
2024-01-20 17:35:00,USR-0006,6,41.2,13.54,7,4,0,Normal
2024-02-02 18:30:00,USR-0344,19,92.7,436.96,0,17,4,Suspicious
2024-01-12 16:10:00,USR-0100,1,31.1,25.79,19,3,0,Normal
2024-02-04 07:25:00,USR-0427,19,85.7,211.24,2,47,8,Suspicious
2024-02-04 00:10:00,USR-0431,24,93.1,819.99,2,40,8,Suspicious
2024-01-15 12:25:00,USR-0499,1,43.0,20.16,12,5,0,Normal
2024-01-26 08:05:00,USR-0152,2,6.5,2.86,11,7,2,Normal
2024-01-23 12:15:00,USR-0329,6,47.3,10.39,10,5,0,Normal
2024-01-04 05:50:00,USR-0100,3,27.4,52.04,10,4,0,Normal
2024-01-12 06:10:00,USR-0102,1,32.3,26.08,17,6,0,Normal
2024-01-23 07:50:00,USR-0299,2,13.0,5.79,9,3,1,Normal
2024-01-03 01:20:00,USR-0364,0,26.7,1.61,11,2,2,Normal
2024-01-08 08:30:00,USR-0230,1,30.5,14.49,16,7,1,Normal
2024-02-04 13:10:00,USR-0448,23,93.8,264.35,2,47,13,Suspicious
2024-01-01 00:10:00,USR-0244,3,38.7,12.98,17,7,1,Normal
2024-02-02 01:25:00,USR-0276,19,98.9,522.0,0,31,7,Suspicious
2024-01-14 23:05:00,USR-0397,1,32.6,19.44,15,3,0,Normal
2024-01-30 17:35:00,USR-0456,3,25.0,30.82,15,4,0,Normal
2024-01-20 18:25:00,USR-0192,2,14.8,4.5,16,3,1,Normal
2024-01-03 17:45:00,USR-0490,5,35.4,10.51,9,6,0,Normal
2024-01-31 10:45:00,USR-0478,3,37.4,24.63,11,3,0,Normal
2024-01-11 06:50:00,USR-0088,0,22.5,5.54,17,7,2,Normal
2024-01-02 08:35:00,USR-0074,0,11.9,14.1,14,5,0,Normal
2024-01-08 14:30:00,USR-0430,2,44.3,3.74,18,4,0,Normal
2024-01-28 04:00:00,USR-0300,1,30.2,38.26,18,1,0,Normal
2024-01-26 20:20:00,USR-0297,2,13.7,12.65,13,5,1,Normal
2024-01-04 21:55:00,USR-0128,4,12.5,41.49,14,7,0,Normal
2024-01-10 20:35:00,USR-0396,5,20.2,1.45,12,1,0,Normal
2024-01-02 03:30:00,USR-0133,4,13.7,3.23,16,3,1,Normal
2024-02-02 15:15:00,USR-0242,19,95.2,277.66,1,38,10,Suspicious
2024-01-01 07:35:00,USR-0160,5,25.4,38.67,12,5,0,Normal
2024-01-07 23:40:00,USR-0406,2,33.1,5.24,16,7,0,Normal
2024-01-20 01:10:00,USR-0387,2,22.2,10.29,15,6,1,Normal
2024-01-29 14:45:00,USR-0059,4,24.3,9.5,19,3,0,Normal
2024-01-05 09:30:00,USR-0117,4,15.6,42.4,12,7,1,Normal
2024-01-12 03:15:00,USR-0404,5,29.9,31.23,8,3,1,Normal
2024-01-12 06:15:00,USR-0463,4,15.1,32.75,8,5,0,Normal
2024-02-04 01:40:00,USR-0416,19,97.3,345.26,5,26,10,Suspicious
2024-01-30 16:10:00,USR-0138,3,31.7,5.77,10,7,0,Normal
2024-01-09 07:55:00,USR-0386,3,12.2,9.23,8,2,0,Normal
2024-01-04 21:20:00,USR-0358,5,63.8,8.02,11,4,0,Normal
2024-01-23 15:50:00,USR-0423,4,35.3,9.3,10,3,0,Normal
2024-01-14 16:50:00,USR-0323,5,23.3,3.31,15,4,0,Normal
2024-01-29 22:10:00,USR-0383,4,42.2,19.49,8,5,0,Normal
2024-01-26 09:25:00,USR-0168,3,24.8,22.39,12,3,0,Normal
2024-01-06 20:45:00,USR-0279,1,20.5,15.87,10,3,1,Normal
2024-01-12 22:35:00,USR-0493,3,40.6,4.92,13,6,1,Normal
2024-01-08 09:15:00,USR-0009,6,20.0,14.02,13,3,0,Normal
2024-01-11 17:55:00,USR-0160,3,12.3,10.56,9,3,0,Normal
2024-01-26 20:05:00,USR-0170,3,14.5,9.99,18,5,0,Normal
2024-01-13 07:15:00,USR-0270,2,10.0,10.62,10,1,1,Normal
2024-01-31 23:10:00,USR-0368,3,26.6,4.0,19,4,2,Normal
2024-02-03 14:50:00,USR-0023,19,88.3,659.92,5,27,4,Suspicious
2024-01-24 22:10:00,USR-0101,1,14.4,33.89,11,6,0,Normal
2024-01-17 23:55:00,USR-0158,3,15.2,17.23,12,6,0,Normal
2024-01-28 00:30:00,USR-0012,2,27.4,1.48,11,6,1,Normal
2024-01-26 08:25:00,USR-0165,5,24.8,3.09,11,6,0,Normal
2024-01-01 22:15:00,USR-0285,2,24.8,1.51,12,7,1,Normal
2024-01-31 16:20:00,USR-0279,2,24.4,10.32,10,7,0,Normal
2024-01-11 15:55:00,USR-0098,1,30.4,3.75,10,4,1,Normal
2024-01-19 11:20:00,USR-0381,0,6.3,21.55,7,5,0,Normal
2024-01-19 23:25:00,USR-0244,1,40.6,2.09,12,5,1,Normal
2024-01-28 11:45:00,USR-0360,2,17.0,6.02,18,1,1,Normal
2024-02-02 02:20:00,USR-0229,17,93.9,529.12,5,31,8,Suspicious
2024-01-20 22:00:00,USR-0346,4,22.0,7.67,12,4,0,Normal
2024-01-26 03:15:00,USR-0182,1,29.8,19.76,9,3,0,Normal
2024-01-13 17:30:00,USR-0183,3,18.3,28.55,9,5,0,Normal
2024-01-06 01:30:00,USR-0429,7,24.8,16.08,13,3,0,Normal
2024-01-06 00:20:00,USR-0261,0,15.6,12.4,11,3,1,Normal
2024-01-21 19:45:00,USR-0232,6,26.7,13.25,14,7,1,Normal
2024-01-13 06:25:00,USR-0294,5,21.4,27.83,15,2,1,Normal
2024-01-15 00:05:00,USR-0389,2,36.9,51.66,11,6,1,Normal
2024-01-11 04:00:00,USR-0060,3,22.0,4.21,9,5,0,Normal
2024-01-15 23:25:00,USR-0399,2,13.9,33.84,10,6,3,Normal
2024-01-19 04:25:00,USR-0235,3,14.5,3.65,15,6,0,Normal
2024-01-20 20:25:00,USR-0400,1,46.2,4.46,12,4,0,Normal
2024-01-03 12:35:00,USR-0338,5,42.0,4.28,17,5,0,Normal
2024-01-08 10:50:00,USR-0404,4,18.4,14.44,9,6,1,Normal
2024-01-15 01:05:00,USR-0292,5,20.3,6.85,11,7,0,Normal
2024-01-14 18:25:00,USR-0094,2,23.9,3.44,10,3,0,Normal
2024-01-02 14:50:00,USR-0150,1,49.2,21.58,11,7,0,Normal
2024-01-21 12:15:00,USR-0241,3,39.2,13.81,18,1,0,Normal
2024-01-21 15:20:00,USR-0288,4,15.1,8.8,14,4,0,Normal
2024-01-31 03:25:00,USR-0272,3,26.9,1.1,13,2,0,Normal
2024-01-12 14:00:00,USR-0455,3,19.6,19.67,15,2,0,Normal
2024-01-09 10:20:00,USR-0416,1,5.6,34.87,10,6,0,Normal
2024-01-07 09:35:00,USR-0152,5,49.9,10.52,12,7,1,Normal
2024-01-02 15:45:00,USR-0128,0,12.6,9.8,10,5,0,Normal
2024-02-01 14:35:00,USR-0030,3,17.3,29.19,16,6,0,Normal
2024-01-31 21:20:00,USR-0101,3,32.8,3.78,16,3,0,Normal
2024-01-17 14:30:00,USR-0106,7,32.7,3.72,12,7,1,Normal
2024-01-02 01:50:00,USR-0285,2,47.1,24.75,14,7,1,Normal
2024-01-03 14:35:00,USR-0005,3,15.6,4.79,14,2,1,Normal
2024-01-12 08:55:00,USR-0423,4,8.9,0.75,10,1,0,Normal
2024-01-31 13:20:00,USR-0004,3,16.9,20.12,13,3,0,Normal
2024-01-04 15:05:00,USR-0228,3,31.6,33.27,16,3,0,Normal
2024-01-26 11:50:00,USR-0157,3,27.3,59.9,15,7,0,Normal
2024-01-24 03:40:00,USR-0161,1,9.8,5.87,8,5,1,Normal
2024-01-04 14:30:00,USR-0452,1,20.3,15.33,12,5,1,Normal
2024-01-05 00:10:00,USR-0019,3,12.0,6.1,13,1,0,Normal
2024-01-16 18:55:00,USR-0338,1,50.2,1.92,11,3,1,Normal
2024-01-02 17:05:00,USR-0396,2,11.3,22.11,10,5,1,Normal
2024-01-13 04:15:00,USR-0388,6,44.3,6.9,16,5,1,Normal
2024-01-24 16:30:00,USR-0051,2,17.6,10.13,12,2,0,Normal
2024-01-12 13:15:00,USR-0281,3,38.3,16.83,16,6,0,Normal
2024-01-03 07:25:00,USR-0010,1,29.7,19.94,10,3,0,Normal
2024-01-05 07:40:00,USR-0131,2,26.4,20.56,12,6,1,Normal
2024-01-06 21:20:00,USR-0399,3,10.0,2.75,16,6,1,Normal
2024-01-27 20:10:00,USR-0178,2,19.3,25.41,9,2,0,Normal
2024-01-31 07:05:00,USR-0402,5,43.0,32.04,12,1,0,Normal
2024-01-13 14:45:00,USR-0496,2,11.7,1.48,11,7,1,Normal
2024-01-11 16:45:00,USR-0105,2,31.5,12.93,11,7,0,Normal
2024-01-22 18:20:00,USR-0093,3,40.4,17.22,13,3,0,Normal
2024-01-07 04:15:00,USR-0257,2,30.4,0.62,13,1,0,Normal
2024-01-29 09:00:00,USR-0476,1,28.5,0.99,15,1,0,Normal
2024-01-07 16:35:00,USR-0104,2,33.4,56.99,11,3,0,Normal
2024-01-29 03:55:00,USR-0378,5,57.9,17.66,8,5,0,Normal
2024-01-11 15:25:00,USR-0481,2,21.9,22.0,9,2,0,Normal
2024-01-09 04:50:00,USR-0119,6,15.8,4.14,9,2,1,Normal
2024-01-22 23:35:00,USR-0109,2,20.0,3.84,17,5,1,Normal
2024-01-15 02:05:00,USR-0125,3,40.4,26.1,12,3,1,Normal
2024-01-08 12:40:00,USR-0025,0,15.2,8.77,18,7,0,Normal
2024-02-01 03:05:00,USR-0170,7,31.8,2.8,11,4,0,Normal
2024-01-08 19:00:00,USR-0233,5,49.7,52.55,12,3,1,Normal
2024-01-09 17:45:00,USR-0368,2,45.7,29.91,10,7,0,Normal
2024-01-14 00:55:00,USR-0381,2,35.8,9.3,15,5,0,Normal
2024-01-19 13:55:00,USR-0213,2,21.8,28.17,15,7,1,Normal
2024-02-04 04:00:00,USR-0020,24,92.5,1073.35,0,31,9,Suspicious
2024-01-04 07:30:00,USR-0386,2,14.2,2.3,11,6,0,Normal
2024-01-15 12:20:00,USR-0047,4,24.2,30.69,14,4,2,Normal
2024-01-09 10:55:00,USR-0313,10,27.0,1.61,13,1,0,Normal
2024-01-10 02:40:00,USR-0385,6,16.4,1.09,18,1,1,Normal
2024-01-05 22:35:00,USR-0353,0,19.9,8.77,13,3,1,Normal
2024-01-23 13:25:00,USR-0136,5,37.9,52.5,18,5,1,Normal
2024-01-22 03:10:00,USR-0196,1,40.7,42.13,17,1,0,Normal
2024-02-03 07:15:00,USR-0001,19,88.8,244.23,2,31,7,Suspicious
2024-01-15 01:50:00,USR-0089,4,57.4,1.83,9,5,0,Normal
2024-01-17 21:35:00,USR-0251,5,23.7,1.56,15,4,1,Normal
2024-01-09 05:55:00,USR-0244,3,68.6,10.58,10,4,0,Normal
2024-02-01 00:35:00,USR-0209,2,10.7,23.72,12,2,0,Normal
2024-01-12 22:55:00,USR-0350,1,15.6,0.75,9,5,0,Normal
2024-01-21 12:55:00,USR-0405,5,32.7,13.58,7,4,1,Normal
2024-01-15 18:30:00,USR-0271,3,20.5,29.89,10,3,0,Normal
2024-01-20 11:15:00,USR-0082,8,35.7,5.88,10,3,0,Normal
2024-02-02 15:35:00,USR-0222,19,90.2,211.24,2,23,11,Suspicious
2024-01-15 02:10:00,USR-0186,0,13.9,2.19,10,2,0,Normal
2024-01-30 05:15:00,USR-0161,1,33.6,5.67,17,4,1,Normal
2024-01-03 08:30:00,USR-0463,4,29.6,10.32,10,5,0,Normal
2024-02-01 21:00:00,USR-0219,0,22.7,2.36,19,7,1,Normal
2024-01-24 15:40:00,USR-0438,2,23.8,5.68,9,2,1,Normal
2024-01-15 09:05:00,USR-0468,5,48.7,20.27,9,6,0,Normal
2024-01-27 10:30:00,USR-0350,3,26.4,1.53,14,6,0,Normal
2024-01-04 08:25:00,USR-0207,4,29.2,35.85,13,2,1,Normal
2024-02-03 19:50:00,USR-0307,21,98.2,253.91,5,33,8,Suspicious
2024-01-12 21:10:00,USR-0433,3,22.1,8.01,9,6,1,Normal
2024-01-11 16:55:00,USR-0219,5,30.9,31.47,10,1,0,Normal
2024-01-14 15:25:00,USR-0004,6,12.8,0.5,12,4,0,Normal
2024-01-15 14:35:00,USR-0262,2,38.4,27.44,10,6,0,Normal
2024-01-28 02:45:00,USR-0236,2,38.9,53.08,12,4,1,Normal
2024-02-04 14:10:00,USR-0126,24,87.2,237.13,2,18,5,Suspicious
2024-01-05 15:55:00,USR-0387,3,36.3,15.15,10,1,0,Normal
2024-01-11 12:30:00,USR-0212,2,26.9,1.57,8,5,2,Normal
2024-02-03 19:15:00,USR-0318,29,92.0,515.93,3,15,17,Suspicious
2024-01-29 18:35:00,USR-0112,3,32.8,2.03,11,4,2,Normal
2024-01-14 12:10:00,USR-0389,3,17.5,45.39,13,1,0,Normal
2024-02-04 01:55:00,USR-0140,19,87.7,288.58,5,48,10,Suspicious
2024-01-07 07:25:00,USR-0068,3,45.0,1.92,15,4,1,Normal
2024-02-02 05:35:00,USR-0199,24,90.8,167.5,5,33,6,Suspicious
2024-01-09 04:55:00,USR-0053,1,34.5,49.33,13,7,1,Normal
2024-01-20 22:40:00,USR-0462,2,30.7,36.16,12,6,1,Normal
2024-01-23 03:25:00,USR-0018,3,24.7,14.25,10,4,1,Normal
2024-01-24 21:35:00,USR-0259,6,51.8,10.07,10,3,0,Normal
2024-01-27 05:25:00,USR-0354,3,11.7,11.72,13,4,1,Normal
2024-01-20 12:30:00,USR-0347,3,34.3,7.93,13,5,1,Normal
2024-01-12 19:15:00,USR-0483,3,52.0,24.84,12,7,0,Normal
2024-01-16 08:35:00,USR-0023,1,45.4,26.36,14,2,0,Normal
2024-01-13 23:00:00,USR-0224,2,30.8,19.67,11,3,2,Normal
2024-01-13 14:40:00,USR-0428,4,16.0,18.48,15,7,0,Normal
2024-01-28 07:25:00,USR-0438,1,15.0,5.67,11,4,0,Normal
2024-01-29 03:45:00,USR-0091,5,16.7,13.85,9,6,1,Normal
2024-01-08 18:40:00,USR-0193,5,24.8,3.65,11,7,0,Normal
2024-01-18 14:20:00,USR-0141,5,47.1,16.14,16,6,0,Normal
2024-02-03 03:45:00,USR-0481,15,86.6,833.26,2,35,11,Suspicious
2024-01-11 23:50:00,USR-0127,1,16.9,11.48,9,2,1,Normal
2024-01-12 12:40:00,USR-0301,5,20.8,1.81,11,4,0,Normal
2024-01-13 03:05:00,USR-0132,1,48.1,4.16,12,5,1,Normal
2024-01-31 15:10:00,USR-0266,3,49.5,7.25,12,3,0,Normal
2024-02-03 07:20:00,USR-0296,16,88.2,392.91,3,37,6,Suspicious
2024-01-29 07:20:00,USR-0019,3,47.2,50.68,11,1,1,Normal
2024-01-16 00:40:00,USR-0372,4,42.7,11.24,18,1,0,Normal
2024-01-29 03:30:00,USR-0369,4,29.1,5.87,12,6,0,Normal
2024-01-15 22:30:00,USR-0172,3,33.6,46.6,11,1,0,Normal
2024-01-03 16:20:00,USR-0496,5,18.5,2.14,11,4,0,Normal
2024-02-02 14:10:00,USR-0143,28,97.0,1081.33,0,35,6,Suspicious
2024-01-01 12:10:00,USR-0325,2,16.6,17.7,11,7,1,Normal
2024-01-22 09:25:00,USR-0045,5,14.9,9.54,14,7,0,Normal
2024-01-25 01:10:00,USR-0381,4,29.5,12.69,12,7,0,Normal
2024-01-04 19:40:00,USR-0397,1,21.2,9.79,8,6,0,Normal
2024-01-13 01:25:00,USR-0458,3,10.5,8.34,9,5,0,Normal
2024-01-02 05:40:00,USR-0133,3,41.7,54.18,13,6,2,Normal
2024-01-04 03:25:00,USR-0167,4,40.6,52.68,10,2,0,Normal
2024-01-13 19:45:00,USR-0454,4,28.2,5.25,9,5,1,Normal
2024-02-02 14:05:00,USR-0111,23,86.7,152.19,1,25,9,Suspicious
2024-01-22 13:35:00,USR-0454,3,6.9,24.98,18,5,2,Normal
2024-01-11 04:50:00,USR-0058,3,17.8,10.56,8,5,1,Normal
2024-01-05 13:20:00,USR-0147,5,28.8,9.95,9,3,0,Normal
2024-01-18 18:55:00,USR-0248,2,41.9,23.89,12,3,0,Normal
2024-01-06 11:00:00,USR-0369,6,10.4,54.24,11,3,0,Normal
2024-01-15 18:55:00,USR-0319,3,49.3,15.79,15,2,0,Normal
2024-01-12 03:55:00,USR-0407,2,10.5,1.85,11,5,1,Normal
2024-01-11 10:50:00,USR-0041,5,36.4,15.03,10,2,1,Normal
2024-01-25 09:15:00,USR-0373,3,32.0,2.82,10,1,1,Normal
2024-01-20 07:40:00,USR-0034,4,28.3,11.42,12,2,1,Normal
2024-01-25 21:35:00,USR-0403,3,28.7,30.07,14,4,0,Normal
2024-02-01 15:10:00,USR-0001,3,30.0,6.25,15,6,0,Normal
2024-02-01 22:05:00,USR-0231,1,25.1,2.82,10,4,1,Normal
2024-01-28 19:30:00,USR-0244,1,28.7,12.81,11,5,0,Normal
2024-01-27 06:50:00,USR-0094,3,51.0,23.21,12,2,1,Normal
2024-01-12 08:05:00,USR-0196,3,17.0,39.39,18,7,0,Normal
2024-01-29 05:45:00,USR-0427,6,39.7,3.2,13,7,1,Normal
2024-01-08 21:20:00,USR-0143,5,28.4,17.98,10,4,0,Normal
2024-02-04 12:40:00,USR-0295,23,98.3,383.35,3,30,11,Suspicious
2024-01-29 05:10:00,USR-0450,6,28.2,26.86,10,7,2,Normal
2024-02-03 22:10:00,USR-0007,26,85.8,213.62,3,26,9,Suspicious
2024-01-13 15:40:00,USR-0127,7,33.7,32.28,10,1,0,Normal
2024-01-14 03:00:00,USR-0098,5,44.9,9.54,11,1,0,Normal
2024-01-18 22:25:00,USR-0041,2,6.6,43.98,10,6,0,Normal
2024-01-18 15:10:00,USR-0338,5,42.1,1.84,13,7,1,Normal
2024-01-23 05:10:00,USR-0329,7,11.4,12.05,11,1,1,Normal
2024-01-17 20:45:00,USR-0331,1,23.5,5.89,13,3,2,Normal
2024-01-09 18:50:00,USR-0304,4,22.8,1.15,13,6,0,Normal
2024-01-27 15:50:00,USR-0147,1,25.0,31.21,15,3,2,Normal
2024-02-02 12:35:00,USR-0205,31,87.8,201.44,1,45,9,Suspicious
2024-01-21 04:40:00,USR-0190,2,12.9,30.53,9,4,0,Normal
2024-02-02 08:45:00,USR-0027,27,94.5,986.75,3,44,9,Suspicious
2024-02-02 09:00:00,USR-0219,23,91.4,275.38,3,19,9,Suspicious
2024-01-28 00:45:00,USR-0061,3,41.0,7.07,9,5,1,Normal
2024-01-25 11:05:00,USR-0291,0,42.0,5.44,14,6,0,Normal
2024-02-03 23:10:00,USR-0359,23,93.4,163.01,3,19,4,Suspicious
2024-01-09 03:35:00,USR-0198,1,19.4,5.25,12,6,0,Normal
2024-01-18 19:55:00,USR-0085,3,17.5,16.95,15,3,1,Normal
2024-01-27 01:00:00,USR-0148,4,53.2,7.07,15,5,0,Normal
2024-02-01 10:20:00,USR-0230,4,18.7,4.55,9,4,2,Normal
2024-01-29 14:10:00,USR-0134,2,35.0,7.03,17,4,0,Normal
2024-01-14 11:05:00,USR-0292,1,57.8,14.71,9,5,1,Normal
2024-02-01 05:50:00,USR-0411,2,14.9,20.83,9,4,1,Normal
2024-01-28 03:30:00,USR-0085,1,27.9,45.53,12,3,3,Normal
2024-01-05 01:05:00,USR-0308,4,32.2,44.95,13,2,1,Normal
2024-01-27 13:25:00,USR-0449,5,14.0,13.7,14,4,1,Normal
2024-02-04 09:20:00,USR-0250,22,94.3,202.93,2,35,2,Suspicious
2024-01-10 17:30:00,USR-0180,4,16.9,10.7,9,3,0,Normal
2024-01-10 04:25:00,USR-0437,2,24.4,5.81,7,5,1,Normal
2024-01-24 18:10:00,USR-0168,1,13.2,16.7,18,1,1,Normal
2024-01-29 14:20:00,USR-0414,3,51.3,1.52,13,5,0,Normal
2024-01-06 07:50:00,USR-0109,1,47.4,3.91,7,4,0,Normal
2024-01-15 10:55:00,USR-0370,6,18.3,5.32,13,6,0,Normal
2024-01-11 05:20:00,USR-0366,3,34.7,80.69,9,4,0,Normal
2024-01-29 22:00:00,USR-0492,4,24.9,4.33,10,4,0,Normal
2024-01-25 20:20:00,USR-0482,3,22.3,21.03,11,4,1,Normal
2024-01-11 20:35:00,USR-0129,3,39.5,14.84,16,5,0,Normal
2024-01-06 11:15:00,USR-0340,1,15.8,5.48,9,1,0,Normal
2024-01-14 07:10:00,USR-0017,4,22.8,11.5,9,3,0,Normal
2024-01-26 00:25:00,USR-0322,3,22.9,15.96,13,4,0,Normal
2024-01-29 18:25:00,USR-0206,4,26.3,36.87,19,6,1,Normal
2024-01-25 04:20:00,USR-0470,0,21.3,7.14,10,1,0,Normal
2024-01-11 11:00:00,USR-0207,6,32.3,17.31,14,5,0,Normal
2024-01-31 08:05:00,USR-0138,6,49.1,4.93,10,4,0,Normal
2024-01-12 01:05:00,USR-0052,3,35.0,19.5,13,7,2,Normal
2024-01-31 06:20:00,USR-0372,8,22.7,21.24,14,2,2,Normal
2024-01-30 07:40:00,USR-0340,3,14.7,12.47,12,2,0,Normal
2024-01-06 10:10:00,USR-0492,7,24.7,38.96,12,1,0,Normal
2024-01-22 11:55:00,USR-0179,1,15.0,16.89,14,7,0,Normal
2024-01-20 07:35:00,USR-0050,1,17.9,12.5,10,3,0,Normal
2024-01-07 04:00:00,USR-0076,2,46.3,3.57,11,3,0,Normal
2024-01-18 16:35:00,USR-0372,1,17.6,59.92,18,2,0,Normal
2024-01-16 15:05:00,USR-0225,1,16.3,18.92,9,3,2,Normal
2024-01-16 09:45:00,USR-0025,0,24.6,0.79,11,1,1,Normal
2024-01-20 21:05:00,USR-0023,6,17.7,5.43,14,3,0,Normal
2024-02-01 07:35:00,USR-0212,3,57.8,5.04,13,3,0,Normal
2024-01-14 03:30:00,USR-0455,1,22.6,30.58,10,2,0,Normal
2024-01-03 12:10:00,USR-0282,2,40.5,2.34,10,1,1,Normal
2024-01-27 13:00:00,USR-0045,1,53.3,6.23,12,1,0,Normal
2024-01-12 15:15:00,USR-0076,6,55.5,0.74,13,6,0,Normal
2024-02-02 02:25:00,USR-0264,15,88.9,162.51,1,38,7,Suspicious
2024-01-24 22:40:00,USR-0202,2,15.7,13.95,14,4,1,Normal
2024-01-16 00:10:00,USR-0157,3,19.7,20.38,11,7,0,Normal
2024-01-18 11:45:00,USR-0346,1,47.4,10.75,7,2,1,Normal
2024-01-28 06:25:00,USR-0408,0,22.8,37.7,9,1,0,Normal
2024-01-09 21:35:00,USR-0263,6,29.9,47.15,13,4,1,Normal
2024-02-01 12:05:00,USR-0141,3,22.4,32.62,18,2,0,Normal
2024-01-06 16:55:00,USR-0091,3,40.8,20.83,13,7,0,Normal
2024-01-14 17:35:00,USR-0492,2,8.7,50.01,14,4,1,Normal
2024-01-29 03:25:00,USR-0385,3,20.0,1.02,11,5,0,Normal
2024-02-02 10:35:00,USR-0100,20,93.4,164.02,1,21,7,Suspicious
2024-01-03 04:20:00,USR-0229,4,12.3,11.18,9,4,0,Normal
2024-01-07 15:30:00,USR-0367,2,27.1,16.52,11,6,1,Normal
2024-02-01 00:55:00,USR-0200,3,31.8,11.74,15,5,2,Normal
2024-01-09 13:15:00,USR-0194,2,19.5,2.7,19,7,1,Normal
2024-01-21 08:00:00,USR-0057,3,28.4,27.82,9,5,1,Normal
2024-01-12 06:20:00,USR-0060,3,32.0,4.15,7,1,0,Normal
2024-01-06 20:15:00,USR-0108,4,26.5,19.44,8,2,0,Normal
2024-01-24 04:05:00,USR-0201,3,29.2,7.75,17,4,0,Normal
2024-01-16 00:50:00,USR-0108,4,39.4,1.33,9,6,1,Normal
2024-01-04 03:35:00,USR-0222,1,23.2,41.65,8,6,0,Normal
2024-02-03 13:00:00,USR-0023,23,93.6,183.79,5,47,14,Suspicious
2024-01-06 03:20:00,USR-0354,3,47.2,1.58,12,7,1,Normal
2024-02-04 12:15:00,USR-0020,32,91.5,468.93,5,44,9,Suspicious
2024-02-04 13:00:00,USR-0103,19,92.4,215.47,1,17,2,Suspicious
2024-01-07 12:20:00,USR-0429,2,26.4,6.36,12,2,1,Normal
2024-01-21 15:10:00,USR-0418,2,25.1,5.37,12,2,0,Normal
2024-01-30 11:30:00,USR-0160,1,12.8,2.86,10,6,1,Normal
2024-01-07 20:05:00,USR-0006,1,43.2,26.18,12,2,1,Normal
2024-01-05 10:05:00,USR-0421,2,18.5,13.16,17,2,0,Normal
2024-01-24 17:40:00,USR-0259,3,18.3,8.77,9,5,0,Normal
2024-01-20 16:30:00,USR-0082,3,29.0,11.05,10,7,0,Normal
2024-02-02 22:05:00,USR-0239,16,95.5,882.06,5,36,7,Suspicious
2024-01-21 09:25:00,USR-0295,5,19.9,2.16,10,2,2,Normal
2024-01-22 13:10:00,USR-0070,6,20.6,7.35,12,5,1,Normal
2024-01-19 18:50:00,USR-0009,3,21.3,15.6,14,5,2,Normal
2024-02-01 21:25:00,USR-0364,3,33.1,4.02,9,4,2,Normal
2024-01-04 11:15:00,USR-0165,3,27.2,28.06,10,5,1,Normal
2024-01-31 09:45:00,USR-0382,2,31.3,3.56,8,5,0,Normal
2024-02-02 15:30:00,USR-0346,27,90.5,137.04,3,30,11,Suspicious
2024-01-13 16:30:00,USR-0293,0,22.9,2.36,18,5,0,Normal
2024-01-02 10:05:00,USR-0499,5,29.1,2.77,16,1,1,Normal
2024-01-25 07:05:00,USR-0183,1,25.0,11.11,10,7,0,Normal
2024-01-06 06:55:00,USR-0050,3,28.1,13.68,14,4,1,Normal
2024-01-09 14:40:00,USR-0135,2,14.3,3.5,17,1,1,Normal
2024-01-02 06:50:00,USR-0498,6,40.6,4.3,17,6,0,Normal
2024-01-04 00:40:00,USR-0248,1,47.5,25.48,13,6,1,Normal
2024-01-13 05:10:00,USR-0228,1,27.2,26.71,17,6,1,Normal
2024-01-30 17:00:00,USR-0284,6,36.6,3.66,8,7,2,Normal
2024-01-05 05:30:00,USR-0099,5,48.1,10.09,12,5,1,Normal
2024-01-22 18:15:00,USR-0174,4,28.6,2.18,9,1,0,Normal
2024-01-10 22:40:00,USR-0343,3,35.5,6.19,14,3,0,Normal
2024-01-04 06:10:00,USR-0388,3,33.0,45.61,16,2,0,Normal
2024-01-29 11:25:00,USR-0368,4,31.1,2.14,13,5,2,Normal
2024-01-25 02:15:00,USR-0471,6,28.5,11.65,9,5,2,Normal
2024-02-03 07:55:00,USR-0367,22,91.9,170.09,1,42,7,Suspicious
2024-01-22 16:30:00,USR-0283,3,17.1,6.03,11,5,0,Normal
2024-01-07 22:35:00,USR-0309,2,40.1,3.7,10,7,2,Normal
2024-01-31 23:20:00,USR-0023,7,40.5,10.34,14,5,0,Normal
2024-02-02 01:10:00,USR-0284,23,90.6,947.68,3,22,8,Suspicious
2024-01-13 20:20:00,USR-0146,3,28.7,16.92,9,2,0,Normal
2024-01-11 00:15:00,USR-0438,3,43.4,17.52,11,3,0,Normal
2024-02-02 09:35:00,USR-0360,26,97.0,286.16,2,16,10,Suspicious
2024-01-13 00:05:00,USR-0427,1,26.0,5.74,16,4,0,Normal
2024-01-19 01:05:00,USR-0458,4,28.7,1.08,13,6,0,Normal
2024-01-23 19:35:00,USR-0492,2,27.6,6.06,13,1,0,Normal
2024-01-12 01:25:00,USR-0397,3,18.4,7.21,15,7,0,Normal
2024-01-02 10:45:00,USR-0342,3,9.2,5.91,16,1,0,Normal
2024-01-15 15:20:00,USR-0170,2,40.2,3.27,13,3,1,Normal
2024-01-04 07:45:00,USR-0132,4,21.9,15.96,13,4,0,Normal
2024-01-08 05:10:00,USR-0211,3,10.3,13.36,18,2,0,Normal
2024-01-16 20:10:00,USR-0057,5,20.8,30.05,9,6,1,Normal
2024-01-04 01:20:00,USR-0441,5,41.4,14.78,8,3,1,Normal
2024-01-31 16:40:00,USR-0081,3,13.3,24.68,10,5,0,Normal
2024-01-03 10:55:00,USR-0111,3,22.7,39.96,16,6,1,Normal
2024-01-31 09:00:00,USR-0365,3,21.0,10.4,16,6,0,Normal
2024-01-13 08:05:00,USR-0266,5,29.6,56.01,10,7,1,Normal
2024-01-09 14:20:00,USR-0338,1,19.1,18.28,9,5,0,Normal
2024-01-12 22:45:00,USR-0039,7,33.1,1.35,11,2,0,Normal
2024-01-25 18:15:00,USR-0045,6,22.3,0.58,13,2,0,Normal
2024-01-07 05:55:00,USR-0226,5,34.1,8.0,11,6,1,Normal
2024-01-18 04:45:00,USR-0404,5,31.0,4.96,16,2,2,Normal
2024-01-02 02:50:00,USR-0109,4,23.8,16.89,10,7,2,Normal
2024-01-08 12:25:00,USR-0008,5,59.2,3.67,11,4,0,Normal
2024-01-03 20:55:00,USR-0102,2,19.6,3.73,17,3,0,Normal
2024-02-03 13:15:00,USR-0023,20,93.3,324.63,3,46,6,Suspicious
2024-01-26 05:05:00,USR-0473,1,28.6,4.54,19,2,0,Normal
2024-01-27 09:10:00,USR-0197,5,29.5,16.47,15,5,1,Normal
2024-01-23 15:35:00,USR-0384,5,32.3,4.58,9,6,1,Normal
2024-01-09 21:25:00,USR-0142,4,15.6,41.95,16,6,0,Normal
2024-01-12 23:45:00,USR-0442,4,34.2,2.35,13,3,0,Normal
2024-01-24 04:40:00,USR-0244,5,34.8,8.1,17,4,0,Normal
2024-01-20 15:00:00,USR-0044,5,20.8,4.7,18,3,1,Normal
2024-01-20 20:20:00,USR-0139,6,22.0,2.34,15,4,2,Normal
2024-01-15 08:45:00,USR-0147,5,44.6,14.77,13,2,1,Normal
2024-01-19 16:25:00,USR-0302,3,37.7,33.43,9,6,0,Normal
2024-01-11 06:10:00,USR-0205,3,14.2,2.59,13,6,0,Normal
2024-01-10 10:20:00,USR-0097,6,37.5,29.89,8,5,0,Normal
2024-01-28 19:35:00,USR-0449,7,10.0,8.15,11,6,0,Normal
2024-01-14 18:55:00,USR-0401,1,28.3,1.87,15,2,2,Normal
2024-01-17 17:55:00,USR-0470,0,13.2,66.83,14,5,0,Normal
2024-01-01 06:30:00,USR-0203,2,36.9,4.21,12,4,2,Normal
2024-01-04 22:10:00,USR-0433,6,23.1,11.46,10,5,0,Normal
2024-02-03 08:00:00,USR-0474,20,96.2,203.1,2,34,10,Suspicious
2024-01-06 18:15:00,USR-0105,2,28.8,7.01,8,1,0,Normal
2024-01-23 07:30:00,USR-0175,3,19.2,36.43,14,4,0,Normal
2024-01-16 04:15:00,USR-0420,2,19.3,3.05,11,6,1,Normal
2024-01-10 01:25:00,USR-0309,4,20.5,9.08,16,2,0,Normal
2024-01-03 00:10:00,USR-0083,1,17.7,3.63,10,5,2,Normal
2024-01-13 23:30:00,USR-0017,0,21.5,5.24,17,7,3,Normal
2024-01-20 14:50:00,USR-0338,2,25.4,28.32,8,7,0,Normal
2024-01-21 06:25:00,USR-0313,1,19.4,3.35,14,5,0,Normal
2024-01-01 07:50:00,USR-0356,2,33.0,3.31,11,6,1,Normal
2024-01-03 05:30:00,USR-0259,3,20.1,21.32,9,4,0,Normal
2024-01-02 18:35:00,USR-0252,4,33.9,4.99,9,3,0,Normal
2024-01-27 08:50:00,USR-0230,2,35.6,30.79,19,5,0,Normal
2024-01-02 11:55:00,USR-0208,1,37.9,13.02,11,6,2,Normal
2024-01-31 14:15:00,USR-0095,6,22.6,2.03,11,3,0,Normal
2024-02-03 15:55:00,USR-0494,24,97.8,333.5,0,32,7,Suspicious
2024-01-27 05:15:00,USR-0320,2,10.6,20.5,13,3,2,Normal
2024-02-03 09:25:00,USR-0332,24,91.7,994.12,5,21,12,Suspicious
2024-01-12 04:15:00,USR-0462,3,21.2,0.96,17,5,1,Normal
2024-01-20 04:40:00,USR-0072,2,16.0,5.23,13,1,0,Normal
2024-01-10 21:05:00,USR-0216,2,20.9,10.91,9,5,2,Normal
2024-01-22 15:00:00,USR-0459,0,23.3,9.76,11,7,0,Normal
2024-01-10 13:20:00,USR-0170,4,25.6,6.68,17,2,0,Normal
2024-01-14 23:25:00,USR-0272,3,41.6,9.02,13,3,0,Normal
2024-01-07 10:45:00,USR-0437,1,41.0,3.47,13,1,0,Normal
2024-01-06 15:20:00,USR-0219,1,25.6,4.88,14,4,0,Normal
2024-01-23 21:00:00,USR-0179,1,9.5,7.35,12,5,0,Normal
2024-01-07 05:50:00,USR-0424,2,12.1,4.05,12,6,2,Normal
2024-01-08 18:25:00,USR-0286,1,17.7,29.54,19,5,1,Normal
2024-01-01 17:15:00,USR-0466,0,26.1,13.15,11,4,1,Normal
2024-01-08 07:50:00,USR-0388,3,23.8,58.25,15,6,0,Normal
2024-01-18 01:20:00,USR-0208,1,13.5,28.31,10,4,0,Normal
2024-01-27 21:20:00,USR-0127,1,25.9,34.84,10,5,0,Normal
2024-01-21 20:10:00,USR-0024,0,36.3,5.68,13,2,0,Normal
2024-01-22 15:25:00,USR-0018,2,36.3,33.04,10,6,1,Normal
2024-01-20 04:25:00,USR-0377,1,25.8,47.27,17,1,0,Normal
2024-01-17 15:50:00,USR-0488,0,8.5,2.59,8,1,1,Normal
2024-01-08 02:50:00,USR-0015,3,34.8,0.96,9,2,2,Normal
2024-01-29 04:05:00,USR-0381,4,32.4,14.45,11,3,0,Normal
2024-01-20 05:10:00,USR-0490,5,19.4,21.33,16,2,0,Normal
2024-01-31 12:35:00,USR-0132,4,28.4,0.52,14,6,1,Normal
2024-01-17 01:55:00,USR-0333,5,35.5,102.66,17,5,0,Normal
2024-02-01 07:05:00,USR-0430,3,9.1,27.16,19,7,1,Normal
2024-02-02 01:35:00,USR-0205,19,99.3,905.17,3,46,6,Suspicious
2024-01-14 17:50:00,USR-0389,3,19.7,19.5,11,3,1,Normal
2024-01-14 03:15:00,USR-0075,1,60.5,11.47,15,7,1,Normal
2024-01-23 14:30:00,USR-0331,0,38.1,12.13,12,5,0,Normal
2024-01-05 08:35:00,USR-0204,4,31.5,3.74,15,5,1,Normal
2024-01-07 19:10:00,USR-0345,4,28.9,8.63,13,2,0,Normal
2024-02-01 13:25:00,USR-0279,0,11.3,7.63,11,1,1,Normal
2024-01-14 11:25:00,USR-0294,3,38.9,9.3,9,2,1,Normal
2024-02-04 00:00:00,USR-0250,24,86.8,113.34,2,22,7,Suspicious
2024-01-27 18:15:00,USR-0294,2,21.9,14.96,10,3,0,Normal
2024-01-18 19:25:00,USR-0423,1,19.8,15.9,15,7,0,Normal
2024-01-12 16:00:00,USR-0375,4,32.8,4.45,11,3,0,Normal
2024-01-28 11:20:00,USR-0418,3,28.2,1.82,10,7,0,Normal
2024-01-03 20:45:00,USR-0490,4,46.6,16.69,9,1,0,Normal
2024-01-23 13:35:00,USR-0304,1,31.0,8.81,10,5,0,Normal
2024-01-11 18:15:00,USR-0322,3,12.6,1.0,13,3,0,Normal
2024-01-31 16:30:00,USR-0107,0,38.5,22.27,18,2,3,Normal
2024-02-04 08:10:00,USR-0208,20,93.6,150.11,2,19,8,Suspicious
2024-01-07 07:20:00,USR-0438,4,29.4,4.03,13,2,1,Normal
2024-01-03 05:00:00,USR-0200,4,20.2,18.32,11,4,0,Normal
2024-01-14 19:35:00,USR-0083,3,22.1,10.23,11,5,0,Normal
2024-01-11 06:45:00,USR-0436,5,51.5,4.34,18,4,0,Normal
2024-01-21 22:15:00,USR-0134,6,28.0,34.01,9,3,1,Normal
2024-01-10 06:05:00,USR-0175,2,34.1,1.7,12,4,0,Normal
2024-01-04 16:15:00,USR-0022,1,23.1,1.72,10,6,0,Normal
2024-01-28 09:50:00,USR-0102,4,13.8,7.92,9,3,0,Normal
2024-02-01 12:45:00,USR-0166,4,11.8,1.52,10,5,0,Normal
2024-01-30 13:50:00,USR-0049,4,70.6,2.54,17,5,1,Normal
2024-01-20 05:05:00,USR-0185,1,33.5,49.96,16,3,1,Normal
2024-01-22 01:00:00,USR-0433,2,30.3,19.94,16,7,1,Normal
2024-01-03 12:55:00,USR-0077,3,35.9,16.64,19,3,0,Normal
2024-01-09 09:25:00,USR-0015,0,18.1,34.09,14,2,1,Normal
2024-01-28 23:10:00,USR-0138,1,20.1,11.72,12,3,0,Normal
2024-02-04 07:40:00,USR-0267,23,99.6,463.87,4,24,11,Suspicious
2024-01-07 05:05:00,USR-0296,2,26.3,23.24,10,4,1,Normal
2024-01-06 20:20:00,USR-0339,1,38.4,19.02,12,5,0,Normal
2024-01-18 23:45:00,USR-0061,4,51.3,19.66,8,2,0,Normal
2024-01-23 20:40:00,USR-0434,4,48.1,42.32,10,6,1,Normal
2024-01-26 11:10:00,USR-0379,2,13.8,51.33,11,1,0,Normal
2024-01-26 10:15:00,USR-0457,7,40.8,19.53,15,5,0,Normal
2024-01-31 11:30:00,USR-0018,2,36.7,2.68,10,7,0,Normal
2024-01-25 12:55:00,USR-0358,1,47.7,13.54,13,2,0,Normal
2024-01-02 13:40:00,USR-0475,0,11.4,24.88,14,4,0,Normal
2024-01-03 22:05:00,USR-0355,4,30.1,1.31,11,5,0,Normal
2024-01-09 08:35:00,USR-0169,3,8.3,17.88,9,5,0,Normal
2024-01-08 04:50:00,USR-0491,5,27.5,57.6,12,3,0,Normal
2024-01-02 15:55:00,USR-0440,3,29.8,3.14,7,5,0,Normal
2024-01-19 05:10:00,USR-0277,5,7.0,1.52,8,7,1,Normal
2024-01-21 14:25:00,USR-0076,3,17.2,8.75,10,2,1,Normal
2024-01-09 03:55:00,USR-0149,0,30.2,7.07,18,6,0,Normal
2024-01-27 14:00:00,USR-0310,6,25.8,12.97,11,1,2,Normal
2024-01-19 04:40:00,USR-0363,4,16.6,31.69,10,7,0,Normal
2024-01-30 17:55:00,USR-0256,2,12.7,2.46,11,1,0,Normal
2024-01-07 09:50:00,USR-0369,2,36.4,11.34,11,7,0,Normal
2024-01-07 14:10:00,USR-0371,7,34.1,1.0,18,6,1,Normal
2024-01-13 08:50:00,USR-0374,5,33.5,11.89,11,4,1,Normal
2024-01-12 22:00:00,USR-0466,1,21.3,58.45,10,1,0,Normal
2024-01-03 21:40:00,USR-0178,2,11.9,13.22,7,3,0,Normal
2024-01-13 09:40:00,USR-0447,3,28.9,16.78,13,3,1,Normal
2024-01-04 04:20:00,USR-0252,3,9.7,7.79,16,5,3,Normal
2024-01-09 12:45:00,USR-0099,1,52.3,40.88,11,6,0,Normal
2024-01-14 22:50:00,USR-0339,5,13.1,35.95,9,5,2,Normal
2024-01-04 22:40:00,USR-0471,2,29.6,39.23,9,1,0,Normal
2024-01-28 18:00:00,USR-0060,1,21.4,16.34,10,1,2,Normal
2024-02-01 07:20:00,USR-0050,1,49.0,1.0,9,5,0,Normal
2024-01-06 08:45:00,USR-0372,5,12.8,27.47,12,7,0,Normal
2024-01-14 04:00:00,USR-0020,4,72.5,20.66,16,1,0,Normal
2024-01-01 19:00:00,USR-0189,6,19.6,53.49,18,4,0,Normal
2024-01-01 13:30:00,USR-0185,0,30.2,5.74,9,4,0,Normal
2024-01-19 10:45:00,USR-0473,4,19.0,23.26,10,1,1,Normal
2024-01-12 05:15:00,USR-0230,3,42.9,17.67,13,3,0,Normal
2024-01-30 20:45:00,USR-0287,1,16.2,3.34,10,7,1,Normal
2024-01-26 07:05:00,USR-0269,2,37.4,7.47,14,5,1,Normal
2024-01-04 01:40:00,USR-0197,3,9.7,12.5,11,6,1,Normal
2024-01-15 19:50:00,USR-0112,3,33.4,6.82,10,5,0,Normal
2024-02-03 02:20:00,USR-0153,22,93.3,203.91,4,16,4,Suspicious
2024-01-20 18:55:00,USR-0202,6,56.4,30.68,7,5,0,Normal
2024-01-29 12:55:00,USR-0227,3,35.0,21.14,7,5,1,Normal
2024-01-20 19:45:00,USR-0305,1,40.8,4.79,10,1,0,Normal
2024-01-20 05:00:00,USR-0438,3,47.4,4.68,10,2,0,Normal
2024-01-04 03:05:00,USR-0330,6,35.4,15.53,8,6,0,Normal
2024-01-18 15:55:00,USR-0085,2,17.7,23.57,8,5,2,Normal
2024-02-02 16:05:00,USR-0427,29,86.9,439.75,3,41,10,Suspicious
2024-01-31 23:25:00,USR-0170,1,20.5,1.15,12,5,0,Normal
2024-01-15 06:55:00,USR-0176,5,28.9,29.71,10,7,0,Normal
2024-01-01 18:15:00,USR-0116,6,27.2,13.19,19,2,0,Normal
2024-01-04 04:30:00,USR-0079,9,47.3,20.1,9,4,1,Normal
2024-01-15 01:35:00,USR-0044,2,45.0,8.12,13,6,2,Normal
2024-01-22 19:40:00,USR-0328,4,31.0,15.69,10,3,0,Normal
2024-01-12 09:55:00,USR-0084,4,37.0,3.76,12,1,0,Normal
2024-01-14 19:10:00,USR-0210,1,30.5,2.4,15,2,1,Normal
2024-01-20 11:00:00,USR-0436,3,24.3,2.98,8,7,1,Normal
2024-01-04 16:35:00,USR-0074,1,10.4,4.43,11,3,0,Normal
2024-01-21 16:50:00,USR-0148,5,36.8,2.3,9,2,1,Normal
2024-01-22 19:50:00,USR-0409,4,53.5,14.45,9,5,0,Normal
2024-01-22 11:40:00,USR-0342,4,30.8,5.25,10,7,1,Normal
2024-02-02 15:10:00,USR-0136,22,91.4,935.49,3,41,12,Suspicious
2024-02-03 11:10:00,USR-0016,26,93.3,808.61,0,33,10,Suspicious
2024-02-03 16:55:00,USR-0268,23,87.0,383.28,0,24,6,Suspicious
2024-01-20 20:45:00,USR-0336,4,16.2,47.67,10,1,0,Normal
2024-01-25 16:40:00,USR-0012,1,14.5,3.58,11,3,1,Normal
2024-01-25 00:30:00,USR-0222,2,36.7,43.27,14,6,0,Normal
2024-01-09 13:05:00,USR-0059,6,10.1,11.49,14,4,0,Normal
2024-01-27 05:50:00,USR-0188,2,21.2,9.06,12,3,0,Normal
2024-01-03 10:15:00,USR-0242,1,20.5,1.1,10,4,0,Normal
2024-01-26 00:15:00,USR-0487,3,20.6,3.31,15,7,0,Normal
2024-01-09 00:15:00,USR-0256,2,20.4,22.02,13,2,0,Normal
2024-01-06 19:55:00,USR-0080,0,14.1,4.9,10,3,0,Normal
2024-01-16 09:35:00,USR-0362,4,35.8,22.87,8,1,0,Normal
2024-01-08 02:00:00,USR-0364,3,47.2,1.38,16,3,2,Normal
2024-01-27 23:20:00,USR-0119,0,20.7,8.81,13,7,0,Normal
2024-01-23 20:30:00,USR-0411,3,7.8,1.54,11,6,0,Normal
2024-01-19 20:15:00,USR-0213,2,9.2,16.83,10,4,1,Normal
2024-01-09 04:20:00,USR-0360,5,21.7,1.57,8,5,3,Normal
2024-02-03 03:20:00,USR-0212,15,96.3,514.57,5,43,2,Suspicious
2024-01-18 05:40:00,USR-0220,1,63.6,14.28,12,5,3,Normal
2024-01-15 15:45:00,USR-0085,4,38.3,15.65,11,2,3,Normal
2024-01-01 08:40:00,USR-0011,2,35.6,18.82,13,4,0,Normal
2024-01-03 15:55:00,USR-0227,3,40.3,5.26,8,6,1,Normal
2024-01-11 16:40:00,USR-0328,3,30.7,6.86,15,4,0,Normal
2024-01-12 14:35:00,USR-0422,3,21.1,10.4,15,3,0,Normal
2024-02-02 13:50:00,USR-0465,28,94.4,173.17,0,32,4,Suspicious
2024-01-10 14:40:00,USR-0160,3,54.1,8.2,11,7,2,Normal
2024-01-14 01:35:00,USR-0424,2,36.5,26.0,10,6,0,Normal
2024-01-08 10:40:00,USR-0122,2,46.4,9.24,13,3,2,Normal
2024-01-10 22:45:00,USR-0225,3,39.3,7.19,13,4,0,Normal
2024-01-04 08:15:00,USR-0246,3,9.7,4.8,11,3,0,Normal
2024-01-23 07:10:00,USR-0351,4,15.9,16.48,10,1,0,Normal
2024-01-04 17:45:00,USR-0237,4,27.0,21.32,9,7,2,Normal
2024-01-10 03:30:00,USR-0145,2,36.2,6.89,12,4,0,Normal
2024-01-08 03:15:00,USR-0319,2,40.8,15.46,14,7,0,Normal
2024-01-21 12:20:00,USR-0137,3,20.5,14.6,12,5,0,Normal
2024-01-22 00:55:00,USR-0076,3,37.7,5.51,12,3,1,Normal
2024-01-21 17:15:00,USR-0420,2,34.3,4.63,18,4,1,Normal
2024-02-02 08:25:00,USR-0230,19,99.3,1099.16,0,29,6,Suspicious
2024-02-01 14:45:00,USR-0389,3,30.0,8.35,8,3,1,Normal
2024-01-30 05:30:00,USR-0293,1,12.4,19.03,14,5,0,Normal
2024-01-09 13:00:00,USR-0271,5,45.3,7.53,13,2,1,Normal
2024-01-03 18:25:00,USR-0374,4,28.3,1.7,11,5,0,Normal
2024-01-13 09:45:00,USR-0090,5,31.0,7.4,10,2,0,Normal
2024-01-16 04:35:00,USR-0062,5,17.1,6.06,10,6,0,Normal
2024-01-23 19:00:00,USR-0366,1,12.7,19.66,9,6,0,Normal
2024-01-07 15:40:00,USR-0282,7,6.0,29.22,11,3,0,Normal
2024-01-19 15:50:00,USR-0139,4,10.7,18.0,11,2,1,Normal
2024-01-27 15:00:00,USR-0213,3,23.6,32.15,11,2,0,Normal
2024-01-25 09:00:00,USR-0320,3,23.6,4.65,19,4,0,Normal
2024-01-25 00:45:00,USR-0248,2,41.6,12.55,19,7,0,Normal
2024-01-02 08:40:00,USR-0389,3,26.5,4.68,10,3,0,Normal
2024-01-21 16:35:00,USR-0039,3,14.2,25.72,11,1,0,Normal
2024-01-13 11:05:00,USR-0135,1,35.4,1.06,8,6,1,Normal
2024-01-22 09:35:00,USR-0470,2,30.8,5.6,10,6,0,Normal
2024-01-17 02:50:00,USR-0156,3,63.0,21.05,12,1,1,Normal
2024-01-06 09:50:00,USR-0475,5,38.7,1.1,8,2,1,Normal
2024-01-23 21:40:00,USR-0121,0,24.3,7.48,15,7,0,Normal
2024-01-27 04:10:00,USR-0083,2,39.2,2.44,9,4,1,Normal
2024-01-17 13:00:00,USR-0485,2,24.9,2.86,11,6,0,Normal
2024-01-25 03:10:00,USR-0191,0,29.2,10.12,15,2,0,Normal
2024-01-18 17:25:00,USR-0284,1,21.0,13.22,16,4,0,Normal
2024-01-10 17:35:00,USR-0270,2,11.5,1.92,11,2,0,Normal
2024-01-30 11:25:00,USR-0325,5,18.0,5.65,14,3,1,Normal
2024-02-01 12:55:00,USR-0267,2,18.8,6.85,18,5,1,Normal
2024-01-06 21:30:00,USR-0381,4,31.7,2.09,13,6,1,Normal
2024-02-02 01:50:00,USR-0081,27,93.5,374.08,5,36,5,Suspicious
2024-01-23 16:50:00,USR-0368,2,32.9,6.98,16,3,0,Normal
2024-01-11 08:15:00,USR-0496,1,22.0,3.84,18,1,0,Normal
2024-01-20 23:25:00,USR-0065,6,10.4,6.8,10,6,0,Normal
2024-01-11 22:00:00,USR-0488,2,28.0,8.16,11,7,1,Normal
2024-01-20 10:50:00,USR-0302,4,39.3,49.69,12,1,0,Normal
2024-01-20 21:25:00,USR-0311,6,37.9,68.73,10,3,0,Normal
2024-01-02 23:35:00,USR-0351,0,28.8,11.34,10,5,0,Normal
2024-01-10 04:30:00,USR-0384,5,18.0,99.54,12,7,0,Normal
2024-01-31 17:05:00,USR-0279,2,10.8,12.12,7,2,0,Normal
2024-01-27 06:25:00,USR-0176,1,23.5,10.25,13,2,0,Normal
2024-02-03 19:20:00,USR-0386,21,94.1,539.59,4,31,9,Suspicious
2024-01-05 00:05:00,USR-0182,3,41.6,6.3,16,3,2,Normal
2024-01-29 08:55:00,USR-0322,2,37.2,2.53,12,5,0,Normal
2024-01-24 06:15:00,USR-0134,2,21.2,71.0,11,2,0,Normal
2024-01-04 22:15:00,USR-0016,4,25.9,13.17,12,3,0,Normal
2024-01-30 09:50:00,USR-0213,0,32.2,13.4,16,4,0,Normal
2024-01-31 10:10:00,USR-0278,6,7.6,20.44,13,2,0,Normal
2024-01-10 18:25:00,USR-0227,0,20.8,5.5,13,6,0,Normal
2024-02-02 01:05:00,USR-0448,28,92.2,143.46,0,35,10,Suspicious
2024-01-21 06:05:00,USR-0025,6,19.1,1.24,18,6,0,Normal
2024-01-24 14:40:00,USR-0100,5,48.8,25.12,10,5,2,Normal
2024-01-11 17:05:00,USR-0099,2,40.2,3.76,10,3,1,Normal
2024-01-04 16:30:00,USR-0372,1,44.5,16.29,14,3,0,Normal
2024-01-19 08:15:00,USR-0282,3,34.3,19.4,16,7,0,Normal
2024-01-04 01:25:00,USR-0042,3,31.4,5.83,17,2,0,Normal
2024-01-03 15:30:00,USR-0269,5,44.6,2.94,13,2,0,Normal
2024-01-21 16:55:00,USR-0178,1,15.5,52.69,15,7,0,Normal
2024-01-11 18:25:00,USR-0404,4,25.7,8.81,9,2,1,Normal
2024-01-20 16:15:00,USR-0406,3,34.1,10.69,18,1,0,Normal
2024-01-13 03:00:00,USR-0003,1,15.7,3.37,9,1,1,Normal
2024-01-28 10:50:00,USR-0491,5,47.9,3.34,9,1,0,Normal
2024-01-11 17:20:00,USR-0123,3,18.5,33.83,8,4,1,Normal
2024-01-25 10:00:00,USR-0479,3,22.1,18.36,15,7,1,Normal
2024-01-05 20:35:00,USR-0202,0,43.5,15.64,7,2,0,Normal
2024-01-24 00:05:00,USR-0204,2,28.9,3.85,12,3,1,Normal
2024-01-13 11:20:00,USR-0307,5,39.2,14.79,8,4,1,Normal
2024-01-24 16:15:00,USR-0226,4,53.5,5.08,9,4,0,Normal
2024-01-20 05:20:00,USR-0427,1,62.8,25.76,9,5,1,Normal
2024-01-13 09:30:00,USR-0325,1,66.3,17.53,13,1,0,Normal
2024-01-22 00:50:00,USR-0406,2,50.6,4.85,11,4,0,Normal
2024-02-03 02:40:00,USR-0397,15,98.7,497.07,4,15,11,Suspicious
2024-01-31 18:55:00,USR-0344,3,33.0,0.9,10,1,1,Normal
2024-02-03 22:35:00,USR-0185,26,90.8,1384.66,2,45,7,Suspicious
2024-01-07 22:55:00,USR-0451,4,36.6,29.02,15,3,1,Normal
2024-01-13 05:15:00,USR-0492,1,37.8,1.94,9,6,0,Normal
2024-01-10 05:25:00,USR-0235,6,14.0,2.87,17,2,0,Normal
2024-01-16 00:35:00,USR-0250,6,30.0,3.02,11,5,0,Normal
2024-01-06 05:00:00,USR-0378,1,32.0,10.17,14,6,1,Normal
2024-01-19 11:05:00,USR-0474,3,17.8,13.5,11,7,0,Normal
2024-02-04 05:20:00,USR-0304,19,90.4,374.33,2,45,4,Suspicious
2024-01-15 04:45:00,USR-0254,5,10.4,2.5,14,5,0,Normal
2024-01-20 07:00:00,USR-0375,5,16.0,20.71,9,3,0,Normal
2024-01-16 12:35:00,USR-0295,1,18.5,20.58,7,5,1,Normal
2024-01-12 23:00:00,USR-0056,2,16.4,23.42,14,6,0,Normal
2024-01-04 17:20:00,USR-0270,4,12.7,1.43,17,2,3,Normal
2024-01-27 04:25:00,USR-0356,6,46.1,6.84,10,2,0,Normal
2024-01-01 16:20:00,USR-0297,2,46.8,2.81,14,6,0,Normal
2024-01-27 02:55:00,USR-0404,3,23.0,22.74,9,4,1,Normal
2024-01-27 15:55:00,USR-0061,5,30.8,2.61,9,3,0,Normal
2024-02-02 02:45:00,USR-0142,21,90.8,850.05,0,31,11,Suspicious
2024-01-23 19:50:00,USR-0007,2,17.1,2.39,7,6,1,Normal
2024-01-13 10:25:00,USR-0496,8,20.1,3.92,11,2,0,Normal
2024-01-03 19:05:00,USR-0346,3,24.5,6.92,14,5,0,Normal
2024-01-09 22:25:00,USR-0498,3,7.5,16.46,12,2,1,Normal
2024-01-02 01:25:00,USR-0424,1,58.6,3.45,10,6,0,Normal
2024-01-13 12:10:00,USR-0152,1,8.0,8.19,9,6,0,Normal
2024-01-01 17:05:00,USR-0263,2,8.2,37.62,14,4,2,Normal
2024-01-08 06:25:00,USR-0362,2,18.1,23.94,10,1,1,Normal
2024-01-27 18:55:00,USR-0065,3,24.5,24.22,14,4,0,Normal
2024-01-04 04:45:00,USR-0159,4,19.8,12.09,12,1,0,Normal
2024-01-12 10:45:00,USR-0187,4,23.9,2.41,9,3,1,Normal
2024-01-19 04:05:00,USR-0269,4,25.2,10.01,9,7,0,Normal
2024-01-20 07:10:00,USR-0037,3,32.5,9.64,19,7,0,Normal
2024-01-29 19:10:00,USR-0265,0,33.5,19.42,9,5,1,Normal
2024-01-25 18:35:00,USR-0050,7,5.8,11.4,13,5,1,Normal
2024-01-22 00:30:00,USR-0077,3,30.4,6.35,13,2,0,Normal
2024-01-14 02:25:00,USR-0112,2,25.7,2.9,17,4,0,Normal
2024-01-18 16:00:00,USR-0315,1,15.1,22.43,12,5,0,Normal
2024-01-26 20:55:00,USR-0488,2,40.7,6.05,10,4,1,Normal
2024-01-07 01:40:00,USR-0120,2,26.4,3.55,9,6,0,Normal
2024-01-25 00:05:00,USR-0471,4,41.2,53.52,11,2,0,Normal
2024-02-01 12:10:00,USR-0448,1,31.7,25.93,9,1,0,Normal
2024-01-20 04:55:00,USR-0150,0,35.4,16.06,12,7,0,Normal
2024-01-04 08:45:00,USR-0311,6,12.1,17.3,12,3,0,Normal
2024-01-08 10:55:00,USR-0103,3,38.3,2.59,9,7,0,Normal
2024-01-07 15:00:00,USR-0485,1,25.7,24.15,10,5,0,Normal
2024-02-03 20:25:00,USR-0031,17,86.9,368.76,2,34,6,Suspicious
2024-01-02 11:40:00,USR-0423,3,12.4,42.4,10,3,0,Normal
2024-02-01 20:10:00,USR-0144,5,24.6,4.39,9,3,1,Normal
2024-01-23 19:45:00,USR-0098,2,16.2,10.42,16,3,0,Normal
2024-01-22 05:45:00,USR-0073,6,53.5,4.98,15,2,1,Normal
2024-02-03 01:00:00,USR-0058,23,98.3,332.21,5,19,8,Suspicious
2024-01-05 01:20:00,USR-0201,7,33.8,4.24,12,4,0,Normal
2024-01-02 00:25:00,USR-0238,4,24.8,8.13,17,7,1,Normal
2024-01-21 12:40:00,USR-0052,1,10.2,17.84,15,3,0,Normal
2024-01-20 23:30:00,USR-0388,2,17.2,3.5,7,1,1,Normal
2024-01-04 23:00:00,USR-0094,5,26.6,13.27,10,3,1,Normal
2024-01-08 22:45:00,USR-0456,2,9.2,38.93,12,5,0,Normal
2024-01-10 10:00:00,USR-0193,2,34.5,29.43,17,3,0,Normal
2024-01-26 05:55:00,USR-0279,0,16.0,3.29,10,3,2,Normal
2024-01-16 15:50:00,USR-0289,2,7.4,12.26,8,6,0,Normal
2024-01-24 15:00:00,USR-0467,0,25.5,37.8,9,5,0,Normal
2024-01-25 21:05:00,USR-0021,0,12.1,16.56,14,7,0,Normal
2024-01-18 16:25:00,USR-0382,2,24.7,22.81,11,1,1,Normal
2024-01-08 15:55:00,USR-0461,2,31.5,29.13,15,1,0,Normal
2024-01-05 11:35:00,USR-0485,3,29.3,7.53,11,3,0,Normal
2024-01-16 18:40:00,USR-0184,6,15.2,13.97,10,3,1,Normal
2024-01-04 12:25:00,USR-0260,3,10.3,15.22,12,6,0,Normal
2024-01-04 08:20:00,USR-0484,5,46.2,2.86,12,2,0,Normal
2024-01-05 20:05:00,USR-0202,5,29.9,3.14,17,6,0,Normal
2024-01-18 00:20:00,USR-0354,1,16.5,7.73,19,6,1,Normal
2024-01-02 22:50:00,USR-0359,6,36.2,4.58,9,6,1,Normal
2024-01-11 21:05:00,USR-0391,5,37.1,6.94,13,2,1,Normal
2024-01-22 21:05:00,USR-0163,1,22.8,4.52,11,1,0,Normal
2024-02-01 02:20:00,USR-0467,2,18.3,20.21,17,2,0,Normal
2024-01-31 19:45:00,USR-0348,2,59.0,11.33,14,4,1,Normal
2024-01-30 19:25:00,USR-0177,4,14.3,64.66,11,7,0,Normal
2024-02-03 05:10:00,USR-0075,23,99.1,606.79,5,15,6,Suspicious
2024-01-29 08:25:00,USR-0244,4,16.6,29.92,11,4,0,Normal
2024-01-14 11:50:00,USR-0347,3,13.0,18.11,12,2,2,Normal
2024-01-10 17:55:00,USR-0293,6,31.7,1.04,15,2,0,Normal
2024-02-04 01:35:00,USR-0075,20,98.8,297.72,5,15,9,Suspicious
2024-01-11 05:15:00,USR-0236,1,21.3,3.94,13,5,0,Normal
2024-01-17 18:35:00,USR-0355,1,43.1,43.09,10,3,0,Normal
2024-01-16 12:45:00,USR-0476,5,58.2,3.08,10,2,0,Normal
2024-01-09 04:30:00,USR-0171,2,58.0,1.22,8,5,1,Normal
2024-02-02 14:50:00,USR-0098,24,97.3,1287.0,3,45,8,Suspicious
2024-02-03 10:30:00,USR-0416,21,91.0,287.49,3,27,11,Suspicious
2024-01-17 10:00:00,USR-0028,4,25.8,41.61,14,5,0,Normal
2024-02-01 23:45:00,USR-0006,17,86.7,159.58,4,37,8,Suspicious
2024-01-27 14:05:00,USR-0224,1,12.8,10.99,13,7,1,Normal
2024-01-21 22:20:00,USR-0452,5,42.8,8.54,15,3,0,Normal
2024-01-08 20:50:00,USR-0462,3,19.9,6.57,15,2,0,Normal
2024-01-29 04:35:00,USR-0424,2,30.8,13.22,17,4,0,Normal
2024-01-26 12:25:00,USR-0487,3,28.9,20.53,10,3,0,Normal
2024-01-28 21:20:00,USR-0220,2,19.9,4.4,9,4,1,Normal
2024-01-01 04:15:00,USR-0326,3,34.8,10.87,10,4,1,Normal
2024-01-15 14:40:00,USR-0480,3,44.7,42.03,15,4,0,Normal
2024-02-03 14:30:00,USR-0006,21,88.3,206.17,1,46,6,Suspicious
2024-01-04 17:00:00,USR-0370,3,39.6,9.61,12,5,1,Normal
2024-01-21 03:05:00,USR-0480,2,24.4,35.71,13,4,0,Normal
2024-01-22 08:05:00,USR-0154,8,37.7,15.07,18,4,2,Normal
2024-01-28 15:00:00,USR-0126,7,22.2,33.88,12,2,0,Normal
2024-01-07 04:45:00,USR-0143,3,20.6,17.86,9,6,0,Normal
2024-02-01 03:00:00,USR-0114,1,38.4,34.73,10,4,1,Normal
2024-01-22 12:40:00,USR-0259,2,12.3,4.8,12,3,3,Normal
2024-01-16 23:20:00,USR-0080,1,28.7,5.11,8,1,2,Normal
2024-01-27 03:35:00,USR-0449,2,20.8,14.04,14,4,0,Normal
2024-01-18 05:30:00,USR-0317,1,25.8,2.03,9,5,1,Normal
2024-01-02 07:45:00,USR-0099,2,34.0,18.34,13,3,1,Normal
2024-01-22 05:15:00,USR-0496,2,12.8,5.71,11,5,1,Normal
2024-01-03 00:55:00,USR-0295,5,21.3,25.48,8,4,0,Normal
2024-01-25 21:50:00,USR-0405,3,13.5,3.69,10,1,0,Normal
2024-01-21 09:20:00,USR-0130,2,23.9,12.77,14,7,0,Normal
2024-01-14 22:55:00,USR-0331,3,19.3,9.77,12,5,1,Normal
2024-01-25 11:20:00,USR-0192,1,32.4,17.43,11,5,1,Normal
2024-01-10 10:10:00,USR-0192,6,44.3,0.76,8,6,0,Normal
2024-01-19 16:55:00,USR-0318,3,38.7,8.73,16,5,1,Normal
2024-01-30 13:40:00,USR-0389,3,44.2,14.14,13,5,1,Normal
2024-01-28 16:25:00,USR-0145,2,39.5,18.62,12,7,0,Normal
2024-01-26 18:55:00,USR-0263,4,49.5,2.5,14,3,0,Normal
2024-01-20 10:10:00,USR-0216,1,25.1,21.24,9,1,0,Normal
2024-01-03 17:35:00,USR-0101,1,29.5,4.02,14,4,0,Normal
2024-01-14 23:20:00,USR-0058,3,39.9,3.21,13,2,1,Normal
2024-02-01 14:30:00,USR-0255,3,47.0,13.54,11,1,0,Normal
2024-01-08 06:55:00,USR-0301,5,8.1,2.33,15,1,1,Normal
2024-01-30 10:30:00,USR-0289,1,26.5,3.73,8,2,2,Normal
2024-02-03 21:30:00,USR-0436,18,92.5,445.37,1,34,10,Suspicious
2024-01-22 08:20:00,USR-0413,4,19.0,7.99,15,1,1,Normal
2024-01-06 10:20:00,USR-0122,1,17.1,12.43,9,4,1,Normal
2024-01-10 15:50:00,USR-0214,3,34.6,32.62,14,6,1,Normal
2024-01-02 11:10:00,USR-0205,5,17.6,51.09,13,4,1,Normal
2024-01-09 21:00:00,USR-0058,2,44.8,16.89,10,4,0,Normal
2024-01-05 14:35:00,USR-0443,1,13.0,10.41,10,7,0,Normal
2024-01-16 19:00:00,USR-0114,6,66.7,11.39,10,1,2,Normal
2024-01-18 22:30:00,USR-0045,5,33.1,13.49,17,6,0,Normal
2024-01-24 11:15:00,USR-0264,2,42.8,6.78,16,4,0,Normal
2024-01-15 05:40:00,USR-0100,2,20.9,4.14,10,5,1,Normal
2024-01-30 03:15:00,USR-0294,2,19.5,1.54,10,6,0,Normal
2024-01-28 08:00:00,USR-0285,3,16.2,4.73,13,2,1,Normal
2024-02-01 12:00:00,USR-0299,3,44.6,5.78,15,6,0,Normal
2024-01-23 06:15:00,USR-0304,0,25.6,31.63,10,5,0,Normal
2024-01-13 00:45:00,USR-0158,4,9.5,19.1,18,6,0,Normal
2024-02-01 00:45:00,USR-0108,5,21.1,15.28,19,6,0,Normal
2024-02-02 11:05:00,USR-0369,24,87.1,479.46,1,33,8,Suspicious
2024-01-31 13:55:00,USR-0104,2,32.4,5.64,14,5,1,Normal
2024-01-26 12:50:00,USR-0035,5,10.7,8.79,12,3,0,Normal
2024-01-21 11:25:00,USR-0466,4,21.9,11.76,16,1,1,Normal
2024-01-06 01:00:00,USR-0022,3,28.0,14.19,10,2,2,Normal
2024-01-05 13:05:00,USR-0497,4,29.3,14.39,19,7,2,Normal
2024-01-12 00:50:00,USR-0079,2,31.6,3.37,10,2,0,Normal
2024-01-17 20:15:00,USR-0467,6,33.4,25.97,13,3,0,Normal
2024-01-07 06:45:00,USR-0347,5,23.6,23.76,16,2,0,Normal
2024-01-21 11:50:00,USR-0351,3,21.8,10.89,10,1,0,Normal
2024-01-08 13:40:00,USR-0159,4,41.5,3.76,12,3,0,Normal
2024-01-09 16:15:00,USR-0085,5,50.7,8.46,12,6,0,Normal
2024-01-22 16:15:00,USR-0269,2,27.0,29.53,17,5,1,Normal
2024-01-15 11:35:00,USR-0325,2,18.2,6.87,15,1,1,Normal
2024-01-20 07:15:00,USR-0337,3,8.8,9.26,19,7,1,Normal
2024-01-15 07:55:00,USR-0263,3,59.4,33.78,15,1,0,Normal
2024-01-07 08:45:00,USR-0236,2,44.1,22.59,14,7,0,Normal
2024-01-09 19:30:00,USR-0397,4,13.4,3.64,11,6,1,Normal
2024-01-22 21:00:00,USR-0064,1,21.9,30.95,17,7,0,Normal
2024-01-24 20:00:00,USR-0494,4,28.7,12.45,8,1,0,Normal
2024-01-05 19:30:00,USR-0469,1,25.9,9.96,14,7,0,Normal
2024-01-26 15:55:00,USR-0028,3,39.4,0.96,15,3,1,Normal
2024-01-22 13:20:00,USR-0088,2,35.1,1.71,14,1,0,Normal
2024-01-06 08:25:00,USR-0139,3,13.3,35.67,19,1,1,Normal
2024-01-16 13:40:00,USR-0444,1,61.7,2.76,12,5,0,Normal
2024-01-17 03:55:00,USR-0276,0,24.0,74.49,15,5,0,Normal
2024-01-03 21:55:00,USR-0139,2,43.6,3.21,8,4,1,Normal
2024-01-26 01:50:00,USR-0482,1,17.2,26.3,9,7,0,Normal
2024-01-22 00:35:00,USR-0387,2,16.1,13.6,18,7,0,Normal
2024-01-10 08:30:00,USR-0496,5,26.7,22.43,7,3,0,Normal
2024-01-19 15:40:00,USR-0433,4,20.6,3.67,12,4,0,Normal
2024-01-08 17:55:00,USR-0150,2,24.7,5.74,14,3,1,Normal
2024-01-20 18:05:00,USR-0069,0,45.4,14.94,16,7,1,Normal
2024-01-17 22:40:00,USR-0228,3,53.8,45.43,10,5,1,Normal
2024-01-08 11:50:00,USR-0042,3,22.1,6.14,15,4,1,Normal
2024-01-22 19:35:00,USR-0157,4,36.4,22.91,10,2,0,Normal
2024-01-24 18:15:00,USR-0107,5,16.3,4.44,7,1,0,Normal
2024-01-31 23:30:00,USR-0070,2,23.8,46.98,10,4,0,Normal
2024-01-05 03:20:00,USR-0090,2,36.5,5.38,13,1,1,Normal
2024-01-15 14:00:00,USR-0273,4,27.0,15.28,13,6,0,Normal
2024-01-20 02:40:00,USR-0481,3,26.4,17.12,14,3,2,Normal
2024-01-15 08:10:00,USR-0029,1,26.9,9.06,17,6,0,Normal
2024-01-23 10:00:00,USR-0293,1,25.0,3.57,10,4,2,Normal
2024-01-02 05:10:00,USR-0016,4,13.6,9.56,13,2,0,Normal
2024-01-15 15:15:00,USR-0495,4,25.5,4.3,14,1,2,Normal
2024-01-08 07:20:00,USR-0260,4,15.7,5.23,13,4,1,Normal
2024-01-19 09:00:00,USR-0108,3,7.9,71.53,16,3,0,Normal
2024-02-02 10:20:00,USR-0307,29,99.8,671.62,4,43,2,Suspicious
2024-01-29 08:00:00,USR-0291,2,39.7,9.1,10,6,0,Normal
2024-01-29 02:00:00,USR-0264,0,31.4,6.79,10,7,0,Normal
2024-01-30 02:20:00,USR-0499,6,29.0,3.32,9,4,1,Normal
2024-01-05 23:45:00,USR-0022,0,37.3,0.91,12,2,1,Normal
2024-01-11 00:40:00,USR-0180,6,35.7,29.37,10,2,1,Normal
2024-01-30 13:30:00,USR-0340,2,43.9,1.29,13,2,0,Normal
2024-01-21 22:05:00,USR-0396,5,28.6,19.84,12,4,1,Normal
2024-01-24 22:55:00,USR-0487,3,42.2,3.81,16,7,1,Normal
2024-01-13 20:35:00,USR-0187,0,29.6,5.18,8,1,0,Normal
2024-01-15 01:10:00,USR-0455,4,30.4,4.27,8,1,0,Normal
2024-01-01 22:00:00,USR-0330,0,17.9,4.2,15,3,0,Normal
2024-01-25 05:50:00,USR-0051,2,8.7,5.87,13,7,0,Normal
2024-01-23 08:00:00,USR-0451,3,46.9,1.81,14,5,0,Normal
2024-01-12 14:30:00,USR-0111,0,18.6,3.07,8,6,1,Normal
2024-01-07 00:05:00,USR-0129,3,17.0,4.01,10,3,0,Normal
2024-01-26 08:35:00,USR-0181,4,40.8,4.51,16,4,2,Normal
2024-01-24 08:40:00,USR-0071,4,33.8,14.05,10,1,0,Normal
2024-01-02 20:20:00,USR-0497,6,38.2,13.51,10,2,1,Normal
2024-01-30 20:15:00,USR-0038,3,16.3,22.43,7,5,0,Normal
2024-01-03 09:00:00,USR-0230,2,37.6,3.27,14,3,0,Normal
2024-01-06 01:10:00,USR-0212,6,5.9,13.09,13,5,0,Normal
2024-01-05 17:30:00,USR-0419,5,9.0,1.48,14,7,0,Normal
2024-01-10 18:50:00,USR-0357,6,40.8,42.52,9,4,0,Normal
2024-01-24 11:00:00,USR-0458,0,64.5,5.25,10,3,0,Normal
2024-01-28 22:00:00,USR-0165,0,13.3,21.37,15,5,1,Normal
2024-01-18 19:35:00,USR-0302,2,16.8,27.44,9,2,0,Normal
2024-01-06 01:55:00,USR-0116,3,34.0,0.66,11,5,0,Normal
2024-01-26 17:00:00,USR-0355,0,19.7,10.38,7,3,1,Normal
2024-01-30 01:25:00,USR-0429,1,61.9,1.48,13,2,0,Normal
2024-01-22 08:15:00,USR-0300,2,44.1,11.31,17,6,0,Normal
2024-01-27 16:50:00,USR-0365,3,19.9,50.55,10,7,1,Normal
2024-01-09 16:20:00,USR-0035,2,11.3,26.79,14,2,1,Normal
2024-01-19 23:35:00,USR-0457,5,22.1,1.92,13,5,0,Normal
2024-01-01 06:15:00,USR-0405,1,39.4,27.95,11,3,0,Normal
2024-02-01 08:05:00,USR-0463,1,30.3,20.44,10,2,0,Normal
2024-01-03 23:10:00,USR-0378,7,22.4,11.1,8,2,0,Normal
2024-01-23 17:10:00,USR-0262,1,49.5,4.68,10,5,1,Normal
2024-02-01 20:15:00,USR-0006,4,11.3,5.4,19,5,1,Normal
2024-01-09 02:00:00,USR-0065,3,31.6,3.86,11,1,0,Normal
2024-01-19 05:50:00,USR-0036,3,33.1,31.9,8,7,0,Normal
2024-01-05 00:55:00,USR-0064,3,11.7,2.29,17,1,1,Normal
2024-01-27 23:00:00,USR-0370,4,11.0,0.91,19,6,0,Normal
2024-02-04 04:50:00,USR-0461,24,90.2,289.12,3,39,3,Suspicious
2024-01-16 01:20:00,USR-0040,3,30.8,7.52,11,6,0,Normal
2024-01-21 00:55:00,USR-0476,3,22.3,17.74,12,2,1,Normal
2024-01-31 04:55:00,USR-0262,3,17.1,26.52,12,1,0,Normal
2024-01-28 17:30:00,USR-0132,0,45.3,21.25,11,4,0,Normal
2024-01-28 03:45:00,USR-0184,3,20.1,94.37,18,2,1,Normal
2024-01-25 12:30:00,USR-0305,1,23.1,6.38,17,1,0,Normal
2024-01-07 09:55:00,USR-0446,5,15.1,1.6,10,7,0,Normal
2024-01-14 06:00:00,USR-0471,4,31.6,13.07,11,5,0,Normal
2024-01-11 13:35:00,USR-0487,0,20.9,2.04,11,3,1,Normal
2024-01-08 05:40:00,USR-0383,2,13.2,3.96,13,2,0,Normal
2024-01-21 02:35:00,USR-0006,3,16.9,48.77,17,3,0,Normal
2024-01-11 22:30:00,USR-0347,1,14.7,10.57,16,7,1,Normal
2024-01-27 17:05:00,USR-0177,4,17.5,26.77,9,2,1,Normal
2024-02-04 12:20:00,USR-0097,20,96.7,151.58,0,29,9,Suspicious
2024-01-19 05:20:00,USR-0388,1,13.7,27.68,10,7,0,Normal
2024-01-01 22:20:00,USR-0257,6,18.2,7.87,15,6,0,Normal
2024-01-18 03:10:00,USR-0383,6,26.6,19.11,9,6,0,Normal
2024-01-15 15:35:00,USR-0464,5,20.1,12.31,12,5,1,Normal
2024-01-22 16:05:00,USR-0103,0,26.3,15.39,17,1,2,Normal
2024-01-13 15:45:00,USR-0061,1,25.6,13.66,15,3,0,Normal
2024-01-29 21:05:00,USR-0024,4,30.4,11.53,11,3,0,Normal
2024-01-01 02:05:00,USR-0293,2,39.1,40.04,13,2,1,Normal
2024-01-19 08:35:00,USR-0422,1,15.2,7.69,10,2,1,Normal
2024-01-28 07:50:00,USR-0073,1,31.4,26.26,10,2,0,Normal
2024-01-03 08:50:00,USR-0480,5,52.1,21.19,15,3,1,Normal
2024-01-29 02:30:00,USR-0309,3,29.1,22.62,18,7,0,Normal
2024-01-19 22:25:00,USR-0127,5,21.6,30.9,8,4,0,Normal
2024-01-08 01:00:00,USR-0383,2,14.6,12.02,17,5,0,Normal
2024-01-11 04:45:00,USR-0066,0,32.3,0.76,8,5,1,Normal
2024-01-25 00:25:00,USR-0156,3,51.9,3.04,10,5,0,Normal
2024-01-10 07:35:00,USR-0351,1,43.5,4.89,10,3,1,Normal
2024-01-15 07:20:00,USR-0329,5,38.1,13.02,15,5,0,Normal
2024-01-08 04:55:00,USR-0321,2,18.8,40.86,8,2,0,Normal
2024-01-18 12:30:00,USR-0370,1,48.4,42.29,19,1,1,Normal
2024-01-31 07:30:00,USR-0033,5,34.9,4.29,9,6,1,Normal
2024-01-06 23:20:00,USR-0377,1,24.5,21.63,14,1,2,Normal
2024-01-07 01:05:00,USR-0083,2,44.9,20.34,13,4,0,Normal
2024-01-07 16:30:00,USR-0281,4,29.7,3.87,10,4,0,Normal
2024-02-04 00:35:00,USR-0372,20,97.1,239.26,2,31,9,Suspicious
2024-01-24 23:35:00,USR-0182,3,66.6,13.69,12,6,3,Normal
2024-01-15 07:45:00,USR-0132,2,26.4,7.67,17,1,0,Normal
2024-01-27 11:25:00,USR-0334,1,29.5,14.09,13,4,0,Normal
2024-01-03 02:15:00,USR-0295,6,12.2,17.67,19,1,0,Normal
2024-01-05 02:30:00,USR-0009,3,52.1,3.07,14,5,1,Normal
2024-01-05 01:55:00,USR-0278,1,13.3,4.24,8,3,0,Normal
2024-01-18 12:10:00,USR-0467,3,16.0,2.48,9,3,1,Normal
2024-01-21 13:00:00,USR-0206,1,20.0,72.55,14,2,0,Normal
2024-01-30 21:30:00,USR-0229,5,36.0,5.17,9,7,1,Normal
2024-01-19 10:50:00,USR-0459,3,18.2,6.01,14,1,1,Normal
2024-01-24 22:30:00,USR-0275,1,16.9,86.45,11,6,0,Normal
2024-01-03 13:30:00,USR-0127,4,48.6,13.07,18,7,2,Normal
2024-01-08 09:20:00,USR-0403,3,24.8,2.36,13,3,1,Normal
2024-01-10 08:45:00,USR-0244,3,35.8,38.78,13,7,1,Normal
2024-01-05 03:55:00,USR-0438,6,47.1,1.16,19,6,1,Normal
2024-01-13 08:35:00,USR-0411,3,36.9,98.82,10,3,0,Normal
2024-01-06 07:55:00,USR-0210,2,55.6,24.51,15,6,0,Normal
2024-02-01 22:00:00,USR-0266,2,46.0,23.16,14,3,0,Normal
2024-02-02 20:30:00,USR-0187,18,87.6,666.7,3,34,14,Suspicious
2024-01-26 13:55:00,USR-0169,3,33.3,13.45,11,1,0,Normal
2024-01-08 08:15:00,USR-0273,3,24.1,2.42,13,4,1,Normal
2024-01-22 18:30:00,USR-0048,1,13.5,39.29,15,5,1,Normal
2024-01-21 16:40:00,USR-0161,7,29.9,8.01,13,1,0,Normal
2024-01-01 20:20:00,USR-0117,5,42.1,5.14,12,2,0,Normal
2024-01-17 13:25:00,USR-0226,5,34.8,3.59,9,5,0,Normal
2024-01-02 21:45:00,USR-0250,2,24.7,1.8,14,4,1,Normal
2024-01-17 02:05:00,USR-0310,3,21.6,13.2,8,6,0,Normal
2024-02-04 06:00:00,USR-0290,19,88.6,147.88,4,32,6,Suspicious
2024-01-20 02:30:00,USR-0291,4,37.3,9.39,12,1,3,Normal
2024-01-18 12:00:00,USR-0055,3,41.4,9.3,10,6,0,Normal
2024-01-11 00:20:00,USR-0247,2,14.5,12.72,12,5,1,Normal
2024-01-26 18:20:00,USR-0388,1,17.0,10.71,13,3,0,Normal
2024-01-21 19:35:00,USR-0441,2,20.4,26.92,19,6,0,Normal
2024-01-05 16:35:00,USR-0393,3,52.1,10.97,19,5,1,Normal
2024-01-19 22:40:00,USR-0071,2,17.9,6.58,15,1,0,Normal
2024-01-20 13:15:00,USR-0238,5,32.2,2.51,11,7,1,Normal
2024-02-03 02:45:00,USR-0495,20,88.6,433.43,5,37,10,Suspicious
2024-01-03 00:25:00,USR-0218,1,27.1,12.64,18,2,0,Normal
2024-01-18 15:00:00,USR-0252,2,56.3,33.48,17,6,3,Normal
2024-01-15 20:55:00,USR-0220,3,18.2,7.23,11,3,0,Normal
2024-01-27 23:55:00,USR-0217,6,31.0,13.73,11,3,0,Normal
2024-02-04 10:10:00,USR-0111,19,99.7,447.7,5,40,4,Suspicious
2024-01-07 15:25:00,USR-0207,6,25.0,26.91,11,6,0,Normal
2024-01-21 21:00:00,USR-0115,5,38.5,7.88,14,3,0,Normal
2024-01-16 17:45:00,USR-0181,4,42.1,16.52,13,3,0,Normal
2024-01-17 09:40:00,USR-0017,4,24.5,44.25,14,4,1,Normal
2024-01-28 13:25:00,USR-0451,3,8.7,8.46,9,2,0,Normal
2024-01-26 13:45:00,USR-0413,1,40.1,2.67,17,3,1,Normal
2024-01-23 13:30:00,USR-0352,3,21.1,27.67,9,3,3,Normal
2024-01-23 23:10:00,USR-0011,2,34.8,1.07,14,3,2,Normal
2024-02-03 02:00:00,USR-0247,27,86.2,361.28,5,45,12,Suspicious
2024-01-11 10:10:00,USR-0379,5,48.9,1.21,19,4,0,Normal
2024-01-06 06:00:00,USR-0167,3,35.2,3.82,18,3,2,Normal
2024-01-29 17:20:00,USR-0429,3,35.7,44.81,12,2,1,Normal
2024-02-02 17:20:00,USR-0328,25,85.4,138.81,3,29,8,Suspicious
2024-02-04 06:40:00,USR-0239,29,91.5,483.98,1,31,6,Suspicious
2024-01-31 23:45:00,USR-0379,6,32.7,1.75,13,2,2,Normal
2024-01-18 15:05:00,USR-0154,1,9.2,45.46,9,2,2,Normal
2024-02-03 02:30:00,USR-0438,28,96.4,494.42,1,25,9,Suspicious
2024-01-21 16:00:00,USR-0234,0,52.1,80.17,9,7,0,Normal
2024-01-13 15:15:00,USR-0239,4,35.2,6.16,13,6,0,Normal
2024-01-23 10:05:00,USR-0030,2,19.1,2.65,8,1,1,Normal
2024-01-01 11:30:00,USR-0093,4,35.9,32.31,11,5,0,Normal
2024-01-08 03:10:00,USR-0313,6,35.4,5.19,12,2,1,Normal
2024-01-29 06:05:00,USR-0075,3,34.0,2.65,17,1,0,Normal
2024-01-09 03:45:00,USR-0005,3,27.6,24.3,9,4,0,Normal
2024-01-08 17:45:00,USR-0057,1,17.6,13.01,10,7,1,Normal
2024-01-17 07:10:00,USR-0239,2,40.1,64.64,14,2,0,Normal
2024-02-04 04:30:00,USR-0341,31,97.5,130.41,0,22,5,Suspicious
2024-01-18 12:20:00,USR-0308,2,12.2,3.65,16,5,0,Normal
2024-02-04 14:15:00,USR-0139,23,88.9,480.62,3,38,6,Suspicious
2024-02-03 11:45:00,USR-0360,14,90.6,235.5,3,16,3,Suspicious
2024-01-13 01:15:00,USR-0036,1,17.4,0.6,7,1,0,Normal
2024-01-03 20:50:00,USR-0415,1,10.8,9.84,18,1,0,Normal
2024-01-23 08:40:00,USR-0118,5,21.4,0.78,13,6,1,Normal
2024-01-13 08:40:00,USR-0067,2,17.5,3.45,15,6,0,Normal
2024-01-29 19:05:00,USR-0183,5,54.5,10.29,19,7,0,Normal
2024-01-21 08:15:00,USR-0066,3,39.7,14.16,9,7,0,Normal
2024-01-17 03:25:00,USR-0371,4,26.9,18.45,16,6,1,Normal
2024-01-18 09:30:00,USR-0373,4,55.8,43.79,10,1,0,Normal
2024-01-07 11:30:00,USR-0312,5,33.0,30.25,9,5,2,Normal
2024-02-02 11:30:00,USR-0228,18,97.3,191.07,3,32,6,Suspicious
2024-01-30 22:05:00,USR-0058,4,7.8,1.03,16,7,1,Normal
2024-01-20 20:55:00,USR-0275,3,49.7,17.59,14,1,0,Normal
2024-01-30 23:40:00,USR-0017,2,30.3,1.15,13,4,1,Normal
2024-02-04 11:30:00,USR-0340,27,92.3,261.39,4,28,10,Suspicious
2024-01-30 23:00:00,USR-0393,4,30.0,6.03,9,7,0,Normal
2024-01-01 05:20:00,USR-0421,3,32.4,6.08,15,7,0,Normal
2024-01-31 22:10:00,USR-0199,2,45.3,41.14,11,4,0,Normal
2024-01-02 16:30:00,USR-0380,4,31.5,45.1,9,4,0,Normal
2024-01-29 20:50:00,USR-0076,1,15.3,12.13,8,3,0,Normal
2024-01-31 10:55:00,USR-0186,3,16.6,38.61,8,5,1,Normal
2024-01-03 03:20:00,USR-0194,4,25.0,7.72,7,6,1,Normal
2024-01-18 13:00:00,USR-0223,2,13.7,5.59,11,7,0,Normal
2024-01-03 21:50:00,USR-0285,4,64.8,18.72,16,5,0,Normal
2024-01-24 05:00:00,USR-0293,2,27.1,9.87,13,3,4,Normal
2024-01-06 14:30:00,USR-0078,1,28.9,3.5,11,2,2,Normal
2024-01-28 12:20:00,USR-0283,2,23.5,4.0,12,5,1,Normal
2024-01-14 03:35:00,USR-0088,3,40.9,34.84,11,6,0,Normal
2024-01-10 05:30:00,USR-0489,2,12.3,25.18,14,6,2,Normal
2024-01-23 01:35:00,USR-0491,3,48.1,3.99,8,5,0,Normal
2024-01-14 21:45:00,USR-0003,3,26.5,8.8,11,6,1,Normal
2024-01-08 05:30:00,USR-0033,5,11.6,23.25,11,7,0,Normal
2024-01-29 01:25:00,USR-0092,1,33.5,12.63,10,1,1,Normal
2024-01-04 12:10:00,USR-0274,3,29.9,13.37,12,3,2,Normal
2024-01-14 01:55:00,USR-0173,3,52.1,7.78,10,4,2,Normal
2024-01-22 10:30:00,USR-0222,6,29.4,26.34,12,2,0,Normal
2024-01-24 17:00:00,USR-0042,4,28.2,13.42,11,5,1,Normal
2024-01-25 09:05:00,USR-0458,3,27.1,36.4,9,6,1,Normal
2024-01-10 02:50:00,USR-0204,7,18.8,0.76,9,3,2,Normal
2024-01-15 19:35:00,USR-0323,4,28.3,2.97,11,3,2,Normal
2024-02-04 07:05:00,USR-0229,19,90.7,341.89,4,26,8,Suspicious
2024-01-21 11:15:00,USR-0492,4,35.0,8.96,15,3,1,Normal
2024-01-12 07:50:00,USR-0143,1,27.2,18.31,14,1,0,Normal
2024-01-19 21:55:00,USR-0240,6,29.7,6.8,16,2,1,Normal
2024-01-10 23:20:00,USR-0355,3,38.5,2.74,10,6,1,Normal
2024-01-28 06:45:00,USR-0450,2,19.0,0.74,9,6,0,Normal
2024-01-06 15:45:00,USR-0069,4,39.5,1.18,12,5,0,Normal
2024-01-15 23:40:00,USR-0436,6,18.0,19.62,12,2,0,Normal
2024-01-25 17:40:00,USR-0279,5,11.4,4.44,10,1,0,Normal
2024-01-04 05:05:00,USR-0492,1,16.4,3.73,11,6,1,Normal
2024-01-04 07:35:00,USR-0343,1,17.9,10.53,10,3,2,Normal
2024-01-18 01:05:00,USR-0016,5,22.1,7.5,15,6,0,Normal
2024-01-26 02:25:00,USR-0407,4,37.4,42.1,15,7,2,Normal
2024-01-05 16:20:00,USR-0048,2,36.2,11.53,11,1,0,Normal
2024-01-07 03:30:00,USR-0213,1,39.4,9.33,10,4,0,Normal
2024-01-19 04:55:00,USR-0457,2,40.4,30.17,12,2,2,Normal
2024-02-02 10:55:00,USR-0495,21,95.2,458.58,3,36,6,Suspicious
2024-02-02 08:50:00,USR-0219,18,93.0,159.79,4,37,8,Suspicious
2024-01-30 04:45:00,USR-0298,2,21.6,5.97,11,6,2,Normal
2024-01-23 21:50:00,USR-0455,0,25.9,4.48,17,1,0,Normal
2024-01-12 01:45:00,USR-0011,7,20.0,11.43,12,7,0,Normal
2024-01-05 08:15:00,USR-0109,9,32.7,11.51,12,6,0,Normal
2024-01-17 20:05:00,USR-0490,2,15.8,5.77,10,1,0,Normal
2024-01-06 04:50:00,USR-0232,5,28.9,0.79,7,1,0,Normal
2024-01-30 17:50:00,USR-0090,0,5.3,8.99,14,3,1,Normal
2024-01-24 14:25:00,USR-0304,2,43.8,6.65,14,7,2,Normal
2024-02-03 10:20:00,USR-0035,20,93.5,768.27,1,24,4,Suspicious
2024-01-23 03:50:00,USR-0263,2,17.0,12.56,15,4,0,Normal
2024-01-13 04:30:00,USR-0320,0,35.4,11.99,9,4,0,Normal
2024-01-09 15:40:00,USR-0406,2,17.9,1.9,10,2,0,Normal
2024-02-03 13:45:00,USR-0268,19,89.9,285.5,3,21,4,Suspicious
2024-01-01 23:15:00,USR-0403,3,18.8,10.39,10,4,0,Normal
2024-01-24 03:35:00,USR-0207,4,19.5,2.55,10,3,0,Normal
2024-01-09 01:50:00,USR-0267,5,49.0,24.43,11,5,1,Normal
2024-01-08 00:00:00,USR-0416,2,22.9,8.23,9,3,0,Normal
2024-01-26 10:25:00,USR-0400,0,38.0,36.23,15,3,1,Normal
2024-01-05 07:55:00,USR-0072,0,30.8,2.45,11,4,1,Normal
2024-01-02 07:00:00,USR-0140,2,68.7,37.74,13,5,0,Normal
2024-01-12 18:35:00,USR-0028,1,13.3,9.08,18,2,0,Normal
2024-02-01 18:55:00,USR-0022,5,36.0,9.11,8,5,0,Normal
2024-01-07 19:50:00,USR-0296,2,35.5,35.15,8,5,0,Normal
2024-01-19 03:15:00,USR-0381,2,26.2,7.6,10,5,0,Normal
2024-01-15 09:25:00,USR-0219,4,40.9,38.2,11,7,0,Normal
2024-01-17 17:20:00,USR-0446,3,34.1,40.56,14,3,0,Normal
2024-02-01 05:45:00,USR-0313,5,39.0,0.63,14,3,0,Normal
2024-01-02 04:25:00,USR-0407,3,13.2,36.58,14,4,1,Normal
2024-01-15 13:05:00,USR-0193,2,14.2,3.08,17,2,0,Normal
2024-01-25 00:50:00,USR-0039,1,31.7,30.18,10,1,0,Normal
2024-01-21 23:25:00,USR-0249,3,51.6,2.05,13,7,0,Normal
2024-01-12 01:30:00,USR-0040,3,23.1,7.42,11,1,1,Normal
2024-01-13 21:40:00,USR-0093,4,50.0,37.72,12,7,0,Normal
2024-01-24 16:40:00,USR-0081,3,30.3,20.19,10,5,1,Normal
2024-01-22 01:30:00,USR-0438,3,18.3,18.86,10,2,0,Normal
2024-01-26 07:00:00,USR-0208,1,56.9,13.81,16,4,0,Normal
2024-01-11 10:30:00,USR-0328,2,15.8,8.68,12,4,0,Normal
2024-01-01 12:25:00,USR-0473,1,43.0,27.2,7,2,0,Normal
2024-01-16 03:10:00,USR-0337,0,24.0,12.15,16,2,1,Normal
2024-01-28 20:10:00,USR-0452,5,8.0,18.02,9,1,0,Normal
2024-01-05 13:30:00,USR-0047,2,12.1,2.54,8,6,0,Normal
2024-01-20 11:05:00,USR-0436,3,23.2,22.55,12,5,2,Normal
2024-02-04 13:05:00,USR-0209,24,95.0,244.71,5,35,3,Suspicious
2024-01-18 20:55:00,USR-0386,4,36.5,16.27,13,7,0,Normal
2024-01-09 18:55:00,USR-0235,3,16.4,5.56,11,3,0,Normal
2024-01-15 02:20:00,USR-0464,4,32.6,10.67,9,6,0,Normal
2024-01-14 23:35:00,USR-0057,3,24.0,13.57,17,5,0,Normal
2024-01-05 12:25:00,USR-0123,3,15.4,18.21,16,6,1,Normal
2024-01-06 02:15:00,USR-0115,7,21.2,5.64,13,4,1,Normal
2024-01-23 12:45:00,USR-0030,1,24.7,0.61,9,5,0,Normal
2024-01-06 16:25:00,USR-0199,2,44.1,9.4,15,5,1,Normal
2024-01-02 22:35:00,USR-0030,1,22.5,9.38,12,2,0,Normal
2024-01-24 12:20:00,USR-0345,3,45.7,7.96,9,6,3,Normal
2024-01-14 16:20:00,USR-0213,2,33.7,11.63,8,3,0,Normal
2024-01-20 21:50:00,USR-0020,3,49.7,54.3,11,4,1,Normal
2024-01-25 15:15:00,USR-0220,3,35.6,18.17,8,7,1,Normal
2024-01-20 16:40:00,USR-0355,1,45.0,40.35,11,7,0,Normal
2024-01-07 03:00:00,USR-0296,3,35.0,3.26,14,6,0,Normal
2024-01-18 14:35:00,USR-0038,3,33.0,4.09,10,5,0,Normal
2024-01-28 04:20:00,USR-0218,2,15.8,1.26,14,2,0,Normal
2024-01-12 11:45:00,USR-0032,3,30.1,13.11,13,2,2,Normal
2024-01-17 06:45:00,USR-0381,3,20.9,15.66,17,1,0,Normal
2024-01-21 08:20:00,USR-0152,3,27.7,28.07,15,6,2,Normal
2024-01-23 20:45:00,USR-0499,4,26.6,0.59,16,7,0,Normal
2024-01-03 17:25:00,USR-0365,3,12.2,6.53,13,6,0,Normal
2024-01-05 07:05:00,USR-0188,5,37.9,20.26,13,5,0,Normal
2024-01-17 09:15:00,USR-0436,0,17.5,12.52,9,2,0,Normal
2024-01-19 21:00:00,USR-0308,4,21.8,9.43,10,2,0,Normal
2024-01-29 18:40:00,USR-0121,1,20.5,13.76,9,2,0,Normal
2024-01-29 10:25:00,USR-0478,3,18.0,1.89,16,5,1,Normal
2024-01-13 06:00:00,USR-0403,4,56.7,5.55,11,2,1,Normal
2024-01-06 20:25:00,USR-0015,4,19.7,10.24,10,7,1,Normal
2024-01-26 17:40:00,USR-0279,7,14.0,12.59,7,2,0,Normal
2024-01-27 22:35:00,USR-0345,3,17.5,16.09,10,4,1,Normal
2024-02-02 14:30:00,USR-0401,15,95.7,116.25,5,19,6,Suspicious
2024-01-20 06:10:00,USR-0371,2,27.1,18.88,10,2,1,Normal
2024-01-19 22:10:00,USR-0187,6,16.5,5.01,9,7,0,Normal
2024-01-15 06:40:00,USR-0071,0,10.5,25.38,11,1,0,Normal
2024-01-24 07:55:00,USR-0383,1,19.6,4.58,10,1,0,Normal
2024-01-21 05:20:00,USR-0496,2,31.2,4.71,16,6,1,Normal
2024-02-02 03:20:00,USR-0392,18,96.6,684.91,5,21,11,Suspicious
2024-01-05 16:50:00,USR-0187,2,33.5,30.62,12,3,0,Normal
2024-01-18 01:30:00,USR-0032,3,22.6,22.11,11,3,1,Normal
2024-01-11 15:30:00,USR-0057,0,18.7,4.5,12,2,1,Normal
2024-01-16 15:00:00,USR-0362,4,36.1,10.7,9,1,1,Normal
2024-01-23 06:55:00,USR-0120,2,34.0,4.21,9,4,0,Normal
2024-01-11 00:00:00,USR-0093,5,10.6,8.41,19,6,1,Normal
2024-01-12 12:35:00,USR-0208,3,28.4,14.97,19,2,1,Normal
2024-01-25 03:20:00,USR-0316,11,36.1,10.29,17,7,0,Normal
2024-01-29 17:30:00,USR-0479,2,6.9,32.2,14,7,0,Normal
2024-02-01 06:15:00,USR-0399,1,40.0,0.74,11,5,0,Normal
2024-01-02 03:45:00,USR-0247,5,46.0,2.44,11,4,0,Normal
2024-01-07 18:10:00,USR-0194,2,33.4,62.35,19,2,1,Normal
2024-01-10 13:40:00,USR-0315,3,27.6,14.25,10,7,0,Normal
2024-01-04 11:35:00,USR-0081,4,46.0,8.9,12,1,0,Normal
2024-01-13 13:25:00,USR-0088,4,58.3,2.67,8,5,1,Normal
2024-01-31 07:00:00,USR-0147,2,30.1,41.38,8,7,0,Normal
2024-01-01 12:00:00,USR-0125,2,15.2,33.34,7,3,0,Normal
2024-01-01 16:25:00,USR-0360,1,17.7,9.06,16,7,0,Normal
2024-01-02 00:50:00,USR-0439,3,32.9,55.09,10,1,0,Normal
2024-01-22 10:05:00,USR-0289,1,54.9,7.85,15,4,1,Normal
2024-02-02 03:30:00,USR-0147,22,95.8,641.21,0,18,10,Suspicious
2024-01-29 12:40:00,USR-0304,1,35.8,44.55,11,2,0,Normal
2024-01-05 05:55:00,USR-0366,7,42.8,5.39,13,3,1,Normal
2024-01-21 06:40:00,USR-0466,5,36.2,18.47,9,1,1,Normal
2024-01-03 23:30:00,USR-0292,5,7.6,16.1,13,5,0,Normal
2024-02-04 10:30:00,USR-0246,28,92.6,211.1,4,17,7,Suspicious
2024-01-27 04:40:00,USR-0119,2,15.8,13.17,17,6,2,Normal
2024-01-15 01:40:00,USR-0490,3,31.2,0.9,11,6,0,Normal
2024-01-16 15:20:00,USR-0311,4,16.8,1.83,19,2,2,Normal
2024-01-16 23:05:00,USR-0314,3,30.5,12.22,16,6,1,Normal
2024-01-31 18:40:00,USR-0255,2,17.0,0.58,7,4,0,Normal
2024-01-22 15:30:00,USR-0288,3,27.8,24.42,11,7,1,Normal
2024-01-22 12:30:00,USR-0289,4,15.3,5.08,11,2,1,Normal
2024-01-29 12:10:00,USR-0094,4,16.4,8.96,19,5,0,Normal
