Customer_ID,Age,Distance_From_Market_km,Monthly_Spending_XAF,Visit_Frequency_Monthly,Category_Preference,Payment_Method,Items_Per_Visit,Years_As_Customer,True_Segment
CUST-00001,27,2.1,21260,2.5,Tools,Cash,1,2,Occasional Shopper
CUST-00002,33,7.3,122636,11.2,Clothing,Mobile Money,21,1,Regular Shopper
CUST-00003,52,0.4,479683,9.9,Food,Mobile Money,40,11,Wholesale Buyer
CUST-00004,25,10.8,66261,7.7,Clothing,Mobile Money,15,7,Regular Shopper
CUST-00005,50,29.9,103394,3.0,Electronics,Cash,16,1,Regular Shopper
CUST-00006,24,2.4,15511,2.8,Electronics,Cash,1,9,Occasional Shopper
CUST-00007,31,6.6,739021,9.6,Tools,Cash,32,7,Wholesale Buyer
CUST-00008,47,2.2,50506,7.5,Clothing,Mobile Money,17,7,Regular Shopper
CUST-00009,18,18.7,22843,1.4,Tools,Mobile Money,3,10,Occasional Shopper
CUST-00010,44,5.2,566410,17.7,Food,Cash,38,5,Wholesale Buyer
CUST-00011,29,4.0,24698,9.3,Clothing,Cash,21,11,Regular Shopper
CUST-00012,29,3.8,13199,1.7,Clothing,Cash,3,4,Occasional Shopper
CUST-00013,38,3.9,64461,5.5,Electronics,Cash,21,5,Regular Shopper
CUST-00014,18,0.3,27425,2.3,Clothing,Mobile Money,6,9,Occasional Shopper
CUST-00015,25,9.1,115952,7.7,Tools,Mobile Money,23,2,Regular Shopper
CUST-00016,21,0.6,25199,1.6,Food,Cash,2,14,Occasional Shopper
CUST-00017,49,6.0,387526,13.7,Food,Cash,31,9,Wholesale Buyer
CUST-00018,34,7.4,11699,27.9,Food,Cash,34,13,Loyal Budget Buyer
CUST-00019,46,1.3,12926,1.9,Clothing,Cash,2,6,Occasional Shopper
CUST-00020,38,1.8,33354,16.4,Food,Mobile Money,38,13,Loyal Budget Buyer
CUST-00021,32,1.5,16382,18.2,Food,Credit,51,2,Loyal Budget Buyer
CUST-00022,54,4.8,100441,9.0,Household,Cash,15,1,Regular Shopper
CUST-00023,18,13.3,63734,5.0,Food,Cash,19,9,Regular Shopper
CUST-00024,40,7.3,22566,21.1,Clothing,Cash,53,4,Loyal Budget Buyer
CUST-00025,27,1.0,52019,8.7,Tools,Cash,15,14,Regular Shopper
CUST-00026,45,7.4,52456,19.4,Food,Cash,40,10,Loyal Budget Buyer
CUST-00027,43,0.6,193273,12.6,Food,Cash,35,13,Wholesale Buyer
CUST-00028,19,5.6,10814,15.8,Household,Cash,45,2,Loyal Budget Buyer
CUST-00029,24,0.3,26957,2.6,Food,Cash,4,8,Occasional Shopper
CUST-00030,38,5.0,24001,21.1,Household,Cash,53,10,Loyal Budget Buyer
CUST-00031,41,7.9,586786,13.7,Tools,Cash,33,5,Wholesale Buyer
CUST-00032,43,0.6,75007,7.6,Household,Cash,11,4,Regular Shopper
CUST-00033,25,1.6,62035,4.9,Food,Mobile Money,12,10,Regular Shopper
CUST-00034,38,8.5,64488,9.7,Electronics,Mobile Money,19,5,Regular Shopper
CUST-00035,20,0.9,35020,27.9,Clothing,Mobile Money,53,12,Loyal Budget Buyer
CUST-00036,42,9.7,77304,8.2,Tools,Cash,24,3,Regular Shopper
CUST-00037,18,0.4,25803,1.6,Tools,Cash,7,11,Occasional Shopper
CUST-00038,25,5.0,563067,16.6,Electronics,Mobile Money,37,12,Wholesale Buyer
CUST-00039,18,1.2,56979,9.5,Clothing,Cash,17,10,Regular Shopper
CUST-00040,29,3.2,18236,0.5,Electronics,Mobile Money,6,10,Occasional Shopper
CUST-00041,31,11.2,15520,2.6,Electronics,Cash,4,4,Occasional Shopper
CUST-00042,37,4.6,666092,15.8,Clothing,Mobile Money,36,6,Wholesale Buyer
CUST-00043,34,3.4,36554,20.6,Household,Cash,46,1,Loyal Budget Buyer
CUST-00044,44,0.3,618895,17.5,Food,Credit,34,13,Wholesale Buyer
CUST-00045,36,4.4,17671,20.8,Food,Cash,45,1,Loyal Budget Buyer
CUST-00046,28,1.0,362873,19.7,Tools,Cash,35,6,Wholesale Buyer
CUST-00047,26,12.3,23679,7.2,Household,Credit,16,9,Regular Shopper
CUST-00048,27,7.1,77927,8.0,Tools,Cash,12,10,Regular Shopper
CUST-00049,44,1.3,529377,12.7,Food,Mobile Money,40,8,Wholesale Buyer
CUST-00050,38,6.8,78269,7.1,Food,Cash,13,13,Regular Shopper
CUST-00051,42,1.8,63979,10.1,Food,Mobile Money,20,9,Regular Shopper
CUST-00052,34,1.2,54860,19.1,Food,Cash,47,11,Loyal Budget Buyer
CUST-00053,44,2.7,39747,4.0,Household,Credit,22,1,Regular Shopper
CUST-00054,29,3.3,41429,17.7,Household,Cash,57,5,Loyal Budget Buyer
CUST-00055,38,2.1,123045,6.8,Food,Credit,19,8,Regular Shopper
CUST-00056,39,1.1,6876,3.0,Tools,Cash,3,13,Occasional Shopper
CUST-00057,40,4.0,83154,8.8,Household,Cash,21,6,Regular Shopper
CUST-00058,30,3.6,33397,22.5,Food,Cash,46,7,Loyal Budget Buyer
CUST-00059,34,3.8,63164,7.4,Tools,Mobile Money,20,4,Regular Shopper
CUST-00060,45,5.3,78181,9.8,Household,Cash,18,9,Regular Shopper
CUST-00061,42,5.0,774606,9.3,Household,Cash,30,1,Wholesale Buyer
CUST-00062,18,9.3,11714,0.5,Clothing,Cash,2,5,Occasional Shopper
CUST-00063,32,3.7,14478,3.3,Food,Mobile Money,2,2,Occasional Shopper
CUST-00064,45,1.5,379544,10.6,Tools,Cash,33,7,Wholesale Buyer
CUST-00065,44,1.2,642763,15.4,Clothing,Mobile Money,33,9,Wholesale Buyer
CUST-00066,50,1.3,27058,19.7,Food,Cash,63,12,Loyal Budget Buyer
CUST-00067,25,1.0,91228,6.9,Food,Mobile Money,16,10,Regular Shopper
CUST-00068,29,6.9,26777,20.4,Tools,Cash,51,5,Loyal Budget Buyer
CUST-00069,40,1.6,27918,2.7,Electronics,Cash,2,3,Occasional Shopper
CUST-00070,18,8.2,105767,8.6,Food,Mobile Money,10,6,Regular Shopper
CUST-00071,44,2.4,105846,7.9,Food,Cash,17,12,Regular Shopper
CUST-00072,40,3.7,495135,13.0,Tools,Mobile Money,34,14,Wholesale Buyer
CUST-00073,46,9.2,60684,7.6,Food,Cash,25,6,Regular Shopper
CUST-00074,38,4.3,91767,7.5,Food,Cash,8,3,Regular Shopper
CUST-00075,18,1.0,114442,6.8,Electronics,Mobile Money,15,1,Regular Shopper
CUST-00076,33,3.5,52710,17.1,Food,Cash,50,2,Loyal Budget Buyer
CUST-00077,49,1.4,760687,11.6,Food,Cash,34,14,Wholesale Buyer
CUST-00078,18,2.1,21389,1.7,Clothing,Mobile Money,4,3,Occasional Shopper
CUST-00079,40,7.6,33752,16.6,Electronics,Cash,38,14,Loyal Budget Buyer
CUST-00080,47,2.2,98659,5.8,Clothing,Cash,15,3,Regular Shopper
CUST-00081,26,0.6,29913,18.7,Clothing,Cash,50,7,Loyal Budget Buyer
CUST-00082,44,1.0,213330,20.5,Clothing,Mobile Money,42,7,Wholesale Buyer
CUST-00083,36,1.4,50097,6.2,Clothing,Credit,19,14,Regular Shopper
CUST-00084,25,1.5,110968,8.4,Tools,Cash,21,4,Regular Shopper
CUST-00085,29,0.4,14109,0.9,Electronics,Cash,4,1,Occasional Shopper
CUST-00086,45,9.8,65467,4.3,Food,Mobile Money,24,8,Regular Shopper
CUST-00087,31,10.9,38140,7.7,Tools,Mobile Money,18,11,Regular Shopper
CUST-00088,41,1.7,105318,5.6,Food,Cash,16,5,Regular Shopper
CUST-00089,45,3.3,28766,24.6,Electronics,Mobile Money,51,10,Loyal Budget Buyer
CUST-00090,20,8.4,3383,1.9,Household,Cash,2,12,Occasional Shopper
CUST-00091,23,3.0,17204,1.3,Food,Cash,3,5,Occasional Shopper
CUST-00092,26,4.7,20235,1.1,Clothing,Cash,5,1,Occasional Shopper
CUST-00093,27,1.7,31309,24.5,Food,Cash,47,5,Loyal Budget Buyer
CUST-00094,33,2.6,554006,15.8,Tools,Cash,37,10,Wholesale Buyer
CUST-00095,27,2.5,93610,7.5,Food,Mobile Money,12,6,Regular Shopper
CUST-00096,18,0.6,150212,1.1,Food,Cash,10,8,Regular Shopper
CUST-00097,34,0.3,38002,21.9,Clothing,Cash,51,9,Loyal Budget Buyer
CUST-00098,23,0.3,21625,1.0,Electronics,Cash,2,11,Occasional Shopper
CUST-00099,36,4.9,17102,2.1,Clothing,Cash,5,5,Occasional Shopper
CUST-00100,20,1.7,24182,1.0,Clothing,Cash,2,5,Occasional Shopper
CUST-00101,47,1.7,825698,17.0,Household,Mobile Money,38,4,Wholesale Buyer
CUST-00102,42,2.3,77660,7.7,Clothing,Mobile Money,14,5,Regular Shopper
CUST-00103,24,0.2,84889,9.8,Tools,Credit,12,10,Regular Shopper
CUST-00104,27,0.6,50880,18.5,Tools,Cash,48,6,Loyal Budget Buyer
CUST-00105,18,3.6,26112,2.0,Clothing,Cash,4,12,Occasional Shopper
CUST-00106,33,0.3,8353,6.5,Clothing,Credit,16,11,Regular Shopper
CUST-00107,34,1.3,668337,15.3,Food,Cash,30,4,Wholesale Buyer
CUST-00108,18,1.1,22614,1.6,Clothing,Cash,3,12,Occasional Shopper
CUST-00109,44,1.2,29751,25.5,Food,Mobile Money,52,10,Loyal Budget Buyer
CUST-00110,30,1.1,65677,5.8,Electronics,Mobile Money,15,5,Regular Shopper
CUST-00111,22,1.9,33363,0.7,Food,Cash,2,13,Occasional Shopper
CUST-00112,25,5.4,12380,1.4,Food,Mobile Money,4,5,Occasional Shopper
CUST-00113,38,1.9,101754,3.7,Food,Credit,15,8,Regular Shopper
CUST-00114,22,0.6,452163,15.3,Tools,Credit,23,5,Wholesale Buyer
CUST-00115,42,21.3,29670,16.1,Tools,Cash,46,7,Loyal Budget Buyer
CUST-00116,49,3.4,70544,9.8,Food,Mobile Money,19,2,Regular Shopper
CUST-00117,18,4.1,20466,1.6,Food,Cash,6,12,Occasional Shopper
CUST-00118,39,1.0,605487,19.9,Electronics,Cash,33,10,Wholesale Buyer
CUST-00119,27,1.2,88718,5.1,Clothing,Credit,10,2,Regular Shopper
CUST-00120,42,3.9,63340,10.4,Tools,Mobile Money,18,2,Regular Shopper
CUST-00121,27,2.2,24963,2.7,Clothing,Cash,5,9,Occasional Shopper
CUST-00122,44,1.1,53208,8.6,Food,Mobile Money,16,11,Regular Shopper
CUST-00123,25,3.9,25729,1.9,Clothing,Cash,1,3,Occasional Shopper
CUST-00124,36,2.9,37369,2.8,Clothing,Cash,7,3,Occasional Shopper
CUST-00125,20,1.7,7500,6.9,Food,Mobile Money,13,8,Regular Shopper
CUST-00126,27,11.5,90490,6.6,Food,Cash,22,6,Regular Shopper
CUST-00127,36,0.7,42229,7.3,Clothing,Cash,16,4,Regular Shopper
CUST-00128,30,1.3,107569,6.7,Food,Credit,18,9,Regular Shopper
CUST-00129,50,1.7,38551,17.3,Clothing,Mobile Money,56,5,Loyal Budget Buyer
CUST-00130,37,0.4,725687,15.3,Food,Mobile Money,35,9,Wholesale Buyer
CUST-00131,37,13.5,23255,1.0,Household,Cash,4,12,Occasional Shopper
CUST-00132,37,0.3,85521,8.5,Electronics,Cash,22,11,Regular Shopper
CUST-00133,44,11.5,441053,15.8,Clothing,Mobile Money,40,1,Wholesale Buyer
CUST-00134,33,3.6,7301,1.9,Tools,Cash,2,7,Occasional Shopper
CUST-00135,45,2.1,38257,21.9,Food,Mobile Money,40,11,Loyal Budget Buyer
CUST-00136,33,8.1,50265,16.3,Clothing,Cash,49,12,Loyal Budget Buyer
CUST-00137,34,1.4,455087,14.1,Electronics,Credit,41,13,Wholesale Buyer
CUST-00138,24,2.4,26634,1.6,Clothing,Cash,4,13,Occasional Shopper
CUST-00139,34,1.1,633699,17.0,Household,Cash,42,13,Wholesale Buyer
CUST-00140,39,4.7,29969,15.9,Food,Mobile Money,50,7,Loyal Budget Buyer
CUST-00141,32,2.5,458384,16.5,Tools,Cash,40,5,Wholesale Buyer
CUST-00142,25,1.9,27212,1.7,Clothing,Cash,5,12,Occasional Shopper
CUST-00143,53,5.6,18379,1.0,Electronics,Cash,5,8,Occasional Shopper
CUST-00144,34,1.3,586513,10.0,Tools,Credit,29,4,Wholesale Buyer
CUST-00145,36,5.6,26277,2.6,Clothing,Mobile Money,10,10,Occasional Shopper
CUST-00146,18,1.3,1800,1.9,Clothing,Cash,2,6,Occasional Shopper
CUST-00147,53,21.6,61745,6.6,Food,Mobile Money,13,5,Regular Shopper
CUST-00148,36,2.6,711601,11.6,Tools,Credit,28,1,Wholesale Buyer
CUST-00149,44,15.8,474790,9.4,Tools,Mobile Money,44,8,Wholesale Buyer
CUST-00150,32,4.2,60267,4.5,Clothing,Cash,22,6,Regular Shopper
CUST-00151,22,0.9,19834,1.2,Clothing,Mobile Money,5,14,Occasional Shopper
CUST-00152,32,0.4,10232,1.4,Clothing,Mobile Money,3,1,Occasional Shopper
CUST-00153,41,3.4,18349,7.7,Clothing,Mobile Money,29,4,Regular Shopper
CUST-00154,38,7.0,4300,22.2,Clothing,Cash,48,8,Loyal Budget Buyer
CUST-00155,44,8.4,101787,5.9,Clothing,Cash,15,12,Regular Shopper
CUST-00156,41,1.4,10014,2.1,Household,Cash,9,13,Occasional Shopper
CUST-00157,48,3.5,90382,7.3,Electronics,Credit,8,8,Regular Shopper
CUST-00158,42,17.0,479257,16.3,Tools,Cash,34,2,Wholesale Buyer
CUST-00159,23,0.7,9201,0.5,Electronics,Mobile Money,7,6,Occasional Shopper
CUST-00160,28,0.9,81964,7.1,Electronics,Mobile Money,20,6,Regular Shopper
CUST-00161,26,1.3,472816,9.6,Tools,Credit,34,2,Wholesale Buyer
CUST-00162,27,5.9,63095,5.6,Tools,Mobile Money,11,1,Regular Shopper
CUST-00163,37,5.6,3436,2.1,Clothing,Cash,5,12,Occasional Shopper
CUST-00164,35,6.2,589131,19.2,Tools,Credit,49,6,Wholesale Buyer
CUST-00165,36,6.5,77659,7.1,Tools,Cash,18,4,Regular Shopper
CUST-00166,33,8.0,826938,15.4,Tools,Cash,32,3,Wholesale Buyer
CUST-00167,42,7.2,23521,20.2,Clothing,Mobile Money,40,8,Loyal Budget Buyer
CUST-00168,25,13.2,35172,14.6,Food,Cash,50,5,Loyal Budget Buyer
CUST-00169,34,4.6,26838,22.4,Electronics,Cash,42,4,Loyal Budget Buyer
CUST-00170,29,3.6,64542,4.1,Food,Mobile Money,18,3,Regular Shopper
CUST-00171,36,3.4,383279,19.2,Electronics,Mobile Money,41,9,Wholesale Buyer
CUST-00172,35,0.4,31152,23.7,Food,Mobile Money,50,11,Loyal Budget Buyer
CUST-00173,22,3.8,26208,0.5,Household,Cash,2,10,Occasional Shopper
CUST-00174,32,9.8,18324,1.9,Household,Cash,6,7,Occasional Shopper
CUST-00175,41,2.8,346757,18.3,Tools,Mobile Money,39,1,Wholesale Buyer
CUST-00176,39,2.0,520656,15.6,Clothing,Credit,29,2,Wholesale Buyer
CUST-00177,24,3.8,124816,6.6,Household,Mobile Money,19,2,Regular Shopper
CUST-00178,45,8.7,9208,19.7,Household,Mobile Money,55,10,Loyal Budget Buyer
CUST-00179,24,3.0,16882,10.0,Food,Credit,26,14,Regular Shopper
CUST-00180,29,2.2,31958,1.3,Food,Cash,3,12,Occasional Shopper
CUST-00181,28,6.1,35560,9.3,Food,Cash,51,7,Loyal Budget Buyer
CUST-00182,37,2.7,75817,6.5,Electronics,Mobile Money,19,13,Regular Shopper
CUST-00183,24,1.5,8785,1.3,Electronics,Cash,5,3,Occasional Shopper
CUST-00184,46,5.6,96142,6.3,Household,Credit,12,14,Regular Shopper
CUST-00185,41,0.2,62601,8.6,Electronics,Cash,7,9,Regular Shopper
CUST-00186,35,1.5,24855,1.3,Tools,Cash,4,3,Occasional Shopper
CUST-00187,30,1.0,583687,22.8,Food,Cash,28,4,Wholesale Buyer
CUST-00188,28,4.2,12126,0.5,Clothing,Mobile Money,6,1,Occasional Shopper
CUST-00189,38,0.2,86383,4.6,Electronics,Mobile Money,12,12,Regular Shopper
CUST-00190,31,0.2,319485,13.4,Electronics,Credit,28,11,Wholesale Buyer
CUST-00191,45,6.9,44040,25.2,Food,Credit,52,5,Loyal Budget Buyer
CUST-00192,37,20.0,85350,5.4,Food,Mobile Money,19,12,Regular Shopper
CUST-00193,26,3.3,82657,7.1,Tools,Mobile Money,17,12,Regular Shopper
CUST-00194,24,1.6,115438,5.2,Tools,Cash,24,10,Regular Shopper
CUST-00195,36,1.7,40670,22.9,Food,Mobile Money,51,11,Loyal Budget Buyer
CUST-00196,36,1.2,108369,7.8,Electronics,Cash,19,6,Regular Shopper
CUST-00197,49,5.5,591973,13.3,Electronics,Cash,32,10,Wholesale Buyer
CUST-00198,32,4.4,99794,7.0,Food,Cash,22,2,Regular Shopper
CUST-00199,39,0.8,654292,16.1,Clothing,Credit,31,7,Wholesale Buyer
CUST-00200,40,4.1,11906,5.6,Food,Mobile Money,15,14,Regular Shopper
CUST-00201,52,2.0,67732,8.8,Household,Cash,19,14,Regular Shopper
CUST-00202,31,7.2,26694,20.7,Food,Cash,42,3,Loyal Budget Buyer
CUST-00203,40,0.6,549364,13.4,Food,Cash,19,1,Wholesale Buyer
CUST-00204,21,0.5,90292,8.4,Food,Cash,22,8,Regular Shopper
CUST-00205,18,4.1,13468,20.1,Food,Credit,50,8,Loyal Budget Buyer
CUST-00206,39,6.6,492896,11.3,Clothing,Credit,34,3,Wholesale Buyer
CUST-00207,19,2.8,6847,2.2,Electronics,Cash,4,2,Occasional Shopper
CUST-00208,32,4.5,861508,14.4,Food,Mobile Money,41,9,Wholesale Buyer
CUST-00209,39,4.5,22662,24.1,Electronics,Cash,53,2,Loyal Budget Buyer
CUST-00210,32,2.7,507161,8.1,Household,Cash,50,11,Wholesale Buyer
CUST-00211,40,1.8,116404,8.4,Household,Mobile Money,16,8,Regular Shopper
CUST-00212,36,8.7,4044,0.5,Clothing,Mobile Money,4,1,Occasional Shopper
CUST-00213,19,2.3,2521,1.0,Clothing,Cash,4,8,Occasional Shopper
CUST-00214,30,1.6,40470,16.3,Household,Cash,47,6,Loyal Budget Buyer
CUST-00215,39,2.9,108129,6.6,Food,Cash,20,13,Regular Shopper
CUST-00216,34,0.7,19821,25.3,Clothing,Cash,36,2,Loyal Budget Buyer
CUST-00217,33,14.5,14097,0.5,Clothing,Mobile Money,4,9,Occasional Shopper
CUST-00218,35,1.6,33442,0.5,Electronics,Cash,2,8,Occasional Shopper
CUST-00219,18,5.1,10056,2.6,Clothing,Cash,5,14,Occasional Shopper
CUST-00220,47,3.5,112525,5.7,Clothing,Cash,18,10,Regular Shopper
CUST-00221,27,0.4,27430,1.8,Clothing,Mobile Money,2,12,Occasional Shopper
CUST-00222,26,9.4,22156,1.5,Tools,Cash,4,1,Occasional Shopper
CUST-00223,30,0.2,28314,12.9,Household,Mobile Money,34,11,Loyal Budget Buyer
CUST-00224,27,1.9,460408,19.8,Household,Credit,38,2,Wholesale Buyer
CUST-00225,34,2.1,38393,16.4,Food,Cash,44,1,Loyal Budget Buyer
CUST-00226,22,1.2,113653,8.8,Food,Cash,15,11,Regular Shopper
CUST-00227,40,1.7,52828,19.5,Food,Cash,62,6,Loyal Budget Buyer
CUST-00228,22,6.3,26459,1.0,Food,Cash,2,11,Occasional Shopper
CUST-00229,34,0.8,97580,4.7,Food,Credit,16,3,Regular Shopper
CUST-00230,38,5.4,68661,6.9,Household,Credit,8,14,Regular Shopper
CUST-00231,36,5.2,558939,11.1,Electronics,Cash,30,7,Wholesale Buyer
CUST-00232,29,3.9,523255,19.9,Tools,Credit,41,2,Wholesale Buyer
CUST-00233,37,8.8,24458,3.0,Clothing,Mobile Money,3,2,Occasional Shopper
CUST-00234,26,0.2,13638,0.5,Clothing,Cash,4,11,Occasional Shopper
CUST-00235,21,3.7,77135,6.0,Tools,Mobile Money,16,8,Regular Shopper
CUST-00236,21,6.5,136731,4.2,Tools,Mobile Money,18,3,Regular Shopper
CUST-00237,34,5.0,530183,11.6,Tools,Cash,37,3,Wholesale Buyer
CUST-00238,20,6.9,94182,7.2,Tools,Cash,12,9,Regular Shopper
CUST-00239,18,5.8,21870,2.4,Clothing,Cash,1,5,Occasional Shopper
CUST-00240,42,0.3,31220,20.8,Food,Cash,65,10,Loyal Budget Buyer
CUST-00241,18,1.9,17057,0.5,Clothing,Cash,4,5,Occasional Shopper
CUST-00242,25,2.9,85799,6.3,Tools,Mobile Money,27,12,Regular Shopper
CUST-00243,38,0.8,415900,16.1,Tools,Credit,34,12,Wholesale Buyer
CUST-00244,36,19.2,103472,8.2,Clothing,Credit,15,4,Regular Shopper
CUST-00245,49,0.2,258417,17.5,Tools,Cash,36,5,Wholesale Buyer
CUST-00246,25,2.2,363108,15.7,Household,Credit,30,12,Wholesale Buyer
CUST-00247,18,6.7,17704,1.8,Food,Mobile Money,3,8,Occasional Shopper
CUST-00248,31,10.7,100445,9.5,Food,Credit,11,7,Regular Shopper
CUST-00249,45,1.3,97723,8.7,Food,Cash,19,2,Regular Shopper
CUST-00250,35,0.9,53888,7.7,Clothing,Mobile Money,17,4,Regular Shopper
CUST-00251,30,1.8,10960,0.8,Food,Cash,7,8,Occasional Shopper
CUST-00252,30,6.6,488893,15.9,Food,Mobile Money,35,11,Wholesale Buyer
CUST-00253,42,5.3,24399,16.6,Food,Cash,43,5,Loyal Budget Buyer
CUST-00254,22,1.2,23373,1.1,Clothing,Mobile Money,2,9,Occasional Shopper
CUST-00255,18,0.6,81281,9.0,Electronics,Mobile Money,16,4,Regular Shopper
CUST-00256,32,2.1,36019,1.4,Clothing,Cash,6,11,Occasional Shopper
CUST-00257,23,0.5,24328,10.2,Food,Cash,18,7,Regular Shopper
CUST-00258,18,0.2,42399,16.7,Household,Mobile Money,52,14,Loyal Budget Buyer
CUST-00259,42,13.1,66103,12.3,Household,Cash,18,2,Regular Shopper
CUST-00260,31,8.1,106858,7.0,Household,Mobile Money,16,14,Regular Shopper
CUST-00261,53,0.6,108216,10.7,Tools,Credit,16,13,Regular Shopper
CUST-00262,26,0.9,11322,1.0,Food,Mobile Money,3,5,Occasional Shopper
CUST-00263,26,0.3,46255,23.1,Food,Mobile Money,53,8,Loyal Budget Buyer
CUST-00264,36,4.6,23996,8.7,Clothing,Credit,20,12,Regular Shopper
CUST-00265,40,0.3,315924,15.9,Food,Cash,29,5,Wholesale Buyer
CUST-00266,29,14.7,19580,1.9,Clothing,Cash,3,13,Occasional Shopper
CUST-00267,38,40.0,25506,20.4,Household,Cash,58,4,Loyal Budget Buyer
CUST-00268,30,7.7,60856,7.4,Food,Mobile Money,15,8,Regular Shopper
CUST-00269,19,6.1,149690,6.5,Clothing,Cash,18,7,Regular Shopper
CUST-00270,35,29.3,404926,10.1,Food,Mobile Money,33,13,Wholesale Buyer
CUST-00271,31,5.1,71858,7.6,Tools,Cash,15,8,Regular Shopper
CUST-00272,41,10.2,43600,16.6,Tools,Cash,56,5,Loyal Budget Buyer
CUST-00273,22,1.9,26663,25.4,Clothing,Cash,51,13,Loyal Budget Buyer
CUST-00274,24,2.7,43197,14.1,Electronics,Cash,34,6,Loyal Budget Buyer
CUST-00275,45,8.1,206989,9.8,Tools,Mobile Money,30,8,Wholesale Buyer
CUST-00276,27,2.5,13210,0.8,Electronics,Cash,5,10,Occasional Shopper
CUST-00277,29,1.8,10028,3.8,Electronics,Cash,4,8,Occasional Shopper
CUST-00278,46,3.1,523709,14.9,Food,Credit,26,4,Wholesale Buyer
CUST-00279,30,3.5,14955,1.7,Clothing,Cash,4,13,Occasional Shopper
CUST-00280,34,3.1,36100,6.0,Food,Mobile Money,15,8,Regular Shopper
CUST-00281,25,2.3,7670,2.1,Clothing,Credit,3,8,Occasional Shopper
CUST-00282,30,6.0,399423,11.9,Household,Credit,31,2,Wholesale Buyer
CUST-00283,31,1.6,46429,17.4,Household,Mobile Money,59,5,Loyal Budget Buyer
CUST-00284,44,9.1,29349,17.3,Electronics,Cash,55,10,Loyal Budget Buyer
CUST-00285,52,2.4,41445,25.8,Food,Cash,49,11,Loyal Budget Buyer
CUST-00286,31,2.7,1806,2.6,Clothing,Mobile Money,6,4,Occasional Shopper
CUST-00287,49,2.6,65121,6.4,Household,Cash,11,6,Regular Shopper
CUST-00288,44,3.7,32990,8.2,Tools,Cash,17,7,Regular Shopper
CUST-00289,33,1.3,49712,8.4,Food,Cash,15,1,Regular Shopper
CUST-00290,23,3.4,72362,4.4,Food,Mobile Money,17,1,Regular Shopper
CUST-00291,25,0.7,11065,1.4,Electronics,Cash,1,4,Occasional Shopper
CUST-00292,18,6.0,11300,2.3,Clothing,Cash,3,10,Occasional Shopper
CUST-00293,30,3.8,29470,17.5,Household,Cash,47,1,Loyal Budget Buyer
CUST-00294,20,6.2,87277,4.4,Electronics,Mobile Money,15,13,Regular Shopper
CUST-00295,18,1.5,16304,1.4,Clothing,Cash,9,5,Occasional Shopper
CUST-00296,27,3.6,30578,2.3,Clothing,Cash,5,12,Occasional Shopper
CUST-00297,25,2.8,24763,1.7,Tools,Cash,7,5,Occasional Shopper
CUST-00298,23,6.4,18092,1.8,Tools,Mobile Money,6,12,Occasional Shopper
CUST-00299,42,1.6,624540,15.9,Electronics,Mobile Money,40,13,Wholesale Buyer
CUST-00300,44,10.0,14057,2.8,Clothing,Cash,3,14,Occasional Shopper
CUST-00301,27,1.0,19253,2.2,Tools,Credit,5,13,Occasional Shopper
CUST-00302,36,4.0,556041,15.6,Clothing,Cash,37,11,Wholesale Buyer
CUST-00303,31,4.5,27490,0.7,Electronics,Cash,5,7,Occasional Shopper
CUST-00304,25,5.8,25238,5.4,Tools,Cash,17,5,Regular Shopper
CUST-00305,26,0.2,479505,17.3,Household,Cash,24,6,Wholesale Buyer
CUST-00306,24,10.2,13480,1.8,Food,Cash,4,8,Occasional Shopper
CUST-00307,34,5.7,27930,21.4,Food,Mobile Money,59,10,Loyal Budget Buyer
CUST-00308,39,1.2,21144,2.4,Electronics,Cash,6,2,Occasional Shopper
CUST-00309,39,0.3,550924,12.1,Food,Mobile Money,32,7,Wholesale Buyer
CUST-00310,31,1.3,10033,2.1,Clothing,Cash,3,7,Occasional Shopper
CUST-00311,34,1.4,30076,27.3,Household,Cash,32,12,Loyal Budget Buyer
CUST-00312,23,4.8,27416,26.3,Household,Cash,57,7,Loyal Budget Buyer
CUST-00313,53,5.2,50415,24.6,Food,Cash,51,14,Loyal Budget Buyer
CUST-00314,18,1.3,2464,0.5,Clothing,Cash,1,2,Occasional Shopper
CUST-00315,41,4.1,281080,13.5,Tools,Mobile Money,36,14,Wholesale Buyer
CUST-00316,30,9.3,25002,3.3,Food,Cash,2,11,Occasional Shopper
CUST-00317,26,0.2,97757,7.7,Clothing,Cash,19,11,Regular Shopper
CUST-00318,40,4.3,16093,2.0,Clothing,Cash,8,5,Occasional Shopper
CUST-00319,26,5.0,24257,1.2,Clothing,Cash,8,6,Occasional Shopper
CUST-00320,27,2.9,19976,1.7,Food,Mobile Money,2,5,Occasional Shopper
CUST-00321,31,10.0,25323,1.7,Clothing,Mobile Money,6,1,Occasional Shopper
CUST-00322,34,7.0,40353,6.0,Tools,Mobile Money,17,12,Regular Shopper
CUST-00323,33,11.4,4513,1.1,Household,Cash,1,8,Occasional Shopper
CUST-00324,41,0.4,55455,21.3,Food,Cash,54,10,Loyal Budget Buyer
CUST-00325,43,18.1,23276,1.2,Clothing,Cash,2,9,Occasional Shopper
CUST-00326,26,3.1,19724,2.8,Clothing,Cash,6,5,Occasional Shopper
CUST-00327,23,2.4,110481,3.3,Electronics,Credit,19,12,Regular Shopper
CUST-00328,31,5.6,11017,2.3,Household,Mobile Money,3,13,Occasional Shopper
CUST-00329,18,2.6,5405,1.8,Electronics,Cash,2,10,Occasional Shopper
CUST-00330,27,28.1,110010,4.9,Clothing,Mobile Money,16,13,Regular Shopper
CUST-00331,41,0.9,422204,16.1,Food,Credit,35,12,Wholesale Buyer
CUST-00332,40,0.8,116542,11.6,Clothing,Credit,15,1,Regular Shopper
CUST-00333,38,5.4,595067,11.0,Household,Cash,39,9,Wholesale Buyer
CUST-00334,38,10.0,85846,8.7,Food,Mobile Money,16,1,Regular Shopper
CUST-00335,57,4.5,28558,14.4,Food,Cash,42,8,Loyal Budget Buyer
CUST-00336,29,9.2,59702,7.9,Clothing,Mobile Money,19,13,Regular Shopper
CUST-00337,36,0.4,51682,7.1,Food,Credit,20,7,Regular Shopper
CUST-00338,24,2.2,8096,1.5,Clothing,Cash,4,2,Occasional Shopper
CUST-00339,23,10.6,15056,1.4,Electronics,Mobile Money,6,5,Occasional Shopper
CUST-00340,39,2.1,69096,6.7,Food,Cash,11,2,Regular Shopper
CUST-00341,43,3.9,32624,5.2,Tools,Cash,20,13,Regular Shopper
CUST-00342,27,11.4,53753,16.2,Clothing,Cash,52,12,Loyal Budget Buyer
CUST-00343,36,2.3,46190,9.2,Food,Cash,8,14,Regular Shopper
CUST-00344,25,1.5,33615,1.6,Food,Cash,1,3,Occasional Shopper
CUST-00345,53,8.2,57493,14.7,Clothing,Cash,45,2,Loyal Budget Buyer
CUST-00346,36,12.7,796057,15.2,Food,Credit,33,1,Wholesale Buyer
CUST-00347,33,4.1,87139,5.7,Tools,Cash,19,8,Regular Shopper
CUST-00348,28,3.2,55862,19.3,Food,Cash,64,7,Loyal Budget Buyer
CUST-00349,48,2.9,19708,1.6,Clothing,Cash,3,3,Occasional Shopper
CUST-00350,31,4.0,19336,1.6,Clothing,Cash,3,1,Occasional Shopper
CUST-00351,39,3.3,12529,2.0,Clothing,Mobile Money,4,4,Occasional Shopper
CUST-00352,30,1.0,47761,6.7,Tools,Cash,16,11,Regular Shopper
CUST-00353,29,2.7,166834,14.7,Food,Cash,38,14,Wholesale Buyer
CUST-00354,42,1.5,510490,13.0,Food,Cash,30,7,Wholesale Buyer
CUST-00355,26,10.1,21135,20.0,Food,Cash,60,11,Loyal Budget Buyer
CUST-00356,18,0.5,72645,9.2,Food,Cash,15,12,Regular Shopper
CUST-00357,25,0.7,19415,2.5,Electronics,Mobile Money,3,10,Occasional Shopper
CUST-00358,45,2.3,69599,8.8,Tools,Credit,26,13,Regular Shopper
CUST-00359,50,11.3,35574,25.7,Electronics,Mobile Money,38,12,Loyal Budget Buyer
CUST-00360,24,7.9,67431,7.8,Tools,Cash,11,3,Regular Shopper
CUST-00361,18,9.1,83184,7.5,Food,Cash,13,4,Regular Shopper
CUST-00362,22,7.7,35657,6.3,Clothing,Cash,17,8,Regular Shopper
CUST-00363,31,12.0,57992,4.8,Food,Mobile Money,12,14,Regular Shopper
CUST-00364,28,1.0,23126,1.9,Household,Mobile Money,3,14,Occasional Shopper
CUST-00365,41,0.3,91591,6.9,Food,Mobile Money,18,7,Regular Shopper
CUST-00366,36,8.6,16981,2.6,Clothing,Cash,5,10,Occasional Shopper
CUST-00367,24,0.8,15814,2.5,Clothing,Cash,6,8,Occasional Shopper
CUST-00368,20,6.8,67517,17.6,Clothing,Cash,58,5,Loyal Budget Buyer
CUST-00369,20,2.4,23427,6.8,Clothing,Cash,15,14,Regular Shopper
CUST-00370,34,2.1,75610,8.7,Food,Mobile Money,27,5,Regular Shopper
CUST-00371,28,5.6,71629,7.9,Household,Cash,14,14,Regular Shopper
CUST-00372,23,0.3,24290,1.5,Clothing,Cash,7,2,Occasional Shopper
CUST-00373,26,2.9,52056,8.4,Food,Cash,15,3,Regular Shopper
CUST-00374,38,3.0,602196,14.0,Tools,Cash,39,8,Wholesale Buyer
CUST-00375,33,5.2,56750,5.8,Food,Credit,16,11,Regular Shopper
CUST-00376,36,8.3,49452,12.0,Food,Cash,56,7,Loyal Budget Buyer
CUST-00377,34,13.7,7348,0.9,Clothing,Cash,7,8,Occasional Shopper
CUST-00378,44,6.0,71216,7.0,Food,Cash,17,13,Regular Shopper
CUST-00379,32,1.1,583837,16.2,Food,Cash,32,3,Wholesale Buyer
CUST-00380,42,9.6,552791,15.7,Electronics,Credit,36,2,Wholesale Buyer
CUST-00381,31,4.6,25954,1.2,Clothing,Cash,3,14,Occasional Shopper
CUST-00382,36,1.7,16724,0.5,Electronics,Mobile Money,3,14,Occasional Shopper
CUST-00383,18,1.5,43208,7.5,Household,Mobile Money,21,10,Regular Shopper
CUST-00384,25,0.2,59089,9.7,Clothing,Mobile Money,18,9,Regular Shopper
CUST-00385,36,2.9,358962,15.2,Tools,Cash,37,3,Wholesale Buyer
CUST-00386,31,7.4,5056,1.8,Clothing,Mobile Money,8,11,Occasional Shopper
CUST-00387,18,5.3,24776,24.0,Household,Cash,60,2,Loyal Budget Buyer
CUST-00388,34,8.0,33822,5.4,Electronics,Cash,12,2,Regular Shopper
CUST-00389,23,1.4,109065,6.1,Electronics,Mobile Money,20,6,Regular Shopper
CUST-00390,34,2.8,45757,8.2,Tools,Mobile Money,15,2,Regular Shopper
CUST-00391,22,4.0,23286,2.0,Food,Cash,5,4,Occasional Shopper
CUST-00392,18,1.7,25818,19.4,Food,Cash,57,14,Loyal Budget Buyer
CUST-00393,24,2.3,118638,8.6,Food,Mobile Money,19,6,Regular Shopper
CUST-00394,26,6.2,46097,7.9,Food,Mobile Money,15,6,Regular Shopper
CUST-00395,47,5.8,85430,5.4,Tools,Mobile Money,22,7,Regular Shopper
CUST-00396,18,1.7,13218,0.5,Clothing,Cash,4,3,Occasional Shopper
CUST-00397,23,1.9,15923,1.7,Clothing,Mobile Money,4,1,Occasional Shopper
CUST-00398,26,0.5,118797,7.0,Electronics,Mobile Money,21,9,Regular Shopper
CUST-00399,28,0.8,242226,17.2,Food,Cash,31,3,Wholesale Buyer
CUST-00400,34,0.7,669267,14.3,Food,Cash,35,9,Wholesale Buyer
CUST-00401,58,5.6,71650,9.5,Electronics,Mobile Money,20,3,Regular Shopper
CUST-00402,23,1.4,18223,1.0,Clothing,Mobile Money,7,5,Occasional Shopper
CUST-00403,22,0.7,38247,15.8,Clothing,Cash,40,12,Loyal Budget Buyer
CUST-00404,26,0.9,38024,16.0,Clothing,Mobile Money,52,5,Loyal Budget Buyer
CUST-00405,46,5.5,41647,7.5,Clothing,Cash,20,14,Regular Shopper
CUST-00406,35,5.6,524714,12.8,Food,Mobile Money,33,1,Wholesale Buyer
CUST-00407,54,0.8,87576,7.7,Electronics,Mobile Money,15,9,Regular Shopper
CUST-00408,39,16.9,4556,0.7,Clothing,Cash,4,4,Occasional Shopper
CUST-00409,27,1.9,89609,6.2,Household,Cash,15,14,Regular Shopper
CUST-00410,36,0.3,714655,9.0,Tools,Cash,43,12,Wholesale Buyer
CUST-00411,31,5.1,13246,2.3,Clothing,Cash,1,11,Occasional Shopper
CUST-00412,33,16.0,94722,5.3,Tools,Cash,13,5,Regular Shopper
CUST-00413,31,2.0,35677,5.9,Clothing,Mobile Money,8,10,Regular Shopper
CUST-00414,20,0.3,20692,0.6,Clothing,Cash,4,10,Occasional Shopper
CUST-00415,51,0.3,3500,17.3,Tools,Mobile Money,48,1,Loyal Budget Buyer
CUST-00416,34,5.0,21792,17.9,Food,Cash,35,3,Loyal Budget Buyer
CUST-00417,39,9.6,390826,12.3,Tools,Credit,24,3,Wholesale Buyer
CUST-00418,19,6.6,57705,6.5,Food,Cash,20,1,Regular Shopper
CUST-00419,63,2.5,34215,17.5,Clothing,Mobile Money,61,7,Loyal Budget Buyer
CUST-00420,20,2.6,27378,20.0,Clothing,Mobile Money,53,8,Loyal Budget Buyer
CUST-00421,34,3.9,6851,1.8,Electronics,Mobile Money,2,11,Occasional Shopper
CUST-00422,40,0.7,511318,12.1,Tools,Cash,29,9,Wholesale Buyer
CUST-00423,22,1.6,49789,7.0,Food,Mobile Money,24,8,Regular Shopper
CUST-00424,19,6.2,25667,2.6,Tools,Mobile Money,4,12,Occasional Shopper
CUST-00425,54,9.9,45316,28.0,Clothing,Mobile Money,54,11,Loyal Budget Buyer
CUST-00426,56,1.3,48009,24.3,Household,Cash,40,1,Loyal Budget Buyer
CUST-00427,30,5.1,15209,2.1,Household,Mobile Money,5,14,Occasional Shopper
CUST-00428,22,0.4,601752,9.5,Tools,Cash,34,12,Wholesale Buyer
CUST-00429,26,3.6,26666,27.8,Food,Cash,44,10,Loyal Budget Buyer
CUST-00430,35,2.4,39922,20.0,Food,Cash,48,10,Loyal Budget Buyer
CUST-00431,18,0.2,124108,9.7,Tools,Credit,10,7,Regular Shopper
CUST-00432,36,0.4,77524,10.2,Food,Cash,31,2,Regular Shopper
CUST-00433,28,5.0,583044,11.5,Household,Cash,46,13,Wholesale Buyer
CUST-00434,29,3.2,71905,7.8,Clothing,Cash,16,4,Regular Shopper
CUST-00435,18,6.2,35238,18.8,Clothing,Cash,44,3,Loyal Budget Buyer
CUST-00436,22,4.7,25217,7.7,Food,Mobile Money,18,12,Regular Shopper
CUST-00437,18,6.0,29322,2.9,Clothing,Cash,1,5,Occasional Shopper
CUST-00438,30,2.0,91370,5.4,Household,Cash,12,14,Regular Shopper
CUST-00439,42,0.9,789333,14.5,Tools,Credit,47,4,Wholesale Buyer
CUST-00440,23,0.9,18456,1.3,Electronics,Cash,1,10,Occasional Shopper
CUST-00441,18,8.5,24793,3.3,Electronics,Cash,25,14,Regular Shopper
CUST-00442,29,17.2,22147,1.2,Electronics,Cash,4,14,Occasional Shopper
CUST-00443,27,4.5,50895,25.5,Food,Cash,47,1,Loyal Budget Buyer
CUST-00444,35,2.6,428244,15.8,Household,Credit,42,3,Wholesale Buyer
CUST-00445,31,17.1,553891,11.6,Tools,Cash,31,3,Wholesale Buyer
CUST-00446,35,1.0,12556,1.9,Clothing,Cash,5,2,Occasional Shopper
CUST-00447,34,7.2,24917,2.9,Clothing,Cash,3,8,Occasional Shopper
CUST-00448,29,4.0,119213,8.3,Clothing,Credit,19,2,Regular Shopper
CUST-00449,32,5.1,520681,5.7,Electronics,Mobile Money,33,12,Wholesale Buyer
CUST-00450,35,26.8,36623,4.9,Food,Mobile Money,14,3,Regular Shopper
CUST-00451,44,1.3,441764,14.0,Tools,Cash,34,10,Wholesale Buyer
CUST-00452,34,4.1,35393,24.7,Food,Cash,44,13,Loyal Budget Buyer
CUST-00453,27,1.9,78988,5.6,Clothing,Mobile Money,19,6,Regular Shopper
CUST-00454,24,7.7,21414,1.3,Clothing,Mobile Money,5,10,Occasional Shopper
CUST-00455,26,3.9,423341,7.7,Household,Cash,26,6,Wholesale Buyer
CUST-00456,41,2.3,553942,17.3,Household,Cash,44,5,Wholesale Buyer
CUST-00457,35,1.7,60959,8.3,Household,Credit,21,4,Regular Shopper
CUST-00458,26,10.1,5490,0.8,Clothing,Mobile Money,6,2,Occasional Shopper
CUST-00459,40,3.4,568554,13.2,Clothing,Mobile Money,38,13,Wholesale Buyer
CUST-00460,35,0.9,502596,15.9,Tools,Cash,40,14,Wholesale Buyer
CUST-00461,25,17.0,42220,1.7,Clothing,Mobile Money,3,12,Occasional Shopper
CUST-00462,26,5.1,41501,16.1,Clothing,Cash,51,2,Loyal Budget Buyer
CUST-00463,27,1.8,559054,19.3,Food,Mobile Money,35,5,Wholesale Buyer
CUST-00464,25,8.4,8214,1.3,Clothing,Mobile Money,7,1,Occasional Shopper
CUST-00465,41,1.0,27374,19.4,Food,Cash,58,2,Loyal Budget Buyer
CUST-00466,41,2.4,30143,28.3,Household,Cash,36,12,Loyal Budget Buyer
CUST-00467,27,2.2,48372,16.7,Tools,Cash,58,6,Loyal Budget Buyer
CUST-00468,32,3.3,791710,14.9,Tools,Cash,45,5,Wholesale Buyer
CUST-00469,18,7.4,127082,6.9,Food,Mobile Money,16,1,Regular Shopper
CUST-00470,32,11.6,489439,14.3,Food,Cash,35,4,Wholesale Buyer
CUST-00471,22,2.6,101318,9.3,Clothing,Mobile Money,10,9,Regular Shopper
CUST-00472,43,4.2,428367,17.7,Household,Mobile Money,28,9,Wholesale Buyer
CUST-00473,18,3.7,89481,8.5,Electronics,Cash,17,8,Regular Shopper
CUST-00474,46,4.5,41160,15.2,Clothing,Cash,55,11,Loyal Budget Buyer
CUST-00475,32,3.0,363384,15.9,Food,Mobile Money,39,5,Wholesale Buyer
CUST-00476,26,0.6,45514,5.3,Food,Cash,13,1,Regular Shopper
CUST-00477,29,2.0,7831,1.2,Clothing,Credit,6,6,Occasional Shopper
CUST-00478,24,4.1,34500,22.3,Food,Cash,47,3,Loyal Budget Buyer
CUST-00479,18,1.0,88188,6.5,Food,Mobile Money,13,2,Regular Shopper
CUST-00480,29,0.4,20856,1.6,Food,Mobile Money,4,9,Occasional Shopper
CUST-00481,34,3.7,74486,6.5,Tools,Cash,23,5,Regular Shopper
CUST-00482,18,1.6,699860,13.5,Tools,Cash,23,1,Wholesale Buyer
CUST-00483,40,0.5,68647,7.3,Food,Cash,28,9,Regular Shopper
CUST-00484,22,4.0,36787,7.5,Clothing,Mobile Money,21,6,Regular Shopper
CUST-00485,46,10.3,636511,8.8,Tools,Cash,33,13,Wholesale Buyer
CUST-00486,35,0.5,16839,1.3,Household,Cash,1,12,Occasional Shopper
CUST-00487,38,18.1,25038,1.1,Tools,Cash,1,12,Occasional Shopper
CUST-00488,49,3.5,694860,14.4,Tools,Mobile Money,36,5,Wholesale Buyer
CUST-00489,36,3.2,388440,7.8,Electronics,Cash,36,13,Wholesale Buyer
CUST-00490,27,4.2,38182,6.0,Electronics,Credit,12,2,Regular Shopper
CUST-00491,43,5.8,683155,11.7,Food,Cash,33,10,Wholesale Buyer
CUST-00492,42,13.0,21285,15.6,Tools,Cash,52,9,Loyal Budget Buyer
CUST-00493,33,1.0,35201,20.8,Clothing,Mobile Money,47,12,Loyal Budget Buyer
CUST-00494,48,2.0,16322,24.8,Household,Cash,50,2,Loyal Budget Buyer
CUST-00495,40,10.8,645020,10.6,Tools,Cash,34,2,Wholesale Buyer
CUST-00496,18,1.9,44283,6.8,Clothing,Cash,11,6,Regular Shopper
CUST-00497,18,1.6,13194,1.3,Clothing,Cash,1,9,Occasional Shopper
CUST-00498,24,0.5,46520,6.8,Household,Mobile Money,15,9,Regular Shopper
CUST-00499,26,6.1,75295,10.2,Tools,Cash,19,4,Regular Shopper
CUST-00500,36,3.0,17538,0.5,Clothing,Cash,6,14,Occasional Shopper
CUST-00501,38,0.7,14372,2.1,Electronics,Cash,6,6,Occasional Shopper
CUST-00502,25,2.8,14485,0.9,Tools,Cash,4,14,Occasional Shopper
CUST-00503,30,18.9,17830,1.2,Electronics,Mobile Money,3,5,Occasional Shopper
CUST-00504,31,0.5,23641,2.1,Food,Mobile Money,2,5,Occasional Shopper
CUST-00505,34,1.0,723800,10.5,Clothing,Mobile Money,35,8,Wholesale Buyer
CUST-00506,28,1.7,390807,20.3,Electronics,Cash,33,14,Wholesale Buyer
CUST-00507,26,1.5,27154,2.0,Tools,Cash,2,7,Occasional Shopper
CUST-00508,23,1.0,45184,26.4,Household,Cash,61,7,Loyal Budget Buyer
CUST-00509,23,7.1,220552,14.0,Food,Cash,37,13,Wholesale Buyer
CUST-00510,32,0.6,682052,13.7,Tools,Mobile Money,39,6,Wholesale Buyer
CUST-00511,25,1.3,82097,8.7,Food,Cash,21,7,Regular Shopper
CUST-00512,25,3.1,47270,6.2,Food,Mobile Money,19,9,Regular Shopper
CUST-00513,35,6.2,37335,18.4,Clothing,Credit,54,2,Loyal Budget Buyer
CUST-00514,18,2.1,30113,2.3,Electronics,Mobile Money,4,11,Occasional Shopper
CUST-00515,25,3.1,1800,1.2,Clothing,Cash,4,7,Occasional Shopper
CUST-00516,38,2.7,61123,10.3,Electronics,Cash,18,8,Regular Shopper
CUST-00517,26,3.5,78289,6.7,Food,Mobile Money,29,4,Regular Shopper
CUST-00518,40,4.7,116626,7.3,Tools,Mobile Money,17,13,Regular Shopper
CUST-00519,18,14.6,90120,7.3,Food,Cash,11,1,Regular Shopper
CUST-00520,40,11.6,16674,3.0,Clothing,Cash,5,3,Occasional Shopper
CUST-00521,30,1.9,31860,1.3,Electronics,Mobile Money,7,4,Occasional Shopper
CUST-00522,39,6.7,90368,9.6,Clothing,Cash,16,8,Regular Shopper
CUST-00523,41,0.2,537036,10.6,Clothing,Cash,31,9,Wholesale Buyer
CUST-00524,22,1.4,32906,6.3,Food,Mobile Money,13,1,Regular Shopper
CUST-00525,31,1.8,60867,8.9,Electronics,Cash,18,13,Regular Shopper
CUST-00526,23,3.2,62861,6.9,Electronics,Credit,15,6,Regular Shopper
CUST-00527,42,3.8,99361,7.8,Food,Mobile Money,17,14,Regular Shopper
CUST-00528,28,7.2,19393,2.0,Clothing,Cash,3,8,Occasional Shopper
CUST-00529,44,3.4,518724,17.6,Household,Cash,37,10,Wholesale Buyer
CUST-00530,33,5.5,65698,7.8,Food,Mobile Money,19,9,Regular Shopper
CUST-00531,27,4.7,92218,5.7,Tools,Mobile Money,24,14,Regular Shopper
CUST-00532,31,8.4,2667,1.5,Clothing,Mobile Money,4,13,Occasional Shopper
CUST-00533,44,5.2,402239,11.2,Food,Credit,37,1,Wholesale Buyer
CUST-00534,42,6.8,53763,17.9,Food,Cash,56,4,Loyal Budget Buyer
CUST-00535,44,0.8,91622,7.3,Tools,Cash,12,7,Regular Shopper
CUST-00536,36,3.8,19448,23.8,Food,Cash,42,1,Loyal Budget Buyer
CUST-00537,42,1.6,30915,17.8,Tools,Cash,44,1,Loyal Budget Buyer
CUST-00538,24,1.5,545955,8.9,Tools,Cash,30,3,Wholesale Buyer
CUST-00539,34,1.8,484409,14.3,Food,Mobile Money,29,14,Wholesale Buyer
CUST-00540,44,8.1,25274,24.0,Household,Cash,45,10,Loyal Budget Buyer
CUST-00541,39,7.4,22800,21.6,Food,Cash,40,8,Loyal Budget Buyer
CUST-00542,38,2.8,62458,7.1,Food,Cash,17,2,Regular Shopper
CUST-00543,18,14.2,29911,21.6,Clothing,Mobile Money,47,14,Loyal Budget Buyer
CUST-00544,48,4.8,83488,5.2,Clothing,Mobile Money,18,1,Regular Shopper
CUST-00545,33,3.8,1800,2.2,Tools,Cash,4,2,Occasional Shopper
CUST-00546,59,0.5,23488,19.3,Clothing,Cash,63,14,Loyal Budget Buyer
CUST-00547,31,2.2,99661,8.2,Electronics,Cash,13,11,Regular Shopper
CUST-00548,18,4.9,41276,26.3,Food,Cash,44,14,Loyal Budget Buyer
CUST-00549,44,1.7,46718,21.5,Food,Cash,50,10,Loyal Budget Buyer
CUST-00550,42,4.1,613603,11.3,Household,Mobile Money,32,6,Wholesale Buyer
CUST-00551,24,0.9,34303,8.9,Electronics,Credit,15,11,Regular Shopper
CUST-00552,50,0.4,51529,17.6,Household,Cash,54,13,Loyal Budget Buyer
CUST-00553,34,3.5,69005,6.1,Tools,Mobile Money,24,11,Regular Shopper
CUST-00554,42,13.9,84384,8.0,Clothing,Mobile Money,11,12,Regular Shopper
CUST-00555,48,4.4,35884,13.7,Food,Cash,47,3,Loyal Budget Buyer
CUST-00556,29,1.6,16473,1.9,Food,Cash,3,3,Occasional Shopper
CUST-00557,31,19.7,68185,11.0,Food,Credit,11,4,Regular Shopper
CUST-00558,41,10.4,4469,19.4,Food,Cash,50,4,Loyal Budget Buyer
CUST-00559,26,20.4,19323,15.4,Food,Cash,47,4,Loyal Budget Buyer
CUST-00560,29,6.2,59296,4.6,Clothing,Mobile Money,15,5,Regular Shopper
CUST-00561,38,0.4,33644,16.0,Food,Cash,64,14,Loyal Budget Buyer
CUST-00562,35,2.7,20504,1.0,Tools,Cash,4,9,Occasional Shopper
CUST-00563,53,3.3,55614,9.7,Tools,Mobile Money,12,6,Regular Shopper
CUST-00564,40,5.0,32799,15.6,Household,Cash,55,5,Loyal Budget Buyer
CUST-00565,39,9.5,22579,24.8,Food,Cash,69,3,Loyal Budget Buyer
CUST-00566,26,0.7,114025,10.1,Clothing,Cash,15,8,Regular Shopper
CUST-00567,19,8.6,107513,5.7,Electronics,Mobile Money,12,14,Regular Shopper
CUST-00568,45,3.2,17412,1.2,Tools,Cash,1,13,Occasional Shopper
CUST-00569,32,1.7,87421,4.4,Tools,Mobile Money,14,11,Regular Shopper
CUST-00570,53,10.2,426391,17.1,Clothing,Mobile Money,37,14,Wholesale Buyer
CUST-00571,38,3.6,67973,6.2,Electronics,Mobile Money,13,2,Regular Shopper
CUST-00572,21,1.5,35081,13.5,Tools,Cash,44,14,Loyal Budget Buyer
CUST-00573,26,4.4,23847,14.5,Food,Mobile Money,56,2,Loyal Budget Buyer
CUST-00574,42,19.8,92907,10.1,Food,Cash,20,2,Regular Shopper
CUST-00575,21,4.4,35446,16.1,Food,Cash,39,9,Loyal Budget Buyer
CUST-00576,30,8.5,21523,1.7,Electronics,Cash,2,12,Occasional Shopper
CUST-00577,37,2.0,39278,16.6,Food,Cash,48,12,Loyal Budget Buyer
CUST-00578,24,1.7,18594,24.0,Tools,Mobile Money,60,8,Loyal Budget Buyer
CUST-00579,44,19.0,18597,1.6,Clothing,Mobile Money,3,12,Occasional Shopper
CUST-00580,32,2.3,8712,15.3,Clothing,Cash,39,12,Loyal Budget Buyer
CUST-00581,33,1.8,10972,1.7,Electronics,Credit,8,7,Occasional Shopper
CUST-00582,31,1.3,91925,8.0,Food,Mobile Money,12,2,Regular Shopper
CUST-00583,40,5.2,25316,1.4,Food,Cash,4,13,Occasional Shopper
CUST-00584,18,0.4,106998,5.1,Tools,Mobile Money,16,7,Regular Shopper
CUST-00585,42,0.6,355424,19.1,Food,Credit,44,11,Wholesale Buyer
CUST-00586,27,15.3,32584,5.3,Food,Cash,23,7,Regular Shopper
CUST-00587,18,1.3,17204,1.3,Electronics,Cash,4,13,Occasional Shopper
CUST-00588,50,1.1,95635,6.6,Food,Credit,18,14,Regular Shopper
CUST-00589,22,3.0,59512,8.0,Electronics,Cash,16,7,Regular Shopper
CUST-00590,27,3.4,479164,8.5,Tools,Cash,36,13,Wholesale Buyer
CUST-00591,32,2.7,477012,10.7,Household,Mobile Money,34,10,Wholesale Buyer
CUST-00592,27,0.7,12858,1.5,Clothing,Mobile Money,4,11,Occasional Shopper
CUST-00593,18,1.4,11818,1.0,Food,Credit,4,4,Occasional Shopper
CUST-00594,30,4.1,46992,29.3,Food,Cash,50,4,Loyal Budget Buyer
CUST-00595,28,5.6,56255,6.2,Household,Cash,16,1,Regular Shopper
CUST-00596,41,4.3,37590,18.5,Household,Cash,41,1,Loyal Budget Buyer
CUST-00597,21,2.8,63329,8.7,Tools,Credit,16,7,Regular Shopper
CUST-00598,53,3.6,770570,14.3,Clothing,Mobile Money,35,8,Wholesale Buyer
CUST-00599,46,2.0,771950,18.2,Clothing,Mobile Money,38,12,Wholesale Buyer
CUST-00600,40,1.7,486810,18.2,Food,Cash,37,3,Wholesale Buyer
CUST-00601,32,20.6,581446,8.8,Tools,Mobile Money,29,11,Wholesale Buyer
CUST-00602,21,12.3,27744,2.5,Food,Cash,3,13,Occasional Shopper
CUST-00603,38,4.6,49756,22.8,Household,Cash,53,5,Loyal Budget Buyer
CUST-00604,33,20.2,85330,8.3,Electronics,Mobile Money,17,2,Regular Shopper
CUST-00605,36,4.3,144880,7.1,Clothing,Cash,13,13,Regular Shopper
CUST-00606,38,23.6,556221,12.6,Tools,Cash,36,8,Wholesale Buyer
CUST-00607,35,10.1,36191,5.3,Household,Mobile Money,18,3,Regular Shopper
CUST-00608,43,1.7,23461,2.5,Clothing,Mobile Money,2,2,Occasional Shopper
CUST-00609,40,2.6,28836,16.7,Food,Cash,49,1,Loyal Budget Buyer
CUST-00610,18,1.2,8580,0.5,Clothing,Mobile Money,3,4,Occasional Shopper
CUST-00611,18,11.0,22808,0.7,Food,Mobile Money,2,8,Occasional Shopper
CUST-00612,35,9.3,32668,7.5,Food,Mobile Money,12,6,Regular Shopper
CUST-00613,31,6.4,593929,9.7,Household,Cash,40,4,Wholesale Buyer
CUST-00614,48,6.2,70287,5.8,Clothing,Cash,14,2,Regular Shopper
CUST-00615,43,2.1,445063,7.9,Tools,Mobile Money,27,6,Wholesale Buyer
CUST-00616,18,0.6,17910,1.3,Clothing,Mobile Money,2,7,Occasional Shopper
CUST-00617,35,1.0,99881,6.5,Tools,Cash,20,1,Regular Shopper
CUST-00618,44,10.6,71187,7.0,Electronics,Mobile Money,17,13,Regular Shopper
CUST-00619,18,3.6,13491,1.6,Clothing,Credit,5,8,Occasional Shopper
CUST-00620,24,3.5,322080,12.0,Tools,Cash,40,5,Wholesale Buyer
CUST-00621,43,1.7,118474,5.8,Clothing,Credit,21,7,Regular Shopper
CUST-00622,40,1.2,415588,10.1,Tools,Credit,35,13,Wholesale Buyer
CUST-00623,28,3.4,14439,23.9,Tools,Cash,55,2,Loyal Budget Buyer
CUST-00624,25,4.7,89643,6.8,Food,Mobile Money,17,7,Regular Shopper
CUST-00625,38,3.5,446537,6.2,Food,Cash,32,5,Wholesale Buyer
CUST-00626,51,8.1,28544,17.7,Food,Cash,40,8,Loyal Budget Buyer
CUST-00627,44,11.0,32649,5.0,Tools,Cash,15,14,Regular Shopper
CUST-00628,46,10.0,22798,8.8,Tools,Cash,16,14,Regular Shopper
CUST-00629,18,2.5,85280,7.0,Electronics,Cash,18,4,Regular Shopper
CUST-00630,21,7.5,10395,2.3,Electronics,Mobile Money,2,10,Occasional Shopper
CUST-00631,18,1.3,94780,3.8,Tools,Cash,22,8,Regular Shopper
CUST-00632,45,8.3,70997,4.4,Household,Mobile Money,14,2,Regular Shopper
CUST-00633,32,0.6,26112,0.5,Household,Cash,1,11,Occasional Shopper
CUST-00634,48,2.7,43437,7.9,Household,Mobile Money,27,2,Regular Shopper
CUST-00635,34,5.3,18003,20.4,Food,Mobile Money,56,13,Loyal Budget Buyer
CUST-00636,35,4.4,3500,21.5,Clothing,Mobile Money,44,10,Loyal Budget Buyer
CUST-00637,40,0.6,61321,8.9,Clothing,Cash,24,7,Regular Shopper
CUST-00638,23,0.7,102105,8.0,Food,Cash,12,5,Regular Shopper
CUST-00639,26,30.8,16115,1.5,Clothing,Mobile Money,3,12,Occasional Shopper
CUST-00640,29,7.2,388486,7.7,Food,Credit,30,7,Wholesale Buyer
CUST-00641,30,21.2,433337,15.4,Clothing,Cash,35,4,Wholesale Buyer
CUST-00642,37,4.1,87278,10.6,Household,Credit,19,13,Regular Shopper
CUST-00643,28,12.2,16002,15.4,Food,Mobile Money,54,11,Loyal Budget Buyer
CUST-00644,29,1.9,109431,4.4,Clothing,Mobile Money,19,14,Regular Shopper
CUST-00645,29,5.6,393311,16.4,Tools,Credit,28,9,Wholesale Buyer
CUST-00646,25,1.0,20399,0.8,Clothing,Cash,2,10,Occasional Shopper
CUST-00647,37,4.6,49960,18.5,Household,Mobile Money,66,10,Loyal Budget Buyer
CUST-00648,32,12.5,133462,6.9,Food,Credit,23,14,Regular Shopper
CUST-00649,28,7.7,46970,7.3,Clothing,Mobile Money,16,11,Regular Shopper
CUST-00650,34,2.7,57856,3.7,Food,Cash,14,5,Regular Shopper
CUST-00651,41,14.8,358289,12.0,Tools,Mobile Money,37,3,Wholesale Buyer
CUST-00652,33,8.6,32280,16.3,Food,Mobile Money,42,3,Loyal Budget Buyer
CUST-00653,49,3.9,573967,17.1,Household,Cash,23,13,Wholesale Buyer
CUST-00654,43,2.4,102262,7.7,Clothing,Mobile Money,12,1,Regular Shopper
CUST-00655,32,2.2,54626,22.0,Household,Cash,44,7,Loyal Budget Buyer
CUST-00656,32,2.6,39300,27.7,Tools,Cash,55,14,Loyal Budget Buyer
CUST-00657,29,5.1,336516,13.4,Clothing,Credit,36,10,Wholesale Buyer
CUST-00658,34,5.4,49843,19.6,Food,Cash,59,5,Loyal Budget Buyer
CUST-00659,24,5.1,10506,1.2,Clothing,Cash,3,1,Occasional Shopper
CUST-00660,37,3.3,276099,14.8,Food,Mobile Money,28,13,Wholesale Buyer
CUST-00661,50,6.5,463096,10.1,Food,Cash,31,4,Wholesale Buyer
CUST-00662,31,3.1,12491,1.6,Electronics,Cash,4,9,Occasional Shopper
CUST-00663,42,5.0,305715,14.1,Tools,Cash,32,13,Wholesale Buyer
CUST-00664,41,10.8,639630,13.2,Food,Mobile Money,32,5,Wholesale Buyer
CUST-00665,35,5.4,88017,8.4,Electronics,Cash,14,9,Regular Shopper
CUST-00666,37,3.3,272541,19.7,Food,Mobile Money,28,3,Wholesale Buyer
CUST-00667,32,2.7,17722,1.7,Clothing,Cash,4,8,Occasional Shopper
CUST-00668,51,3.3,367359,13.3,Tools,Mobile Money,34,8,Wholesale Buyer
CUST-00669,36,0.3,717824,10.7,Tools,Mobile Money,31,5,Wholesale Buyer
CUST-00670,30,7.3,11785,1.3,Food,Mobile Money,4,4,Occasional Shopper
CUST-00671,39,4.8,36496,18.5,Food,Mobile Money,47,14,Loyal Budget Buyer
CUST-00672,40,2.5,41625,19.6,Household,Cash,63,8,Loyal Budget Buyer
CUST-00673,19,2.4,15532,1.4,Tools,Mobile Money,6,13,Occasional Shopper
CUST-00674,38,4.0,14533,0.5,Clothing,Cash,3,13,Occasional Shopper
CUST-00675,31,2.9,17476,16.6,Food,Cash,55,7,Loyal Budget Buyer
CUST-00676,33,4.0,24376,17.0,Clothing,Cash,46,11,Loyal Budget Buyer
CUST-00677,44,10.8,374329,14.8,Food,Cash,34,1,Wholesale Buyer
CUST-00678,30,2.5,114121,7.4,Clothing,Mobile Money,18,6,Regular Shopper
CUST-00679,57,8.3,98120,9.9,Clothing,Cash,25,6,Regular Shopper
CUST-00680,18,2.0,76338,9.0,Clothing,Credit,21,10,Regular Shopper
CUST-00681,55,2.5,502019,16.9,Tools,Cash,30,5,Wholesale Buyer
CUST-00682,56,6.6,490863,20.6,Clothing,Cash,37,12,Wholesale Buyer
CUST-00683,24,0.9,27968,2.3,Clothing,Cash,1,1,Occasional Shopper
CUST-00684,31,5.1,25425,0.5,Food,Mobile Money,2,6,Occasional Shopper
CUST-00685,37,0.9,63127,3.5,Food,Mobile Money,11,11,Regular Shopper
CUST-00686,37,12.3,48814,17.8,Food,Mobile Money,44,2,Loyal Budget Buyer
CUST-00687,19,10.7,16080,1.7,Clothing,Cash,4,2,Occasional Shopper
CUST-00688,43,5.3,191806,16.0,Food,Mobile Money,38,7,Wholesale Buyer
CUST-00689,23,2.0,43295,21.9,Food,Cash,50,2,Loyal Budget Buyer
CUST-00690,30,1.5,264196,16.8,Tools,Credit,40,10,Wholesale Buyer
CUST-00691,29,11.2,39256,16.4,Food,Mobile Money,45,9,Loyal Budget Buyer
CUST-00692,44,1.9,65924,6.8,Electronics,Credit,17,9,Regular Shopper
CUST-00693,43,5.3,398820,9.6,Electronics,Mobile Money,41,5,Wholesale Buyer
CUST-00694,18,3.6,10643,0.5,Clothing,Mobile Money,2,12,Occasional Shopper
CUST-00695,26,4.5,31930,23.6,Tools,Cash,48,10,Loyal Budget Buyer
CUST-00696,24,1.4,73217,9.0,Clothing,Cash,19,8,Regular Shopper
CUST-00697,35,5.6,94640,6.0,Household,Cash,17,10,Regular Shopper
CUST-00698,23,6.8,51444,7.0,Food,Mobile Money,12,1,Regular Shopper
CUST-00699,18,0.3,46883,20.6,Tools,Cash,42,2,Loyal Budget Buyer
CUST-00700,33,0.2,432023,15.6,Household,Cash,34,2,Wholesale Buyer
CUST-00701,18,2.0,27446,2.2,Tools,Mobile Money,2,14,Occasional Shopper
CUST-00702,42,5.2,28420,17.9,Food,Cash,57,7,Loyal Budget Buyer
CUST-00703,19,1.2,15133,1.6,Food,Cash,1,12,Occasional Shopper
CUST-00704,34,12.3,37656,20.9,Food,Cash,55,12,Loyal Budget Buyer
CUST-00705,18,4.0,87798,4.6,Clothing,Cash,27,14,Regular Shopper
CUST-00706,35,3.2,11525,17.4,Food,Mobile Money,44,10,Loyal Budget Buyer
CUST-00707,32,20.1,16872,1.8,Clothing,Cash,3,6,Occasional Shopper
CUST-00708,23,6.0,19572,1.3,Household,Cash,4,6,Occasional Shopper
CUST-00709,21,1.5,677243,13.5,Tools,Credit,35,5,Wholesale Buyer
CUST-00710,18,4.1,17020,2.0,Clothing,Mobile Money,6,5,Occasional Shopper
CUST-00711,34,9.5,35784,17.5,Clothing,Mobile Money,44,6,Loyal Budget Buyer
CUST-00712,46,1.4,364491,15.9,Household,Credit,30,10,Wholesale Buyer
CUST-00713,24,2.9,4570,2.6,Clothing,Mobile Money,4,5,Occasional Shopper
CUST-00714,37,5.9,515096,14.3,Tools,Cash,34,11,Wholesale Buyer
CUST-00715,28,0.3,35704,1.8,Food,Credit,2,9,Occasional Shopper
CUST-00716,18,3.2,8332,1.1,Tools,Cash,3,6,Occasional Shopper
CUST-00717,18,1.9,16025,9.4,Clothing,Credit,19,6,Regular Shopper
CUST-00718,18,7.4,22900,0.7,Food,Mobile Money,2,5,Occasional Shopper
CUST-00719,45,1.0,17971,1.2,Household,Cash,3,11,Occasional Shopper
CUST-00720,50,0.9,35711,27.8,Household,Cash,63,14,Loyal Budget Buyer
CUST-00721,35,2.0,28992,19.9,Clothing,Mobile Money,51,6,Loyal Budget Buyer
CUST-00722,32,1.6,21695,1.3,Clothing,Cash,2,4,Occasional Shopper
CUST-00723,26,4.4,8103,2.1,Clothing,Mobile Money,6,9,Occasional Shopper
CUST-00724,39,4.9,432274,10.5,Electronics,Mobile Money,48,4,Wholesale Buyer
CUST-00725,35,9.1,35035,10.0,Food,Cash,52,9,Loyal Budget Buyer
CUST-00726,33,14.0,90527,8.5,Household,Mobile Money,15,10,Regular Shopper
CUST-00727,20,7.0,13297,1.8,Electronics,Cash,1,2,Occasional Shopper
CUST-00728,18,18.2,46384,7.5,Electronics,Cash,19,7,Regular Shopper
CUST-00729,27,2.8,57315,7.9,Household,Cash,17,3,Regular Shopper
CUST-00730,27,4.8,88084,5.6,Electronics,Cash,16,10,Regular Shopper
CUST-00731,18,1.9,20510,14.1,Clothing,Cash,49,8,Loyal Budget Buyer
CUST-00732,28,4.0,26535,1.8,Electronics,Mobile Money,6,3,Occasional Shopper
CUST-00733,31,0.2,598322,11.2,Food,Cash,37,14,Wholesale Buyer
CUST-00734,29,3.3,29968,24.9,Household,Cash,43,10,Loyal Budget Buyer
CUST-00735,23,5.9,81801,8.5,Clothing,Mobile Money,16,8,Regular Shopper
CUST-00736,35,1.5,48514,10.7,Food,Mobile Money,19,2,Regular Shopper
CUST-00737,38,30.8,465613,10.6,Food,Mobile Money,29,13,Wholesale Buyer
CUST-00738,33,17.0,144801,10.3,Food,Mobile Money,18,1,Regular Shopper
CUST-00739,27,3.3,107018,4.8,Electronics,Cash,16,5,Regular Shopper
CUST-00740,43,7.1,24318,22.4,Clothing,Mobile Money,49,11,Loyal Budget Buyer
CUST-00741,33,10.3,26986,2.2,Clothing,Cash,4,3,Occasional Shopper
CUST-00742,37,5.5,785104,14.9,Food,Mobile Money,32,8,Wholesale Buyer
CUST-00743,44,8.4,403580,20.5,Food,Credit,36,11,Wholesale Buyer
CUST-00744,28,2.8,64935,7.8,Tools,Cash,19,11,Regular Shopper
CUST-00745,43,8.1,890004,13.2,Food,Mobile Money,32,8,Wholesale Buyer
CUST-00746,37,4.9,100456,7.1,Clothing,Cash,13,6,Regular Shopper
CUST-00747,22,19.1,53375,7.4,Clothing,Mobile Money,11,11,Regular Shopper
CUST-00748,21,9.0,147498,5.0,Electronics,Mobile Money,20,4,Regular Shopper
CUST-00749,24,6.0,56170,5.4,Tools,Cash,20,7,Regular Shopper
CUST-00750,42,6.1,44000,18.1,Clothing,Mobile Money,52,9,Loyal Budget Buyer
CUST-00751,44,1.2,35339,15.6,Food,Mobile Money,40,9,Loyal Budget Buyer
CUST-00752,45,0.2,341064,13.5,Electronics,Credit,38,1,Wholesale Buyer
CUST-00753,30,5.8,19971,0.5,Electronics,Cash,7,1,Occasional Shopper
CUST-00754,41,7.8,27450,19.3,Electronics,Cash,54,11,Loyal Budget Buyer
CUST-00755,43,1.9,100871,8.1,Clothing,Cash,21,9,Regular Shopper
CUST-00756,20,7.9,14983,2.2,Food,Mobile Money,3,13,Occasional Shopper
CUST-00757,18,0.4,102395,7.8,Clothing,Cash,15,1,Regular Shopper
CUST-00758,45,1.1,5942,3.1,Clothing,Cash,6,4,Occasional Shopper
CUST-00759,50,2.5,541917,19.6,Tools,Cash,31,4,Wholesale Buyer
CUST-00760,34,6.0,56067,19.4,Food,Cash,49,3,Loyal Budget Buyer
CUST-00761,33,4.9,95757,7.5,Clothing,Cash,21,2,Regular Shopper
CUST-00762,34,12.9,55211,8.0,Food,Mobile Money,15,3,Regular Shopper
CUST-00763,53,0.5,130997,7.2,Clothing,Cash,18,11,Regular Shopper
CUST-00764,39,4.7,21180,2.2,Household,Cash,2,1,Occasional Shopper
CUST-00765,40,1.4,664534,17.2,Food,Cash,40,12,Wholesale Buyer
CUST-00766,41,0.4,54078,18.1,Food,Cash,53,3,Loyal Budget Buyer
CUST-00767,24,7.1,736811,11.0,Clothing,Credit,48,7,Wholesale Buyer
CUST-00768,18,1.7,8721,2.6,Clothing,Cash,3,5,Occasional Shopper
CUST-00769,29,6.7,96210,7.3,Clothing,Cash,16,13,Regular Shopper
CUST-00770,54,8.9,56214,6.0,Clothing,Cash,14,4,Regular Shopper
CUST-00771,33,9.9,32753,21.0,Household,Cash,50,9,Loyal Budget Buyer
CUST-00772,24,2.9,91576,5.2,Food,Credit,17,13,Regular Shopper
CUST-00773,24,1.2,48929,21.9,Electronics,Cash,40,1,Loyal Budget Buyer
CUST-00774,40,7.0,676210,18.5,Tools,Mobile Money,44,10,Wholesale Buyer
CUST-00775,21,0.5,112165,14.3,Household,Mobile Money,12,3,Regular Shopper
CUST-00776,27,6.2,29730,2.0,Clothing,Cash,1,13,Occasional Shopper
CUST-00777,42,1.4,91902,12.4,Electronics,Mobile Money,12,6,Regular Shopper
CUST-00778,31,4.0,40741,7.1,Electronics,Credit,10,12,Regular Shopper
CUST-00779,38,7.0,35843,24.0,Food,Cash,52,8,Loyal Budget Buyer
CUST-00780,25,0.6,9376,0.8,Clothing,Cash,2,6,Occasional Shopper
CUST-00781,18,15.5,78623,8.0,Tools,Credit,17,12,Regular Shopper
CUST-00782,31,6.8,24595,3.3,Household,Cash,6,8,Occasional Shopper
CUST-00783,24,0.5,12470,19.6,Food,Cash,50,14,Loyal Budget Buyer
CUST-00784,30,0.4,15955,1.0,Clothing,Cash,2,9,Occasional Shopper
CUST-00785,18,9.3,31627,25.1,Food,Cash,55,2,Loyal Budget Buyer
CUST-00786,31,12.4,29249,0.5,Electronics,Cash,2,4,Occasional Shopper
CUST-00787,42,16.2,53914,18.1,Household,Cash,55,12,Loyal Budget Buyer
CUST-00788,30,5.7,18642,1.3,Clothing,Cash,4,3,Occasional Shopper
CUST-00789,42,3.1,675924,15.2,Food,Mobile Money,28,10,Wholesale Buyer
CUST-00790,47,1.9,59052,6.1,Clothing,Credit,17,3,Regular Shopper
CUST-00791,18,3.1,16179,2.9,Food,Cash,7,5,Occasional Shopper
CUST-00792,53,3.3,35528,21.2,Food,Cash,63,6,Loyal Budget Buyer
CUST-00793,24,0.8,50166,22.9,Tools,Mobile Money,38,1,Loyal Budget Buyer
CUST-00794,36,11.0,88254,7.4,Food,Mobile Money,13,3,Regular Shopper
CUST-00795,40,9.5,611965,17.5,Food,Cash,26,8,Wholesale Buyer
CUST-00796,36,1.4,84074,10.1,Tools,Cash,20,12,Regular Shopper
CUST-00797,18,0.9,13118,2.1,Clothing,Cash,1,12,Occasional Shopper
CUST-00798,48,9.1,30673,11.7,Household,Cash,69,4,Loyal Budget Buyer
CUST-00799,39,20.0,296318,10.8,Tools,Cash,30,10,Wholesale Buyer
CUST-00800,42,2.6,499971,15.6,Electronics,Cash,41,11,Wholesale Buyer
CUST-00801,22,6.8,8934,1.4,Electronics,Mobile Money,1,13,Occasional Shopper
CUST-00802,46,13.4,19865,20.2,Food,Mobile Money,43,3,Loyal Budget Buyer
CUST-00803,26,1.5,18209,1.3,Clothing,Cash,3,3,Occasional Shopper
CUST-00804,38,6.1,115503,6.1,Clothing,Cash,14,12,Regular Shopper
CUST-00805,34,2.7,88647,8.8,Food,Cash,17,8,Regular Shopper
CUST-00806,20,1.3,34999,8.6,Clothing,Mobile Money,16,3,Regular Shopper
CUST-00807,44,13.2,125023,5.7,Tools,Credit,9,6,Regular Shopper
CUST-00808,24,7.2,33091,1.2,Household,Cash,3,7,Occasional Shopper
CUST-00809,18,5.2,12200,1.1,Clothing,Cash,1,13,Occasional Shopper
CUST-00810,39,1.3,426860,13.6,Tools,Cash,46,9,Wholesale Buyer
CUST-00811,47,0.3,728373,12.8,Tools,Mobile Money,31,5,Wholesale Buyer
CUST-00812,33,9.9,486756,18.7,Food,Cash,42,14,Wholesale Buyer
CUST-00813,23,1.7,84325,5.1,Food,Mobile Money,26,11,Regular Shopper
CUST-00814,42,1.4,42827,15.2,Clothing,Cash,56,6,Loyal Budget Buyer
CUST-00815,42,18.3,39066,18.5,Household,Cash,51,8,Loyal Budget Buyer
CUST-00816,20,1.2,192385,15.8,Food,Mobile Money,38,9,Wholesale Buyer
CUST-00817,30,2.0,13533,0.8,Clothing,Cash,2,14,Occasional Shopper
CUST-00818,37,4.9,23711,0.9,Food,Cash,5,12,Occasional Shopper
CUST-00819,24,6.3,35433,16.0,Food,Cash,58,4,Loyal Budget Buyer
CUST-00820,44,0.9,525280,11.6,Tools,Mobile Money,33,2,Wholesale Buyer
CUST-00821,34,1.6,754334,11.7,Food,Credit,30,7,Wholesale Buyer
CUST-00822,32,0.7,7090,1.6,Clothing,Credit,3,12,Occasional Shopper
CUST-00823,36,0.8,36592,12.8,Food,Mobile Money,44,14,Loyal Budget Buyer
CUST-00824,30,2.3,93911,7.3,Food,Mobile Money,18,1,Regular Shopper
CUST-00825,19,5.2,24626,1.0,Electronics,Cash,3,6,Occasional Shopper
CUST-00826,35,2.5,40515,18.1,Food,Cash,59,9,Loyal Budget Buyer
CUST-00827,19,4.1,16259,0.7,Food,Mobile Money,3,5,Occasional Shopper
CUST-00828,40,1.3,14212,2.6,Electronics,Mobile Money,4,8,Occasional Shopper
CUST-00829,25,3.2,49303,5.5,Clothing,Cash,22,13,Regular Shopper
CUST-00830,37,3.9,41196,19.3,Tools,Cash,61,6,Loyal Budget Buyer
CUST-00831,33,2.5,32734,1.6,Clothing,Cash,4,7,Occasional Shopper
CUST-00832,33,3.6,579148,19.0,Household,Credit,42,2,Wholesale Buyer
CUST-00833,36,1.5,19377,1.1,Household,Cash,6,9,Occasional Shopper
CUST-00834,44,1.2,90058,5.2,Food,Credit,18,7,Regular Shopper
CUST-00835,31,12.1,57718,6.2,Food,Mobile Money,13,10,Regular Shopper
CUST-00836,28,1.4,36332,8.3,Clothing,Mobile Money,13,10,Regular Shopper
CUST-00837,24,1.5,26023,1.8,Food,Cash,2,10,Occasional Shopper
CUST-00838,22,0.9,14799,2.7,Household,Cash,5,11,Occasional Shopper
CUST-00839,36,10.3,42166,19.5,Food,Cash,47,14,Loyal Budget Buyer
CUST-00840,27,3.9,21096,0.7,Clothing,Cash,1,3,Occasional Shopper
CUST-00841,36,7.0,21276,21.6,Food,Mobile Money,46,11,Loyal Budget Buyer
CUST-00842,18,0.4,19805,1.8,Tools,Mobile Money,6,14,Occasional Shopper
CUST-00843,34,5.5,12115,2.3,Clothing,Cash,3,6,Occasional Shopper
CUST-00844,48,1.0,561452,11.7,Food,Cash,34,6,Wholesale Buyer
CUST-00845,31,4.8,50491,16.8,Food,Cash,50,12,Loyal Budget Buyer
CUST-00846,33,3.3,37768,28.8,Clothing,Mobile Money,45,10,Loyal Budget Buyer
CUST-00847,51,7.2,101625,7.4,Electronics,Cash,17,8,Regular Shopper
CUST-00848,34,5.7,22091,19.0,Food,Mobile Money,44,12,Loyal Budget Buyer
CUST-00849,44,8.2,39146,20.6,Food,Cash,48,5,Loyal Budget Buyer
CUST-00850,40,2.2,8560,1.5,Electronics,Cash,3,14,Occasional Shopper
CUST-00851,31,0.8,124587,5.8,Electronics,Mobile Money,17,13,Regular Shopper
CUST-00852,18,4.6,16437,0.5,Tools,Mobile Money,2,11,Occasional Shopper
CUST-00853,18,0.2,68345,10.2,Food,Mobile Money,14,7,Regular Shopper
CUST-00854,33,4.1,71280,6.1,Household,Cash,24,1,Regular Shopper
CUST-00855,29,1.9,20285,1.2,Clothing,Cash,6,3,Occasional Shopper
CUST-00856,52,1.9,646188,15.9,Electronics,Credit,30,5,Wholesale Buyer
CUST-00857,34,18.8,510011,13.4,Household,Mobile Money,31,1,Wholesale Buyer
CUST-00858,35,5.6,9554,0.5,Household,Cash,1,11,Occasional Shopper
CUST-00859,27,12.6,78266,10.6,Food,Cash,23,1,Regular Shopper
CUST-00860,22,4.0,15487,0.5,Food,Cash,3,5,Occasional Shopper
CUST-00861,33,5.1,26708,15.3,Food,Cash,40,10,Loyal Budget Buyer
CUST-00862,31,14.9,648657,10.9,Tools,Mobile Money,41,8,Wholesale Buyer
CUST-00863,36,10.0,45611,27.8,Household,Cash,59,13,Loyal Budget Buyer
CUST-00864,41,2.5,13708,2.1,Electronics,Mobile Money,4,8,Occasional Shopper
CUST-00865,31,0.4,94550,7.4,Food,Mobile Money,24,13,Regular Shopper
CUST-00866,37,5.3,83249,10.1,Food,Mobile Money,12,11,Regular Shopper
CUST-00867,36,6.0,4631,21.8,Household,Mobile Money,60,5,Loyal Budget Buyer
CUST-00868,38,1.9,513490,13.8,Food,Cash,30,14,Wholesale Buyer
CUST-00869,18,2.6,95154,9.1,Clothing,Mobile Money,16,8,Regular Shopper
CUST-00870,40,3.3,126619,7.0,Food,Mobile Money,18,3,Regular Shopper
CUST-00871,51,3.5,57559,24.0,Food,Credit,54,1,Loyal Budget Buyer
CUST-00872,38,1.3,461657,15.5,Tools,Mobile Money,45,14,Wholesale Buyer
CUST-00873,47,0.4,530581,14.9,Food,Mobile Money,34,1,Wholesale Buyer
CUST-00874,18,1.9,21464,0.7,Electronics,Cash,6,10,Occasional Shopper
CUST-00875,18,4.2,48205,20.5,Food,Cash,53,10,Loyal Budget Buyer
CUST-00876,35,10.0,22050,2.3,Clothing,Mobile Money,7,2,Occasional Shopper
CUST-00877,28,17.5,87329,6.0,Clothing,Mobile Money,12,5,Regular Shopper
CUST-00878,20,14.6,10831,0.9,Electronics,Cash,1,4,Occasional Shopper
CUST-00879,43,4.8,42639,25.1,Household,Cash,60,11,Loyal Budget Buyer
CUST-00880,26,3.5,541546,16.6,Clothing,Mobile Money,35,2,Wholesale Buyer
CUST-00881,31,7.1,28436,5.3,Household,Cash,23,8,Regular Shopper
CUST-00882,27,8.1,19050,0.5,Food,Cash,4,13,Occasional Shopper
CUST-00883,40,0.2,554514,15.2,Tools,Cash,38,2,Wholesale Buyer
CUST-00884,30,7.2,478312,15.8,Clothing,Credit,33,12,Wholesale Buyer
CUST-00885,29,1.4,70885,7.1,Clothing,Mobile Money,17,1,Regular Shopper
CUST-00886,43,1.8,18413,2.1,Clothing,Mobile Money,5,11,Occasional Shopper
CUST-00887,33,5.0,9304,1.4,Household,Cash,1,14,Occasional Shopper
CUST-00888,34,0.8,576785,11.2,Tools,Cash,39,5,Wholesale Buyer
CUST-00889,45,0.6,496008,15.0,Clothing,Mobile Money,24,6,Wholesale Buyer
CUST-00890,39,7.2,155536,6.1,Tools,Mobile Money,15,4,Regular Shopper
CUST-00891,18,3.5,21564,0.8,Household,Mobile Money,2,3,Occasional Shopper
CUST-00892,27,13.4,76046,6.7,Food,Cash,15,3,Regular Shopper
CUST-00893,56,1.2,45493,22.1,Clothing,Mobile Money,47,11,Loyal Budget Buyer
CUST-00894,46,2.7,449899,15.2,Food,Mobile Money,35,3,Wholesale Buyer
CUST-00895,18,5.4,33440,1.2,Clothing,Cash,7,3,Occasional Shopper
CUST-00896,39,8.3,46451,19.6,Tools,Cash,59,13,Loyal Budget Buyer
CUST-00897,27,1.2,7500,5.4,Electronics,Mobile Money,22,6,Regular Shopper
CUST-00898,46,4.0,654096,10.0,Clothing,Cash,36,12,Wholesale Buyer
CUST-00899,47,23.3,603766,14.1,Food,Credit,34,9,Wholesale Buyer
CUST-00900,50,5.1,587126,16.9,Food,Cash,30,1,Wholesale Buyer
CUST-00901,26,1.4,79299,6.3,Household,Mobile Money,13,13,Regular Shopper
CUST-00902,56,4.2,433285,13.7,Electronics,Mobile Money,38,10,Wholesale Buyer
CUST-00903,48,6.4,657343,12.3,Tools,Cash,38,9,Wholesale Buyer
CUST-00904,39,3.0,548336,14.2,Electronics,Credit,39,9,Wholesale Buyer
CUST-00905,31,6.4,19952,1.4,Clothing,Mobile Money,4,5,Occasional Shopper
CUST-00906,22,0.7,84438,5.7,Electronics,Cash,15,1,Regular Shopper
CUST-00907,29,1.7,8121,1.1,Clothing,Mobile Money,2,3,Occasional Shopper
CUST-00908,37,5.9,105438,3.8,Food,Mobile Money,14,10,Regular Shopper
CUST-00909,30,0.7,415259,13.2,Food,Cash,41,2,Wholesale Buyer
CUST-00910,32,14.6,597638,12.1,Food,Credit,34,5,Wholesale Buyer
CUST-00911,42,2.2,25564,18.5,Food,Cash,52,2,Loyal Budget Buyer
CUST-00912,28,1.0,21441,1.1,Clothing,Cash,1,3,Occasional Shopper
CUST-00913,18,4.1,14945,1.2,Clothing,Cash,4,5,Occasional Shopper
CUST-00914,25,0.9,43248,16.9,Tools,Cash,55,1,Loyal Budget Buyer
CUST-00915,24,0.7,79199,5.2,Tools,Mobile Money,18,1,Regular Shopper
CUST-00916,31,0.3,96044,8.1,Electronics,Mobile Money,14,9,Regular Shopper
CUST-00917,32,0.6,639727,14.0,Household,Cash,41,13,Wholesale Buyer
CUST-00918,20,11.1,29922,1.5,Tools,Cash,3,10,Occasional Shopper
CUST-00919,30,3.2,556828,16.6,Food,Mobile Money,28,7,Wholesale Buyer
CUST-00920,18,21.6,20469,2.0,Tools,Mobile Money,4,11,Occasional Shopper
CUST-00921,33,4.1,106684,4.4,Food,Credit,24,12,Regular Shopper
CUST-00922,46,2.5,350470,17.8,Tools,Cash,33,10,Wholesale Buyer
CUST-00923,42,1.3,607280,20.8,Food,Cash,27,10,Wholesale Buyer
CUST-00924,44,3.7,20631,16.3,Household,Cash,62,10,Loyal Budget Buyer
CUST-00925,31,7.0,22673,1.4,Tools,Cash,10,11,Occasional Shopper
CUST-00926,24,5.2,97032,11.5,Food,Mobile Money,21,1,Regular Shopper
CUST-00927,25,12.3,86089,10.1,Household,Credit,16,14,Regular Shopper
CUST-00928,20,2.0,63231,8.0,Tools,Cash,22,5,Regular Shopper
CUST-00929,18,4.0,3889,2.0,Clothing,Mobile Money,6,5,Occasional Shopper
CUST-00930,18,0.5,30007,8.9,Clothing,Credit,19,8,Regular Shopper
CUST-00931,26,1.7,34191,20.2,Household,Cash,67,5,Loyal Budget Buyer
CUST-00932,20,19.6,138072,7.2,Clothing,Credit,15,8,Regular Shopper
CUST-00933,54,0.7,49898,16.9,Food,Mobile Money,47,7,Loyal Budget Buyer
CUST-00934,18,11.6,463852,17.6,Clothing,Mobile Money,39,2,Wholesale Buyer
CUST-00935,25,0.9,20146,0.5,Food,Mobile Money,2,13,Occasional Shopper
CUST-00936,41,5.5,38055,21.1,Food,Cash,57,9,Loyal Budget Buyer
CUST-00937,34,1.2,1800,1.9,Household,Mobile Money,2,7,Occasional Shopper
CUST-00938,39,4.5,435710,13.1,Food,Cash,36,3,Wholesale Buyer
CUST-00939,19,2.1,4610,1.8,Household,Mobile Money,6,1,Occasional Shopper
CUST-00940,39,7.4,40907,12.8,Food,Mobile Money,19,11,Regular Shopper
CUST-00941,18,5.1,123028,7.9,Food,Cash,24,7,Regular Shopper
CUST-00942,33,1.5,244377,13.4,Clothing,Mobile Money,26,5,Wholesale Buyer
CUST-00943,35,2.1,108434,5.9,Clothing,Cash,19,9,Regular Shopper
CUST-00944,56,4.8,517727,18.2,Electronics,Cash,28,7,Wholesale Buyer
CUST-00945,26,16.5,133418,10.3,Food,Mobile Money,16,5,Regular Shopper
CUST-00946,30,1.1,116253,6.4,Electronics,Mobile Money,28,8,Regular Shopper
CUST-00947,38,2.9,289530,11.5,Food,Mobile Money,32,10,Wholesale Buyer
CUST-00948,20,2.8,17954,2.5,Clothing,Cash,5,7,Occasional Shopper
CUST-00949,18,10.3,10867,2.3,Tools,Cash,9,6,Occasional Shopper
CUST-00950,43,4.4,57937,7.3,Household,Cash,16,2,Regular Shopper
CUST-00951,43,4.0,45486,19.3,Clothing,Cash,52,12,Loyal Budget Buyer
CUST-00952,45,0.3,558603,19.0,Food,Credit,40,13,Wholesale Buyer
CUST-00953,26,6.8,368254,14.8,Tools,Credit,27,8,Wholesale Buyer
CUST-00954,18,8.6,45463,7.7,Food,Cash,15,11,Regular Shopper
CUST-00955,33,0.9,677241,19.5,Tools,Credit,36,11,Wholesale Buyer
CUST-00956,27,0.2,19297,0.7,Clothing,Cash,6,2,Occasional Shopper
CUST-00957,26,7.5,502688,16.3,Household,Cash,36,1,Wholesale Buyer
CUST-00958,22,3.6,2489,1.7,Clothing,Cash,6,4,Occasional Shopper
CUST-00959,34,8.0,458571,18.6,Household,Cash,42,11,Wholesale Buyer
CUST-00960,35,5.3,367291,19.9,Food,Cash,32,3,Wholesale Buyer
CUST-00961,30,14.7,426134,13.2,Food,Cash,31,7,Wholesale Buyer
CUST-00962,18,3.6,130082,5.6,Tools,Mobile Money,21,3,Regular Shopper
CUST-00963,36,6.0,580384,16.9,Tools,Cash,44,8,Wholesale Buyer
CUST-00964,24,1.1,1800,0.7,Food,Cash,6,14,Occasional Shopper
CUST-00965,29,4.6,41073,21.3,Food,Cash,46,12,Loyal Budget Buyer
CUST-00966,18,11.2,12974,1.2,Clothing,Cash,2,1,Occasional Shopper
CUST-00967,27,4.3,60854,5.2,Food,Cash,22,4,Regular Shopper
CUST-00968,36,3.6,13086,2.2,Clothing,Mobile Money,1,3,Occasional Shopper
CUST-00969,36,8.6,41428,23.5,Food,Mobile Money,51,11,Loyal Budget Buyer
CUST-00970,31,12.7,9259,1.6,Clothing,Cash,4,3,Occasional Shopper
CUST-00971,33,6.5,37508,23.7,Food,Mobile Money,38,11,Loyal Budget Buyer
CUST-00972,34,3.9,34220,29.0,Clothing,Cash,49,2,Loyal Budget Buyer
CUST-00973,53,4.5,517427,18.3,Clothing,Cash,25,7,Wholesale Buyer
CUST-00974,40,4.7,57819,6.9,Food,Cash,22,8,Regular Shopper
CUST-00975,25,1.0,37560,19.9,Clothing,Cash,58,13,Loyal Budget Buyer
CUST-00976,28,0.6,654852,13.2,Food,Cash,36,14,Wholesale Buyer
CUST-00977,45,3.9,110110,11.1,Electronics,Credit,17,7,Regular Shopper
CUST-00978,25,5.1,84211,5.4,Clothing,Cash,15,5,Regular Shopper
CUST-00979,41,0.3,121246,6.7,Clothing,Cash,18,9,Regular Shopper
CUST-00980,30,1.0,118063,7.3,Tools,Credit,18,10,Regular Shopper
CUST-00981,21,9.3,14884,1.4,Clothing,Cash,3,1,Occasional Shopper
CUST-00982,33,8.2,39773,9.9,Clothing,Cash,16,3,Regular Shopper
CUST-00983,46,3.9,39963,23.8,Clothing,Mobile Money,55,13,Loyal Budget Buyer
CUST-00984,18,1.1,37002,12.8,Food,Cash,54,4,Loyal Budget Buyer
CUST-00985,28,0.6,59727,26.7,Food,Cash,49,11,Loyal Budget Buyer
CUST-00986,34,5.9,144001,5.3,Clothing,Mobile Money,15,7,Regular Shopper
CUST-00987,36,3.3,53766,19.4,Food,Cash,51,8,Loyal Budget Buyer
CUST-00988,47,4.4,85029,5.6,Food,Mobile Money,13,14,Regular Shopper
CUST-00989,19,0.9,73223,6.3,Clothing,Cash,14,5,Regular Shopper
CUST-00990,52,11.7,62473,16.6,Household,Mobile Money,58,3,Loyal Budget Buyer
CUST-00991,44,8.1,41627,31.0,Clothing,Cash,37,1,Loyal Budget Buyer
CUST-00992,40,0.7,59709,13.3,Household,Cash,53,3,Loyal Budget Buyer
CUST-00993,18,2.5,6566,0.8,Electronics,Cash,3,2,Occasional Shopper
CUST-00994,36,3.1,339702,19.1,Tools,Mobile Money,20,8,Wholesale Buyer
CUST-00995,32,9.8,81306,9.6,Electronics,Cash,19,4,Regular Shopper
CUST-00996,35,3.0,85963,5.9,Clothing,Cash,17,6,Regular Shopper
CUST-00997,27,0.4,30349,1.0,Food,Cash,3,1,Occasional Shopper
CUST-00998,37,2.9,125761,6.4,Clothing,Cash,20,13,Regular Shopper
CUST-00999,41,2.4,548760,14.9,Food,Mobile Money,30,2,Wholesale Buyer
CUST-01000,29,2.5,23017,0.6,Food,Cash,7,3,Occasional Shopper
CUST-01001,44,6.9,66152,3.3,Food,Cash,17,3,Regular Shopper
CUST-01002,18,0.3,44944,9.4,Tools,Cash,18,14,Regular Shopper
CUST-01003,30,1.8,532526,14.8,Food,Cash,36,2,Wholesale Buyer
CUST-01004,34,7.1,620890,10.5,Food,Mobile Money,47,10,Wholesale Buyer
CUST-01005,33,3.8,29020,26.0,Food,Cash,45,2,Loyal Budget Buyer
CUST-01006,39,0.9,41585,19.1,Clothing,Cash,57,9,Loyal Budget Buyer
CUST-01007,26,7.1,21560,1.7,Clothing,Mobile Money,1,14,Occasional Shopper
CUST-01008,21,4.2,18920,0.9,Electronics,Cash,1,7,Occasional Shopper
CUST-01009,29,6.3,116540,6.7,Food,Mobile Money,24,7,Regular Shopper
CUST-01010,31,5.5,16524,1.6,Clothing,Mobile Money,3,8,Occasional Shopper
CUST-01011,28,0.3,564321,12.6,Food,Credit,37,14,Wholesale Buyer
CUST-01012,34,9.1,76488,9.3,Clothing,Mobile Money,18,10,Regular Shopper
CUST-01013,34,8.1,95744,4.9,Tools,Mobile Money,13,8,Regular Shopper
CUST-01014,32,6.5,451683,15.0,Clothing,Mobile Money,31,2,Wholesale Buyer
CUST-01015,36,2.3,73704,8.1,Clothing,Credit,21,14,Regular Shopper
CUST-01016,37,7.5,22691,17.6,Clothing,Cash,56,2,Loyal Budget Buyer
CUST-01017,31,0.8,472969,11.4,Food,Cash,32,1,Wholesale Buyer
CUST-01018,36,2.1,96931,6.8,Tools,Cash,10,4,Regular Shopper
CUST-01019,29,4.7,58381,6.6,Food,Mobile Money,17,14,Regular Shopper
CUST-01020,45,0.5,476173,14.1,Tools,Mobile Money,39,6,Wholesale Buyer
CUST-01021,23,0.3,25283,1.9,Clothing,Mobile Money,4,5,Occasional Shopper
CUST-01022,37,1.9,39352,24.9,Food,Cash,55,13,Loyal Budget Buyer
CUST-01023,55,5.7,535727,17.0,Food,Credit,36,4,Wholesale Buyer
CUST-01024,26,7.3,215093,13.0,Tools,Mobile Money,20,14,Wholesale Buyer
CUST-01025,20,7.3,49047,18.8,Food,Cash,40,12,Loyal Budget Buyer
CUST-01026,39,0.5,18136,17.0,Household,Mobile Money,53,4,Loyal Budget Buyer
CUST-01027,27,0.2,18913,1.8,Electronics,Cash,6,9,Occasional Shopper
CUST-01028,26,7.9,18628,1.9,Clothing,Cash,5,14,Occasional Shopper
CUST-01029,39,2.1,136741,6.1,Electronics,Cash,23,7,Regular Shopper
CUST-01030,21,1.3,92007,8.9,Tools,Mobile Money,23,3,Regular Shopper
CUST-01031,25,1.9,60409,6.7,Clothing,Mobile Money,16,13,Regular Shopper
CUST-01032,27,3.8,50262,4.7,Food,Cash,16,13,Regular Shopper
CUST-01033,45,2.1,44833,7.4,Food,Cash,18,2,Regular Shopper
CUST-01034,38,6.2,39792,9.3,Electronics,Cash,17,5,Regular Shopper
CUST-01035,41,3.5,26866,26.3,Tools,Mobile Money,43,7,Loyal Budget Buyer
CUST-01036,18,9.2,64782,4.3,Food,Mobile Money,25,13,Regular Shopper
CUST-01037,44,13.3,114891,5.3,Electronics,Cash,18,10,Regular Shopper
CUST-01038,28,0.8,68493,11.9,Food,Cash,16,9,Regular Shopper
CUST-01039,29,5.5,52585,8.5,Food,Credit,16,14,Regular Shopper
CUST-01040,24,4.3,24918,18.5,Food,Cash,61,13,Loyal Budget Buyer
CUST-01041,48,1.3,418770,13.6,Tools,Cash,40,2,Wholesale Buyer
CUST-01042,31,14.5,27668,2.7,Clothing,Mobile Money,2,5,Occasional Shopper
CUST-01043,24,3.0,5100,0.5,Clothing,Mobile Money,4,1,Occasional Shopper
CUST-01044,34,0.8,27790,12.8,Food,Cash,45,12,Loyal Budget Buyer
CUST-01045,36,3.6,488497,12.6,Tools,Mobile Money,36,8,Wholesale Buyer
CUST-01046,35,3.3,106592,9.1,Food,Mobile Money,18,2,Regular Shopper
CUST-01047,25,7.1,58797,11.7,Household,Mobile Money,16,5,Regular Shopper
CUST-01048,24,3.2,18093,2.1,Household,Cash,7,12,Occasional Shopper
CUST-01049,30,3.9,510275,20.7,Tools,Cash,47,2,Wholesale Buyer
CUST-01050,59,14.3,64909,6.9,Electronics,Mobile Money,23,6,Regular Shopper
CUST-01051,21,6.2,17336,2.3,Food,Cash,1,4,Occasional Shopper
CUST-01052,31,4.2,66203,4.8,Food,Mobile Money,21,3,Regular Shopper
CUST-01053,52,1.8,91800,6.5,Household,Credit,15,13,Regular Shopper
CUST-01054,48,0.3,541783,11.0,Tools,Credit,39,2,Wholesale Buyer
CUST-01055,45,1.2,557117,18.7,Food,Cash,32,12,Wholesale Buyer
CUST-01056,45,2.6,529004,11.2,Tools,Mobile Money,38,4,Wholesale Buyer
CUST-01057,42,5.7,65501,7.9,Tools,Mobile Money,20,7,Regular Shopper
CUST-01058,44,12.6,20019,1.2,Clothing,Cash,3,4,Occasional Shopper
CUST-01059,44,1.0,27070,1.9,Clothing,Cash,3,1,Occasional Shopper
CUST-01060,31,1.5,27719,18.4,Tools,Cash,59,2,Loyal Budget Buyer
CUST-01061,61,4.8,441850,15.2,Tools,Credit,26,6,Wholesale Buyer
CUST-01062,27,3.0,53672,5.5,Food,Mobile Money,21,5,Regular Shopper
CUST-01063,37,0.4,68243,10.3,Clothing,Cash,24,8,Regular Shopper
CUST-01064,31,11.4,36642,26.2,Food,Cash,54,10,Loyal Budget Buyer
CUST-01065,44,4.5,509722,14.2,Tools,Credit,35,2,Wholesale Buyer
CUST-01066,27,1.3,54323,8.3,Food,Mobile Money,13,13,Regular Shopper
CUST-01067,33,12.2,629810,16.8,Food,Cash,36,6,Wholesale Buyer
CUST-01068,44,1.9,15890,1.1,Household,Cash,3,11,Occasional Shopper
CUST-01069,31,2.5,69117,6.9,Clothing,Cash,15,6,Regular Shopper
CUST-01070,18,3.7,13777,1.4,Clothing,Mobile Money,5,3,Occasional Shopper
CUST-01071,38,9.7,501055,14.2,Food,Mobile Money,37,14,Wholesale Buyer
CUST-01072,36,3.3,63537,6.7,Food,Mobile Money,23,14,Regular Shopper
CUST-01073,46,4.9,32937,22.3,Tools,Mobile Money,55,8,Loyal Budget Buyer
CUST-01074,46,3.4,55442,5.2,Tools,Credit,25,12,Regular Shopper
CUST-01075,18,1.4,66282,5.1,Electronics,Cash,19,3,Regular Shopper
CUST-01076,32,23.4,550864,14.7,Tools,Cash,34,5,Wholesale Buyer
CUST-01077,26,7.5,30655,22.2,Food,Cash,52,1,Loyal Budget Buyer
CUST-01078,30,1.1,106943,5.5,Household,Cash,22,2,Regular Shopper
CUST-01079,27,1.2,22668,1.2,Food,Cash,3,2,Occasional Shopper
CUST-01080,37,1.0,41036,6.4,Clothing,Credit,16,1,Regular Shopper
CUST-01081,38,17.1,75006,10.4,Food,Mobile Money,8,9,Regular Shopper
CUST-01082,35,8.4,112890,4.1,Food,Mobile Money,14,3,Regular Shopper
CUST-01083,26,10.0,582918,14.5,Food,Cash,31,4,Wholesale Buyer
CUST-01084,21,9.5,12379,1.1,Clothing,Cash,3,5,Occasional Shopper
CUST-01085,18,4.4,2617,1.8,Clothing,Mobile Money,6,10,Occasional Shopper
CUST-01086,34,2.7,12216,1.3,Clothing,Mobile Money,3,9,Occasional Shopper
CUST-01087,34,6.1,78024,6.3,Electronics,Cash,19,12,Regular Shopper
CUST-01088,18,3.7,15548,2.0,Clothing,Cash,2,14,Occasional Shopper
CUST-01089,18,5.0,74875,6.6,Household,Cash,20,8,Regular Shopper
CUST-01090,35,15.5,406176,19.4,Food,Cash,24,4,Wholesale Buyer
CUST-01091,35,5.4,10127,1.4,Clothing,Cash,8,2,Occasional Shopper
CUST-01092,32,4.2,480227,17.4,Clothing,Cash,37,8,Wholesale Buyer
CUST-01093,47,11.4,709361,15.1,Electronics,Credit,40,10,Wholesale Buyer
CUST-01094,23,3.2,12432,23.0,Food,Cash,59,2,Loyal Budget Buyer
CUST-01095,42,1.8,31716,24.8,Electronics,Cash,53,10,Loyal Budget Buyer
CUST-01096,26,8.7,69663,6.0,Food,Credit,14,2,Regular Shopper
CUST-01097,47,7.8,33190,20.3,Electronics,Cash,41,2,Loyal Budget Buyer
CUST-01098,31,4.9,35265,6.6,Clothing,Credit,16,4,Regular Shopper
CUST-01099,32,1.9,101603,7.8,Food,Cash,20,1,Regular Shopper
CUST-01100,47,12.0,86270,8.0,Food,Mobile Money,16,1,Regular Shopper
CUST-01101,23,1.5,48526,7.0,Clothing,Credit,12,9,Regular Shopper
CUST-01102,49,4.3,72444,5.6,Electronics,Cash,24,5,Regular Shopper
CUST-01103,23,2.4,22707,2.2,Tools,Cash,3,3,Occasional Shopper
CUST-01104,32,10.4,19101,1.9,Clothing,Credit,2,5,Occasional Shopper
CUST-01105,18,2.9,53323,8.2,Clothing,Cash,16,12,Regular Shopper
CUST-01106,26,1.4,92400,4.9,Tools,Credit,16,3,Regular Shopper
CUST-01107,42,4.6,65549,6.4,Clothing,Mobile Money,19,1,Regular Shopper
CUST-01108,42,7.8,24910,6.8,Clothing,Credit,9,3,Regular Shopper
CUST-01109,25,12.3,12602,0.5,Tools,Cash,3,13,Occasional Shopper
CUST-01110,34,7.4,20448,0.5,Household,Cash,5,2,Occasional Shopper
CUST-01111,49,7.0,27656,6.0,Household,Cash,16,14,Regular Shopper
CUST-01112,24,13.6,20710,1.2,Clothing,Cash,8,9,Occasional Shopper
CUST-01113,36,10.2,36488,20.4,Clothing,Cash,57,7,Loyal Budget Buyer
CUST-01114,36,0.2,36356,7.5,Food,Credit,14,10,Regular Shopper
CUST-01115,54,2.0,549957,11.5,Tools,Cash,33,8,Wholesale Buyer
CUST-01116,50,4.6,74049,6.9,Food,Cash,18,8,Regular Shopper
CUST-01117,27,0.3,29216,11.7,Food,Credit,53,8,Loyal Budget Buyer
CUST-01118,42,0.3,101609,6.6,Electronics,Cash,15,9,Regular Shopper
CUST-01119,31,4.2,25165,19.0,Household,Mobile Money,53,4,Loyal Budget Buyer
CUST-01120,32,1.5,58700,6.1,Clothing,Cash,21,11,Regular Shopper
CUST-01121,30,1.1,12387,2.0,Clothing,Cash,2,11,Occasional Shopper
CUST-01122,36,9.0,45121,5.4,Clothing,Mobile Money,20,13,Regular Shopper
CUST-01123,34,5.0,15562,1.2,Clothing,Mobile Money,5,7,Occasional Shopper
CUST-01124,26,1.1,78965,5.8,Food,Mobile Money,16,2,Regular Shopper
CUST-01125,33,6.1,20869,2.0,Clothing,Cash,2,14,Occasional Shopper
CUST-01126,19,2.5,13577,3.1,Food,Cash,4,3,Occasional Shopper
CUST-01127,42,3.5,15201,3.0,Electronics,Cash,1,10,Occasional Shopper
CUST-01128,31,11.9,840214,14.2,Tools,Credit,39,10,Wholesale Buyer
CUST-01129,35,2.0,93333,8.6,Electronics,Mobile Money,20,3,Regular Shopper
CUST-01130,32,0.7,13900,2.6,Clothing,Mobile Money,5,7,Occasional Shopper
CUST-01131,25,2.9,94100,13.6,Tools,Cash,21,11,Regular Shopper
CUST-01132,25,10.4,76674,10.6,Clothing,Credit,17,1,Regular Shopper
CUST-01133,27,1.0,24470,2.2,Electronics,Cash,3,3,Occasional Shopper
CUST-01134,19,3.7,29050,21.8,Food,Cash,58,10,Loyal Budget Buyer
CUST-01135,49,0.9,86854,1.2,Clothing,Cash,17,5,Regular Shopper
CUST-01136,19,2.2,10367,5.4,Tools,Cash,15,11,Regular Shopper
CUST-01137,31,1.8,66015,4.4,Tools,Cash,9,12,Regular Shopper
CUST-01138,31,11.3,84815,7.8,Electronics,Credit,20,9,Regular Shopper
CUST-01139,36,9.9,14249,0.9,Clothing,Mobile Money,2,8,Occasional Shopper
CUST-01140,18,12.1,20854,0.9,Household,Cash,2,9,Occasional Shopper
CUST-01141,26,2.9,17518,21.9,Clothing,Mobile Money,60,12,Loyal Budget Buyer
CUST-01142,18,6.0,104111,9.1,Clothing,Cash,29,13,Regular Shopper
CUST-01143,39,1.8,12754,2.6,Household,Cash,6,7,Occasional Shopper
CUST-01144,18,4.4,7194,0.5,Electronics,Cash,5,14,Occasional Shopper
CUST-01145,38,1.4,47175,6.6,Tools,Cash,12,5,Regular Shopper
CUST-01146,39,6.9,120002,7.4,Food,Cash,19,3,Regular Shopper
CUST-01147,42,0.8,648086,10.7,Tools,Cash,30,4,Wholesale Buyer
CUST-01148,22,0.2,20699,15.8,Food,Cash,48,3,Loyal Budget Buyer
CUST-01149,22,0.9,7708,22.3,Tools,Cash,51,7,Loyal Budget Buyer
CUST-01150,18,0.9,13183,2.5,Clothing,Mobile Money,6,9,Occasional Shopper
CUST-01151,35,8.3,557876,13.2,Food,Mobile Money,32,7,Wholesale Buyer
CUST-01152,37,3.7,27323,1.4,Food,Cash,1,11,Occasional Shopper
CUST-01153,26,5.5,592577,12.7,Food,Credit,33,5,Wholesale Buyer
CUST-01154,33,12.7,76994,8.9,Clothing,Mobile Money,17,10,Regular Shopper
CUST-01155,33,2.0,24153,24.6,Clothing,Cash,42,1,Loyal Budget Buyer
CUST-01156,45,0.8,530027,16.2,Food,Mobile Money,36,3,Wholesale Buyer
CUST-01157,40,3.0,87524,7.3,Clothing,Mobile Money,19,5,Regular Shopper
CUST-01158,33,3.5,41760,24.3,Food,Cash,55,5,Loyal Budget Buyer
CUST-01159,18,4.1,28568,1.2,Clothing,Cash,3,3,Occasional Shopper
CUST-01160,29,12.3,24568,7.4,Food,Cash,20,11,Regular Shopper
CUST-01161,40,3.3,475585,17.8,Electronics,Mobile Money,40,12,Wholesale Buyer
CUST-01162,28,0.6,622280,12.6,Food,Cash,37,5,Wholesale Buyer
CUST-01163,21,10.1,37538,19.1,Food,Cash,45,5,Loyal Budget Buyer
CUST-01164,19,11.8,83594,4.4,Tools,Mobile Money,10,12,Regular Shopper
CUST-01165,30,0.7,252319,11.7,Tools,Mobile Money,42,13,Wholesale Buyer
CUST-01166,31,1.3,49818,20.9,Food,Cash,45,4,Loyal Budget Buyer
CUST-01167,27,11.0,90185,7.6,Food,Credit,18,5,Regular Shopper
CUST-01168,36,0.6,750135,14.2,Food,Mobile Money,29,3,Wholesale Buyer
CUST-01169,50,2.8,21295,17.4,Household,Cash,46,10,Loyal Budget Buyer
CUST-01170,18,5.6,61081,4.2,Food,Mobile Money,19,3,Regular Shopper
CUST-01171,30,5.0,66450,8.6,Electronics,Cash,9,9,Regular Shopper
CUST-01172,26,0.8,13538,2.2,Clothing,Cash,5,6,Occasional Shopper
CUST-01173,18,4.8,22330,18.6,Food,Cash,53,12,Loyal Budget Buyer
CUST-01174,25,0.9,73928,4.3,Food,Mobile Money,11,12,Regular Shopper
CUST-01175,36,4.4,67382,6.9,Tools,Mobile Money,18,1,Regular Shopper
CUST-01176,36,6.0,126464,9.7,Clothing,Cash,21,9,Regular Shopper
CUST-01177,37,0.8,75177,9.4,Clothing,Cash,14,10,Regular Shopper
CUST-01178,33,2.1,43391,22.0,Clothing,Cash,55,9,Loyal Budget Buyer
CUST-01179,41,1.1,39454,20.0,Electronics,Cash,56,6,Loyal Budget Buyer
CUST-01180,37,11.8,45660,5.8,Household,Mobile Money,25,10,Regular Shopper
CUST-01181,22,4.7,101935,8.4,Household,Cash,18,9,Regular Shopper
CUST-01182,26,4.4,38136,8.1,Food,Mobile Money,17,3,Regular Shopper
CUST-01183,21,1.5,54807,20.8,Food,Cash,65,4,Loyal Budget Buyer
CUST-01184,37,5.4,22756,1.3,Electronics,Credit,3,5,Occasional Shopper
CUST-01185,24,7.3,81497,7.1,Clothing,Credit,19,6,Regular Shopper
CUST-01186,44,18.9,52587,5.6,Tools,Mobile Money,14,8,Regular Shopper
CUST-01187,37,2.9,98819,15.0,Electronics,Cash,29,4,Wholesale Buyer
CUST-01188,18,3.0,86901,11.2,Food,Cash,15,5,Regular Shopper
CUST-01189,41,2.6,104174,7.0,Tools,Mobile Money,12,10,Regular Shopper
CUST-01190,39,1.0,56505,18.0,Food,Cash,44,8,Loyal Budget Buyer
CUST-01191,18,13.4,22337,0.7,Household,Mobile Money,5,13,Occasional Shopper
CUST-01192,26,0.8,56089,8.2,Tools,Credit,23,6,Regular Shopper
CUST-01193,30,3.4,34292,19.5,Electronics,Cash,50,8,Loyal Budget Buyer
CUST-01194,33,1.9,560446,12.5,Electronics,Credit,34,4,Wholesale Buyer
CUST-01195,26,6.2,14064,1.0,Electronics,Cash,9,1,Occasional Shopper
CUST-01196,36,3.0,108927,4.0,Tools,Cash,13,2,Regular Shopper
CUST-01197,30,5.1,446562,16.8,Tools,Cash,26,2,Wholesale Buyer
CUST-01198,34,17.2,377093,9.7,Food,Cash,44,2,Wholesale Buyer
CUST-01199,20,1.6,21557,1.7,Tools,Cash,6,9,Occasional Shopper
CUST-01200,18,5.3,21931,1.5,Electronics,Cash,6,1,Occasional Shopper
CUST-01201,39,8.4,58428,6.6,Clothing,Cash,24,10,Regular Shopper
CUST-01202,40,0.8,286930,13.1,Tools,Cash,26,9,Wholesale Buyer
CUST-01203,44,5.0,385809,15.7,Food,Mobile Money,33,8,Wholesale Buyer
CUST-01204,34,3.8,11187,1.0,Household,Cash,4,8,Occasional Shopper
CUST-01205,58,27.9,66316,6.9,Clothing,Cash,14,2,Regular Shopper
CUST-01206,27,4.3,12852,1.0,Electronics,Cash,4,3,Occasional Shopper
CUST-01207,33,1.0,35513,20.4,Food,Cash,53,5,Loyal Budget Buyer
CUST-01208,29,2.6,80560,8.8,Food,Credit,19,5,Regular Shopper
CUST-01209,42,6.0,20702,6.8,Clothing,Mobile Money,14,8,Regular Shopper
CUST-01210,35,5.8,573297,15.1,Food,Credit,36,5,Wholesale Buyer
CUST-01211,30,5.0,26507,23.2,Food,Cash,47,14,Loyal Budget Buyer
CUST-01212,32,7.6,4803,1.9,Electronics,Cash,2,8,Occasional Shopper
CUST-01213,37,8.3,16261,0.5,Clothing,Cash,3,12,Occasional Shopper
CUST-01214,29,2.9,392608,17.2,Tools,Credit,38,3,Wholesale Buyer
CUST-01215,44,0.8,77338,7.9,Electronics,Mobile Money,23,2,Regular Shopper
CUST-01216,18,1.8,66347,7.0,Clothing,Mobile Money,21,3,Regular Shopper
CUST-01217,25,2.8,12807,2.3,Food,Cash,7,1,Occasional Shopper
CUST-01218,41,3.7,24543,15.9,Clothing,Cash,43,5,Loyal Budget Buyer
CUST-01219,40,7.9,432274,14.6,Food,Cash,32,14,Wholesale Buyer
CUST-01220,36,3.3,11551,1.9,Electronics,Cash,4,13,Occasional Shopper
CUST-01221,45,0.3,52472,19.6,Clothing,Cash,48,4,Loyal Budget Buyer
CUST-01222,41,22.0,44245,15.2,Household,Cash,53,9,Loyal Budget Buyer
CUST-01223,49,1.5,535445,13.1,Clothing,Credit,42,11,Wholesale Buyer
CUST-01224,33,17.7,708042,13.4,Tools,Cash,37,13,Wholesale Buyer
CUST-01225,29,8.5,125463,8.2,Clothing,Credit,19,11,Regular Shopper
CUST-01226,35,0.3,313091,14.4,Tools,Mobile Money,41,5,Wholesale Buyer
CUST-01227,28,10.8,37929,28.9,Food,Cash,36,10,Loyal Budget Buyer
CUST-01228,22,16.5,20830,1.5,Household,Mobile Money,1,13,Occasional Shopper
CUST-01229,34,8.5,89640,8.2,Food,Cash,26,5,Regular Shopper
CUST-01230,18,2.2,10568,0.5,Clothing,Cash,3,11,Occasional Shopper
CUST-01231,19,0.5,23587,8.2,Food,Mobile Money,25,5,Regular Shopper
CUST-01232,41,8.3,23792,2.2,Food,Cash,4,1,Occasional Shopper
CUST-01233,36,4.0,43161,20.7,Food,Cash,60,4,Loyal Budget Buyer
CUST-01234,31,6.1,997866,12.5,Food,Mobile Money,26,7,Wholesale Buyer
CUST-01235,31,4.2,39413,17.3,Food,Cash,50,7,Loyal Budget Buyer
CUST-01236,43,5.3,449819,14.1,Electronics,Mobile Money,32,10,Wholesale Buyer
CUST-01237,49,4.9,100908,9.1,Clothing,Cash,15,6,Regular Shopper
CUST-01238,34,6.0,30691,24.4,Electronics,Mobile Money,43,9,Loyal Budget Buyer
CUST-01239,22,3.7,10837,2.1,Food,Cash,7,7,Occasional Shopper
CUST-01240,18,7.6,12477,0.5,Electronics,Cash,4,11,Occasional Shopper
CUST-01241,42,0.7,364997,15.7,Tools,Mobile Money,34,2,Wholesale Buyer
CUST-01242,39,30.3,123511,7.4,Food,Mobile Money,16,7,Regular Shopper
CUST-01243,32,6.2,43503,23.7,Food,Cash,50,14,Loyal Budget Buyer
CUST-01244,19,0.6,10784,3.1,Clothing,Cash,7,8,Occasional Shopper
CUST-01245,35,2.9,30292,1.3,Food,Mobile Money,7,9,Occasional Shopper
CUST-01246,18,1.3,50271,5.7,Food,Cash,28,12,Regular Shopper
CUST-01247,21,2.6,27630,1.3,Tools,Mobile Money,3,1,Occasional Shopper
CUST-01248,50,2.2,70582,5.4,Food,Cash,11,7,Regular Shopper
CUST-01249,18,2.3,22245,15.1,Household,Cash,38,6,Loyal Budget Buyer
CUST-01250,35,0.9,586134,15.9,Household,Cash,47,7,Wholesale Buyer
CUST-01251,45,1.8,535125,16.3,Tools,Credit,52,4,Wholesale Buyer
CUST-01252,33,4.3,77132,5.7,Food,Cash,9,13,Regular Shopper
CUST-01253,40,0.5,15186,1.9,Food,Cash,5,13,Occasional Shopper
CUST-01254,30,7.9,108223,6.3,Electronics,Cash,15,11,Regular Shopper
CUST-01255,35,4.3,39854,18.6,Food,Cash,53,4,Loyal Budget Buyer
CUST-01256,50,1.8,615147,17.9,Electronics,Credit,34,2,Wholesale Buyer
CUST-01257,18,5.9,11027,2.8,Clothing,Cash,6,10,Occasional Shopper
CUST-01258,41,2.0,39303,17.9,Household,Cash,54,9,Loyal Budget Buyer
CUST-01259,37,5.3,24262,6.3,Food,Cash,15,13,Regular Shopper
CUST-01260,32,24.5,98104,7.0,Clothing,Cash,20,1,Regular Shopper
CUST-01261,24,3.8,69165,7.1,Electronics,Cash,19,4,Regular Shopper
CUST-01262,44,0.2,759230,13.7,Food,Mobile Money,40,14,Wholesale Buyer
CUST-01263,38,1.1,4070,0.5,Clothing,Cash,3,7,Occasional Shopper
CUST-01264,44,2.6,123323,5.2,Food,Credit,16,7,Regular Shopper
CUST-01265,18,1.9,52318,10.0,Clothing,Cash,21,7,Regular Shopper
CUST-01266,43,2.7,71984,8.7,Clothing,Cash,16,1,Regular Shopper
CUST-01267,40,4.4,220737,14.8,Clothing,Mobile Money,30,6,Wholesale Buyer
CUST-01268,24,7.7,20172,3.5,Electronics,Mobile Money,2,14,Occasional Shopper
CUST-01269,28,2.0,20898,24.0,Food,Cash,53,5,Loyal Budget Buyer
CUST-01270,30,2.9,42300,25.7,Food,Credit,58,7,Loyal Budget Buyer
CUST-01271,31,0.8,92880,7.4,Electronics,Credit,21,14,Regular Shopper
CUST-01272,32,2.0,510512,16.1,Tools,Mobile Money,45,13,Wholesale Buyer
CUST-01273,39,10.7,41081,7.1,Tools,Mobile Money,17,3,Regular Shopper
CUST-01274,37,3.3,18856,2.3,Clothing,Mobile Money,1,7,Occasional Shopper
CUST-01275,39,2.4,32305,20.3,Household,Cash,58,14,Loyal Budget Buyer
CUST-01276,34,4.7,527955,17.5,Household,Mobile Money,34,5,Wholesale Buyer
CUST-01277,31,3.5,55805,4.6,Food,Mobile Money,14,5,Regular Shopper
CUST-01278,32,5.1,89605,8.0,Clothing,Cash,20,14,Regular Shopper
CUST-01279,31,2.0,98194,5.4,Food,Credit,22,9,Regular Shopper
CUST-01280,20,14.5,9306,1.5,Electronics,Cash,5,5,Occasional Shopper
CUST-01281,31,10.1,676369,10.4,Food,Cash,37,2,Wholesale Buyer
CUST-01282,52,2.8,294027,14.3,Clothing,Mobile Money,45,7,Wholesale Buyer
CUST-01283,18,1.6,23985,1.6,Clothing,Cash,4,9,Occasional Shopper
CUST-01284,23,2.0,18895,2.2,Clothing,Mobile Money,7,3,Occasional Shopper
CUST-01285,48,2.1,10051,1.7,Tools,Mobile Money,2,13,Occasional Shopper
CUST-01286,29,9.2,57496,10.3,Electronics,Cash,24,14,Regular Shopper
CUST-01287,33,10.3,293396,13.9,Electronics,Mobile Money,46,10,Wholesale Buyer
CUST-01288,20,1.5,4384,1.5,Electronics,Mobile Money,6,2,Occasional Shopper
CUST-01289,41,10.6,100982,6.0,Tools,Cash,16,9,Regular Shopper
CUST-01290,24,10.8,76753,5.9,Food,Cash,18,4,Regular Shopper
CUST-01291,24,3.4,76994,6.7,Household,Credit,18,11,Regular Shopper
CUST-01292,44,3.8,20663,18.2,Household,Cash,52,12,Loyal Budget Buyer
CUST-01293,30,10.2,70791,7.4,Tools,Mobile Money,19,5,Regular Shopper
CUST-01294,40,1.6,442869,17.9,Tools,Cash,32,14,Wholesale Buyer
CUST-01295,42,2.9,468240,11.5,Food,Cash,28,12,Wholesale Buyer
CUST-01296,56,6.2,24228,7.5,Tools,Mobile Money,17,6,Regular Shopper
CUST-01297,38,1.2,36925,16.5,Food,Cash,43,3,Loyal Budget Buyer
CUST-01298,33,9.0,24141,1.7,Clothing,Cash,2,13,Occasional Shopper
CUST-01299,22,6.4,22127,3.3,Clothing,Cash,3,4,Occasional Shopper
CUST-01300,18,1.7,22612,1.7,Electronics,Mobile Money,1,11,Occasional Shopper
CUST-01301,37,8.7,72126,7.3,Tools,Mobile Money,14,9,Regular Shopper
CUST-01302,42,13.3,70274,8.8,Tools,Mobile Money,17,6,Regular Shopper
CUST-01303,18,2.2,41896,12.3,Electronics,Mobile Money,58,13,Loyal Budget Buyer
CUST-01304,35,5.2,53261,5.5,Tools,Cash,17,10,Regular Shopper
CUST-01305,18,11.7,26922,2.0,Clothing,Cash,6,1,Occasional Shopper
CUST-01306,35,18.2,391575,12.5,Tools,Mobile Money,25,12,Wholesale Buyer
CUST-01307,46,0.6,52476,7.3,Clothing,Mobile Money,22,12,Regular Shopper
CUST-01308,32,3.6,774618,20.0,Food,Cash,42,4,Wholesale Buyer
CUST-01309,40,0.5,62411,2.9,Food,Credit,16,3,Regular Shopper
CUST-01310,22,0.5,27267,5.9,Electronics,Cash,15,5,Regular Shopper
CUST-01311,29,3.7,70407,7.2,Electronics,Cash,15,1,Regular Shopper
CUST-01312,31,6.3,34173,0.7,Tools,Credit,5,9,Occasional Shopper
CUST-01313,20,0.9,9996,1.7,Tools,Mobile Money,3,14,Occasional Shopper
CUST-01314,39,18.1,66395,6.2,Food,Cash,16,2,Regular Shopper
CUST-01315,42,2.6,693151,11.5,Electronics,Credit,42,8,Wholesale Buyer
CUST-01316,18,14.4,21421,1.9,Electronics,Credit,3,13,Occasional Shopper
CUST-01317,39,5.2,61234,25.3,Food,Cash,48,13,Loyal Budget Buyer
CUST-01318,18,2.6,75596,3.3,Food,Cash,16,10,Regular Shopper
CUST-01319,22,6.2,21206,1.7,Clothing,Mobile Money,1,8,Occasional Shopper
CUST-01320,29,1.7,7500,10.4,Clothing,Mobile Money,14,14,Regular Shopper
CUST-01321,25,5.2,40009,8.7,Clothing,Mobile Money,16,4,Regular Shopper
CUST-01322,40,8.3,32130,1.4,Clothing,Cash,5,7,Occasional Shopper
CUST-01323,37,3.6,389589,10.2,Food,Mobile Money,29,10,Wholesale Buyer
CUST-01324,23,8.7,17723,1.9,Food,Cash,2,1,Occasional Shopper
CUST-01325,21,12.4,739821,12.3,Household,Credit,32,14,Wholesale Buyer
CUST-01326,19,7.0,386795,11.8,Household,Cash,24,12,Wholesale Buyer
CUST-01327,30,2.5,39100,21.5,Food,Mobile Money,53,5,Loyal Budget Buyer
CUST-01328,25,2.1,10354,1.5,Clothing,Cash,4,5,Occasional Shopper
CUST-01329,42,11.8,639588,8.5,Household,Cash,34,4,Wholesale Buyer
CUST-01330,33,5.1,30674,19.0,Food,Mobile Money,56,4,Loyal Budget Buyer
CUST-01331,39,17.9,16920,1.8,Tools,Cash,9,9,Occasional Shopper
CUST-01332,35,4.9,116128,6.4,Clothing,Cash,18,8,Regular Shopper
CUST-01333,30,40.0,99877,7.4,Tools,Cash,16,4,Regular Shopper
CUST-01334,41,0.5,363434,13.9,Tools,Mobile Money,38,13,Wholesale Buyer
CUST-01335,29,7.8,506688,15.2,Tools,Cash,23,4,Wholesale Buyer
CUST-01336,28,4.9,96723,4.0,Tools,Mobile Money,18,14,Regular Shopper
CUST-01337,29,2.1,20402,1.0,Clothing,Mobile Money,1,13,Occasional Shopper
CUST-01338,32,7.8,14799,1.9,Clothing,Mobile Money,1,2,Occasional Shopper
CUST-01339,38,3.5,54792,20.1,Tools,Cash,45,3,Loyal Budget Buyer
CUST-01340,22,3.3,18793,2.5,Tools,Cash,5,2,Occasional Shopper
CUST-01341,43,1.5,11381,1.2,Clothing,Cash,5,12,Occasional Shopper
CUST-01342,18,0.4,14053,2.4,Clothing,Cash,4,7,Occasional Shopper
CUST-01343,24,6.9,3364,0.8,Clothing,Cash,1,4,Occasional Shopper
CUST-01344,28,0.6,49959,6.8,Food,Mobile Money,26,6,Regular Shopper
CUST-01345,39,2.7,53742,7.2,Tools,Mobile Money,28,14,Regular Shopper
CUST-01346,31,6.1,1800,0.8,Clothing,Mobile Money,2,4,Occasional Shopper
CUST-01347,31,1.5,73980,8.9,Tools,Cash,10,14,Regular Shopper
CUST-01348,29,12.1,492805,17.2,Electronics,Mobile Money,20,5,Wholesale Buyer
CUST-01349,35,25.2,33989,1.1,Clothing,Credit,3,1,Occasional Shopper
CUST-01350,24,2.7,45493,24.2,Household,Cash,35,1,Loyal Budget Buyer
CUST-01351,38,1.2,41538,20.6,Household,Cash,57,6,Loyal Budget Buyer
CUST-01352,33,1.5,38188,25.4,Food,Cash,48,14,Loyal Budget Buyer
CUST-01353,36,14.9,517010,15.5,Tools,Cash,42,7,Wholesale Buyer
CUST-01354,18,8.2,34890,15.5,Food,Cash,50,6,Loyal Budget Buyer
CUST-01355,38,6.3,469113,10.1,Tools,Cash,31,10,Wholesale Buyer
CUST-01356,42,3.7,40877,20.3,Tools,Cash,47,9,Loyal Budget Buyer
CUST-01357,22,0.9,23664,1.2,Household,Mobile Money,6,12,Occasional Shopper
CUST-01358,52,3.2,33786,8.0,Clothing,Mobile Money,20,13,Regular Shopper
CUST-01359,43,3.7,587873,21.6,Electronics,Cash,40,8,Wholesale Buyer
CUST-01360,34,1.8,75520,7.5,Electronics,Credit,15,2,Regular Shopper
CUST-01361,31,7.2,55093,7.7,Clothing,Credit,16,12,Regular Shopper
CUST-01362,34,2.7,80725,4.5,Clothing,Cash,17,4,Regular Shopper
CUST-01363,27,8.6,53057,20.9,Food,Cash,51,9,Loyal Budget Buyer
CUST-01364,48,1.1,21189,17.0,Food,Cash,57,8,Loyal Budget Buyer
CUST-01365,34,0.4,26376,1.6,Clothing,Cash,1,7,Occasional Shopper
CUST-01366,41,3.5,646449,19.9,Food,Cash,39,9,Wholesale Buyer
CUST-01367,52,1.5,34774,18.5,Food,Cash,62,6,Loyal Budget Buyer
CUST-01368,25,0.4,20494,1.7,Electronics,Cash,1,7,Occasional Shopper
CUST-01369,39,0.8,509268,4.1,Tools,Mobile Money,37,9,Wholesale Buyer
CUST-01370,44,5.5,131191,17.2,Food,Credit,48,1,Wholesale Buyer
CUST-01371,33,8.1,46031,4.3,Food,Mobile Money,15,5,Regular Shopper
CUST-01372,46,3.3,19549,0.7,Tools,Mobile Money,3,1,Occasional Shopper
CUST-01373,36,2.8,49805,7.5,Food,Credit,13,14,Regular Shopper
CUST-01374,23,2.5,439891,16.3,Food,Cash,34,14,Wholesale Buyer
CUST-01375,18,0.3,32367,17.0,Food,Mobile Money,53,9,Loyal Budget Buyer
CUST-01376,18,0.5,67479,5.9,Food,Mobile Money,11,2,Regular Shopper
CUST-01377,31,12.3,106633,9.2,Food,Mobile Money,13,1,Regular Shopper
CUST-01378,23,1.6,12520,0.9,Tools,Mobile Money,2,2,Occasional Shopper
CUST-01379,45,3.7,677262,15.9,Tools,Cash,35,13,Wholesale Buyer
CUST-01380,26,2.0,10271,1.4,Tools,Cash,6,9,Occasional Shopper
CUST-01381,26,0.5,28034,0.8,Clothing,Cash,2,11,Occasional Shopper
CUST-01382,36,8.6,15942,1.5,Tools,Cash,5,5,Occasional Shopper
CUST-01383,47,9.5,104086,8.4,Food,Cash,17,14,Regular Shopper
CUST-01384,38,2.0,93439,8.5,Food,Cash,20,7,Regular Shopper
CUST-01385,29,2.7,3871,2.2,Clothing,Cash,4,14,Occasional Shopper
CUST-01386,31,4.6,23205,2.3,Electronics,Mobile Money,1,11,Occasional Shopper
CUST-01387,25,2.8,59350,6.9,Tools,Cash,14,5,Regular Shopper
CUST-01388,31,5.2,17742,16.9,Food,Mobile Money,54,8,Loyal Budget Buyer
CUST-01389,29,1.8,285333,15.5,Tools,Mobile Money,40,8,Wholesale Buyer
CUST-01390,29,0.7,72414,7.7,Food,Credit,19,8,Regular Shopper
CUST-01391,25,3.4,61293,5.7,Food,Mobile Money,9,1,Regular Shopper
CUST-01392,37,2.6,11686,19.1,Clothing,Cash,61,8,Loyal Budget Buyer
CUST-01393,46,8.4,406752,16.6,Tools,Mobile Money,23,9,Wholesale Buyer
CUST-01394,25,0.4,40133,2.6,Clothing,Cash,3,12,Occasional Shopper
CUST-01395,22,11.5,581686,11.8,Tools,Cash,38,8,Wholesale Buyer
CUST-01396,35,4.0,22672,16.6,Household,Credit,57,2,Loyal Budget Buyer
CUST-01397,30,1.8,804186,13.0,Tools,Cash,41,7,Wholesale Buyer
CUST-01398,18,1.6,98712,8.0,Clothing,Mobile Money,19,4,Regular Shopper
CUST-01399,38,0.5,56072,8.2,Food,Mobile Money,18,5,Regular Shopper
CUST-01400,21,7.7,17527,1.1,Food,Mobile Money,4,5,Occasional Shopper
CUST-01401,26,1.3,31248,26.6,Tools,Credit,43,12,Loyal Budget Buyer
CUST-01402,35,11.4,10888,1.7,Electronics,Cash,2,3,Occasional Shopper
CUST-01403,39,7.2,407846,14.6,Tools,Credit,32,12,Wholesale Buyer
CUST-01404,37,3.1,470321,11.8,Food,Cash,33,4,Wholesale Buyer
CUST-01405,50,5.1,72745,5.9,Clothing,Mobile Money,14,11,Regular Shopper
CUST-01406,53,4.5,529016,10.9,Tools,Mobile Money,39,3,Wholesale Buyer
CUST-01407,18,3.2,61605,6.1,Electronics,Mobile Money,13,2,Regular Shopper
CUST-01408,44,3.2,72495,5.8,Electronics,Cash,22,10,Regular Shopper
CUST-01409,31,1.1,100572,3.5,Clothing,Cash,20,5,Regular Shopper
CUST-01410,22,0.4,32192,2.6,Clothing,Cash,5,6,Occasional Shopper
CUST-01411,29,2.3,47401,20.6,Food,Mobile Money,53,8,Loyal Budget Buyer
CUST-01412,45,1.4,29485,2.5,Tools,Cash,4,11,Occasional Shopper
CUST-01413,23,2.9,21785,0.5,Household,Credit,4,8,Occasional Shopper
CUST-01414,26,0.5,91402,5.6,Food,Cash,16,8,Regular Shopper
CUST-01415,40,7.7,127332,3.8,Electronics,Mobile Money,18,6,Regular Shopper
CUST-01416,27,4.1,47978,19.1,Clothing,Cash,39,5,Loyal Budget Buyer
CUST-01417,50,1.3,47861,19.1,Food,Cash,50,14,Loyal Budget Buyer
CUST-01418,32,3.4,88576,8.6,Food,Mobile Money,15,7,Regular Shopper
CUST-01419,41,8.4,477172,17.5,Food,Mobile Money,35,14,Wholesale Buyer
CUST-01420,29,2.6,20051,1.7,Clothing,Cash,4,13,Occasional Shopper
CUST-01421,40,1.6,609580,12.9,Tools,Cash,30,11,Wholesale Buyer
CUST-01422,21,3.7,12342,2.1,Clothing,Cash,5,14,Occasional Shopper
CUST-01423,60,2.3,73382,9.6,Electronics,Cash,20,7,Regular Shopper
CUST-01424,30,11.4,87924,3.1,Clothing,Mobile Money,13,14,Regular Shopper
CUST-01425,18,1.5,3047,2.2,Clothing,Cash,4,14,Occasional Shopper
CUST-01426,19,3.3,63129,5.3,Tools,Credit,20,5,Regular Shopper
CUST-01427,30,5.0,612368,11.8,Food,Mobile Money,30,6,Wholesale Buyer
CUST-01428,28,1.7,40898,8.2,Tools,Cash,20,11,Regular Shopper
CUST-01429,22,1.6,23331,3.9,Clothing,Cash,3,8,Occasional Shopper
CUST-01430,41,3.1,12074,1.5,Food,Cash,4,12,Occasional Shopper
CUST-01431,18,0.3,16825,0.6,Food,Cash,2,13,Occasional Shopper
CUST-01432,19,0.2,58658,20.8,Food,Mobile Money,58,9,Loyal Budget Buyer
CUST-01433,46,4.5,22359,18.6,Food,Cash,38,12,Loyal Budget Buyer
CUST-01434,34,28.5,26783,2.3,Clothing,Cash,6,6,Occasional Shopper
CUST-01435,30,9.2,48886,14.4,Food,Cash,51,2,Loyal Budget Buyer
CUST-01436,37,6.0,44780,20.8,Clothing,Cash,49,9,Loyal Budget Buyer
CUST-01437,30,6.0,38134,8.7,Food,Mobile Money,19,14,Regular Shopper
CUST-01438,31,11.1,20525,1.8,Clothing,Credit,4,8,Occasional Shopper
CUST-01439,28,1.3,44363,7.3,Food,Mobile Money,17,1,Regular Shopper
CUST-01440,26,9.0,56433,6.3,Food,Credit,17,2,Regular Shopper
CUST-01441,23,6.6,8903,2.3,Clothing,Mobile Money,5,7,Occasional Shopper
CUST-01442,27,1.1,33104,2.3,Clothing,Mobile Money,5,3,Occasional Shopper
CUST-01443,44,2.8,660468,12.9,Household,Cash,27,10,Wholesale Buyer
CUST-01444,36,9.7,670365,13.3,Tools,Cash,40,4,Wholesale Buyer
CUST-01445,29,9.9,484172,14.9,Tools,Credit,34,6,Wholesale Buyer
CUST-01446,29,4.7,33304,19.0,Clothing,Mobile Money,52,9,Loyal Budget Buyer
CUST-01447,34,4.6,140556,5.7,Clothing,Cash,14,2,Regular Shopper
CUST-01448,44,7.1,21183,17.4,Tools,Cash,55,8,Loyal Budget Buyer
CUST-01449,29,1.3,26084,1.0,Clothing,Cash,3,3,Occasional Shopper
CUST-01450,26,0.4,59426,16.8,Food,Cash,55,10,Loyal Budget Buyer
CUST-01451,21,4.8,67094,5.8,Clothing,Mobile Money,11,13,Regular Shopper
CUST-01452,35,2.9,58213,6.0,Clothing,Mobile Money,16,3,Regular Shopper
CUST-01453,22,10.0,85434,5.7,Food,Cash,21,5,Regular Shopper
CUST-01454,32,0.7,52634,10.4,Food,Mobile Money,18,4,Regular Shopper
CUST-01455,57,3.5,143232,11.2,Household,Cash,26,9,Regular Shopper
CUST-01456,22,4.3,1800,1.6,Tools,Cash,4,10,Occasional Shopper
CUST-01457,33,2.6,32218,1.7,Household,Cash,1,5,Occasional Shopper
CUST-01458,24,0.3,27863,8.3,Clothing,Mobile Money,23,5,Regular Shopper
CUST-01459,31,7.4,327730,11.3,Tools,Mobile Money,44,11,Wholesale Buyer
CUST-01460,37,0.2,11066,13.0,Household,Mobile Money,37,13,Loyal Budget Buyer
CUST-01461,30,2.8,58898,4.0,Food,Credit,12,6,Regular Shopper
CUST-01462,38,2.3,70490,7.5,Household,Mobile Money,17,10,Regular Shopper
CUST-01463,26,6.1,14789,1.1,Food,Cash,3,6,Occasional Shopper
CUST-01464,26,3.0,32111,24.2,Food,Mobile Money,57,14,Loyal Budget Buyer
CUST-01465,33,1.8,390668,15.9,Food,Credit,31,7,Wholesale Buyer
CUST-01466,41,5.6,34762,20.1,Food,Cash,36,2,Loyal Budget Buyer
CUST-01467,19,6.8,48855,19.6,Clothing,Cash,47,1,Loyal Budget Buyer
CUST-01468,22,1.9,543010,18.3,Tools,Mobile Money,36,8,Wholesale Buyer
CUST-01469,39,6.8,117088,5.4,Food,Mobile Money,19,1,Regular Shopper
CUST-01470,42,5.9,12388,22.6,Household,Mobile Money,61,2,Loyal Budget Buyer
CUST-01471,34,2.4,49804,6.7,Tools,Mobile Money,18,3,Regular Shopper
CUST-01472,51,2.5,103501,8.5,Clothing,Cash,18,4,Regular Shopper
CUST-01473,36,1.9,346830,13.8,Electronics,Cash,27,11,Wholesale Buyer
CUST-01474,25,13.1,449317,14.3,Electronics,Mobile Money,38,5,Wholesale Buyer
CUST-01475,38,4.1,27283,23.4,Food,Cash,51,14,Loyal Budget Buyer
CUST-01476,25,2.4,89702,5.2,Clothing,Cash,21,10,Regular Shopper
CUST-01477,31,9.8,25607,2.0,Clothing,Mobile Money,3,2,Occasional Shopper
CUST-01478,26,2.0,74535,11.0,Food,Cash,17,4,Regular Shopper
CUST-01479,40,8.4,86031,7.7,Food,Mobile Money,8,10,Regular Shopper
CUST-01480,42,5.1,36065,25.9,Food,Mobile Money,45,10,Loyal Budget Buyer
CUST-01481,33,1.5,63256,8.8,Food,Credit,20,8,Regular Shopper
CUST-01482,35,0.2,70930,11.8,Clothing,Mobile Money,13,3,Regular Shopper
CUST-01483,39,11.4,24620,1.1,Clothing,Cash,1,12,Occasional Shopper
CUST-01484,43,4.0,583424,13.5,Food,Cash,38,14,Wholesale Buyer
CUST-01485,31,1.2,17393,5.5,Tools,Cash,19,7,Regular Shopper
CUST-01486,30,3.5,24955,19.2,Clothing,Mobile Money,50,9,Loyal Budget Buyer
CUST-01487,37,0.6,42664,24.9,Clothing,Mobile Money,38,5,Loyal Budget Buyer
CUST-01488,52,2.1,567843,10.1,Clothing,Mobile Money,31,3,Wholesale Buyer
CUST-01489,21,3.0,8314,22.8,Food,Cash,44,5,Loyal Budget Buyer
CUST-01490,28,6.9,18461,7.9,Clothing,Cash,14,6,Regular Shopper
CUST-01491,26,0.3,488328,19.4,Food,Credit,42,3,Wholesale Buyer
CUST-01492,25,3.8,6601,1.1,Clothing,Cash,2,14,Occasional Shopper
CUST-01493,28,1.4,587897,19.1,Tools,Mobile Money,36,11,Wholesale Buyer
CUST-01494,33,10.1,138870,5.1,Tools,Credit,18,4,Regular Shopper
CUST-01495,40,4.9,45768,13.2,Clothing,Cash,52,10,Loyal Budget Buyer
CUST-01496,44,8.0,244805,12.9,Electronics,Cash,32,5,Wholesale Buyer
CUST-01497,22,22.4,21832,1.5,Clothing,Cash,3,6,Occasional Shopper
CUST-01498,20,7.4,18607,0.5,Clothing,Cash,2,14,Occasional Shopper
CUST-01499,19,1.0,34914,0.5,Clothing,Mobile Money,5,12,Occasional Shopper
CUST-01500,27,2.6,87413,6.9,Food,Mobile Money,16,9,Regular Shopper
CUST-01501,18,3.9,15664,18.4,Food,Mobile Money,34,14,Loyal Budget Buyer
CUST-01502,34,4.9,55287,10.2,Food,Mobile Money,20,6,Regular Shopper
CUST-01503,40,3.0,29917,20.7,Household,Mobile Money,34,2,Loyal Budget Buyer
CUST-01504,18,1.4,9148,0.8,Clothing,Cash,3,13,Occasional Shopper
CUST-01505,26,8.8,36208,5.2,Electronics,Cash,22,2,Regular Shopper
CUST-01506,27,2.1,36885,26.0,Clothing,Cash,35,6,Loyal Budget Buyer
CUST-01507,18,0.8,25050,2.5,Clothing,Cash,2,12,Occasional Shopper
CUST-01508,48,1.9,112181,7.9,Tools,Cash,23,9,Regular Shopper
CUST-01509,47,4.6,5989,12.2,Food,Cash,54,6,Loyal Budget Buyer
CUST-01510,28,4.0,21112,2.0,Tools,Cash,7,3,Occasional Shopper
CUST-01511,37,22.6,406470,16.1,Tools,Credit,38,14,Wholesale Buyer
CUST-01512,28,6.8,10952,2.3,Clothing,Mobile Money,7,8,Occasional Shopper
CUST-01513,20,3.1,27461,0.5,Food,Cash,2,4,Occasional Shopper
CUST-01514,41,6.1,504505,17.5,Tools,Mobile Money,28,8,Wholesale Buyer
CUST-01515,42,5.5,605633,13.6,Clothing,Cash,22,5,Wholesale Buyer
CUST-01516,28,0.8,93896,4.5,Clothing,Mobile Money,21,5,Regular Shopper
CUST-01517,39,3.1,30696,19.0,Tools,Cash,50,11,Loyal Budget Buyer
CUST-01518,33,0.8,66127,6.7,Tools,Mobile Money,13,9,Regular Shopper
CUST-01519,37,3.7,87895,8.4,Food,Mobile Money,20,7,Regular Shopper
CUST-01520,38,3.1,31763,18.1,Food,Cash,47,10,Loyal Budget Buyer
CUST-01521,26,2.2,8499,1.8,Tools,Mobile Money,5,13,Occasional Shopper
CUST-01522,30,10.8,640660,11.4,Tools,Cash,44,2,Wholesale Buyer
CUST-01523,18,4.9,26054,1.7,Clothing,Mobile Money,3,11,Occasional Shopper
CUST-01524,39,1.4,133859,5.9,Clothing,Mobile Money,17,5,Regular Shopper
CUST-01525,34,0.3,498512,7.6,Clothing,Mobile Money,39,8,Wholesale Buyer
CUST-01526,45,8.6,69289,4.4,Electronics,Mobile Money,19,11,Regular Shopper
CUST-01527,26,2.1,27971,17.6,Food,Cash,51,10,Loyal Budget Buyer
CUST-01528,35,1.4,24958,20.8,Food,Mobile Money,35,10,Loyal Budget Buyer
CUST-01529,30,8.8,18004,2.1,Clothing,Mobile Money,7,12,Occasional Shopper
CUST-01530,21,3.7,31797,21.0,Tools,Cash,66,4,Loyal Budget Buyer
CUST-01531,36,4.0,25235,8.9,Household,Cash,22,4,Regular Shopper
CUST-01532,54,2.6,522645,17.4,Food,Cash,33,6,Wholesale Buyer
CUST-01533,44,3.1,73766,6.7,Food,Cash,18,4,Regular Shopper
CUST-01534,37,0.4,658380,11.9,Food,Credit,29,8,Wholesale Buyer
CUST-01535,33,8.4,50515,4.8,Household,Cash,19,12,Regular Shopper
CUST-01536,28,5.4,18938,0.5,Food,Cash,2,4,Occasional Shopper
CUST-01537,28,13.0,449683,13.0,Food,Cash,25,8,Wholesale Buyer
CUST-01538,31,8.3,58550,6.7,Food,Cash,13,3,Regular Shopper
CUST-01539,38,1.8,95932,10.1,Tools,Cash,18,13,Regular Shopper
CUST-01540,30,5.4,63858,6.8,Tools,Mobile Money,21,13,Regular Shopper
CUST-01541,34,8.9,330517,13.6,Food,Cash,39,11,Wholesale Buyer
CUST-01542,43,14.1,81781,11.6,Clothing,Credit,20,8,Regular Shopper
CUST-01543,36,3.1,61166,7.6,Food,Cash,12,4,Regular Shopper
CUST-01544,33,7.4,6068,1.9,Clothing,Mobile Money,5,4,Occasional Shopper
CUST-01545,18,0.7,23084,0.5,Clothing,Cash,4,2,Occasional Shopper
CUST-01546,35,10.1,137838,8.2,Food,Mobile Money,15,1,Regular Shopper
CUST-01547,23,10.5,87282,7.7,Household,Cash,25,7,Regular Shopper
CUST-01548,18,4.6,24289,2.9,Clothing,Cash,4,6,Occasional Shopper
CUST-01549,46,0.3,433146,16.4,Food,Mobile Money,43,9,Wholesale Buyer
CUST-01550,18,4.1,100552,6.9,Food,Mobile Money,18,14,Regular Shopper
CUST-01551,29,5.2,57726,7.2,Food,Mobile Money,11,4,Regular Shopper
CUST-01552,44,1.7,34530,1.7,Clothing,Cash,6,2,Occasional Shopper
CUST-01553,37,2.4,556159,17.0,Food,Credit,31,10,Wholesale Buyer
CUST-01554,23,1.9,65290,8.3,Tools,Mobile Money,14,10,Regular Shopper
CUST-01555,18,0.9,13966,13.3,Household,Mobile Money,15,2,Regular Shopper
CUST-01556,31,4.4,20301,1.2,Electronics,Cash,9,12,Occasional Shopper
CUST-01557,31,0.3,40571,15.2,Food,Cash,52,12,Loyal Budget Buyer
CUST-01558,33,1.5,58558,2.4,Clothing,Credit,17,13,Regular Shopper
CUST-01559,39,0.5,50502,3.7,Food,Credit,23,2,Regular Shopper
CUST-01560,38,0.4,92728,5.6,Food,Cash,17,11,Regular Shopper
CUST-01561,41,2.8,64813,8.0,Clothing,Mobile Money,15,4,Regular Shopper
CUST-01562,47,8.5,92689,4.1,Clothing,Cash,16,10,Regular Shopper
CUST-01563,22,3.4,8362,1.9,Electronics,Cash,1,9,Occasional Shopper
CUST-01564,28,3.1,28122,1.3,Tools,Mobile Money,4,3,Occasional Shopper
CUST-01565,28,3.1,62564,7.6,Tools,Mobile Money,24,1,Regular Shopper
CUST-01566,52,8.8,465336,17.5,Household,Mobile Money,32,7,Wholesale Buyer
CUST-01567,54,6.7,46787,3.5,Food,Credit,17,2,Regular Shopper
CUST-01568,23,8.9,35246,6.5,Food,Cash,24,10,Regular Shopper
CUST-01569,18,1.2,79816,10.2,Food,Cash,19,5,Regular Shopper
CUST-01570,39,17.4,28493,19.0,Tools,Cash,46,11,Loyal Budget Buyer
CUST-01571,27,10.3,75663,4.2,Food,Credit,20,10,Regular Shopper
CUST-01572,30,12.7,118719,8.1,Clothing,Cash,15,11,Regular Shopper
CUST-01573,38,9.1,40237,21.7,Clothing,Cash,61,7,Loyal Budget Buyer
CUST-01574,37,7.1,130191,5.4,Food,Cash,12,8,Regular Shopper
CUST-01575,34,0.9,12238,0.9,Food,Mobile Money,6,14,Occasional Shopper
CUST-01576,50,3.0,42603,19.0,Tools,Cash,57,6,Loyal Budget Buyer
CUST-01577,31,2.3,25153,1.7,Food,Cash,3,12,Occasional Shopper
CUST-01578,28,8.4,43998,20.4,Food,Cash,58,1,Loyal Budget Buyer
CUST-01579,42,1.1,34479,14.8,Tools,Mobile Money,60,4,Loyal Budget Buyer
CUST-01580,35,6.5,26069,1.0,Clothing,Cash,5,13,Occasional Shopper
CUST-01581,33,3.7,503202,12.5,Household,Mobile Money,31,12,Wholesale Buyer
CUST-01582,34,3.0,39255,19.3,Tools,Cash,53,7,Loyal Budget Buyer
CUST-01583,20,4.8,69119,7.6,Tools,Cash,13,3,Regular Shopper
CUST-01584,47,3.6,84257,4.6,Food,Cash,27,8,Regular Shopper
CUST-01585,44,2.8,106428,6.2,Tools,Mobile Money,21,11,Regular Shopper
CUST-01586,36,4.2,32888,1.4,Electronics,Cash,2,5,Occasional Shopper
CUST-01587,23,4.6,78883,7.7,Food,Cash,13,6,Regular Shopper
CUST-01588,48,11.5,29292,13.2,Clothing,Cash,56,8,Loyal Budget Buyer
CUST-01589,32,6.8,19234,1.3,Clothing,Mobile Money,3,9,Occasional Shopper
CUST-01590,26,9.9,90943,7.2,Food,Mobile Money,16,10,Regular Shopper
CUST-01591,37,11.0,38667,10.8,Food,Cash,56,12,Loyal Budget Buyer
CUST-01592,18,22.7,222909,12.5,Tools,Mobile Money,37,5,Wholesale Buyer
CUST-01593,35,2.6,21845,3.7,Electronics,Mobile Money,15,7,Regular Shopper
CUST-01594,33,5.9,45348,6.5,Clothing,Cash,14,12,Regular Shopper
CUST-01595,19,16.5,109015,11.4,Food,Mobile Money,15,2,Regular Shopper
CUST-01596,39,3.5,45429,8.0,Electronics,Credit,15,7,Regular Shopper
CUST-01597,32,3.4,327103,13.9,Electronics,Cash,32,10,Wholesale Buyer
CUST-01598,27,6.7,37980,3.4,Clothing,Mobile Money,3,5,Occasional Shopper
CUST-01599,18,15.9,62649,4.2,Electronics,Cash,16,12,Regular Shopper
CUST-01600,18,4.8,99281,8.5,Household,Credit,11,1,Regular Shopper
CUST-01601,52,0.5,456732,14.7,Clothing,Mobile Money,36,3,Wholesale Buyer
CUST-01602,21,37.1,46482,8.0,Tools,Cash,14,13,Regular Shopper
CUST-01603,52,0.4,49581,8.4,Household,Cash,18,11,Regular Shopper
CUST-01604,40,0.5,378691,10.8,Tools,Cash,29,14,Wholesale Buyer
CUST-01605,31,0.5,88878,3.1,Electronics,Mobile Money,15,10,Regular Shopper
CUST-01606,42,1.2,42544,5.2,Household,Mobile Money,15,14,Regular Shopper
CUST-01607,39,5.0,67402,5.6,Clothing,Credit,24,1,Regular Shopper
CUST-01608,23,10.0,31306,0.5,Clothing,Mobile Money,6,14,Occasional Shopper
CUST-01609,42,21.7,37620,7.9,Electronics,Cash,8,7,Regular Shopper
CUST-01610,18,5.4,72188,8.4,Electronics,Mobile Money,18,10,Regular Shopper
CUST-01611,18,1.0,15012,1.7,Electronics,Cash,2,4,Occasional Shopper
CUST-01612,25,7.8,84048,9.1,Tools,Cash,15,12,Regular Shopper
CUST-01613,27,9.0,93183,5.7,Tools,Credit,15,9,Regular Shopper
CUST-01614,28,0.6,25766,0.6,Tools,Cash,1,5,Occasional Shopper
CUST-01615,26,1.0,9729,0.8,Clothing,Mobile Money,7,8,Occasional Shopper
CUST-01616,45,4.3,440287,14.1,Tools,Credit,44,6,Wholesale Buyer
CUST-01617,18,1.1,25548,2.3,Clothing,Mobile Money,6,1,Occasional Shopper
CUST-01618,18,3.9,24648,1.0,Electronics,Cash,5,3,Occasional Shopper
CUST-01619,18,12.9,42161,7.2,Clothing,Cash,18,11,Regular Shopper
CUST-01620,18,13.4,20048,1.5,Clothing,Cash,4,8,Occasional Shopper
CUST-01621,36,0.7,40876,19.6,Tools,Mobile Money,38,3,Loyal Budget Buyer
CUST-01622,24,2.8,51641,26.3,Household,Cash,61,4,Loyal Budget Buyer
CUST-01623,44,8.5,71598,7.2,Clothing,Cash,14,11,Regular Shopper
CUST-01624,46,3.9,28597,0.5,Food,Mobile Money,5,9,Occasional Shopper
CUST-01625,27,0.3,27990,6.3,Food,Cash,16,2,Regular Shopper
CUST-01626,28,0.8,428452,14.8,Food,Credit,44,3,Wholesale Buyer
CUST-01627,39,8.9,471136,17.4,Tools,Cash,40,10,Wholesale Buyer
CUST-01628,38,15.6,14176,3.1,Clothing,Cash,5,3,Occasional Shopper
CUST-01629,40,1.5,55578,19.3,Food,Cash,47,8,Loyal Budget Buyer
CUST-01630,38,2.3,52553,3.3,Food,Cash,18,13,Regular Shopper
CUST-01631,32,19.2,43544,6.2,Tools,Mobile Money,20,12,Regular Shopper
CUST-01632,24,0.9,558549,9.7,Household,Cash,41,2,Wholesale Buyer
CUST-01633,39,1.7,114998,9.0,Electronics,Mobile Money,21,7,Regular Shopper
CUST-01634,42,0.2,593745,15.0,Tools,Credit,27,8,Wholesale Buyer
CUST-01635,26,2.2,460482,15.4,Tools,Mobile Money,38,14,Wholesale Buyer
CUST-01636,42,1.4,640332,12.6,Tools,Cash,33,5,Wholesale Buyer
CUST-01637,18,3.5,32200,1.5,Clothing,Cash,5,6,Occasional Shopper
CUST-01638,18,3.5,19840,0.5,Food,Mobile Money,2,14,Occasional Shopper
CUST-01639,30,4.0,66666,7.0,Household,Mobile Money,15,1,Regular Shopper
CUST-01640,37,3.4,602169,15.1,Food,Cash,31,14,Wholesale Buyer
CUST-01641,38,5.0,597721,18.0,Household,Mobile Money,45,7,Wholesale Buyer
CUST-01642,25,0.3,17261,1.6,Clothing,Mobile Money,1,10,Occasional Shopper
CUST-01643,36,3.6,1800,1.3,Electronics,Cash,2,4,Occasional Shopper
CUST-01644,40,11.2,500663,16.6,Electronics,Cash,38,2,Wholesale Buyer
CUST-01645,43,5.2,529733,10.7,Tools,Cash,32,2,Wholesale Buyer
CUST-01646,20,6.3,104158,6.5,Tools,Mobile Money,20,7,Regular Shopper
CUST-01647,41,0.5,32372,25.0,Food,Mobile Money,37,7,Loyal Budget Buyer
CUST-01648,35,12.1,52383,19.1,Tools,Mobile Money,54,11,Loyal Budget Buyer
CUST-01649,46,4.4,618716,13.6,Electronics,Cash,28,6,Wholesale Buyer
CUST-01650,30,12.8,23571,2.5,Clothing,Mobile Money,4,1,Occasional Shopper
CUST-01651,20,3.2,402743,17.2,Food,Cash,36,12,Wholesale Buyer
CUST-01652,39,9.8,16679,2.8,Clothing,Cash,3,6,Occasional Shopper
CUST-01653,32,5.3,36225,0.8,Electronics,Cash,2,6,Occasional Shopper
CUST-01654,29,3.1,13826,0.5,Tools,Mobile Money,5,4,Occasional Shopper
CUST-01655,22,3.9,54445,6.3,Clothing,Cash,19,1,Regular Shopper
CUST-01656,18,3.1,59773,4.2,Tools,Mobile Money,20,9,Regular Shopper
CUST-01657,33,5.7,105122,11.2,Clothing,Mobile Money,18,11,Regular Shopper
CUST-01658,23,1.3,81224,7.7,Food,Cash,19,8,Regular Shopper
CUST-01659,25,1.8,112890,8.4,Household,Mobile Money,16,14,Regular Shopper
CUST-01660,33,6.5,526214,15.2,Tools,Cash,40,7,Wholesale Buyer
CUST-01661,18,5.6,19650,0.5,Clothing,Cash,3,14,Occasional Shopper
CUST-01662,41,4.5,14161,1.1,Household,Cash,6,14,Occasional Shopper
CUST-01663,23,3.4,24637,1.4,Clothing,Mobile Money,5,9,Occasional Shopper
CUST-01664,33,1.5,485095,10.7,Tools,Credit,26,9,Wholesale Buyer
CUST-01665,38,1.7,29201,6.4,Electronics,Cash,14,8,Regular Shopper
CUST-01666,21,8.8,45687,22.1,Tools,Cash,49,12,Loyal Budget Buyer
CUST-01667,31,14.4,66229,5.2,Food,Mobile Money,20,7,Regular Shopper
CUST-01668,53,3.2,576126,13.5,Tools,Credit,38,14,Wholesale Buyer
CUST-01669,38,14.2,609741,14.6,Electronics,Credit,38,5,Wholesale Buyer
CUST-01670,34,3.1,42849,23.8,Household,Cash,63,3,Loyal Budget Buyer
CUST-01671,36,4.8,9053,1.6,Household,Mobile Money,2,14,Occasional Shopper
CUST-01672,45,2.3,493257,16.7,Food,Credit,33,14,Wholesale Buyer
CUST-01673,42,0.8,22439,1.8,Clothing,Mobile Money,2,5,Occasional Shopper
CUST-01674,33,2.3,16815,21.9,Food,Cash,54,13,Loyal Budget Buyer
CUST-01675,18,0.4,39631,14.8,Clothing,Mobile Money,52,5,Loyal Budget Buyer
CUST-01676,18,5.8,37173,0.5,Clothing,Cash,5,12,Occasional Shopper
CUST-01677,40,3.5,47607,14.7,Food,Cash,40,7,Loyal Budget Buyer
CUST-01678,37,2.5,24107,21.6,Food,Mobile Money,45,12,Loyal Budget Buyer
CUST-01679,23,12.9,37931,14.2,Food,Mobile Money,56,9,Loyal Budget Buyer
CUST-01680,36,10.4,15770,3.4,Food,Cash,4,5,Occasional Shopper
CUST-01681,31,2.9,442102,15.8,Food,Cash,32,1,Wholesale Buyer
CUST-01682,38,3.5,82078,4.6,Food,Mobile Money,13,7,Regular Shopper
CUST-01683,26,3.5,24559,1.5,Clothing,Mobile Money,1,7,Occasional Shopper
CUST-01684,40,2.8,340282,17.1,Tools,Cash,30,9,Wholesale Buyer
CUST-01685,29,4.4,17981,2.5,Clothing,Mobile Money,4,7,Occasional Shopper
CUST-01686,36,24.2,424482,12.3,Tools,Cash,41,7,Wholesale Buyer
CUST-01687,45,3.3,34844,6.9,Food,Mobile Money,17,10,Regular Shopper
CUST-01688,53,17.3,35981,19.4,Food,Cash,53,3,Loyal Budget Buyer
CUST-01689,45,4.4,888985,12.4,Tools,Credit,26,2,Wholesale Buyer
CUST-01690,35,0.6,78818,7.4,Food,Mobile Money,18,13,Regular Shopper
CUST-01691,28,4.8,12833,2.1,Clothing,Cash,7,5,Occasional Shopper
CUST-01692,18,2.4,97670,6.2,Household,Mobile Money,10,6,Regular Shopper
CUST-01693,29,1.8,73237,6.5,Clothing,Mobile Money,22,6,Regular Shopper
CUST-01694,39,2.3,23667,2.4,Clothing,Cash,3,2,Occasional Shopper
CUST-01695,26,7.2,16331,25.3,Food,Mobile Money,53,5,Loyal Budget Buyer
CUST-01696,54,3.6,38906,23.8,Clothing,Cash,51,5,Loyal Budget Buyer
CUST-01697,24,1.1,16627,2.3,Clothing,Cash,4,2,Occasional Shopper
CUST-01698,25,1.6,12764,2.4,Household,Cash,7,14,Occasional Shopper
CUST-01699,46,8.9,548674,9.3,Tools,Cash,41,3,Wholesale Buyer
CUST-01700,42,2.4,614178,22.1,Food,Mobile Money,44,8,Wholesale Buyer
CUST-01701,48,4.6,50656,7.8,Clothing,Mobile Money,11,2,Regular Shopper
CUST-01702,38,4.0,48695,26.6,Food,Mobile Money,45,11,Loyal Budget Buyer
CUST-01703,32,0.4,27073,22.0,Clothing,Mobile Money,36,4,Loyal Budget Buyer
CUST-01704,27,4.9,24530,20.4,Food,Cash,53,6,Loyal Budget Buyer
CUST-01705,30,8.6,72392,4.8,Tools,Cash,19,10,Regular Shopper
CUST-01706,33,3.5,83356,7.4,Tools,Credit,21,9,Regular Shopper
CUST-01707,32,5.7,90716,7.3,Food,Cash,21,3,Regular Shopper
CUST-01708,18,0.5,63828,3.4,Food,Mobile Money,16,8,Regular Shopper
CUST-01709,43,2.3,33877,18.2,Food,Cash,49,8,Loyal Budget Buyer
CUST-01710,46,4.3,56804,4.4,Clothing,Mobile Money,18,5,Regular Shopper
CUST-01711,42,0.7,735707,16.6,Tools,Mobile Money,29,5,Wholesale Buyer
CUST-01712,37,9.0,34852,16.0,Clothing,Cash,57,11,Loyal Budget Buyer
CUST-01713,39,0.5,596982,17.9,Food,Cash,41,3,Wholesale Buyer
CUST-01714,34,10.7,22234,0.7,Household,Mobile Money,1,3,Occasional Shopper
CUST-01715,39,2.4,104431,7.3,Clothing,Cash,18,2,Regular Shopper
CUST-01716,18,7.0,56745,2.9,Electronics,Mobile Money,25,13,Regular Shopper
CUST-01717,18,10.5,12087,4.7,Tools,Credit,14,4,Regular Shopper
CUST-01718,18,6.7,24825,8.1,Household,Mobile Money,19,12,Regular Shopper
CUST-01719,26,7.9,20599,1.5,Tools,Mobile Money,1,4,Occasional Shopper
CUST-01720,33,3.5,20457,8.5,Clothing,Mobile Money,18,11,Regular Shopper
CUST-01721,29,3.8,15450,2.5,Electronics,Cash,2,9,Occasional Shopper
CUST-01722,45,7.5,493443,16.9,Food,Cash,35,10,Wholesale Buyer
CUST-01723,33,9.4,109530,8.5,Food,Cash,21,6,Regular Shopper
CUST-01724,22,7.5,21514,4.3,Clothing,Mobile Money,11,8,Occasional Shopper
CUST-01725,37,0.9,37177,24.4,Food,Mobile Money,55,7,Loyal Budget Buyer
CUST-01726,40,19.5,572843,13.2,Food,Cash,32,6,Wholesale Buyer
CUST-01727,27,4.3,127601,3.9,Tools,Mobile Money,23,2,Regular Shopper
CUST-01728,26,18.3,15486,5.0,Food,Mobile Money,19,2,Regular Shopper
CUST-01729,24,11.7,66843,8.8,Food,Cash,22,9,Regular Shopper
CUST-01730,53,0.4,58169,4.9,Food,Mobile Money,19,5,Regular Shopper
CUST-01731,26,3.1,25778,14.5,Clothing,Mobile Money,40,9,Loyal Budget Buyer
CUST-01732,34,2.6,71323,5.7,Clothing,Mobile Money,19,13,Regular Shopper
CUST-01733,38,3.8,546781,9.8,Tools,Mobile Money,42,1,Wholesale Buyer
CUST-01734,18,0.4,757620,14.1,Household,Cash,44,12,Wholesale Buyer
CUST-01735,35,5.2,61315,5.4,Tools,Mobile Money,19,3,Regular Shopper
CUST-01736,30,13.8,58423,6.7,Household,Cash,14,1,Regular Shopper
CUST-01737,33,1.1,18159,2.1,Clothing,Mobile Money,5,14,Occasional Shopper
CUST-01738,18,2.4,39718,24.8,Clothing,Cash,66,12,Loyal Budget Buyer
CUST-01739,41,13.2,652029,18.5,Tools,Cash,42,10,Wholesale Buyer
CUST-01740,29,7.9,16495,1.2,Tools,Cash,8,11,Occasional Shopper
CUST-01741,30,22.8,28865,24.7,Clothing,Cash,44,6,Loyal Budget Buyer
CUST-01742,47,2.8,24636,14.3,Food,Cash,54,5,Loyal Budget Buyer
CUST-01743,54,7.2,18258,23.1,Tools,Cash,47,1,Loyal Budget Buyer
CUST-01744,37,5.3,547450,11.3,Food,Mobile Money,29,10,Wholesale Buyer
CUST-01745,39,5.8,45000,7.3,Clothing,Cash,15,14,Regular Shopper
CUST-01746,28,2.1,90110,3.8,Tools,Mobile Money,16,1,Regular Shopper
CUST-01747,23,0.2,24118,2.2,Clothing,Cash,5,4,Occasional Shopper
CUST-01748,34,10.9,91480,6.7,Clothing,Cash,9,7,Regular Shopper
CUST-01749,26,0.5,368375,12.2,Tools,Credit,39,4,Wholesale Buyer
CUST-01750,36,1.8,616870,12.1,Food,Credit,28,7,Wholesale Buyer
CUST-01751,30,8.4,50254,19.4,Food,Cash,55,8,Loyal Budget Buyer
CUST-01752,31,3.4,13668,0.7,Electronics,Cash,1,11,Occasional Shopper
CUST-01753,37,5.6,576344,17.4,Clothing,Cash,36,13,Wholesale Buyer
CUST-01754,36,18.6,402632,16.1,Electronics,Mobile Money,31,1,Wholesale Buyer
CUST-01755,42,8.5,20517,28.8,Food,Mobile Money,43,4,Loyal Budget Buyer
CUST-01756,28,15.4,52317,17.4,Food,Mobile Money,52,7,Loyal Budget Buyer
CUST-01757,51,1.3,338099,13.3,Food,Cash,29,10,Wholesale Buyer
CUST-01758,28,0.7,56162,6.6,Tools,Credit,17,13,Regular Shopper
CUST-01759,36,8.1,559881,14.0,Food,Mobile Money,45,13,Wholesale Buyer
CUST-01760,54,4.7,21003,1.3,Clothing,Mobile Money,3,2,Occasional Shopper
CUST-01761,18,6.8,30645,16.9,Clothing,Cash,66,8,Loyal Budget Buyer
CUST-01762,18,11.9,22399,18.0,Tools,Cash,46,10,Loyal Budget Buyer
CUST-01763,19,0.8,24190,2.2,Electronics,Cash,4,3,Occasional Shopper
CUST-01764,54,15.9,464113,9.1,Clothing,Cash,34,14,Wholesale Buyer
CUST-01765,21,15.5,21164,2.1,Clothing,Cash,6,12,Occasional Shopper
CUST-01766,27,1.5,71803,2.4,Tools,Credit,24,7,Regular Shopper
CUST-01767,25,2.4,14736,2.1,Household,Mobile Money,4,2,Occasional Shopper
CUST-01768,45,2.9,43009,21.6,Household,Cash,51,12,Loyal Budget Buyer
CUST-01769,22,4.0,1800,3.3,Clothing,Cash,1,11,Occasional Shopper
CUST-01770,34,3.7,466380,14.2,Food,Cash,34,13,Wholesale Buyer
CUST-01771,33,0.2,15282,2.0,Household,Mobile Money,6,9,Occasional Shopper
CUST-01772,30,0.9,20503,3.5,Clothing,Cash,7,1,Occasional Shopper
CUST-01773,40,5.9,23725,17.9,Household,Cash,54,2,Loyal Budget Buyer
CUST-01774,36,3.5,84343,3.6,Household,Mobile Money,17,8,Regular Shopper
CUST-01775,28,3.0,57169,8.3,Tools,Cash,19,13,Regular Shopper
CUST-01776,49,8.4,96348,7.5,Clothing,Cash,20,8,Regular Shopper
CUST-01777,28,2.1,17599,2.4,Food,Cash,2,3,Occasional Shopper
CUST-01778,49,11.2,565405,14.0,Electronics,Credit,27,3,Wholesale Buyer
CUST-01779,30,3.6,888088,4.1,Food,Cash,40,2,Wholesale Buyer
CUST-01780,21,1.8,7500,6.0,Clothing,Mobile Money,12,12,Regular Shopper
CUST-01781,18,10.9,83418,9.9,Food,Mobile Money,16,9,Regular Shopper
CUST-01782,36,1.7,430738,19.5,Tools,Credit,31,12,Wholesale Buyer
CUST-01783,30,7.6,133794,10.8,Food,Mobile Money,18,11,Regular Shopper
CUST-01784,32,10.7,115100,8.3,Tools,Credit,18,4,Regular Shopper
CUST-01785,24,7.6,67591,5.7,Tools,Mobile Money,17,13,Regular Shopper
CUST-01786,27,9.0,13144,10.3,Clothing,Cash,21,7,Regular Shopper
CUST-01787,37,2.9,49265,21.8,Electronics,Cash,46,1,Loyal Budget Buyer
CUST-01788,20,0.9,20749,1.5,Clothing,Cash,4,8,Occasional Shopper
CUST-01789,30,0.3,77558,6.7,Food,Mobile Money,14,2,Regular Shopper
CUST-01790,22,0.9,75585,12.4,Clothing,Mobile Money,15,2,Regular Shopper
CUST-01791,46,4.8,42295,19.6,Household,Cash,42,11,Loyal Budget Buyer
CUST-01792,37,1.2,8786,2.8,Clothing,Cash,1,11,Occasional Shopper
CUST-01793,38,1.0,31267,21.8,Food,Mobile Money,48,13,Loyal Budget Buyer
CUST-01794,32,3.4,456590,16.4,Electronics,Cash,36,10,Wholesale Buyer
CUST-01795,18,0.3,112129,6.0,Tools,Credit,20,13,Regular Shopper
CUST-01796,32,2.7,90537,9.7,Tools,Mobile Money,23,12,Regular Shopper
CUST-01797,22,10.8,39476,6.1,Clothing,Credit,23,5,Regular Shopper
CUST-01798,24,2.4,130923,6.1,Food,Cash,24,11,Regular Shopper
CUST-01799,32,2.9,14360,1.2,Household,Mobile Money,6,4,Occasional Shopper
CUST-01800,19,6.8,19093,26.3,Food,Mobile Money,54,9,Loyal Budget Buyer
CUST-01801,18,2.2,15201,0.9,Tools,Cash,1,5,Occasional Shopper
CUST-01802,46,2.7,83441,5.1,Household,Mobile Money,21,5,Regular Shopper
CUST-01803,18,7.1,93085,9.1,Tools,Mobile Money,14,12,Regular Shopper
CUST-01804,44,1.1,101797,6.5,Food,Mobile Money,15,4,Regular Shopper
CUST-01805,24,1.6,46572,9.5,Electronics,Mobile Money,20,5,Regular Shopper
CUST-01806,33,7.2,27434,2.3,Food,Cash,5,8,Occasional Shopper
CUST-01807,20,14.7,23868,1.5,Tools,Cash,3,9,Occasional Shopper
CUST-01808,19,3.4,107404,8.0,Clothing,Mobile Money,15,4,Regular Shopper
CUST-01809,32,8.0,371621,11.1,Food,Mobile Money,40,4,Wholesale Buyer
CUST-01810,45,3.0,76492,4.9,Food,Mobile Money,13,11,Regular Shopper
CUST-01811,52,0.8,92987,7.5,Tools,Mobile Money,12,14,Regular Shopper
CUST-01812,18,10.1,88397,5.6,Tools,Credit,17,9,Regular Shopper
CUST-01813,34,6.4,40505,4.0,Clothing,Mobile Money,18,13,Regular Shopper
CUST-01814,30,5.7,128769,9.2,Clothing,Credit,22,5,Regular Shopper
CUST-01815,38,1.0,37453,24.1,Food,Cash,44,13,Loyal Budget Buyer
CUST-01816,42,3.3,521582,13.1,Food,Credit,32,12,Wholesale Buyer
CUST-01817,38,8.1,104824,8.1,Food,Cash,15,13,Regular Shopper
CUST-01818,37,18.6,56457,7.1,Food,Cash,16,4,Regular Shopper
CUST-01819,33,1.4,48472,22.7,Clothing,Cash,61,7,Loyal Budget Buyer
CUST-01820,47,15.1,32870,21.7,Food,Cash,53,6,Loyal Budget Buyer
CUST-01821,23,1.7,120332,6.5,Electronics,Mobile Money,22,12,Regular Shopper
CUST-01822,18,1.3,19971,1.5,Clothing,Cash,7,9,Occasional Shopper
CUST-01823,18,12.2,25446,1.2,Clothing,Cash,3,8,Occasional Shopper
CUST-01824,34,5.6,16946,1.3,Clothing,Credit,6,9,Occasional Shopper
CUST-01825,45,2.6,14049,2.2,Electronics,Mobile Money,2,7,Occasional Shopper
CUST-01826,33,10.8,14938,2.7,Electronics,Cash,2,2,Occasional Shopper
CUST-01827,21,14.0,18866,2.2,Clothing,Mobile Money,3,10,Occasional Shopper
CUST-01828,32,0.8,53752,5.6,Tools,Mobile Money,18,11,Regular Shopper
CUST-01829,20,1.9,28290,3.5,Electronics,Mobile Money,5,13,Occasional Shopper
CUST-01830,52,2.6,30506,22.9,Household,Mobile Money,51,4,Loyal Budget Buyer
CUST-01831,33,2.7,41253,15.2,Food,Mobile Money,56,3,Loyal Budget Buyer
CUST-01832,20,0.5,99577,8.1,Clothing,Cash,19,10,Regular Shopper
CUST-01833,54,9.3,74608,8.7,Food,Cash,13,9,Regular Shopper
CUST-01834,38,40.0,23169,8.6,Food,Cash,21,5,Regular Shopper
CUST-01835,33,7.4,18882,2.5,Household,Cash,2,9,Occasional Shopper
CUST-01836,34,4.1,82183,11.4,Clothing,Cash,16,12,Regular Shopper
CUST-01837,32,9.4,63154,26.4,Electronics,Cash,61,7,Loyal Budget Buyer
CUST-01838,42,3.4,518493,13.6,Tools,Cash,34,8,Wholesale Buyer
CUST-01839,21,1.4,20331,1.2,Clothing,Cash,5,6,Occasional Shopper
CUST-01840,33,2.9,30354,16.2,Clothing,Credit,48,11,Loyal Budget Buyer
CUST-01841,30,1.4,17081,1.7,Household,Mobile Money,7,12,Occasional Shopper
CUST-01842,39,1.7,20084,14.0,Household,Cash,52,7,Loyal Budget Buyer
CUST-01843,52,2.5,319150,9.3,Household,Credit,32,5,Wholesale Buyer
CUST-01844,18,2.3,18086,2.7,Electronics,Cash,3,4,Occasional Shopper
CUST-01845,27,7.3,33758,26.1,Clothing,Cash,52,3,Loyal Budget Buyer
CUST-01846,19,3.4,50141,21.2,Clothing,Mobile Money,50,9,Loyal Budget Buyer
CUST-01847,35,3.4,72408,8.0,Tools,Mobile Money,17,6,Regular Shopper
CUST-01848,20,7.3,45308,25.8,Clothing,Mobile Money,48,12,Loyal Budget Buyer
CUST-01849,26,6.3,88079,8.7,Food,Cash,19,6,Regular Shopper
CUST-01850,48,5.4,106478,5.0,Food,Cash,19,9,Regular Shopper
CUST-01851,28,5.8,15684,3.0,Tools,Cash,3,8,Occasional Shopper
CUST-01852,24,1.5,432867,16.2,Tools,Cash,40,13,Wholesale Buyer
CUST-01853,18,10.7,20445,2.2,Clothing,Credit,5,10,Occasional Shopper
CUST-01854,36,5.9,31807,5.3,Household,Cash,20,14,Regular Shopper
CUST-01855,41,2.2,8339,0.5,Clothing,Cash,1,11,Occasional Shopper
CUST-01856,41,2.3,48525,5.7,Tools,Mobile Money,20,8,Regular Shopper
CUST-01857,33,0.8,109729,8.2,Tools,Cash,20,6,Regular Shopper
CUST-01858,18,1.1,23753,2.4,Clothing,Mobile Money,3,14,Occasional Shopper
CUST-01859,29,0.9,19677,1.9,Clothing,Mobile Money,4,11,Occasional Shopper
CUST-01860,18,8.0,94534,8.3,Clothing,Mobile Money,17,3,Regular Shopper
CUST-01861,22,4.0,72428,8.5,Clothing,Cash,19,1,Regular Shopper
CUST-01862,37,8.5,36931,7.3,Electronics,Mobile Money,18,3,Regular Shopper
CUST-01863,25,1.9,114000,7.4,Food,Mobile Money,11,13,Regular Shopper
CUST-01864,26,2.2,34046,20.2,Electronics,Cash,60,6,Loyal Budget Buyer
CUST-01865,18,1.1,14836,1.4,Clothing,Credit,1,9,Occasional Shopper
CUST-01866,40,0.8,23894,21.1,Food,Cash,41,1,Loyal Budget Buyer
CUST-01867,19,8.4,18743,26.3,Clothing,Mobile Money,54,2,Loyal Budget Buyer
CUST-01868,23,11.1,44440,16.4,Food,Cash,44,13,Loyal Budget Buyer
CUST-01869,51,3.2,555916,12.4,Household,Mobile Money,35,1,Wholesale Buyer
CUST-01870,37,2.8,416503,15.3,Household,Credit,43,5,Wholesale Buyer
CUST-01871,28,5.6,10603,1.8,Tools,Cash,1,2,Occasional Shopper
CUST-01872,43,1.8,28262,18.0,Clothing,Mobile Money,54,6,Loyal Budget Buyer
CUST-01873,31,6.2,48635,7.4,Food,Mobile Money,16,9,Regular Shopper
CUST-01874,28,4.5,18797,2.9,Electronics,Cash,2,7,Occasional Shopper
CUST-01875,39,1.4,526801,14.0,Food,Credit,30,4,Wholesale Buyer
CUST-01876,34,5.2,10478,1.8,Electronics,Mobile Money,3,11,Occasional Shopper
CUST-01877,30,13.9,47728,7.5,Household,Mobile Money,19,10,Regular Shopper
CUST-01878,29,1.7,372464,10.6,Food,Mobile Money,35,3,Wholesale Buyer
CUST-01879,25,5.5,97058,9.9,Food,Mobile Money,22,10,Regular Shopper
CUST-01880,35,9.4,38103,2.9,Clothing,Cash,1,11,Occasional Shopper
CUST-01881,25,8.2,13243,1.2,Clothing,Mobile Money,4,13,Occasional Shopper
CUST-01882,34,4.7,626611,14.7,Tools,Credit,29,8,Wholesale Buyer
CUST-01883,42,11.0,18254,1.1,Clothing,Cash,2,5,Occasional Shopper
CUST-01884,18,35.5,13309,2.0,Household,Cash,6,9,Occasional Shopper
CUST-01885,18,1.3,58206,8.6,Food,Cash,23,10,Regular Shopper
CUST-01886,18,30.4,130667,5.4,Electronics,Mobile Money,15,10,Regular Shopper
CUST-01887,24,0.8,14858,2.2,Clothing,Cash,3,10,Occasional Shopper
CUST-01888,36,2.0,99173,7.5,Household,Cash,13,4,Regular Shopper
CUST-01889,31,2.4,133218,9.0,Household,Cash,19,11,Regular Shopper
CUST-01890,22,0.5,35614,21.7,Food,Cash,59,4,Loyal Budget Buyer
CUST-01891,40,7.7,83466,4.7,Food,Mobile Money,27,13,Regular Shopper
CUST-01892,54,2.6,76934,10.1,Electronics,Cash,23,6,Regular Shopper
CUST-01893,28,12.9,17318,2.8,Clothing,Mobile Money,6,9,Occasional Shopper
CUST-01894,40,2.3,576280,12.2,Food,Credit,33,8,Wholesale Buyer
CUST-01895,45,8.7,23561,2.5,Tools,Mobile Money,4,5,Occasional Shopper
CUST-01896,27,0.4,18693,1.3,Clothing,Mobile Money,9,14,Occasional Shopper
CUST-01897,24,4.5,64394,4.7,Food,Cash,16,5,Regular Shopper
CUST-01898,27,13.3,53789,11.0,Electronics,Mobile Money,14,4,Regular Shopper
CUST-01899,41,3.2,322573,9.1,Food,Cash,30,9,Wholesale Buyer
CUST-01900,37,2.4,84893,5.8,Clothing,Mobile Money,20,3,Regular Shopper
CUST-01901,18,0.9,103850,7.6,Household,Mobile Money,15,9,Regular Shopper
CUST-01902,27,1.9,45014,15.7,Electronics,Mobile Money,58,11,Loyal Budget Buyer
CUST-01903,22,6.0,22790,2.4,Food,Mobile Money,5,13,Occasional Shopper
CUST-01904,49,16.6,41875,8.7,Clothing,Cash,18,8,Regular Shopper
CUST-01905,41,7.7,441507,15.2,Tools,Credit,29,11,Wholesale Buyer
CUST-01906,38,2.2,459345,14.2,Clothing,Credit,37,10,Wholesale Buyer
CUST-01907,26,9.8,64239,5.0,Clothing,Mobile Money,18,11,Regular Shopper
CUST-01908,31,24.2,42463,23.9,Food,Cash,40,1,Loyal Budget Buyer
CUST-01909,36,3.3,450946,10.9,Tools,Mobile Money,35,4,Wholesale Buyer
CUST-01910,59,3.0,476323,11.5,Tools,Cash,38,1,Wholesale Buyer
CUST-01911,45,1.0,62053,8.4,Electronics,Cash,14,5,Regular Shopper
CUST-01912,23,2.9,54307,7.3,Food,Cash,15,1,Regular Shopper
CUST-01913,42,6.2,697724,12.6,Tools,Cash,32,1,Wholesale Buyer
CUST-01914,32,1.3,42374,21.3,Food,Mobile Money,46,3,Loyal Budget Buyer
CUST-01915,21,2.4,16287,2.7,Tools,Cash,4,13,Occasional Shopper
CUST-01916,25,8.3,6810,1.2,Clothing,Cash,8,10,Occasional Shopper
CUST-01917,35,4.0,824549,14.9,Household,Cash,40,8,Wholesale Buyer
CUST-01918,22,7.9,31137,18.4,Food,Cash,57,3,Loyal Budget Buyer
CUST-01919,27,1.1,17610,1.1,Clothing,Cash,4,8,Occasional Shopper
CUST-01920,18,0.7,4962,1.9,Tools,Mobile Money,1,6,Occasional Shopper
CUST-01921,32,1.7,45171,18.0,Food,Cash,52,4,Loyal Budget Buyer
CUST-01922,38,0.6,61832,7.3,Electronics,Mobile Money,28,13,Regular Shopper
CUST-01923,18,7.0,90830,7.4,Tools,Cash,17,12,Regular Shopper
CUST-01924,22,2.4,63109,6.1,Food,Credit,19,2,Regular Shopper
CUST-01925,20,7.5,86982,6.1,Tools,Mobile Money,16,1,Regular Shopper
CUST-01926,49,17.6,650534,11.6,Tools,Credit,35,1,Wholesale Buyer
CUST-01927,18,10.4,28106,2.0,Clothing,Mobile Money,2,1,Occasional Shopper
CUST-01928,36,1.3,362473,18.3,Clothing,Cash,39,6,Wholesale Buyer
CUST-01929,31,6.9,8302,2.4,Clothing,Cash,4,5,Occasional Shopper
CUST-01930,18,2.6,1800,1.4,Electronics,Cash,4,5,Occasional Shopper
CUST-01931,22,6.1,14511,1.3,Household,Cash,3,10,Occasional Shopper
CUST-01932,32,5.7,627018,14.6,Tools,Credit,33,12,Wholesale Buyer
CUST-01933,18,0.6,10061,2.3,Electronics,Mobile Money,2,1,Occasional Shopper
CUST-01934,43,5.1,27739,17.8,Food,Cash,52,4,Loyal Budget Buyer
CUST-01935,44,4.4,66471,6.4,Tools,Mobile Money,21,8,Regular Shopper
CUST-01936,42,8.1,594682,13.7,Food,Cash,42,5,Wholesale Buyer
CUST-01937,33,0.6,53442,3.7,Household,Mobile Money,22,7,Regular Shopper
CUST-01938,38,10.4,106312,9.6,Food,Mobile Money,14,4,Regular Shopper
CUST-01939,24,7.9,50137,7.0,Food,Mobile Money,17,9,Regular Shopper
CUST-01940,26,2.6,22084,0.7,Clothing,Mobile Money,2,8,Occasional Shopper
CUST-01941,45,3.6,13721,1.2,Clothing,Mobile Money,4,6,Occasional Shopper
CUST-01942,60,1.9,40180,14.9,Clothing,Cash,37,12,Loyal Budget Buyer
CUST-01943,33,2.2,28970,1.6,Electronics,Cash,4,6,Occasional Shopper
CUST-01944,37,2.5,36660,7.3,Tools,Mobile Money,20,14,Regular Shopper
CUST-01945,33,3.2,27000,26.7,Tools,Mobile Money,70,5,Loyal Budget Buyer
CUST-01946,23,11.3,93230,6.0,Clothing,Cash,20,12,Regular Shopper
CUST-01947,30,13.7,33070,1.7,Clothing,Mobile Money,4,9,Occasional Shopper
CUST-01948,30,4.6,569466,11.1,Household,Cash,26,11,Wholesale Buyer
CUST-01949,24,14.8,35220,3.1,Clothing,Mobile Money,8,6,Occasional Shopper
CUST-01950,40,0.7,71665,7.2,Clothing,Cash,25,2,Regular Shopper
CUST-01951,26,15.0,85099,11.2,Food,Mobile Money,16,7,Regular Shopper
CUST-01952,35,1.2,99654,5.5,Clothing,Cash,20,1,Regular Shopper
CUST-01953,28,7.2,122208,4.8,Clothing,Mobile Money,15,5,Regular Shopper
CUST-01954,31,0.7,27926,20.3,Clothing,Cash,52,1,Loyal Budget Buyer
CUST-01955,34,2.8,518376,16.2,Tools,Mobile Money,27,10,Wholesale Buyer
CUST-01956,46,7.4,56659,17.4,Household,Cash,59,2,Loyal Budget Buyer
CUST-01957,29,4.3,23866,2.4,Clothing,Cash,3,1,Occasional Shopper
CUST-01958,42,1.0,34130,19.8,Food,Cash,39,8,Loyal Budget Buyer
CUST-01959,46,3.2,23203,1.1,Food,Mobile Money,5,12,Occasional Shopper
CUST-01960,18,10.1,78647,9.0,Food,Mobile Money,16,11,Regular Shopper
CUST-01961,34,14.5,30530,1.6,Clothing,Cash,4,12,Occasional Shopper
CUST-01962,38,14.5,41087,22.9,Food,Cash,43,1,Loyal Budget Buyer
CUST-01963,36,26.4,11402,1.0,Food,Mobile Money,3,2,Occasional Shopper
CUST-01964,32,4.1,19482,2.2,Clothing,Mobile Money,2,9,Occasional Shopper
CUST-01965,29,14.3,35889,21.8,Food,Mobile Money,57,9,Loyal Budget Buyer
CUST-01966,32,1.5,54175,14.7,Clothing,Cash,55,3,Loyal Budget Buyer
CUST-01967,45,6.2,307740,14.3,Tools,Cash,44,11,Wholesale Buyer
CUST-01968,49,3.5,538320,9.7,Electronics,Credit,40,7,Wholesale Buyer
CUST-01969,22,10.9,13856,0.5,Clothing,Cash,4,12,Occasional Shopper
CUST-01970,45,6.6,64793,8.5,Food,Mobile Money,22,1,Regular Shopper
CUST-01971,29,0.6,83003,7.9,Household,Cash,23,12,Regular Shopper
CUST-01972,27,22.2,140073,6.5,Food,Credit,17,3,Regular Shopper
CUST-01973,31,13.3,87970,4.3,Electronics,Credit,32,10,Regular Shopper
CUST-01974,35,8.7,439862,19.3,Clothing,Cash,34,11,Wholesale Buyer
CUST-01975,34,5.8,536777,10.3,Electronics,Cash,23,3,Wholesale Buyer
CUST-01976,18,3.5,81929,5.2,Tools,Cash,16,10,Regular Shopper
CUST-01977,35,2.5,358512,10.4,Household,Credit,24,4,Wholesale Buyer
CUST-01978,18,0.4,94190,7.4,Tools,Mobile Money,15,9,Regular Shopper
CUST-01979,31,1.7,75260,4.8,Clothing,Mobile Money,19,14,Regular Shopper
CUST-01980,36,0.3,20566,9.3,Electronics,Mobile Money,15,6,Regular Shopper
CUST-01981,32,11.4,467225,13.4,Household,Credit,42,1,Wholesale Buyer
CUST-01982,38,2.5,780035,15.3,Tools,Mobile Money,29,13,Wholesale Buyer
CUST-01983,39,14.5,603037,17.4,Food,Cash,33,10,Wholesale Buyer
CUST-01984,36,7.3,159236,7.1,Clothing,Mobile Money,17,8,Regular Shopper
CUST-01985,35,18.2,395268,17.5,Tools,Mobile Money,42,3,Wholesale Buyer
CUST-01986,18,1.2,23666,2.1,Tools,Cash,5,12,Occasional Shopper
CUST-01987,28,2.1,66689,7.7,Clothing,Mobile Money,14,5,Regular Shopper
CUST-01988,31,6.3,36575,24.7,Tools,Mobile Money,50,10,Loyal Budget Buyer
CUST-01989,60,9.4,48679,18.5,Food,Cash,54,1,Loyal Budget Buyer
CUST-01990,44,6.1,362905,12.2,Food,Cash,45,1,Wholesale Buyer
CUST-01991,50,6.1,563542,13.8,Food,Credit,40,13,Wholesale Buyer
CUST-01992,28,1.5,22781,0.8,Clothing,Cash,7,12,Occasional Shopper
CUST-01993,43,1.9,31445,17.7,Clothing,Cash,55,7,Loyal Budget Buyer
CUST-01994,37,4.9,517274,18.1,Food,Mobile Money,37,10,Wholesale Buyer
CUST-01995,44,1.4,23949,16.4,Food,Mobile Money,52,13,Loyal Budget Buyer
CUST-01996,28,14.8,19051,1.2,Clothing,Credit,3,3,Occasional Shopper
CUST-01997,38,2.5,26765,22.6,Household,Cash,51,7,Loyal Budget Buyer
CUST-01998,28,0.5,13408,3.0,Household,Mobile Money,6,6,Occasional Shopper
CUST-01999,21,3.6,420067,19.4,Food,Mobile Money,35,3,Wholesale Buyer
CUST-02000,24,15.9,22138,2.0,Clothing,Cash,7,13,Occasional Shopper
CUST-02001,26,2.7,22395,23.5,Food,Cash,57,6,Loyal Budget Buyer
CUST-02002,28,1.9,395521,14.3,Food,Mobile Money,39,8,Wholesale Buyer
CUST-02003,39,4.3,438776,13.7,Tools,Mobile Money,32,7,Wholesale Buyer
CUST-02004,18,2.8,15510,1.7,Clothing,Mobile Money,3,11,Occasional Shopper
CUST-02005,27,8.5,25676,1.7,Food,Mobile Money,5,10,Occasional Shopper
CUST-02006,28,2.1,16013,1.4,Household,Mobile Money,4,7,Occasional Shopper
CUST-02007,27,2.9,28849,22.3,Clothing,Cash,45,12,Loyal Budget Buyer
CUST-02008,19,22.1,35448,2.2,Clothing,Cash,1,1,Occasional Shopper
CUST-02009,40,1.4,74406,4.7,Tools,Cash,13,9,Regular Shopper
CUST-02010,25,14.1,86672,6.2,Tools,Cash,25,13,Regular Shopper
CUST-02011,40,6.1,11817,1.7,Clothing,Cash,5,8,Occasional Shopper
CUST-02012,22,1.6,498902,12.4,Household,Cash,31,4,Wholesale Buyer
CUST-02013,20,3.7,67848,8.0,Food,Mobile Money,16,5,Regular Shopper
CUST-02014,24,1.8,31928,1.3,Food,Mobile Money,7,1,Occasional Shopper
CUST-02015,51,1.6,28983,16.5,Tools,Cash,53,3,Loyal Budget Buyer
CUST-02016,23,6.5,7823,2.6,Clothing,Cash,4,12,Occasional Shopper
CUST-02017,38,1.4,2863,1.2,Clothing,Cash,1,12,Occasional Shopper
CUST-02018,32,9.9,41895,17.6,Household,Cash,48,14,Loyal Budget Buyer
CUST-02019,40,2.7,67132,8.3,Tools,Mobile Money,15,10,Regular Shopper
CUST-02020,28,2.2,27864,13.2,Clothing,Cash,43,12,Loyal Budget Buyer
CUST-02021,39,0.4,43594,19.1,Clothing,Cash,57,12,Loyal Budget Buyer
CUST-02022,37,15.3,19125,1.8,Clothing,Cash,3,1,Occasional Shopper
CUST-02023,27,2.5,22017,1.5,Clothing,Cash,1,5,Occasional Shopper
CUST-02024,43,4.1,42386,17.4,Clothing,Mobile Money,46,1,Loyal Budget Buyer
CUST-02025,18,0.4,28152,1.3,Clothing,Cash,3,4,Occasional Shopper
CUST-02026,36,1.4,21134,20.4,Food,Credit,62,12,Loyal Budget Buyer
CUST-02027,52,5.0,501110,18.1,Household,Mobile Money,25,2,Wholesale Buyer
CUST-02028,22,9.0,64028,8.1,Electronics,Credit,16,1,Regular Shopper
CUST-02029,61,0.8,196522,16.6,Tools,Cash,42,14,Wholesale Buyer
CUST-02030,47,6.4,269751,9.6,Tools,Cash,27,5,Wholesale Buyer
CUST-02031,18,5.9,96695,5.2,Tools,Mobile Money,16,4,Regular Shopper
CUST-02032,21,10.7,20106,1.2,Clothing,Mobile Money,2,11,Occasional Shopper
CUST-02033,33,4.7,457309,13.5,Clothing,Cash,42,14,Wholesale Buyer
CUST-02034,33,0.6,30164,24.4,Electronics,Cash,50,5,Loyal Budget Buyer
CUST-02035,39,9.1,98551,5.2,Food,Mobile Money,12,10,Regular Shopper
CUST-02036,45,2.6,104952,6.0,Tools,Cash,14,9,Regular Shopper
CUST-02037,28,5.8,29350,22.0,Food,Cash,49,12,Loyal Budget Buyer
CUST-02038,28,8.3,58956,4.1,Food,Cash,24,4,Regular Shopper
CUST-02039,25,2.3,40766,17.4,Clothing,Mobile Money,50,12,Loyal Budget Buyer
CUST-02040,30,1.6,24622,27.4,Tools,Mobile Money,54,2,Loyal Budget Buyer
CUST-02041,38,5.4,111872,4.4,Household,Mobile Money,18,10,Regular Shopper
CUST-02042,31,0.4,409333,7.6,Food,Credit,37,13,Wholesale Buyer
CUST-02043,39,2.6,140711,8.8,Tools,Mobile Money,13,4,Regular Shopper
CUST-02044,22,2.1,27618,0.5,Electronics,Cash,4,5,Occasional Shopper
CUST-02045,18,5.7,48185,8.1,Food,Mobile Money,18,4,Regular Shopper
CUST-02046,18,0.7,23490,0.5,Clothing,Cash,8,2,Occasional Shopper
CUST-02047,27,1.3,36225,20.9,Household,Mobile Money,48,4,Loyal Budget Buyer
CUST-02048,39,9.7,91304,9.9,Food,Cash,12,1,Regular Shopper
CUST-02049,18,2.1,57679,8.1,Household,Cash,23,1,Regular Shopper
CUST-02050,27,3.8,85026,5.0,Clothing,Cash,10,10,Regular Shopper
CUST-02051,34,7.2,36836,19.8,Food,Cash,56,14,Loyal Budget Buyer
CUST-02052,43,11.6,78621,11.1,Household,Mobile Money,8,9,Regular Shopper
CUST-02053,37,7.1,30405,23.5,Food,Cash,59,7,Loyal Budget Buyer
CUST-02054,18,6.1,32597,6.4,Food,Cash,21,6,Regular Shopper
CUST-02055,18,4.2,26408,1.1,Electronics,Mobile Money,5,13,Occasional Shopper
CUST-02056,25,3.0,17837,1.0,Clothing,Cash,1,6,Occasional Shopper
CUST-02057,18,4.3,2688,0.5,Clothing,Cash,2,10,Occasional Shopper
CUST-02058,35,3.6,623619,15.9,Clothing,Mobile Money,35,3,Wholesale Buyer
CUST-02059,51,9.0,76160,7.7,Tools,Cash,16,8,Regular Shopper
CUST-02060,38,0.3,9342,1.8,Electronics,Mobile Money,4,4,Occasional Shopper
CUST-02061,34,11.9,558778,14.6,Food,Mobile Money,32,5,Wholesale Buyer
CUST-02062,42,8.0,121084,2.0,Household,Mobile Money,16,1,Regular Shopper
CUST-02063,42,1.6,5151,28.1,Household,Cash,48,9,Loyal Budget Buyer
CUST-02064,43,10.2,22161,7.6,Food,Mobile Money,10,11,Regular Shopper
CUST-02065,18,14.1,2337,1.0,Clothing,Cash,4,11,Occasional Shopper
CUST-02066,29,13.8,33364,2.5,Food,Cash,1,4,Occasional Shopper
CUST-02067,37,9.9,48301,21.6,Food,Cash,60,2,Loyal Budget Buyer
CUST-02068,40,4.0,488103,19.4,Electronics,Mobile Money,36,14,Wholesale Buyer
CUST-02069,58,7.8,516733,10.8,Food,Cash,41,8,Wholesale Buyer
CUST-02070,22,6.7,69854,9.4,Food,Credit,16,10,Regular Shopper
CUST-02071,31,5.6,550286,14.4,Food,Cash,47,12,Wholesale Buyer
CUST-02072,33,7.0,67038,3.0,Food,Credit,20,6,Regular Shopper
CUST-02073,52,7.7,38135,18.4,Food,Cash,40,7,Loyal Budget Buyer
CUST-02074,18,1.6,71243,5.9,Household,Cash,14,7,Regular Shopper
CUST-02075,18,0.9,19333,1.4,Electronics,Cash,2,13,Occasional Shopper
CUST-02076,29,2.1,39497,12.7,Food,Cash,44,6,Loyal Budget Buyer
CUST-02077,32,4.0,20295,1.6,Food,Cash,2,11,Occasional Shopper
CUST-02078,18,1.6,19623,27.8,Household,Mobile Money,58,12,Loyal Budget Buyer
CUST-02079,18,0.3,19187,0.7,Food,Mobile Money,4,9,Occasional Shopper
CUST-02080,39,2.3,586379,13.3,Food,Mobile Money,42,2,Wholesale Buyer
CUST-02081,34,1.6,787447,14.5,Food,Credit,31,14,Wholesale Buyer
CUST-02082,43,2.9,45437,15.3,Household,Cash,51,3,Loyal Budget Buyer
CUST-02083,28,2.1,24360,1.4,Food,Cash,3,10,Occasional Shopper
CUST-02084,36,11.5,679781,17.2,Clothing,Mobile Money,33,6,Wholesale Buyer
CUST-02085,40,1.4,407974,12.4,Tools,Mobile Money,32,1,Wholesale Buyer
CUST-02086,38,6.7,539641,18.5,Food,Mobile Money,42,12,Wholesale Buyer
CUST-02087,31,3.8,2510,2.4,Electronics,Cash,4,4,Occasional Shopper
CUST-02088,31,11.9,33500,10.2,Clothing,Credit,16,6,Regular Shopper
CUST-02089,18,1.5,110469,8.4,Clothing,Mobile Money,10,10,Regular Shopper
CUST-02090,42,1.7,139544,4.2,Clothing,Mobile Money,16,8,Regular Shopper
CUST-02091,28,7.6,49045,20.5,Household,Cash,46,10,Loyal Budget Buyer
CUST-02092,46,4.5,450104,15.9,Tools,Cash,27,5,Wholesale Buyer
CUST-02093,30,2.0,85765,6.4,Clothing,Mobile Money,20,11,Regular Shopper
CUST-02094,31,9.9,92928,6.5,Clothing,Cash,21,8,Regular Shopper
CUST-02095,49,1.2,326400,11.6,Food,Cash,39,10,Wholesale Buyer
CUST-02096,45,9.3,513798,13.2,Tools,Cash,39,10,Wholesale Buyer
CUST-02097,22,1.7,124193,7.0,Food,Credit,19,5,Regular Shopper
CUST-02098,39,4.2,476805,9.7,Household,Credit,34,4,Wholesale Buyer
CUST-02099,34,2.1,88651,7.0,Food,Cash,20,2,Regular Shopper
CUST-02100,35,22.0,23172,1.9,Electronics,Cash,3,10,Occasional Shopper
CUST-02101,32,2.7,29455,1.4,Electronics,Cash,2,1,Occasional Shopper
CUST-02102,44,1.2,424597,15.2,Food,Cash,37,2,Wholesale Buyer
CUST-02103,31,2.1,57042,6.7,Food,Mobile Money,25,7,Regular Shopper
CUST-02104,50,2.9,21481,6.8,Clothing,Mobile Money,17,3,Regular Shopper
CUST-02105,32,8.3,99468,4.8,Electronics,Mobile Money,21,5,Regular Shopper
CUST-02106,24,4.6,1800,1.9,Tools,Cash,4,3,Occasional Shopper
CUST-02107,46,4.2,635743,16.7,Household,Mobile Money,36,8,Wholesale Buyer
CUST-02108,26,3.1,84520,6.5,Electronics,Credit,16,8,Regular Shopper
CUST-02109,32,2.0,9011,2.2,Clothing,Mobile Money,7,5,Occasional Shopper
CUST-02110,18,1.8,87964,6.3,Electronics,Mobile Money,15,14,Regular Shopper
CUST-02111,25,7.0,24313,24.0,Tools,Mobile Money,66,12,Loyal Budget Buyer
CUST-02112,40,3.2,27161,2.1,Food,Cash,5,8,Occasional Shopper
CUST-02113,32,2.8,564473,20.3,Food,Cash,41,5,Wholesale Buyer
CUST-02114,36,9.4,55308,16.6,Food,Cash,59,1,Loyal Budget Buyer
CUST-02115,37,1.1,535223,13.6,Household,Cash,23,3,Wholesale Buyer
CUST-02116,32,1.0,26829,0.8,Food,Cash,5,4,Occasional Shopper
CUST-02117,33,1.9,494311,12.4,Tools,Cash,38,3,Wholesale Buyer
CUST-02118,33,0.5,289817,13.1,Food,Cash,37,10,Wholesale Buyer
CUST-02119,38,7.5,38459,18.9,Household,Cash,53,5,Loyal Budget Buyer
CUST-02120,49,4.5,69381,7.1,Tools,Cash,16,6,Regular Shopper
CUST-02121,31,2.7,549688,12.0,Tools,Credit,26,12,Wholesale Buyer
CUST-02122,32,9.2,14409,0.5,Food,Credit,1,2,Occasional Shopper
CUST-02123,18,2.2,23020,15.9,Food,Cash,67,2,Loyal Budget Buyer
CUST-02124,34,1.2,61550,8.5,Food,Credit,15,11,Regular Shopper
CUST-02125,33,4.9,105855,8.3,Food,Cash,14,9,Regular Shopper
CUST-02126,30,1.5,48633,8.0,Tools,Mobile Money,20,1,Regular Shopper
CUST-02127,24,1.1,41808,3.8,Tools,Credit,17,13,Regular Shopper
CUST-02128,24,0.9,38339,0.9,Clothing,Cash,7,7,Occasional Shopper
CUST-02129,18,10.6,65532,8.6,Clothing,Mobile Money,16,1,Regular Shopper
CUST-02130,34,4.5,540949,15.5,Tools,Mobile Money,35,13,Wholesale Buyer
CUST-02131,22,3.3,109432,2.7,Clothing,Mobile Money,16,10,Regular Shopper
CUST-02132,33,1.1,39979,22.0,Food,Cash,47,11,Loyal Budget Buyer
CUST-02133,50,11.3,666485,20.1,Food,Cash,37,1,Wholesale Buyer
CUST-02134,48,1.7,40516,3.0,Household,Cash,4,7,Occasional Shopper
CUST-02135,58,6.4,561017,9.0,Clothing,Credit,34,5,Wholesale Buyer
CUST-02136,43,0.5,9953,2.1,Tools,Cash,4,2,Occasional Shopper
CUST-02137,40,3.0,68095,5.3,Tools,Mobile Money,24,3,Regular Shopper
CUST-02138,25,10.2,9327,0.5,Clothing,Cash,4,7,Occasional Shopper
CUST-02139,41,11.4,80905,5.1,Food,Mobile Money,21,5,Regular Shopper
CUST-02140,41,13.8,68024,7.3,Clothing,Mobile Money,18,10,Regular Shopper
CUST-02141,32,6.7,82665,6.9,Household,Mobile Money,20,8,Regular Shopper
CUST-02142,41,4.1,103511,7.5,Electronics,Mobile Money,20,11,Regular Shopper
CUST-02143,27,0.7,13180,23.2,Food,Credit,50,14,Loyal Budget Buyer
CUST-02144,41,4.3,15238,1.1,Clothing,Mobile Money,2,3,Occasional Shopper
CUST-02145,21,6.5,17188,2.4,Household,Mobile Money,3,11,Occasional Shopper
CUST-02146,46,0.6,638154,13.9,Electronics,Credit,30,5,Wholesale Buyer
CUST-02147,35,10.2,559685,11.0,Food,Cash,33,3,Wholesale Buyer
CUST-02148,29,4.1,5233,3.1,Clothing,Mobile Money,2,10,Occasional Shopper
CUST-02149,41,1.4,37199,22.8,Clothing,Mobile Money,45,14,Loyal Budget Buyer
CUST-02150,52,0.3,81425,7.5,Clothing,Cash,25,13,Regular Shopper
CUST-02151,31,10.4,496747,13.1,Tools,Cash,41,14,Wholesale Buyer
CUST-02152,36,3.4,99869,7.1,Clothing,Mobile Money,17,9,Regular Shopper
CUST-02153,41,4.3,32739,6.1,Electronics,Cash,15,9,Regular Shopper
CUST-02154,29,9.5,94738,3.8,Clothing,Credit,18,6,Regular Shopper
CUST-02155,31,0.5,54466,22.3,Food,Mobile Money,42,11,Loyal Budget Buyer
CUST-02156,18,0.9,109800,6.8,Food,Cash,23,13,Regular Shopper
CUST-02157,45,0.7,125689,4.8,Clothing,Cash,15,8,Regular Shopper
CUST-02158,33,1.7,95862,7.0,Household,Cash,26,2,Regular Shopper
CUST-02159,30,13.5,14639,0.5,Tools,Cash,3,2,Occasional Shopper
CUST-02160,32,13.3,29342,23.4,Tools,Cash,63,3,Loyal Budget Buyer
CUST-02161,37,5.2,17333,3.1,Clothing,Cash,4,13,Occasional Shopper
CUST-02162,23,10.4,23213,25.0,Food,Mobile Money,49,12,Loyal Budget Buyer
CUST-02163,30,14.4,54691,20.3,Household,Cash,54,10,Loyal Budget Buyer
CUST-02164,18,5.3,14540,1.8,Clothing,Cash,4,14,Occasional Shopper
CUST-02165,55,6.5,39700,16.0,Food,Cash,50,11,Loyal Budget Buyer
CUST-02166,18,4.5,12612,0.6,Clothing,Mobile Money,2,10,Occasional Shopper
CUST-02167,44,1.1,217631,14.5,Clothing,Credit,35,5,Wholesale Buyer
CUST-02168,38,4.4,45117,23.8,Clothing,Cash,49,5,Loyal Budget Buyer
CUST-02169,36,0.4,9512,18.8,Electronics,Cash,46,14,Loyal Budget Buyer
CUST-02170,34,15.5,15856,1.6,Food,Cash,6,4,Occasional Shopper
CUST-02171,37,2.3,66757,4.8,Tools,Cash,17,1,Regular Shopper
CUST-02172,37,2.3,43407,14.1,Food,Cash,49,4,Loyal Budget Buyer
CUST-02173,29,7.5,21024,3.0,Household,Cash,2,8,Occasional Shopper
CUST-02174,37,0.6,615457,14.0,Tools,Credit,48,7,Wholesale Buyer
CUST-02175,18,8.9,25900,0.9,Clothing,Cash,3,4,Occasional Shopper
CUST-02176,43,1.1,499324,13.8,Food,Cash,30,4,Wholesale Buyer
CUST-02177,35,1.4,82072,7.0,Electronics,Credit,19,13,Regular Shopper
CUST-02178,18,8.1,78136,7.6,Food,Cash,18,13,Regular Shopper
CUST-02179,38,0.8,391512,17.1,Food,Mobile Money,38,1,Wholesale Buyer
CUST-02180,25,3.1,93579,6.1,Clothing,Mobile Money,9,10,Regular Shopper
CUST-02181,28,2.2,499374,17.7,Electronics,Cash,28,12,Wholesale Buyer
CUST-02182,36,16.0,434605,19.4,Food,Cash,34,1,Wholesale Buyer
CUST-02183,18,5.9,33071,0.5,Clothing,Mobile Money,3,2,Occasional Shopper
CUST-02184,47,12.8,67603,19.6,Food,Mobile Money,61,7,Loyal Budget Buyer
CUST-02185,49,6.1,343682,13.0,Clothing,Cash,41,13,Wholesale Buyer
CUST-02186,24,4.7,87630,5.6,Household,Cash,21,6,Regular Shopper
CUST-02187,19,1.9,51186,20.0,Food,Cash,51,6,Loyal Budget Buyer
CUST-02188,42,5.2,507047,9.5,Clothing,Mobile Money,30,7,Wholesale Buyer
CUST-02189,34,0.2,23043,0.5,Clothing,Cash,2,6,Occasional Shopper
CUST-02190,34,7.3,458143,10.7,Food,Cash,31,2,Wholesale Buyer
CUST-02191,39,3.2,9901,0.7,Food,Cash,2,13,Occasional Shopper
CUST-02192,30,1.8,61622,20.2,Food,Cash,46,5,Loyal Budget Buyer
CUST-02193,36,2.2,70484,9.7,Food,Cash,26,13,Regular Shopper
CUST-02194,23,9.3,101658,6.5,Electronics,Cash,11,5,Regular Shopper
CUST-02195,18,10.9,105424,7.5,Food,Credit,12,5,Regular Shopper
CUST-02196,31,5.0,8863,1.1,Clothing,Cash,4,1,Occasional Shopper
CUST-02197,45,3.6,18439,8.1,Food,Mobile Money,16,7,Regular Shopper
CUST-02198,31,6.1,68794,6.5,Food,Mobile Money,19,5,Regular Shopper
CUST-02199,18,3.6,32434,7.5,Food,Mobile Money,19,14,Regular Shopper
CUST-02200,47,3.3,37505,20.1,Household,Cash,44,11,Loyal Budget Buyer
CUST-02201,28,4.4,29266,0.5,Clothing,Cash,6,12,Occasional Shopper
CUST-02202,31,3.9,63561,5.5,Clothing,Credit,19,6,Regular Shopper
CUST-02203,18,5.2,28429,20.8,Food,Cash,42,7,Loyal Budget Buyer
CUST-02204,43,1.1,541218,10.9,Electronics,Cash,33,1,Wholesale Buyer
CUST-02205,34,2.2,23484,23.5,Food,Mobile Money,63,2,Loyal Budget Buyer
CUST-02206,43,6.5,18061,0.8,Food,Cash,3,11,Occasional Shopper
CUST-02207,35,10.3,75642,7.3,Electronics,Mobile Money,11,10,Regular Shopper
CUST-02208,18,2.6,27856,2.6,Food,Cash,5,2,Occasional Shopper
CUST-02209,19,0.7,130213,7.7,Clothing,Mobile Money,20,13,Regular Shopper
CUST-02210,21,2.5,3467,0.8,Electronics,Cash,1,4,Occasional Shopper
CUST-02211,31,7.2,47626,22.7,Clothing,Mobile Money,44,9,Loyal Budget Buyer
CUST-02212,26,22.0,130797,6.7,Household,Cash,11,1,Regular Shopper
CUST-02213,25,1.5,682692,15.4,Tools,Cash,35,14,Wholesale Buyer
CUST-02214,24,8.7,80749,10.5,Food,Credit,22,7,Regular Shopper
CUST-02215,32,5.0,40260,5.8,Food,Mobile Money,13,4,Regular Shopper
CUST-02216,39,4.0,30235,8.5,Food,Mobile Money,16,12,Regular Shopper
CUST-02217,29,2.8,27634,8.4,Clothing,Mobile Money,19,3,Regular Shopper
CUST-02218,53,5.9,463051,12.9,Food,Cash,34,1,Wholesale Buyer
CUST-02219,40,3.1,388480,11.5,Tools,Cash,32,11,Wholesale Buyer
CUST-02220,19,5.1,29086,1.8,Household,Cash,4,4,Occasional Shopper
CUST-02221,18,6.0,22865,1.9,Clothing,Cash,4,9,Occasional Shopper
CUST-02222,33,4.2,83684,4.7,Tools,Mobile Money,20,1,Regular Shopper
CUST-02223,18,7.8,36087,1.6,Clothing,Mobile Money,3,7,Occasional Shopper
CUST-02224,46,8.6,120013,6.9,Clothing,Mobile Money,19,7,Regular Shopper
CUST-02225,32,1.8,8913,0.9,Food,Mobile Money,3,2,Occasional Shopper
CUST-02226,38,8.3,25622,15.9,Clothing,Cash,35,2,Loyal Budget Buyer
CUST-02227,30,0.8,78434,9.6,Food,Credit,20,6,Regular Shopper
CUST-02228,34,2.8,8366,1.0,Clothing,Cash,5,14,Occasional Shopper
CUST-02229,44,5.8,666790,14.1,Tools,Mobile Money,36,5,Wholesale Buyer
CUST-02230,33,10.2,54310,9.7,Electronics,Cash,21,8,Regular Shopper
CUST-02231,24,5.0,7483,1.1,Electronics,Cash,2,6,Occasional Shopper
CUST-02232,70,3.2,68742,5.6,Food,Mobile Money,15,13,Regular Shopper
CUST-02233,35,20.0,28261,19.8,Household,Cash,42,6,Loyal Budget Buyer
CUST-02234,29,0.5,80059,9.2,Clothing,Cash,14,9,Regular Shopper
CUST-02235,40,12.9,42687,20.8,Food,Credit,51,8,Loyal Budget Buyer
CUST-02236,33,4.1,363082,19.1,Food,Cash,29,10,Wholesale Buyer
CUST-02237,32,6.0,502917,13.9,Household,Mobile Money,41,13,Wholesale Buyer
CUST-02238,27,5.1,21466,21.4,Food,Cash,49,11,Loyal Budget Buyer
CUST-02239,25,3.2,671788,10.1,Tools,Cash,39,1,Wholesale Buyer
CUST-02240,25,14.3,15288,0.8,Clothing,Cash,8,8,Occasional Shopper
CUST-02241,30,6.4,53312,9.2,Electronics,Mobile Money,15,9,Regular Shopper
CUST-02242,18,17.5,30980,1.1,Clothing,Cash,1,7,Occasional Shopper
CUST-02243,24,3.2,113711,6.2,Electronics,Cash,24,12,Regular Shopper
CUST-02244,24,0.7,42359,7.0,Food,Credit,18,11,Regular Shopper
CUST-02245,35,3.9,92392,8.6,Food,Cash,20,5,Regular Shopper
CUST-02246,21,0.8,31684,2.3,Clothing,Cash,1,2,Occasional Shopper
CUST-02247,19,3.3,22198,2.3,Tools,Cash,5,5,Occasional Shopper
CUST-02248,22,4.7,23032,1.3,Food,Mobile Money,6,11,Occasional Shopper
CUST-02249,24,0.4,11397,1.5,Clothing,Credit,6,12,Occasional Shopper
CUST-02250,48,5.2,39891,24.2,Food,Mobile Money,53,8,Loyal Budget Buyer
CUST-02251,39,4.5,87070,6.1,Tools,Mobile Money,23,1,Regular Shopper
CUST-02252,42,5.5,107461,8.2,Clothing,Mobile Money,14,6,Regular Shopper
CUST-02253,34,2.3,12794,1.2,Clothing,Cash,7,9,Occasional Shopper
CUST-02254,25,1.7,26253,2.3,Clothing,Cash,3,1,Occasional Shopper
CUST-02255,25,0.9,13759,2.5,Clothing,Cash,5,5,Occasional Shopper
CUST-02256,42,4.3,27888,18.5,Food,Mobile Money,46,9,Loyal Budget Buyer
CUST-02257,21,0.3,35320,25.6,Food,Cash,47,14,Loyal Budget Buyer
CUST-02258,35,9.9,41452,23.4,Household,Cash,61,6,Loyal Budget Buyer
CUST-02259,42,5.2,413952,19.5,Household,Cash,35,11,Wholesale Buyer
CUST-02260,28,2.2,32431,7.5,Clothing,Credit,20,9,Regular Shopper
CUST-02261,23,2.9,84964,2.1,Clothing,Credit,19,7,Regular Shopper
CUST-02262,25,11.8,26403,8.4,Household,Mobile Money,16,14,Regular Shopper
CUST-02263,52,1.3,34741,18.2,Household,Cash,58,14,Loyal Budget Buyer
CUST-02264,35,7.3,77903,8.8,Tools,Cash,20,2,Regular Shopper
CUST-02265,37,3.6,696379,15.6,Tools,Credit,37,11,Wholesale Buyer
CUST-02266,24,2.3,19915,20.2,Clothing,Cash,61,6,Loyal Budget Buyer
CUST-02267,35,10.2,43127,8.2,Food,Cash,22,1,Regular Shopper
CUST-02268,30,11.9,33745,17.8,Food,Cash,52,3,Loyal Budget Buyer
CUST-02269,42,1.7,415137,17.6,Food,Credit,28,13,Wholesale Buyer
CUST-02270,34,6.0,468849,14.3,Electronics,Mobile Money,24,10,Wholesale Buyer
CUST-02271,18,2.2,27781,3.0,Food,Mobile Money,3,13,Occasional Shopper
CUST-02272,39,5.9,22730,18.4,Food,Cash,40,3,Loyal Budget Buyer
CUST-02273,31,38.4,83295,9.4,Food,Mobile Money,19,1,Regular Shopper
CUST-02274,34,9.7,47717,22.2,Clothing,Cash,54,2,Loyal Budget Buyer
CUST-02275,18,2.6,48286,5.7,Food,Cash,23,9,Regular Shopper
CUST-02276,39,2.7,102758,6.6,Clothing,Cash,19,8,Regular Shopper
CUST-02277,26,5.0,10393,9.9,Food,Mobile Money,38,14,Loyal Budget Buyer
CUST-02278,39,1.4,107307,7.0,Food,Cash,14,13,Regular Shopper
CUST-02279,33,5.7,11145,1.3,Tools,Mobile Money,6,8,Occasional Shopper
CUST-02280,24,6.5,68426,6.7,Tools,Cash,15,11,Regular Shopper
CUST-02281,27,8.8,185012,13.7,Food,Cash,38,2,Wholesale Buyer
CUST-02282,45,2.8,626773,14.5,Tools,Credit,32,8,Wholesale Buyer
CUST-02283,29,0.8,11147,3.1,Clothing,Cash,3,10,Occasional Shopper
CUST-02284,18,5.7,121768,3.8,Clothing,Cash,23,7,Regular Shopper
CUST-02285,37,0.8,454093,16.4,Tools,Credit,33,9,Wholesale Buyer
CUST-02286,31,17.2,27775,10.3,Clothing,Mobile Money,18,4,Regular Shopper
CUST-02287,41,1.2,47207,24.4,Household,Mobile Money,56,14,Loyal Budget Buyer
CUST-02288,34,3.4,96921,10.2,Electronics,Mobile Money,20,14,Regular Shopper
CUST-02289,32,5.5,107960,8.2,Food,Cash,13,13,Regular Shopper
CUST-02290,27,8.2,18464,1.1,Household,Mobile Money,7,13,Occasional Shopper
CUST-02291,36,5.3,557679,10.8,Food,Mobile Money,33,10,Wholesale Buyer
CUST-02292,19,5.3,20037,0.5,Clothing,Mobile Money,4,5,Occasional Shopper
CUST-02293,42,2.9,627174,12.8,Food,Mobile Money,32,9,Wholesale Buyer
CUST-02294,31,1.2,449530,9.4,Tools,Cash,40,12,Wholesale Buyer
CUST-02295,32,2.4,75597,7.6,Food,Cash,20,3,Regular Shopper
CUST-02296,39,10.6,13940,0.5,Clothing,Mobile Money,1,4,Occasional Shopper
CUST-02297,20,1.2,39106,23.6,Food,Mobile Money,44,1,Loyal Budget Buyer
CUST-02298,28,6.5,479371,11.7,Household,Credit,34,6,Wholesale Buyer
CUST-02299,41,9.6,52209,14.8,Food,Cash,45,11,Loyal Budget Buyer
CUST-02300,42,3.2,439568,7.9,Household,Cash,37,9,Wholesale Buyer
CUST-02301,41,3.6,67983,5.9,Household,Mobile Money,25,2,Regular Shopper
CUST-02302,26,3.9,82911,8.3,Electronics,Mobile Money,14,14,Regular Shopper
CUST-02303,50,1.4,525309,13.1,Tools,Cash,39,14,Wholesale Buyer
CUST-02304,47,5.8,518413,16.5,Tools,Mobile Money,35,11,Wholesale Buyer
CUST-02305,25,0.2,20794,1.6,Electronics,Cash,4,2,Occasional Shopper
CUST-02306,39,8.8,3500,18.6,Food,Cash,51,1,Loyal Budget Buyer
CUST-02307,57,0.7,458400,18.0,Tools,Mobile Money,31,5,Wholesale Buyer
CUST-02308,31,7.4,41284,21.9,Clothing,Cash,44,11,Loyal Budget Buyer
CUST-02309,24,1.6,22655,21.7,Tools,Cash,54,1,Loyal Budget Buyer
CUST-02310,21,3.3,21553,1.3,Clothing,Cash,5,10,Occasional Shopper
CUST-02311,18,3.3,422696,13.8,Tools,Cash,30,12,Wholesale Buyer
CUST-02312,31,1.3,12375,1.7,Clothing,Mobile Money,4,1,Occasional Shopper
CUST-02313,38,10.5,20012,0.7,Clothing,Cash,4,7,Occasional Shopper
CUST-02314,41,4.9,20947,16.5,Clothing,Mobile Money,56,6,Loyal Budget Buyer
CUST-02315,20,3.1,11552,1.8,Food,Cash,3,4,Occasional Shopper
CUST-02316,33,6.6,3606,0.5,Clothing,Cash,4,10,Occasional Shopper
CUST-02317,59,12.1,105184,5.4,Electronics,Mobile Money,22,9,Regular Shopper
CUST-02318,34,25.1,414137,18.5,Tools,Mobile Money,35,3,Wholesale Buyer
CUST-02319,29,5.6,103095,7.2,Clothing,Credit,19,1,Regular Shopper
CUST-02320,35,0.5,501890,16.7,Household,Cash,44,5,Wholesale Buyer
CUST-02321,42,3.7,22023,1.4,Clothing,Mobile Money,2,12,Occasional Shopper
CUST-02322,34,6.2,405891,19.3,Tools,Mobile Money,32,5,Wholesale Buyer
CUST-02323,38,2.5,591802,14.6,Food,Mobile Money,35,5,Wholesale Buyer
CUST-02324,32,11.4,67629,6.7,Clothing,Mobile Money,21,9,Regular Shopper
CUST-02325,24,3.3,28137,24.1,Food,Cash,53,4,Loyal Budget Buyer
CUST-02326,30,12.0,8436,2.0,Clothing,Cash,4,6,Occasional Shopper
CUST-02327,48,8.7,77792,6.5,Food,Cash,14,14,Regular Shopper
CUST-02328,48,8.3,55875,6.7,Food,Mobile Money,18,3,Regular Shopper
CUST-02329,41,4.3,73410,6.2,Clothing,Credit,22,3,Regular Shopper
CUST-02330,27,1.6,75175,8.1,Food,Mobile Money,17,1,Regular Shopper
CUST-02331,24,6.2,63265,6.5,Tools,Cash,18,11,Regular Shopper
CUST-02332,18,3.8,15477,20.8,Electronics,Cash,51,9,Loyal Budget Buyer
CUST-02333,32,5.8,770022,14.8,Food,Mobile Money,30,9,Wholesale Buyer
CUST-02334,26,4.4,60862,5.5,Electronics,Cash,18,13,Regular Shopper
CUST-02335,18,0.3,101306,6.6,Food,Cash,16,8,Regular Shopper
CUST-02336,33,5.2,23767,2.9,Household,Cash,2,10,Occasional Shopper
CUST-02337,39,18.9,34943,6.5,Electronics,Mobile Money,17,8,Regular Shopper
CUST-02338,18,0.9,88890,3.6,Clothing,Credit,24,4,Regular Shopper
CUST-02339,38,3.8,69986,6.3,Food,Mobile Money,14,10,Regular Shopper
CUST-02340,22,2.7,91378,8.3,Food,Cash,13,8,Regular Shopper
CUST-02341,35,8.1,143768,5.6,Tools,Credit,20,6,Regular Shopper
CUST-02342,30,24.7,572676,15.2,Household,Cash,34,3,Wholesale Buyer
CUST-02343,29,1.8,109362,3.6,Clothing,Mobile Money,18,2,Regular Shopper
CUST-02344,34,5.4,107334,6.8,Electronics,Mobile Money,14,2,Regular Shopper
CUST-02345,19,7.3,7065,3.0,Household,Cash,5,10,Occasional Shopper
CUST-02346,18,2.7,2734,2.1,Household,Mobile Money,4,7,Occasional Shopper
CUST-02347,36,3.9,11015,1.3,Tools,Cash,2,4,Occasional Shopper
CUST-02348,45,0.7,21942,20.9,Food,Cash,46,11,Loyal Budget Buyer
CUST-02349,51,1.6,664662,15.9,Tools,Cash,29,6,Wholesale Buyer
CUST-02350,32,13.7,98951,5.9,Household,Cash,19,9,Regular Shopper
CUST-02351,43,1.2,18473,20.8,Food,Cash,40,1,Loyal Budget Buyer
CUST-02352,29,3.7,137814,7.9,Food,Mobile Money,12,11,Regular Shopper
CUST-02353,20,3.4,18538,2.9,Clothing,Mobile Money,3,12,Occasional Shopper
CUST-02354,18,0.7,1800,2.0,Clothing,Cash,3,11,Occasional Shopper
CUST-02355,40,5.1,389010,16.2,Tools,Cash,36,5,Wholesale Buyer
CUST-02356,25,12.4,55421,5.9,Food,Cash,7,11,Regular Shopper
CUST-02357,39,5.2,252155,14.3,Food,Mobile Money,31,10,Wholesale Buyer
CUST-02358,30,0.8,71979,8.6,Tools,Mobile Money,26,1,Regular Shopper
CUST-02359,37,4.6,20276,3.6,Food,Cash,2,5,Occasional Shopper
CUST-02360,18,1.2,28798,0.5,Clothing,Cash,1,8,Occasional Shopper
CUST-02361,30,4.9,34740,22.0,Food,Cash,43,3,Loyal Budget Buyer
CUST-02362,35,2.3,230533,14.6,Electronics,Cash,35,6,Wholesale Buyer
CUST-02363,38,4.4,11485,2.4,Household,Mobile Money,3,1,Occasional Shopper
CUST-02364,22,4.9,22484,1.5,Clothing,Credit,3,3,Occasional Shopper
CUST-02365,35,3.2,102262,4.4,Food,Cash,12,10,Regular Shopper
CUST-02366,34,4.3,20153,2.7,Clothing,Cash,2,2,Occasional Shopper
CUST-02367,55,0.4,113323,5.8,Food,Cash,17,4,Regular Shopper
CUST-02368,30,4.5,112122,6.4,Tools,Cash,16,2,Regular Shopper
CUST-02369,33,4.4,9416,1.4,Clothing,Cash,4,12,Occasional Shopper
CUST-02370,41,0.7,86221,6.6,Clothing,Cash,23,13,Regular Shopper
CUST-02371,40,3.6,546454,14.7,Tools,Cash,35,7,Wholesale Buyer
CUST-02372,33,8.5,27437,24.3,Tools,Mobile Money,52,13,Loyal Budget Buyer
CUST-02373,32,4.2,52620,5.9,Clothing,Mobile Money,21,10,Regular Shopper
CUST-02374,28,1.9,37783,6.5,Clothing,Cash,21,13,Regular Shopper
CUST-02375,19,1.1,549049,9.2,Household,Cash,33,11,Wholesale Buyer
CUST-02376,37,3.5,567650,10.5,Food,Credit,38,8,Wholesale Buyer
CUST-02377,29,3.7,41852,3.0,Tools,Cash,19,14,Regular Shopper
CUST-02378,18,9.7,39274,3.4,Clothing,Mobile Money,21,5,Regular Shopper
CUST-02379,38,8.5,282279,16.3,Tools,Cash,24,13,Wholesale Buyer
CUST-02380,28,4.8,22874,0.7,Clothing,Cash,1,5,Occasional Shopper
CUST-02381,38,6.8,23910,6.8,Tools,Cash,14,3,Regular Shopper
CUST-02382,28,6.8,524679,12.9,Household,Cash,34,4,Wholesale Buyer
CUST-02383,29,1.5,388290,14.6,Tools,Cash,41,2,Wholesale Buyer
CUST-02384,37,12.1,88394,6.2,Tools,Mobile Money,11,11,Regular Shopper
CUST-02385,33,8.0,31948,5.2,Tools,Mobile Money,21,3,Regular Shopper
CUST-02386,30,0.6,24239,2.3,Electronics,Cash,6,13,Occasional Shopper
CUST-02387,30,13.8,50073,9.4,Food,Mobile Money,19,10,Regular Shopper
CUST-02388,24,8.6,40752,6.7,Food,Cash,20,4,Regular Shopper
CUST-02389,39,0.7,503207,12.0,Food,Cash,35,12,Wholesale Buyer
CUST-02390,37,4.6,86617,4.5,Clothing,Mobile Money,18,14,Regular Shopper
CUST-02391,29,0.6,92473,5.3,Tools,Mobile Money,17,2,Regular Shopper
CUST-02392,21,5.4,39865,5.9,Food,Credit,16,13,Regular Shopper
CUST-02393,37,2.8,26278,0.7,Electronics,Mobile Money,4,8,Occasional Shopper
CUST-02394,19,2.5,502108,15.3,Clothing,Mobile Money,33,10,Wholesale Buyer
CUST-02395,22,1.2,30335,2.2,Clothing,Mobile Money,2,6,Occasional Shopper
CUST-02396,36,13.3,33106,8.4,Food,Cash,18,9,Regular Shopper
CUST-02397,21,1.0,29808,0.5,Clothing,Mobile Money,2,11,Occasional Shopper
CUST-02398,30,5.0,456134,14.2,Tools,Cash,32,2,Wholesale Buyer
CUST-02399,33,3.0,255913,9.9,Tools,Mobile Money,38,13,Wholesale Buyer
CUST-02400,27,6.5,26272,24.0,Tools,Cash,49,1,Loyal Budget Buyer
CUST-02401,18,2.5,449036,18.7,Tools,Cash,30,12,Wholesale Buyer
CUST-02402,42,4.2,540516,11.1,Food,Cash,25,1,Wholesale Buyer
CUST-02403,22,4.1,136399,11.0,Tools,Mobile Money,22,1,Regular Shopper
CUST-02404,52,5.5,29580,19.0,Clothing,Cash,59,6,Loyal Budget Buyer
CUST-02405,30,21.0,83390,5.9,Household,Mobile Money,18,8,Regular Shopper
CUST-02406,18,10.7,90113,5.3,Household,Cash,19,3,Regular Shopper
CUST-02407,39,27.1,34361,20.7,Food,Mobile Money,50,10,Loyal Budget Buyer
CUST-02408,35,1.0,503336,16.4,Electronics,Mobile Money,34,10,Wholesale Buyer
CUST-02409,37,3.1,101388,6.4,Food,Cash,22,14,Regular Shopper
CUST-02410,42,18.7,33748,21.5,Food,Cash,53,2,Loyal Budget Buyer
CUST-02411,44,1.9,7500,7.3,Tools,Mobile Money,13,2,Regular Shopper
CUST-02412,32,3.7,29549,6.3,Tools,Cash,14,10,Regular Shopper
CUST-02413,25,3.6,21178,2.2,Food,Cash,5,5,Occasional Shopper
CUST-02414,29,11.5,24208,0.5,Clothing,Cash,2,13,Occasional Shopper
CUST-02415,32,2.3,88460,5.4,Household,Cash,14,7,Regular Shopper
CUST-02416,22,6.6,128350,5.6,Clothing,Mobile Money,18,3,Regular Shopper
CUST-02417,43,0.7,75290,5.8,Tools,Cash,18,10,Regular Shopper
CUST-02418,37,28.7,499191,14.9,Food,Credit,31,4,Wholesale Buyer
CUST-02419,22,6.0,42563,8.4,Tools,Mobile Money,15,7,Regular Shopper
CUST-02420,30,2.4,133525,5.3,Electronics,Cash,21,1,Regular Shopper
CUST-02421,34,15.2,7500,7.1,Clothing,Cash,19,1,Regular Shopper
CUST-02422,31,7.4,25355,25.2,Food,Cash,54,8,Loyal Budget Buyer
CUST-02423,46,2.7,17906,17.6,Clothing,Cash,52,2,Loyal Budget Buyer
CUST-02424,18,15.9,17915,2.3,Household,Cash,5,8,Occasional Shopper
CUST-02425,30,2.1,60793,9.3,Clothing,Credit,16,4,Regular Shopper
CUST-02426,31,2.6,22315,1.3,Food,Cash,2,12,Occasional Shopper
CUST-02427,34,2.2,8852,2.0,Clothing,Cash,4,3,Occasional Shopper
CUST-02428,35,5.7,691427,12.2,Food,Cash,42,2,Wholesale Buyer
CUST-02429,31,1.9,8934,0.9,Household,Cash,6,14,Occasional Shopper
CUST-02430,35,21.6,49168,11.1,Tools,Mobile Money,26,13,Regular Shopper
CUST-02431,30,0.9,106407,4.1,Tools,Cash,17,14,Regular Shopper
CUST-02432,36,1.0,78825,9.0,Household,Cash,23,3,Regular Shopper
CUST-02433,40,2.6,39491,23.0,Food,Cash,51,12,Loyal Budget Buyer
CUST-02434,47,0.8,57969,21.9,Food,Cash,50,7,Loyal Budget Buyer
CUST-02435,50,0.9,127899,11.9,Electronics,Mobile Money,21,11,Regular Shopper
CUST-02436,29,1.6,628884,12.7,Food,Cash,29,9,Wholesale Buyer
CUST-02437,34,1.4,573373,12.9,Clothing,Cash,31,11,Wholesale Buyer
CUST-02438,33,0.5,14699,1.3,Tools,Cash,1,1,Occasional Shopper
CUST-02439,34,11.6,84314,6.0,Electronics,Mobile Money,15,9,Regular Shopper
CUST-02440,26,9.2,56863,6.2,Clothing,Mobile Money,11,11,Regular Shopper
CUST-02441,18,0.7,75330,8.4,Clothing,Cash,23,14,Regular Shopper
CUST-02442,21,2.9,29101,1.0,Food,Mobile Money,2,3,Occasional Shopper
CUST-02443,26,4.5,19366,1.7,Food,Cash,5,10,Occasional Shopper
CUST-02444,32,2.5,26086,8.9,Food,Cash,29,5,Regular Shopper
CUST-02445,33,2.7,80121,3.1,Food,Cash,16,10,Regular Shopper
CUST-02446,32,5.0,442000,14.8,Electronics,Cash,32,3,Wholesale Buyer
CUST-02447,33,6.4,48911,23.7,Food,Mobile Money,50,6,Loyal Budget Buyer
CUST-02448,37,2.9,7500,6.3,Clothing,Cash,19,5,Regular Shopper
CUST-02449,30,8.1,38592,26.0,Household,Cash,48,5,Loyal Budget Buyer
CUST-02450,34,1.6,41741,14.2,Clothing,Cash,45,13,Loyal Budget Buyer
CUST-02451,43,1.0,43278,6.6,Tools,Mobile Money,15,7,Regular Shopper
CUST-02452,25,5.2,28991,3.1,Electronics,Cash,5,11,Occasional Shopper
CUST-02453,47,9.4,46111,10.6,Food,Cash,44,3,Loyal Budget Buyer
CUST-02454,34,4.5,592225,14.2,Electronics,Credit,34,3,Wholesale Buyer
CUST-02455,18,7.5,4057,1.5,Clothing,Mobile Money,2,11,Occasional Shopper
CUST-02456,28,0.9,64061,8.3,Clothing,Cash,15,6,Regular Shopper
CUST-02457,49,4.6,52082,15.3,Electronics,Mobile Money,52,12,Loyal Budget Buyer
CUST-02458,18,2.9,28994,1.4,Clothing,Cash,1,4,Occasional Shopper
CUST-02459,48,6.7,46814,6.8,Clothing,Mobile Money,21,11,Regular Shopper
CUST-02460,43,3.2,456732,15.4,Tools,Mobile Money,38,14,Wholesale Buyer
CUST-02461,39,2.8,51559,7.6,Clothing,Mobile Money,17,9,Regular Shopper
CUST-02462,35,2.6,20730,1.6,Clothing,Cash,7,3,Occasional Shopper
CUST-02463,34,0.5,31838,19.1,Food,Cash,45,9,Loyal Budget Buyer
CUST-02464,39,13.4,427728,18.4,Clothing,Mobile Money,37,8,Wholesale Buyer
CUST-02465,49,3.3,46562,19.9,Clothing,Mobile Money,52,9,Loyal Budget Buyer
CUST-02466,33,11.1,119231,9.8,Tools,Cash,16,5,Regular Shopper
CUST-02467,41,2.2,25419,16.2,Food,Cash,46,1,Loyal Budget Buyer
CUST-02468,18,2.4,20606,7.5,Food,Mobile Money,23,14,Regular Shopper
CUST-02469,25,0.5,22856,2.4,Clothing,Mobile Money,6,14,Occasional Shopper
CUST-02470,34,16.8,115642,8.4,Food,Mobile Money,12,4,Regular Shopper
CUST-02471,38,1.1,102886,6.6,Food,Mobile Money,17,10,Regular Shopper
CUST-02472,18,14.1,27331,16.4,Food,Cash,39,3,Loyal Budget Buyer
CUST-02473,33,14.5,15971,9.5,Food,Mobile Money,16,1,Regular Shopper
CUST-02474,33,0.5,557058,11.1,Tools,Cash,31,2,Wholesale Buyer
CUST-02475,48,1.8,77061,8.0,Tools,Mobile Money,12,10,Regular Shopper
CUST-02476,35,7.7,29846,17.8,Food,Mobile Money,36,9,Loyal Budget Buyer
CUST-02477,34,9.3,22972,3.2,Household,Cash,18,14,Regular Shopper
CUST-02478,37,8.6,67340,6.6,Electronics,Mobile Money,16,4,Regular Shopper
CUST-02479,35,8.6,426009,11.4,Food,Credit,30,4,Wholesale Buyer
CUST-02480,27,3.6,25600,20.9,Clothing,Cash,59,14,Loyal Budget Buyer
CUST-02481,32,5.0,45902,8.3,Household,Mobile Money,49,7,Loyal Budget Buyer
CUST-02482,33,1.7,59942,4.3,Tools,Cash,19,10,Regular Shopper
CUST-02483,27,4.6,10838,0.5,Household,Cash,11,1,Occasional Shopper
CUST-02484,50,4.5,83141,7.5,Household,Mobile Money,18,4,Regular Shopper
CUST-02485,23,0.3,85484,5.6,Household,Mobile Money,19,2,Regular Shopper
CUST-02486,47,1.1,37712,22.8,Food,Cash,66,1,Loyal Budget Buyer
CUST-02487,41,12.2,10746,2.6,Clothing,Mobile Money,4,13,Occasional Shopper
CUST-02488,26,7.8,20113,1.8,Clothing,Mobile Money,6,13,Occasional Shopper
CUST-02489,37,1.9,26062,23.0,Tools,Cash,49,2,Loyal Budget Buyer
CUST-02490,30,6.5,557607,13.2,Tools,Mobile Money,27,3,Wholesale Buyer
CUST-02491,18,7.7,72883,4.9,Electronics,Credit,16,5,Regular Shopper
CUST-02492,34,7.2,32149,2.2,Household,Cash,1,2,Occasional Shopper
CUST-02493,43,2.2,30207,19.5,Food,Cash,50,6,Loyal Budget Buyer
CUST-02494,30,1.7,22420,2.3,Clothing,Cash,2,11,Occasional Shopper
CUST-02495,18,3.6,34746,7.4,Food,Credit,19,1,Regular Shopper
CUST-02496,33,1.2,75709,9.4,Food,Credit,18,10,Regular Shopper
CUST-02497,43,1.4,31386,1.7,Tools,Mobile Money,2,2,Occasional Shopper
CUST-02498,18,5.7,21687,1.4,Household,Mobile Money,2,9,Occasional Shopper
CUST-02499,18,1.9,24198,0.5,Food,Cash,1,1,Occasional Shopper
CUST-02500,46,4.3,356565,11.2,Clothing,Cash,34,4,Wholesale Buyer
CUST-02501,24,4.1,74086,4.5,Electronics,Cash,24,8,Regular Shopper
CUST-02502,28,4.6,111363,10.1,Tools,Mobile Money,16,13,Regular Shopper
CUST-02503,33,11.3,10329,1.1,Food,Mobile Money,5,5,Occasional Shopper
CUST-02504,42,0.6,52260,12.3,Clothing,Cash,53,13,Loyal Budget Buyer
CUST-02505,45,8.3,380359,9.2,Clothing,Cash,35,5,Wholesale Buyer
CUST-02506,30,0.8,37713,13.0,Food,Mobile Money,54,4,Loyal Budget Buyer
CUST-02507,18,0.4,25837,2.0,Electronics,Cash,8,8,Occasional Shopper
CUST-02508,45,3.3,94330,6.0,Tools,Credit,12,13,Regular Shopper
CUST-02509,21,12.1,72213,3.4,Clothing,Cash,16,11,Regular Shopper
CUST-02510,39,3.0,644689,20.9,Food,Mobile Money,34,10,Wholesale Buyer
CUST-02511,41,5.8,45527,9.5,Food,Cash,19,2,Regular Shopper
CUST-02512,35,1.8,44160,17.2,Household,Mobile Money,51,7,Loyal Budget Buyer
CUST-02513,33,0.2,63330,6.1,Clothing,Cash,20,3,Regular Shopper
CUST-02514,37,10.5,88661,6.0,Clothing,Credit,24,9,Regular Shopper
CUST-02515,18,3.0,23950,7.3,Tools,Mobile Money,27,3,Regular Shopper
CUST-02516,32,1.2,33960,27.2,Clothing,Mobile Money,48,5,Loyal Budget Buyer
CUST-02517,18,2.2,117394,5.4,Electronics,Mobile Money,17,10,Regular Shopper
CUST-02518,48,7.1,374099,11.7,Tools,Cash,27,14,Wholesale Buyer
CUST-02519,44,2.3,26106,24.1,Food,Mobile Money,51,4,Loyal Budget Buyer
CUST-02520,33,1.8,28705,3.3,Clothing,Cash,4,2,Occasional Shopper
CUST-02521,38,6.7,96361,8.1,Electronics,Cash,21,14,Regular Shopper
CUST-02522,18,1.1,81378,9.4,Food,Credit,18,12,Regular Shopper
CUST-02523,34,3.9,29259,8.0,Food,Cash,14,2,Regular Shopper
CUST-02524,27,1.0,113747,5.2,Food,Cash,15,8,Regular Shopper
CUST-02525,30,1.5,44676,8.1,Food,Cash,18,14,Regular Shopper
CUST-02526,42,2.7,94379,8.5,Food,Credit,19,4,Regular Shopper
CUST-02527,34,6.3,93454,6.4,Food,Cash,16,11,Regular Shopper
CUST-02528,24,0.9,37782,18.6,Household,Cash,50,6,Loyal Budget Buyer
CUST-02529,37,7.1,488861,13.7,Food,Cash,42,9,Wholesale Buyer
CUST-02530,41,1.4,455609,15.1,Electronics,Cash,37,2,Wholesale Buyer
CUST-02531,50,5.2,34085,21.9,Food,Cash,49,12,Loyal Budget Buyer
CUST-02532,38,1.7,98727,8.8,Electronics,Mobile Money,13,9,Regular Shopper
CUST-02533,38,0.5,387986,14.2,Tools,Mobile Money,39,3,Wholesale Buyer
CUST-02534,37,0.2,623321,15.1,Food,Cash,35,5,Wholesale Buyer
CUST-02535,31,2.1,78859,7.6,Household,Cash,15,3,Regular Shopper
CUST-02536,26,0.3,76109,7.4,Household,Cash,18,14,Regular Shopper
CUST-02537,40,5.4,71176,7.3,Food,Cash,26,11,Regular Shopper
CUST-02538,50,0.4,498376,17.2,Food,Credit,34,6,Wholesale Buyer
CUST-02539,22,0.8,93103,5.9,Tools,Cash,15,4,Regular Shopper
CUST-02540,23,4.0,25639,24.5,Clothing,Cash,42,2,Loyal Budget Buyer
CUST-02541,25,9.9,517029,8.4,Tools,Credit,32,9,Wholesale Buyer
CUST-02542,41,3.1,28701,14.9,Electronics,Cash,55,13,Loyal Budget Buyer
CUST-02543,24,8.4,32522,7.0,Clothing,Mobile Money,14,2,Regular Shopper
CUST-02544,33,4.4,27697,1.8,Clothing,Mobile Money,2,3,Occasional Shopper
CUST-02545,20,5.0,18992,1.5,Clothing,Cash,2,5,Occasional Shopper
CUST-02546,21,4.3,51252,3.5,Tools,Cash,19,8,Regular Shopper
CUST-02547,18,3.1,102781,4.8,Household,Mobile Money,16,3,Regular Shopper
CUST-02548,33,8.6,52561,6.5,Food,Cash,17,10,Regular Shopper
CUST-02549,32,3.6,473240,14.8,Tools,Cash,30,6,Wholesale Buyer
CUST-02550,35,10.9,34250,22.2,Household,Cash,40,10,Loyal Budget Buyer
CUST-02551,25,8.3,355490,15.8,Food,Credit,33,1,Wholesale Buyer
CUST-02552,42,0.4,80779,9.1,Electronics,Mobile Money,14,12,Regular Shopper
CUST-02553,38,4.9,120008,5.3,Tools,Cash,16,4,Regular Shopper
CUST-02554,51,4.0,19248,18.7,Food,Cash,53,14,Loyal Budget Buyer
CUST-02555,46,3.3,453148,11.5,Food,Cash,42,9,Wholesale Buyer
CUST-02556,18,7.4,7744,0.7,Household,Cash,3,10,Occasional Shopper
CUST-02557,37,3.5,128943,7.5,Electronics,Cash,26,5,Regular Shopper
CUST-02558,35,2.1,93586,6.2,Food,Mobile Money,20,13,Regular Shopper
CUST-02559,31,9.7,616367,15.6,Household,Cash,31,6,Wholesale Buyer
CUST-02560,30,9.9,707695,12.9,Household,Mobile Money,38,10,Wholesale Buyer
CUST-02561,30,3.6,95742,9.1,Food,Mobile Money,14,14,Regular Shopper
CUST-02562,33,2.1,51932,5.1,Clothing,Mobile Money,16,2,Regular Shopper
CUST-02563,42,3.5,18247,2.2,Clothing,Cash,3,14,Occasional Shopper
CUST-02564,37,1.5,39586,18.3,Food,Cash,67,11,Loyal Budget Buyer
CUST-02565,34,3.6,435568,19.0,Tools,Credit,27,7,Wholesale Buyer
CUST-02566,40,0.8,41203,21.3,Electronics,Cash,58,9,Loyal Budget Buyer
CUST-02567,28,2.6,36637,20.2,Food,Mobile Money,39,8,Loyal Budget Buyer
CUST-02568,28,9.0,38259,22.8,Food,Cash,51,6,Loyal Budget Buyer
CUST-02569,41,1.6,22682,15.0,Electronics,Cash,54,14,Loyal Budget Buyer
CUST-02570,18,10.7,83465,9.1,Tools,Mobile Money,18,10,Regular Shopper
CUST-02571,38,6.5,559452,13.9,Clothing,Mobile Money,25,11,Wholesale Buyer
CUST-02572,23,3.6,97324,8.1,Clothing,Cash,16,3,Regular Shopper
CUST-02573,45,1.3,23013,24.7,Food,Cash,47,7,Loyal Budget Buyer
CUST-02574,22,0.5,6724,0.9,Tools,Cash,2,8,Occasional Shopper
CUST-02575,43,1.3,271982,11.5,Tools,Mobile Money,38,5,Wholesale Buyer
CUST-02576,34,10.8,588726,12.5,Food,Credit,35,10,Wholesale Buyer
CUST-02577,41,1.0,34378,19.3,Food,Mobile Money,46,4,Loyal Budget Buyer
CUST-02578,23,2.5,62395,9.6,Tools,Cash,12,7,Regular Shopper
CUST-02579,35,5.7,35034,15.2,Food,Cash,59,1,Loyal Budget Buyer
CUST-02580,23,4.7,7956,0.5,Electronics,Cash,5,10,Occasional Shopper
CUST-02581,18,5.9,42078,8.2,Clothing,Cash,10,13,Regular Shopper
CUST-02582,31,5.2,68560,8.3,Food,Mobile Money,22,12,Regular Shopper
CUST-02583,20,7.7,16018,3.0,Clothing,Cash,1,13,Occasional Shopper
CUST-02584,18,4.0,14936,1.5,Tools,Cash,3,9,Occasional Shopper
CUST-02585,29,10.8,32621,6.3,Tools,Mobile Money,15,8,Regular Shopper
CUST-02586,27,4.2,40817,1.3,Clothing,Mobile Money,19,14,Regular Shopper
CUST-02587,25,6.8,19799,0.5,Food,Cash,3,2,Occasional Shopper
CUST-02588,42,6.5,19715,22.5,Clothing,Cash,41,6,Loyal Budget Buyer
CUST-02589,31,9.0,35431,23.8,Food,Cash,45,2,Loyal Budget Buyer
CUST-02590,24,9.5,53417,8.1,Food,Cash,20,10,Regular Shopper
CUST-02591,39,2.4,446508,18.3,Food,Cash,36,4,Wholesale Buyer
CUST-02592,28,0.3,16716,1.4,Clothing,Cash,4,12,Occasional Shopper
CUST-02593,26,8.8,76811,7.4,Tools,Cash,16,11,Regular Shopper
CUST-02594,23,8.4,18283,0.7,Clothing,Cash,4,13,Occasional Shopper
CUST-02595,31,0.3,102275,6.3,Clothing,Cash,21,7,Regular Shopper
CUST-02596,34,11.7,58018,8.6,Household,Mobile Money,17,3,Regular Shopper
CUST-02597,31,3.5,11652,0.8,Clothing,Cash,4,12,Occasional Shopper
CUST-02598,47,4.2,39822,22.3,Food,Cash,69,8,Loyal Budget Buyer
CUST-02599,33,0.9,72468,4.4,Tools,Cash,18,9,Regular Shopper
CUST-02600,41,1.9,620720,15.6,Food,Mobile Money,31,6,Wholesale Buyer
CUST-02601,49,8.9,905409,14.0,Clothing,Mobile Money,35,13,Wholesale Buyer
CUST-02602,29,1.1,271023,14.7,Food,Credit,33,10,Wholesale Buyer
CUST-02603,25,0.8,16788,0.5,Clothing,Cash,4,14,Occasional Shopper
CUST-02604,30,1.1,46164,8.2,Household,Mobile Money,20,1,Regular Shopper
CUST-02605,38,1.9,36946,20.9,Household,Cash,50,7,Loyal Budget Buyer
CUST-02606,42,0.7,777930,11.4,Tools,Cash,43,6,Wholesale Buyer
CUST-02607,36,8.2,37710,20.0,Tools,Mobile Money,65,2,Loyal Budget Buyer
CUST-02608,32,14.7,28503,1.6,Clothing,Cash,6,3,Occasional Shopper
CUST-02609,25,7.7,72299,7.2,Tools,Mobile Money,16,7,Regular Shopper
CUST-02610,18,3.6,42401,9.7,Food,Mobile Money,24,4,Regular Shopper
CUST-02611,41,9.7,512331,19.8,Tools,Cash,36,12,Wholesale Buyer
CUST-02612,18,6.0,22463,1.8,Electronics,Cash,4,2,Occasional Shopper
CUST-02613,21,5.1,32613,2.0,Clothing,Mobile Money,2,4,Occasional Shopper
CUST-02614,27,2.6,70415,5.1,Food,Credit,22,5,Regular Shopper
CUST-02615,34,2.2,26721,14.5,Food,Cash,41,5,Loyal Budget Buyer
CUST-02616,35,5.5,22226,1.1,Electronics,Mobile Money,1,8,Occasional Shopper
CUST-02617,48,2.2,60088,3.8,Tools,Mobile Money,18,14,Regular Shopper
CUST-02618,27,1.7,24780,1.7,Clothing,Cash,5,10,Occasional Shopper
CUST-02619,33,3.8,55165,5.2,Clothing,Mobile Money,15,6,Regular Shopper
CUST-02620,48,7.5,24490,21.6,Food,Cash,59,1,Loyal Budget Buyer
CUST-02621,38,3.0,399534,18.4,Household,Mobile Money,28,9,Wholesale Buyer
CUST-02622,36,9.7,80978,4.4,Tools,Mobile Money,11,2,Regular Shopper
CUST-02623,24,5.8,73131,7.2,Tools,Cash,17,13,Regular Shopper
CUST-02624,32,0.9,48698,5.0,Clothing,Cash,11,6,Regular Shopper
CUST-02625,45,2.7,438382,15.9,Tools,Mobile Money,36,10,Wholesale Buyer
CUST-02626,38,1.6,100547,7.7,Food,Cash,22,14,Regular Shopper
CUST-02627,20,6.7,21876,2.2,Household,Mobile Money,4,3,Occasional Shopper
CUST-02628,51,5.7,165048,17.1,Tools,Credit,28,3,Wholesale Buyer
CUST-02629,31,9.6,7784,1.7,Household,Cash,7,11,Occasional Shopper
CUST-02630,40,19.7,17573,17.6,Electronics,Cash,66,8,Loyal Budget Buyer
CUST-02631,18,1.0,26165,1.9,Food,Mobile Money,4,5,Occasional Shopper
CUST-02632,20,4.3,18177,2.5,Clothing,Mobile Money,5,11,Occasional Shopper
CUST-02633,34,5.7,50989,6.3,Electronics,Cash,14,9,Regular Shopper
CUST-02634,20,0.9,20383,2.1,Clothing,Cash,1,3,Occasional Shopper
CUST-02635,46,2.0,525935,18.2,Food,Cash,22,14,Wholesale Buyer
CUST-02636,21,6.5,104604,10.8,Clothing,Mobile Money,10,11,Regular Shopper
CUST-02637,24,2.5,50559,19.9,Food,Cash,45,10,Loyal Budget Buyer
CUST-02638,55,3.1,439747,16.5,Food,Credit,34,2,Wholesale Buyer
CUST-02639,43,0.4,52022,21.1,Food,Cash,55,14,Loyal Budget Buyer
CUST-02640,19,5.6,71073,9.3,Electronics,Mobile Money,19,1,Regular Shopper
CUST-02641,44,4.4,60210,8.3,Electronics,Cash,19,8,Regular Shopper
CUST-02642,40,3.1,42558,8.1,Electronics,Cash,20,10,Regular Shopper
CUST-02643,39,5.2,524291,13.7,Electronics,Cash,34,1,Wholesale Buyer
CUST-02644,57,21.4,29001,22.0,Food,Cash,40,3,Loyal Budget Buyer
CUST-02645,31,3.6,55248,7.2,Clothing,Credit,15,11,Regular Shopper
CUST-02646,30,5.3,65199,8.9,Tools,Credit,18,11,Regular Shopper
CUST-02647,44,9.1,77711,6.9,Electronics,Mobile Money,19,9,Regular Shopper
CUST-02648,34,7.4,19384,15.3,Food,Cash,46,6,Loyal Budget Buyer
CUST-02649,18,5.6,21904,2.3,Food,Cash,3,8,Occasional Shopper
CUST-02650,30,5.5,43055,9.2,Tools,Mobile Money,24,8,Regular Shopper
CUST-02651,25,2.7,1800,2.0,Clothing,Cash,4,7,Occasional Shopper
CUST-02652,47,11.7,38480,20.7,Clothing,Cash,52,5,Loyal Budget Buyer
CUST-02653,49,5.9,469740,16.0,Clothing,Cash,40,6,Wholesale Buyer
CUST-02654,34,1.8,22816,17.1,Tools,Cash,51,5,Loyal Budget Buyer
CUST-02655,28,1.2,125990,4.4,Electronics,Cash,20,8,Regular Shopper
CUST-02656,28,0.3,404485,11.2,Food,Cash,31,6,Wholesale Buyer
CUST-02657,40,5.8,537960,15.8,Household,Credit,34,8,Wholesale Buyer
CUST-02658,29,2.2,641615,16.9,Tools,Mobile Money,29,9,Wholesale Buyer
CUST-02659,42,10.1,16425,0.7,Clothing,Mobile Money,7,14,Occasional Shopper
CUST-02660,41,3.0,21722,5.4,Food,Cash,18,4,Regular Shopper
CUST-02661,26,1.6,43963,3.0,Tools,Mobile Money,11,4,Regular Shopper
CUST-02662,33,1.6,39481,18.1,Clothing,Cash,46,5,Loyal Budget Buyer
CUST-02663,40,9.5,48905,5.9,Household,Cash,18,3,Regular Shopper
CUST-02664,36,3.9,59386,9.8,Electronics,Cash,12,8,Regular Shopper
CUST-02665,23,5.5,17342,3.1,Clothing,Cash,3,8,Occasional Shopper
CUST-02666,31,20.2,9947,1.0,Clothing,Cash,5,3,Occasional Shopper
CUST-02667,21,0.4,13713,1.9,Tools,Cash,2,8,Occasional Shopper
CUST-02668,42,0.9,36217,21.5,Food,Mobile Money,49,9,Loyal Budget Buyer
CUST-02669,28,0.4,9525,0.7,Clothing,Cash,1,10,Occasional Shopper
CUST-02670,40,7.9,47924,6.7,Food,Mobile Money,25,3,Regular Shopper
CUST-02671,45,3.2,35238,20.9,Electronics,Mobile Money,46,5,Loyal Budget Buyer
CUST-02672,33,3.9,39194,4.7,Food,Mobile Money,14,4,Regular Shopper
CUST-02673,26,5.5,679902,12.5,Food,Mobile Money,40,7,Wholesale Buyer
CUST-02674,54,5.6,46321,5.5,Food,Credit,15,1,Regular Shopper
CUST-02675,31,3.2,24719,0.8,Clothing,Cash,5,10,Occasional Shopper
CUST-02676,32,4.6,750693,10.5,Food,Cash,37,6,Wholesale Buyer
CUST-02677,18,2.5,49448,9.0,Food,Mobile Money,19,4,Regular Shopper
CUST-02678,31,1.0,260924,10.4,Food,Mobile Money,32,3,Wholesale Buyer
CUST-02679,25,13.1,77305,2.5,Clothing,Mobile Money,20,3,Regular Shopper
CUST-02680,33,3.4,8238,0.7,Clothing,Cash,4,2,Occasional Shopper
CUST-02681,33,6.1,44200,24.2,Food,Cash,55,4,Loyal Budget Buyer
CUST-02682,34,5.0,32359,24.8,Clothing,Mobile Money,64,14,Loyal Budget Buyer
CUST-02683,34,8.0,38022,6.9,Food,Cash,14,13,Regular Shopper
CUST-02684,32,21.0,57838,4.3,Electronics,Mobile Money,13,13,Regular Shopper
CUST-02685,19,19.2,22316,2.6,Tools,Mobile Money,3,1,Occasional Shopper
CUST-02686,36,4.9,11439,20.1,Electronics,Mobile Money,56,3,Loyal Budget Buyer
CUST-02687,18,2.5,87028,6.2,Food,Cash,20,4,Regular Shopper
CUST-02688,32,11.1,21040,1.3,Clothing,Mobile Money,2,10,Occasional Shopper
CUST-02689,27,9.4,63894,6.6,Food,Cash,12,13,Regular Shopper
CUST-02690,29,14.9,516426,15.9,Food,Mobile Money,38,4,Wholesale Buyer
CUST-02691,18,6.7,61413,8.6,Clothing,Cash,19,6,Regular Shopper
CUST-02692,26,7.9,25414,6.6,Food,Mobile Money,26,5,Regular Shopper
CUST-02693,26,4.7,42210,23.5,Clothing,Cash,53,14,Loyal Budget Buyer
CUST-02694,18,5.3,17631,0.5,Food,Mobile Money,4,5,Occasional Shopper
CUST-02695,33,0.4,73165,2.5,Clothing,Mobile Money,14,9,Regular Shopper
CUST-02696,42,6.0,626197,10.9,Tools,Cash,39,6,Wholesale Buyer
CUST-02697,33,4.5,69978,6.2,Clothing,Mobile Money,15,9,Regular Shopper
CUST-02698,30,5.9,380830,13.0,Food,Cash,37,10,Wholesale Buyer
CUST-02699,33,12.3,429268,15.2,Electronics,Mobile Money,29,12,Wholesale Buyer
CUST-02700,37,1.2,503742,6.0,Food,Cash,44,8,Wholesale Buyer
CUST-02701,44,1.4,604638,14.7,Tools,Cash,35,7,Wholesale Buyer
CUST-02702,50,16.8,34461,8.6,Food,Cash,11,10,Regular Shopper
CUST-02703,32,1.2,487149,14.5,Food,Mobile Money,34,10,Wholesale Buyer
CUST-02704,38,5.5,107535,6.5,Household,Mobile Money,24,2,Regular Shopper
CUST-02705,33,6.2,16714,0.8,Clothing,Cash,3,8,Occasional Shopper
CUST-02706,43,0.6,14663,10.2,Clothing,Cash,23,11,Regular Shopper
CUST-02707,18,7.8,97312,8.9,Electronics,Cash,22,3,Regular Shopper
CUST-02708,31,16.6,415064,15.3,Food,Mobile Money,32,4,Wholesale Buyer
CUST-02709,22,8.4,16758,1.2,Tools,Cash,4,4,Occasional Shopper
CUST-02710,49,7.5,74627,4.4,Clothing,Cash,19,9,Regular Shopper
CUST-02711,46,8.3,102566,6.5,Clothing,Cash,18,6,Regular Shopper
CUST-02712,39,4.8,17446,1.7,Clothing,Cash,1,12,Occasional Shopper
CUST-02713,46,0.8,487703,12.7,Tools,Credit,43,2,Wholesale Buyer
CUST-02714,47,3.8,402036,18.5,Household,Cash,27,7,Wholesale Buyer
CUST-02715,37,2.6,571491,15.4,Household,Credit,30,5,Wholesale Buyer
CUST-02716,37,2.1,224329,13.0,Tools,Cash,45,3,Wholesale Buyer
CUST-02717,41,10.4,59958,19.3,Clothing,Mobile Money,40,4,Loyal Budget Buyer
CUST-02718,32,7.5,21369,18.6,Household,Credit,53,10,Loyal Budget Buyer
CUST-02719,40,2.3,238891,16.3,Electronics,Mobile Money,35,10,Wholesale Buyer
CUST-02720,37,6.0,27735,4.7,Food,Mobile Money,17,4,Regular Shopper
CUST-02721,32,0.6,620922,16.2,Food,Credit,32,11,Wholesale Buyer
CUST-02722,41,4.1,35833,17.6,Food,Cash,38,10,Loyal Budget Buyer
CUST-02723,25,0.7,20960,2.1,Clothing,Cash,2,6,Occasional Shopper
CUST-02724,40,6.4,23604,21.5,Clothing,Cash,45,14,Loyal Budget Buyer
CUST-02725,23,7.4,22794,1.2,Electronics,Mobile Money,3,5,Occasional Shopper
CUST-02726,51,8.0,467380,17.7,Food,Cash,26,11,Wholesale Buyer
CUST-02727,35,4.3,46197,15.2,Clothing,Mobile Money,40,7,Loyal Budget Buyer
CUST-02728,43,3.3,6767,2.0,Electronics,Cash,4,3,Occasional Shopper
CUST-02729,21,5.6,532778,21.2,Food,Mobile Money,52,4,Wholesale Buyer
CUST-02730,39,5.2,91877,5.9,Tools,Mobile Money,24,8,Regular Shopper
CUST-02731,47,3.7,67309,5.8,Tools,Mobile Money,15,13,Regular Shopper
CUST-02732,18,13.2,11781,0.8,Food,Cash,1,10,Occasional Shopper
CUST-02733,48,30.4,517108,12.0,Food,Credit,45,7,Wholesale Buyer
CUST-02734,43,1.0,673491,12.1,Electronics,Credit,32,2,Wholesale Buyer
CUST-02735,39,2.2,71617,5.1,Clothing,Mobile Money,16,1,Regular Shopper
CUST-02736,38,3.3,40708,19.8,Food,Mobile Money,43,10,Loyal Budget Buyer
CUST-02737,37,8.0,250903,18.4,Electronics,Cash,22,2,Wholesale Buyer
CUST-02738,34,7.4,110741,8.6,Household,Cash,20,2,Regular Shopper
CUST-02739,18,0.4,95293,5.9,Food,Mobile Money,17,10,Regular Shopper
CUST-02740,32,1.6,7548,25.6,Clothing,Mobile Money,57,2,Loyal Budget Buyer
CUST-02741,27,9.9,25791,1.4,Clothing,Cash,4,4,Occasional Shopper
CUST-02742,31,9.0,75852,7.7,Tools,Mobile Money,14,6,Regular Shopper
CUST-02743,30,6.0,11783,1.0,Household,Mobile Money,5,14,Occasional Shopper
CUST-02744,35,1.6,537596,16.1,Tools,Cash,30,1,Wholesale Buyer
CUST-02745,26,1.8,39630,33.8,Tools,Cash,39,11,Loyal Budget Buyer
CUST-02746,40,2.0,344859,12.7,Household,Cash,33,7,Wholesale Buyer
CUST-02747,26,6.1,49368,5.9,Tools,Mobile Money,16,12,Regular Shopper
CUST-02748,30,1.7,380723,15.4,Tools,Cash,31,4,Wholesale Buyer
CUST-02749,28,5.6,13818,3.0,Food,Cash,3,1,Occasional Shopper
CUST-02750,49,2.1,317182,12.9,Electronics,Mobile Money,40,8,Wholesale Buyer
CUST-02751,37,3.7,108564,7.6,Food,Cash,20,12,Regular Shopper
CUST-02752,27,7.7,17979,17.6,Clothing,Cash,40,8,Loyal Budget Buyer
CUST-02753,28,8.1,33440,15.7,Food,Cash,43,6,Loyal Budget Buyer
CUST-02754,40,4.8,24884,20.1,Food,Mobile Money,44,4,Loyal Budget Buyer
CUST-02755,18,4.4,35934,24.4,Household,Cash,50,13,Loyal Budget Buyer
CUST-02756,44,7.9,44382,26.8,Tools,Cash,70,9,Loyal Budget Buyer
CUST-02757,44,0.2,34371,19.6,Clothing,Cash,51,11,Loyal Budget Buyer
CUST-02758,50,1.0,577884,23.1,Electronics,Cash,33,12,Wholesale Buyer
CUST-02759,43,5.1,84877,5.0,Clothing,Mobile Money,13,3,Regular Shopper
CUST-02760,38,12.8,101306,8.8,Food,Cash,17,8,Regular Shopper
CUST-02761,40,1.1,46527,8.2,Food,Credit,12,8,Regular Shopper
CUST-02762,18,3.4,15938,1.8,Clothing,Mobile Money,1,5,Occasional Shopper
CUST-02763,37,3.0,110600,8.6,Tools,Mobile Money,16,4,Regular Shopper
CUST-02764,43,1.9,47378,19.0,Clothing,Mobile Money,49,13,Loyal Budget Buyer
CUST-02765,34,3.9,18896,1.8,Clothing,Cash,6,6,Occasional Shopper
CUST-02766,25,7.5,120842,6.8,Clothing,Mobile Money,22,3,Regular Shopper
CUST-02767,31,1.2,64159,10.3,Clothing,Credit,22,11,Regular Shopper
CUST-02768,21,14.5,31378,19.4,Food,Cash,60,3,Loyal Budget Buyer
CUST-02769,27,1.7,120633,6.9,Clothing,Mobile Money,18,2,Regular Shopper
CUST-02770,44,1.4,687191,14.9,Electronics,Cash,31,14,Wholesale Buyer
CUST-02771,39,4.9,21036,29.0,Clothing,Mobile Money,47,1,Loyal Budget Buyer
CUST-02772,36,2.8,37815,19.9,Food,Mobile Money,59,6,Loyal Budget Buyer
CUST-02773,34,4.9,350003,12.5,Tools,Mobile Money,30,14,Wholesale Buyer
CUST-02774,48,9.3,53393,6.4,Food,Cash,19,13,Regular Shopper
CUST-02775,25,8.4,12290,1.6,Food,Credit,5,1,Occasional Shopper
CUST-02776,33,12.2,37614,19.4,Food,Mobile Money,48,10,Loyal Budget Buyer
CUST-02777,52,8.3,42412,21.9,Clothing,Cash,44,5,Loyal Budget Buyer
CUST-02778,23,1.1,12263,3.0,Electronics,Cash,1,3,Occasional Shopper
CUST-02779,33,2.5,439227,16.3,Food,Credit,41,13,Wholesale Buyer
CUST-02780,26,3.3,19441,3.2,Clothing,Cash,3,12,Occasional Shopper
CUST-02781,36,2.0,118865,9.0,Food,Cash,18,1,Regular Shopper
CUST-02782,23,16.7,126435,7.3,Tools,Cash,25,12,Regular Shopper
CUST-02783,34,6.2,147749,8.5,Tools,Cash,17,1,Regular Shopper
CUST-02784,32,4.4,40751,6.5,Food,Mobile Money,22,11,Regular Shopper
CUST-02785,39,4.7,21401,4.2,Electronics,Cash,17,9,Regular Shopper
CUST-02786,43,1.0,78760,6.0,Clothing,Mobile Money,14,12,Regular Shopper
CUST-02787,33,1.8,807676,14.0,Tools,Cash,37,3,Wholesale Buyer
CUST-02788,31,0.7,147940,10.3,Household,Cash,17,6,Regular Shopper
CUST-02789,19,6.8,21278,1.2,Household,Mobile Money,3,2,Occasional Shopper
CUST-02790,24,6.5,18768,22.5,Tools,Cash,46,5,Loyal Budget Buyer
CUST-02791,33,4.5,465043,7.0,Tools,Cash,33,5,Wholesale Buyer
CUST-02792,32,8.7,100093,9.0,Food,Credit,19,2,Regular Shopper
CUST-02793,52,0.7,439427,18.0,Tools,Mobile Money,45,3,Wholesale Buyer
CUST-02794,35,6.1,655121,6.0,Clothing,Cash,35,5,Wholesale Buyer
CUST-02795,18,2.2,112887,7.8,Clothing,Mobile Money,20,12,Regular Shopper
CUST-02796,42,17.2,44049,22.9,Food,Cash,49,3,Loyal Budget Buyer
CUST-02797,41,3.7,41997,23.9,Food,Cash,50,12,Loyal Budget Buyer
CUST-02798,35,0.5,22105,2.7,Clothing,Mobile Money,1,8,Occasional Shopper
CUST-02799,35,2.5,738118,14.0,Tools,Mobile Money,41,11,Wholesale Buyer
CUST-02800,53,1.6,558479,16.2,Food,Credit,37,3,Wholesale Buyer
CUST-02801,27,1.7,89408,7.4,Household,Mobile Money,18,14,Regular Shopper
CUST-02802,43,21.1,38941,23.3,Food,Cash,57,12,Loyal Budget Buyer
CUST-02803,19,2.8,21145,2.1,Tools,Cash,4,7,Occasional Shopper
CUST-02804,29,1.4,26363,6.4,Food,Credit,11,12,Regular Shopper
CUST-02805,35,4.9,512065,16.8,Tools,Credit,46,10,Wholesale Buyer
CUST-02806,32,0.7,49651,23.8,Household,Cash,51,3,Loyal Budget Buyer
CUST-02807,31,5.3,34228,14.4,Food,Cash,53,11,Loyal Budget Buyer
CUST-02808,49,1.9,427090,14.9,Food,Credit,36,4,Wholesale Buyer
CUST-02809,35,0.5,32955,10.4,Tools,Cash,21,5,Regular Shopper
CUST-02810,27,6.8,29080,20.0,Household,Cash,50,2,Loyal Budget Buyer
CUST-02811,18,0.3,75921,7.2,Tools,Cash,19,10,Regular Shopper
CUST-02812,18,3.5,44072,6.6,Food,Mobile Money,19,6,Regular Shopper
CUST-02813,35,1.0,8721,13.2,Food,Cash,52,7,Loyal Budget Buyer
CUST-02814,25,1.3,23182,1.6,Clothing,Mobile Money,3,14,Occasional Shopper
CUST-02815,26,1.5,61976,7.8,Food,Mobile Money,13,11,Regular Shopper
CUST-02816,55,1.0,34268,20.9,Food,Cash,39,13,Loyal Budget Buyer
CUST-02817,23,10.2,15208,1.3,Electronics,Mobile Money,3,4,Occasional Shopper
CUST-02818,28,4.0,103486,7.2,Clothing,Cash,12,13,Regular Shopper
CUST-02819,53,0.8,509311,17.7,Tools,Cash,35,3,Wholesale Buyer
CUST-02820,40,1.3,601307,14.8,Electronics,Cash,37,10,Wholesale Buyer
CUST-02821,52,4.3,404487,15.2,Clothing,Credit,39,14,Wholesale Buyer
CUST-02822,52,11.1,30811,10.0,Household,Cash,17,10,Regular Shopper
CUST-02823,43,0.8,12093,20.4,Food,Cash,60,11,Loyal Budget Buyer
CUST-02824,30,2.6,29238,25.0,Food,Mobile Money,50,8,Loyal Budget Buyer
CUST-02825,19,1.7,17823,25.3,Household,Cash,50,12,Loyal Budget Buyer
CUST-02826,29,3.8,18094,1.4,Electronics,Cash,2,11,Occasional Shopper
CUST-02827,18,3.7,42371,24.6,Food,Mobile Money,52,1,Loyal Budget Buyer
CUST-02828,36,1.7,113058,2.8,Household,Credit,13,4,Regular Shopper
CUST-02829,32,0.3,81239,10.0,Food,Cash,20,1,Regular Shopper
CUST-02830,35,0.4,44775,29.1,Clothing,Cash,43,7,Loyal Budget Buyer
CUST-02831,26,8.0,542712,11.5,Clothing,Mobile Money,42,9,Wholesale Buyer
CUST-02832,41,5.7,41199,25.2,Clothing,Cash,50,8,Loyal Budget Buyer
CUST-02833,35,4.7,487277,13.8,Tools,Cash,39,7,Wholesale Buyer
CUST-02834,34,3.0,29575,20.5,Food,Mobile Money,48,4,Loyal Budget Buyer
CUST-02835,48,5.6,65354,7.9,Tools,Cash,21,1,Regular Shopper
CUST-02836,28,0.7,33202,21.2,Clothing,Cash,45,1,Loyal Budget Buyer
CUST-02837,43,2.0,111579,4.8,Electronics,Mobile Money,17,5,Regular Shopper
CUST-02838,18,2.8,94469,6.0,Tools,Credit,20,8,Regular Shopper
CUST-02839,32,0.5,52401,20.4,Food,Credit,49,7,Loyal Budget Buyer
CUST-02840,46,1.8,3500,20.4,Food,Cash,45,6,Loyal Budget Buyer
CUST-02841,32,1.7,30594,24.5,Tools,Cash,52,7,Loyal Budget Buyer
CUST-02842,35,2.2,34232,0.5,Clothing,Mobile Money,6,12,Occasional Shopper
CUST-02843,34,6.9,36359,5.8,Food,Mobile Money,17,7,Regular Shopper
CUST-02844,29,5.9,111434,6.4,Tools,Credit,19,1,Regular Shopper
CUST-02845,18,0.6,57439,4.6,Food,Cash,15,12,Regular Shopper
CUST-02846,22,4.1,145354,5.7,Clothing,Cash,12,3,Regular Shopper
CUST-02847,33,0.6,29915,26.9,Tools,Cash,36,1,Loyal Budget Buyer
CUST-02848,33,2.4,14402,2.1,Clothing,Cash,3,12,Occasional Shopper
CUST-02849,37,4.6,64940,10.1,Clothing,Cash,10,10,Regular Shopper
CUST-02850,24,4.2,26722,1.9,Clothing,Cash,5,4,Occasional Shopper
CUST-02851,18,4.4,22087,3.0,Food,Cash,3,2,Occasional Shopper
CUST-02852,21,2.7,60481,7.5,Electronics,Mobile Money,14,2,Regular Shopper
CUST-02853,18,2.8,91148,7.7,Clothing,Mobile Money,14,12,Regular Shopper
CUST-02854,32,3.8,15538,8.0,Tools,Cash,13,7,Regular Shopper
CUST-02855,41,0.9,27384,22.7,Electronics,Mobile Money,53,12,Loyal Budget Buyer
CUST-02856,37,2.2,19374,8.9,Clothing,Credit,16,4,Regular Shopper
CUST-02857,41,2.6,101338,9.5,Food,Mobile Money,23,10,Regular Shopper
CUST-02858,27,4.4,851170,14.6,Tools,Credit,37,11,Wholesale Buyer
CUST-02859,18,2.0,20731,2.7,Clothing,Mobile Money,8,12,Occasional Shopper
CUST-02860,30,2.9,48218,14.4,Food,Cash,57,4,Loyal Budget Buyer
CUST-02861,35,0.2,125292,11.2,Food,Mobile Money,21,14,Regular Shopper
CUST-02862,31,6.0,81228,5.8,Electronics,Mobile Money,20,1,Regular Shopper
CUST-02863,23,8.3,126330,4.9,Clothing,Cash,20,5,Regular Shopper
CUST-02864,35,13.8,881005,11.7,Electronics,Cash,39,3,Wholesale Buyer
CUST-02865,35,2.7,338418,17.9,Tools,Mobile Money,31,12,Wholesale Buyer
CUST-02866,31,0.8,30020,2.1,Electronics,Cash,6,8,Occasional Shopper
CUST-02867,49,1.6,113641,10.6,Food,Credit,18,9,Regular Shopper
CUST-02868,23,8.7,55296,17.4,Food,Cash,33,5,Loyal Budget Buyer
CUST-02869,18,16.9,23100,1.3,Clothing,Mobile Money,3,6,Occasional Shopper
CUST-02870,42,1.4,57200,9.9,Tools,Cash,20,11,Regular Shopper
CUST-02871,26,1.1,98304,6.1,Tools,Cash,15,9,Regular Shopper
CUST-02872,25,9.6,571956,18.0,Household,Credit,42,2,Wholesale Buyer
CUST-02873,36,0.7,411948,14.0,Tools,Credit,38,11,Wholesale Buyer
CUST-02874,35,6.8,643182,18.4,Tools,Credit,30,12,Wholesale Buyer
CUST-02875,18,0.4,38335,21.5,Food,Cash,40,13,Loyal Budget Buyer
CUST-02876,44,18.0,87896,8.1,Food,Cash,8,12,Regular Shopper
CUST-02877,18,0.5,44994,8.7,Household,Credit,19,3,Regular Shopper
CUST-02878,22,1.8,411211,13.4,Food,Mobile Money,38,6,Wholesale Buyer
CUST-02879,35,3.2,698243,16.2,Food,Mobile Money,29,2,Wholesale Buyer
CUST-02880,51,1.8,466388,12.6,Tools,Cash,38,14,Wholesale Buyer
CUST-02881,49,10.8,676320,12.4,Tools,Cash,28,1,Wholesale Buyer
CUST-02882,21,4.4,49927,5.5,Electronics,Mobile Money,20,9,Regular Shopper
CUST-02883,23,8.4,20225,1.9,Clothing,Mobile Money,4,11,Occasional Shopper
CUST-02884,32,0.6,16873,1.5,Tools,Mobile Money,4,12,Occasional Shopper
CUST-02885,33,2.3,97615,12.4,Food,Mobile Money,12,3,Regular Shopper
CUST-02886,38,3.6,63196,4.1,Food,Mobile Money,17,14,Regular Shopper
CUST-02887,44,16.0,68291,6.6,Food,Cash,20,14,Regular Shopper
CUST-02888,18,1.0,76072,6.8,Household,Cash,28,4,Regular Shopper
CUST-02889,46,1.3,652958,11.3,Tools,Cash,27,4,Wholesale Buyer
CUST-02890,22,3.1,27008,8.9,Clothing,Credit,18,7,Regular Shopper
CUST-02891,32,9.0,12841,0.5,Electronics,Cash,3,6,Occasional Shopper
CUST-02892,24,4.6,68783,5.8,Food,Mobile Money,24,6,Regular Shopper
CUST-02893,27,4.2,112867,8.1,Food,Mobile Money,18,6,Regular Shopper
CUST-02894,41,3.9,39539,22.2,Food,Mobile Money,58,8,Loyal Budget Buyer
CUST-02895,30,1.8,45269,15.2,Household,Cash,61,14,Loyal Budget Buyer
CUST-02896,51,1.7,32918,25.0,Food,Cash,47,1,Loyal Budget Buyer
CUST-02897,23,0.4,44531,7.7,Electronics,Credit,6,3,Regular Shopper
CUST-02898,25,6.6,93396,7.1,Household,Cash,19,13,Regular Shopper
CUST-02899,38,12.6,371640,13.6,Tools,Cash,42,7,Wholesale Buyer
CUST-02900,29,2.5,76846,7.0,Clothing,Cash,20,13,Regular Shopper
CUST-02901,30,7.5,36889,4.6,Clothing,Cash,26,14,Regular Shopper
CUST-02902,18,2.0,71441,7.2,Food,Credit,24,8,Regular Shopper
CUST-02903,31,1.6,29321,1.5,Clothing,Cash,2,14,Occasional Shopper
CUST-02904,30,3.1,81271,5.8,Tools,Mobile Money,26,13,Regular Shopper
CUST-02905,18,6.4,32278,1.7,Household,Cash,4,8,Occasional Shopper
CUST-02906,45,2.4,72400,8.9,Food,Cash,17,9,Regular Shopper
CUST-02907,47,0.4,107885,7.4,Food,Cash,10,4,Regular Shopper
CUST-02908,18,5.5,30283,21.7,Clothing,Cash,50,2,Loyal Budget Buyer
CUST-02909,31,1.1,335748,15.3,Tools,Cash,46,9,Wholesale Buyer
CUST-02910,33,14.8,52957,10.1,Food,Mobile Money,19,7,Regular Shopper
CUST-02911,42,14.8,523814,13.2,Tools,Mobile Money,22,10,Wholesale Buyer
CUST-02912,39,1.5,445681,16.4,Tools,Cash,29,7,Wholesale Buyer
CUST-02913,48,5.0,34236,9.8,Household,Mobile Money,56,12,Loyal Budget Buyer
CUST-02914,18,7.1,77499,7.1,Food,Mobile Money,17,9,Regular Shopper
CUST-02915,25,3.1,480091,12.4,Tools,Mobile Money,36,12,Wholesale Buyer
CUST-02916,30,1.4,80180,9.7,Tools,Mobile Money,12,10,Regular Shopper
CUST-02917,41,2.6,42597,23.2,Food,Cash,57,13,Loyal Budget Buyer
CUST-02918,31,1.6,10195,4.6,Clothing,Mobile Money,18,2,Regular Shopper
CUST-02919,42,2.1,426766,14.5,Tools,Cash,36,3,Wholesale Buyer
CUST-02920,25,3.4,20274,1.3,Clothing,Cash,4,1,Occasional Shopper
CUST-02921,42,2.7,30815,19.7,Clothing,Cash,65,1,Loyal Budget Buyer
CUST-02922,27,7.6,17146,1.5,Clothing,Cash,3,10,Occasional Shopper
CUST-02923,32,1.4,86453,9.0,Clothing,Cash,17,5,Regular Shopper
CUST-02924,44,13.0,387016,18.2,Tools,Mobile Money,44,5,Wholesale Buyer
CUST-02925,30,5.3,18364,17.4,Household,Mobile Money,45,13,Loyal Budget Buyer
CUST-02926,42,4.7,34718,5.8,Electronics,Mobile Money,21,9,Regular Shopper
CUST-02927,38,5.6,54826,8.0,Food,Mobile Money,18,10,Regular Shopper
CUST-02928,23,2.9,13699,20.5,Food,Mobile Money,49,1,Loyal Budget Buyer
CUST-02929,34,1.3,432983,13.5,Tools,Cash,36,2,Wholesale Buyer
CUST-02930,26,4.3,29453,15.3,Clothing,Cash,58,8,Loyal Budget Buyer
CUST-02931,58,26.6,50000,16.0,Clothing,Cash,31,4,Wholesale Buyer
CUST-02932,50,1.6,403598,11.1,Food,Cash,23,1,Wholesale Buyer
CUST-02933,26,4.5,15818,1.3,Clothing,Mobile Money,3,13,Occasional Shopper
CUST-02934,33,14.0,101822,4.3,Clothing,Mobile Money,17,1,Regular Shopper
CUST-02935,23,1.6,85772,5.7,Food,Cash,16,3,Regular Shopper
CUST-02936,41,1.2,24626,2.4,Clothing,Cash,9,13,Occasional Shopper
CUST-02937,21,0.4,11325,1.6,Clothing,Cash,5,8,Occasional Shopper
CUST-02938,52,4.8,687288,7.2,Tools,Mobile Money,44,10,Wholesale Buyer
CUST-02939,42,16.8,94250,8.6,Food,Mobile Money,12,4,Regular Shopper
CUST-02940,33,1.3,645110,16.7,Tools,Mobile Money,35,7,Wholesale Buyer
CUST-02941,49,6.5,512771,16.2,Tools,Mobile Money,39,3,Wholesale Buyer
CUST-02942,39,13.7,48636,8.5,Electronics,Cash,19,11,Regular Shopper
CUST-02943,35,1.2,12609,1.3,Clothing,Cash,3,9,Occasional Shopper
CUST-02944,53,5.6,30733,24.7,Food,Cash,53,4,Loyal Budget Buyer
CUST-02945,50,0.3,430873,15.3,Household,Credit,31,7,Wholesale Buyer
CUST-02946,28,7.1,58701,6.4,Clothing,Mobile Money,13,14,Regular Shopper
CUST-02947,50,10.0,457292,13.1,Food,Cash,37,8,Wholesale Buyer
CUST-02948,18,2.4,105153,5.5,Tools,Mobile Money,13,5,Regular Shopper
CUST-02949,18,11.3,22754,2.1,Clothing,Cash,4,2,Occasional Shopper
CUST-02950,36,5.1,112067,9.1,Food,Mobile Money,11,7,Regular Shopper
CUST-02951,36,2.7,31162,21.1,Tools,Cash,46,10,Loyal Budget Buyer
CUST-02952,29,13.2,80222,4.0,Electronics,Credit,16,14,Regular Shopper
CUST-02953,18,5.2,21862,3.9,Clothing,Cash,3,8,Occasional Shopper
CUST-02954,31,4.6,1800,1.6,Clothing,Mobile Money,5,13,Occasional Shopper
CUST-02955,38,1.0,620196,11.1,Food,Credit,31,9,Wholesale Buyer
CUST-02956,18,0.9,10842,1.4,Electronics,Cash,4,9,Occasional Shopper
CUST-02957,39,2.6,50525,19.8,Clothing,Cash,38,10,Loyal Budget Buyer
CUST-02958,49,16.0,68914,8.7,Electronics,Credit,16,8,Regular Shopper
CUST-02959,37,1.4,41731,27.5,Food,Mobile Money,58,6,Loyal Budget Buyer
CUST-02960,52,6.1,514549,6.3,Food,Cash,34,13,Wholesale Buyer
CUST-02961,37,8.6,34270,25.3,Food,Cash,59,10,Loyal Budget Buyer
CUST-02962,32,1.3,27081,20.1,Food,Cash,55,6,Loyal Budget Buyer
CUST-02963,20,4.3,20880,1.3,Clothing,Cash,1,10,Occasional Shopper
CUST-02964,33,1.6,63633,6.4,Food,Mobile Money,18,10,Regular Shopper
CUST-02965,25,4.2,27166,12.5,Food,Mobile Money,45,10,Loyal Budget Buyer
CUST-02966,39,6.5,259841,8.4,Food,Mobile Money,36,5,Wholesale Buyer
CUST-02967,35,1.8,54446,2.6,Clothing,Cash,13,1,Regular Shopper
CUST-02968,30,5.7,57649,22.6,Household,Mobile Money,37,1,Loyal Budget Buyer
CUST-02969,29,26.2,24501,0.5,Clothing,Cash,3,8,Occasional Shopper
CUST-02970,19,14.4,98489,10.3,Food,Mobile Money,26,4,Regular Shopper
CUST-02971,18,5.1,16927,0.9,Clothing,Cash,6,14,Occasional Shopper
CUST-02972,18,5.7,46105,5.7,Food,Cash,19,1,Regular Shopper
CUST-02973,20,2.4,21998,1.3,Clothing,Cash,3,10,Occasional Shopper
CUST-02974,36,5.5,102135,11.3,Tools,Cash,17,11,Regular Shopper
CUST-02975,35,4.7,63525,5.7,Electronics,Credit,17,14,Regular Shopper
CUST-02976,29,14.2,86213,5.7,Food,Credit,18,11,Regular Shopper
CUST-02977,36,0.5,15335,2.0,Electronics,Cash,2,3,Occasional Shopper
CUST-02978,28,1.0,631301,10.9,Tools,Cash,42,7,Wholesale Buyer
CUST-02979,46,3.9,593779,16.1,Tools,Mobile Money,30,3,Wholesale Buyer
CUST-02980,36,2.9,50405,8.3,Tools,Cash,20,4,Regular Shopper
CUST-02981,26,1.8,23725,1.8,Electronics,Mobile Money,4,13,Occasional Shopper
CUST-02982,31,2.0,18019,25.1,Tools,Mobile Money,44,5,Loyal Budget Buyer
CUST-02983,28,12.6,7500,6.6,Clothing,Credit,17,13,Regular Shopper
CUST-02984,22,5.5,17201,0.9,Household,Cash,3,6,Occasional Shopper
CUST-02985,47,3.3,424901,14.1,Electronics,Cash,34,4,Wholesale Buyer
CUST-02986,26,6.9,47863,10.6,Food,Cash,56,5,Loyal Budget Buyer
CUST-02987,37,0.9,11969,1.2,Electronics,Cash,2,7,Occasional Shopper
CUST-02988,26,11.3,390126,9.6,Household,Cash,34,6,Wholesale Buyer
CUST-02989,33,13.6,52269,7.5,Clothing,Cash,22,14,Regular Shopper
CUST-02990,35,3.0,684112,11.5,Tools,Cash,41,2,Wholesale Buyer
CUST-02991,18,3.7,16533,17.9,Household,Mobile Money,46,12,Loyal Budget Buyer
CUST-02992,21,12.1,82245,9.2,Food,Mobile Money,27,14,Regular Shopper
CUST-02993,18,0.9,42370,17.0,Food,Mobile Money,43,2,Loyal Budget Buyer
CUST-02994,38,6.9,440236,17.4,Tools,Credit,30,6,Wholesale Buyer
CUST-02995,18,12.6,24986,3.8,Clothing,Cash,9,3,Occasional Shopper
CUST-02996,44,8.8,28025,25.3,Household,Cash,53,6,Loyal Budget Buyer
CUST-02997,38,1.4,440820,15.6,Tools,Cash,37,1,Wholesale Buyer
CUST-02998,18,2.9,43562,6.0,Tools,Cash,16,5,Regular Shopper
CUST-02999,21,3.6,23005,0.7,Food,Credit,3,4,Occasional Shopper
CUST-03000,24,4.0,47679,9.4,Household,Cash,15,7,Regular Shopper
CUST-03001,36,9.6,55199,22.1,Household,Cash,41,3,Loyal Budget Buyer
CUST-03002,18,8.2,81072,3.4,Food,Credit,16,11,Regular Shopper
CUST-03003,33,2.5,16736,1.3,Electronics,Cash,7,8,Occasional Shopper
CUST-03004,37,7.8,683635,14.4,Food,Cash,33,14,Wholesale Buyer
CUST-03005,40,8.9,77910,9.7,Tools,Mobile Money,14,3,Regular Shopper
CUST-03006,35,3.6,22316,1.0,Clothing,Cash,4,3,Occasional Shopper
CUST-03007,34,2.5,64244,4.9,Food,Credit,15,11,Regular Shopper
CUST-03008,34,2.6,600835,15.7,Tools,Cash,32,1,Wholesale Buyer
CUST-03009,35,9.2,51238,9.1,Electronics,Cash,27,12,Regular Shopper
CUST-03010,26,2.6,31542,3.1,Electronics,Mobile Money,4,12,Occasional Shopper
CUST-03011,30,4.6,14586,0.8,Household,Cash,1,2,Occasional Shopper
CUST-03012,19,9.6,41778,9.1,Food,Cash,24,2,Regular Shopper
CUST-03013,41,11.8,60164,6.2,Clothing,Cash,16,5,Regular Shopper
CUST-03014,53,2.3,45730,9.0,Household,Cash,12,1,Regular Shopper
CUST-03015,23,8.2,529763,16.1,Clothing,Cash,29,12,Wholesale Buyer
CUST-03016,41,4.3,464624,18.1,Food,Cash,31,9,Wholesale Buyer
CUST-03017,37,4.1,37224,5.6,Clothing,Credit,11,14,Regular Shopper
CUST-03018,43,2.2,24942,20.7,Household,Cash,57,5,Loyal Budget Buyer
CUST-03019,39,11.8,529618,14.6,Food,Credit,45,7,Wholesale Buyer
CUST-03020,20,4.6,22965,1.2,Clothing,Cash,3,1,Occasional Shopper
CUST-03021,29,2.2,479779,17.4,Tools,Cash,34,11,Wholesale Buyer
CUST-03022,19,2.6,9898,1.0,Tools,Mobile Money,8,8,Occasional Shopper
CUST-03023,31,3.1,127983,3.5,Tools,Mobile Money,17,14,Regular Shopper
CUST-03024,24,1.1,38673,12.5,Electronics,Cash,41,8,Loyal Budget Buyer
CUST-03025,18,9.7,12848,0.6,Clothing,Mobile Money,5,13,Occasional Shopper
CUST-03026,33,4.0,12195,1.9,Clothing,Credit,5,12,Occasional Shopper
CUST-03027,43,26.0,32409,11.2,Electronics,Cash,52,8,Loyal Budget Buyer
CUST-03028,25,1.2,35445,24.0,Food,Cash,40,12,Loyal Budget Buyer
CUST-03029,49,0.5,22329,21.6,Food,Cash,55,8,Loyal Budget Buyer
CUST-03030,30,25.0,81640,6.2,Clothing,Cash,13,11,Regular Shopper
CUST-03031,39,5.7,417888,19.1,Food,Mobile Money,34,1,Wholesale Buyer
CUST-03032,49,5.7,575346,15.0,Tools,Cash,30,11,Wholesale Buyer
CUST-03033,23,8.0,31807,0.5,Food,Cash,2,3,Occasional Shopper
CUST-03034,35,0.5,25580,3.8,Tools,Cash,17,7,Regular Shopper
CUST-03035,18,2.9,33502,20.7,Food,Cash,42,11,Loyal Budget Buyer
CUST-03036,38,7.3,9273,0.5,Tools,Cash,10,13,Occasional Shopper
CUST-03037,43,5.6,483600,18.4,Electronics,Cash,31,5,Wholesale Buyer
CUST-03038,26,16.2,112973,5.6,Electronics,Cash,13,4,Regular Shopper
CUST-03039,30,3.3,31353,17.1,Clothing,Mobile Money,55,4,Loyal Budget Buyer
CUST-03040,26,5.1,80227,8.2,Food,Mobile Money,17,1,Regular Shopper
CUST-03041,39,8.1,64099,5.7,Electronics,Mobile Money,15,6,Regular Shopper
CUST-03042,18,1.2,13821,2.5,Food,Cash,4,13,Occasional Shopper
CUST-03043,34,15.2,39928,5.5,Electronics,Mobile Money,23,9,Regular Shopper
CUST-03044,38,3.5,710978,15.6,Food,Cash,38,9,Wholesale Buyer
CUST-03045,22,4.8,32629,0.7,Electronics,Credit,7,8,Occasional Shopper
CUST-03046,47,4.1,34748,14.8,Food,Cash,52,12,Loyal Budget Buyer
CUST-03047,49,6.4,121038,2.8,Food,Mobile Money,18,10,Regular Shopper
CUST-03048,26,11.5,419438,17.8,Household,Mobile Money,39,8,Wholesale Buyer
CUST-03049,34,4.5,34445,6.8,Clothing,Mobile Money,16,3,Regular Shopper
CUST-03050,28,1.5,72063,8.6,Tools,Mobile Money,19,4,Regular Shopper
CUST-03051,25,3.3,39429,7.0,Tools,Cash,17,14,Regular Shopper
CUST-03052,18,10.7,50936,16.7,Clothing,Cash,61,12,Loyal Budget Buyer
CUST-03053,41,4.4,480426,14.3,Tools,Cash,42,13,Wholesale Buyer
CUST-03054,20,9.5,64734,7.5,Household,Mobile Money,14,4,Regular Shopper
CUST-03055,23,2.3,37018,8.2,Food,Cash,25,6,Regular Shopper
CUST-03056,45,13.0,556349,11.9,Tools,Mobile Money,46,6,Wholesale Buyer
CUST-03057,43,1.3,22887,1.1,Food,Mobile Money,7,12,Occasional Shopper
CUST-03058,27,7.2,104086,8.1,Household,Mobile Money,19,1,Regular Shopper
CUST-03059,51,10.8,10945,29.1,Food,Mobile Money,47,6,Loyal Budget Buyer
CUST-03060,34,8.7,13295,2.0,Clothing,Mobile Money,5,14,Occasional Shopper
CUST-03061,31,2.7,63111,6.0,Food,Credit,14,7,Regular Shopper
CUST-03062,27,1.8,19084,1.1,Electronics,Cash,4,8,Occasional Shopper
CUST-03063,18,8.7,17344,1.3,Clothing,Cash,5,8,Occasional Shopper
CUST-03064,31,1.4,419806,13.1,Tools,Credit,30,14,Wholesale Buyer
CUST-03065,40,2.3,10238,1.7,Household,Cash,5,14,Occasional Shopper
CUST-03066,29,0.4,495101,16.5,Household,Cash,32,4,Wholesale Buyer
CUST-03067,35,1.3,60386,6.9,Food,Credit,17,10,Regular Shopper
CUST-03068,28,4.2,19418,2.9,Food,Cash,5,11,Occasional Shopper
CUST-03069,30,0.9,65378,8.4,Food,Mobile Money,17,2,Regular Shopper
CUST-03070,24,8.4,20711,17.9,Household,Cash,49,8,Loyal Budget Buyer
CUST-03071,43,11.2,45722,18.3,Food,Cash,50,13,Loyal Budget Buyer
CUST-03072,31,12.5,84105,9.2,Clothing,Credit,13,8,Regular Shopper
CUST-03073,18,1.0,110584,5.2,Tools,Mobile Money,14,1,Regular Shopper
CUST-03074,34,6.9,28081,0.9,Clothing,Cash,2,3,Occasional Shopper
CUST-03075,33,2.2,29229,16.6,Household,Mobile Money,44,1,Loyal Budget Buyer
CUST-03076,28,4.7,53332,4.5,Food,Mobile Money,19,1,Regular Shopper
CUST-03077,23,9.5,46957,18.8,Food,Cash,47,7,Loyal Budget Buyer
CUST-03078,37,22.0,35402,20.4,Food,Cash,42,14,Loyal Budget Buyer
CUST-03079,32,0.5,41193,21.0,Food,Cash,49,6,Loyal Budget Buyer
CUST-03080,33,5.4,48080,6.1,Electronics,Credit,20,10,Regular Shopper
CUST-03081,38,0.7,584370,10.0,Food,Credit,39,7,Wholesale Buyer
CUST-03082,40,4.9,35369,18.4,Food,Cash,52,10,Loyal Budget Buyer
CUST-03083,43,5.9,54314,9.8,Clothing,Cash,13,3,Regular Shopper
CUST-03084,39,5.5,87258,7.3,Food,Mobile Money,21,2,Regular Shopper
CUST-03085,27,1.1,90920,5.7,Tools,Cash,17,11,Regular Shopper
CUST-03086,31,1.4,877716,15.2,Clothing,Mobile Money,29,4,Wholesale Buyer
CUST-03087,24,4.4,23385,0.6,Clothing,Mobile Money,1,8,Occasional Shopper
CUST-03088,29,4.4,9820,1.8,Household,Mobile Money,1,7,Occasional Shopper
CUST-03089,44,3.8,87629,1.7,Tools,Credit,13,2,Regular Shopper
CUST-03090,29,2.9,94633,8.9,Clothing,Cash,26,7,Regular Shopper
CUST-03091,32,1.9,69840,6.3,Clothing,Mobile Money,20,4,Regular Shopper
CUST-03092,30,2.3,126717,8.6,Tools,Mobile Money,16,10,Regular Shopper
CUST-03093,18,5.4,21246,0.6,Clothing,Mobile Money,2,4,Occasional Shopper
CUST-03094,33,3.1,685247,17.3,Food,Mobile Money,31,12,Wholesale Buyer
CUST-03095,18,1.9,34089,20.9,Clothing,Cash,48,8,Loyal Budget Buyer
CUST-03096,42,1.2,13606,2.6,Clothing,Cash,3,14,Occasional Shopper
CUST-03097,26,0.7,108373,6.6,Tools,Credit,22,12,Regular Shopper
CUST-03098,19,5.6,24828,1.6,Clothing,Mobile Money,1,10,Occasional Shopper
CUST-03099,18,11.5,11225,2.4,Clothing,Cash,5,12,Occasional Shopper
CUST-03100,35,7.5,513129,13.1,Tools,Credit,44,1,Wholesale Buyer
CUST-03101,29,8.7,68225,6.7,Clothing,Mobile Money,19,6,Regular Shopper
CUST-03102,33,8.9,39563,4.9,Household,Mobile Money,13,10,Regular Shopper
CUST-03103,43,5.3,52553,22.0,Food,Mobile Money,51,5,Loyal Budget Buyer
CUST-03104,29,0.8,54247,8.0,Clothing,Cash,19,9,Regular Shopper
CUST-03105,37,4.2,724130,15.6,Household,Mobile Money,28,11,Wholesale Buyer
CUST-03106,24,10.7,44784,8.3,Electronics,Mobile Money,14,14,Regular Shopper
CUST-03107,21,4.1,60521,9.7,Food,Credit,26,4,Regular Shopper
CUST-03108,30,1.2,38919,6.3,Electronics,Credit,24,4,Regular Shopper
CUST-03109,31,5.2,38219,4.3,Electronics,Cash,10,14,Regular Shopper
CUST-03110,31,7.3,17444,21.5,Food,Cash,34,1,Loyal Budget Buyer
CUST-03111,34,7.1,650360,13.5,Tools,Cash,38,11,Wholesale Buyer
CUST-03112,48,5.1,349732,16.8,Food,Mobile Money,35,13,Wholesale Buyer
CUST-03113,40,1.1,49011,16.6,Tools,Cash,51,2,Loyal Budget Buyer
CUST-03114,39,29.1,15041,22.5,Food,Cash,53,8,Loyal Budget Buyer
CUST-03115,34,0.2,16810,1.3,Electronics,Cash,1,11,Occasional Shopper
CUST-03116,34,1.9,30429,15.8,Household,Cash,63,4,Loyal Budget Buyer
CUST-03117,20,4.2,51592,5.3,Food,Cash,24,14,Regular Shopper
CUST-03118,46,2.9,247517,18.5,Tools,Cash,29,5,Wholesale Buyer
CUST-03119,49,2.5,29770,19.5,Food,Cash,57,5,Loyal Budget Buyer
CUST-03120,46,7.1,641768,17.4,Food,Mobile Money,43,2,Wholesale Buyer
CUST-03121,35,4.1,40326,20.3,Clothing,Cash,49,6,Loyal Budget Buyer
CUST-03122,50,7.5,15840,1.9,Food,Mobile Money,2,9,Occasional Shopper
CUST-03123,18,3.2,67468,15.8,Food,Cash,48,13,Loyal Budget Buyer
CUST-03124,39,3.9,445099,18.4,Electronics,Mobile Money,31,4,Wholesale Buyer
CUST-03125,39,21.3,29175,23.4,Clothing,Mobile Money,48,9,Loyal Budget Buyer
CUST-03126,40,1.5,19335,1.7,Clothing,Mobile Money,4,11,Occasional Shopper
CUST-03127,37,1.2,107534,7.2,Household,Credit,17,6,Regular Shopper
CUST-03128,23,11.9,21928,1.1,Household,Cash,3,12,Occasional Shopper
CUST-03129,35,4.4,13527,22.1,Clothing,Cash,55,11,Loyal Budget Buyer
CUST-03130,25,4.1,21505,2.4,Food,Cash,6,5,Occasional Shopper
CUST-03131,31,0.7,40836,8.2,Household,Mobile Money,26,1,Regular Shopper
CUST-03132,18,5.3,24767,0.5,Electronics,Credit,6,7,Occasional Shopper
CUST-03133,25,1.0,15121,6.4,Food,Mobile Money,17,10,Regular Shopper
CUST-03134,24,7.6,56748,15.3,Food,Cash,67,8,Loyal Budget Buyer
CUST-03135,33,5.5,24156,10.3,Food,Cash,10,5,Regular Shopper
CUST-03136,37,1.3,9391,3.3,Household,Cash,22,12,Regular Shopper
CUST-03137,47,3.1,875235,14.5,Food,Cash,40,4,Wholesale Buyer
CUST-03138,30,7.7,77862,9.0,Food,Credit,20,9,Regular Shopper
CUST-03139,39,12.0,72788,2.7,Tools,Credit,18,1,Regular Shopper
CUST-03140,29,1.0,23569,24.8,Food,Cash,51,7,Loyal Budget Buyer
CUST-03141,33,6.0,47597,20.7,Food,Cash,53,13,Loyal Budget Buyer
CUST-03142,33,3.6,92556,8.5,Food,Mobile Money,25,10,Regular Shopper
CUST-03143,45,2.8,18642,2.5,Electronics,Cash,3,2,Occasional Shopper
CUST-03144,24,6.1,9360,1.2,Household,Cash,1,7,Occasional Shopper
CUST-03145,43,14.3,34310,24.7,Household,Mobile Money,61,11,Loyal Budget Buyer
CUST-03146,27,6.7,131325,8.7,Clothing,Mobile Money,17,14,Regular Shopper
CUST-03147,44,3.1,34024,22.4,Food,Mobile Money,50,13,Loyal Budget Buyer
CUST-03148,30,2.4,28081,2.4,Electronics,Cash,3,8,Occasional Shopper
CUST-03149,25,9.2,67107,8.4,Food,Mobile Money,22,2,Regular Shopper
CUST-03150,41,2.9,308080,14.5,Electronics,Credit,27,4,Wholesale Buyer
CUST-03151,49,8.2,548101,15.1,Food,Cash,41,10,Wholesale Buyer
CUST-03152,27,0.4,49488,3.9,Electronics,Mobile Money,11,12,Regular Shopper
CUST-03153,48,9.3,546962,19.8,Food,Credit,42,6,Wholesale Buyer
CUST-03154,42,7.1,617724,16.5,Tools,Mobile Money,37,11,Wholesale Buyer
CUST-03155,18,8.8,16673,2.4,Clothing,Cash,4,10,Occasional Shopper
CUST-03156,31,13.6,14220,25.6,Food,Mobile Money,39,9,Loyal Budget Buyer
CUST-03157,37,4.3,11088,1.4,Clothing,Cash,3,12,Occasional Shopper
CUST-03158,18,4.3,71259,8.7,Food,Cash,14,2,Regular Shopper
CUST-03159,35,0.3,138170,5.6,Clothing,Credit,17,1,Regular Shopper
CUST-03160,22,2.5,28674,0.5,Clothing,Cash,1,9,Occasional Shopper
CUST-03161,53,0.9,52520,18.1,Clothing,Cash,50,2,Loyal Budget Buyer
CUST-03162,32,2.0,345704,12.6,Tools,Cash,30,6,Wholesale Buyer
CUST-03163,21,7.4,22129,1.3,Electronics,Cash,1,5,Occasional Shopper
CUST-03164,38,7.2,597975,13.9,Tools,Mobile Money,40,13,Wholesale Buyer
CUST-03165,34,4.6,43563,15.8,Food,Cash,56,9,Loyal Budget Buyer
CUST-03166,21,1.3,1800,1.8,Food,Cash,3,8,Occasional Shopper
CUST-03167,24,7.7,51903,4.9,Food,Cash,19,5,Regular Shopper
CUST-03168,31,1.2,102032,5.3,Food,Cash,21,13,Regular Shopper
CUST-03169,42,1.4,101701,6.9,Electronics,Mobile Money,15,10,Regular Shopper
CUST-03170,26,1.1,51323,5.8,Household,Mobile Money,27,6,Regular Shopper
CUST-03171,21,2.5,2997,1.8,Food,Cash,4,10,Occasional Shopper
CUST-03172,26,10.2,83721,6.8,Food,Cash,16,7,Regular Shopper
CUST-03173,70,0.3,651597,11.3,Clothing,Mobile Money,38,5,Wholesale Buyer
CUST-03174,23,0.3,68331,6.7,Clothing,Cash,11,6,Regular Shopper
CUST-03175,35,4.2,62687,17.3,Food,Mobile Money,42,6,Loyal Budget Buyer
CUST-03176,35,5.5,12539,1.5,Food,Mobile Money,2,1,Occasional Shopper
CUST-03177,39,4.2,469878,14.7,Food,Cash,34,14,Wholesale Buyer
CUST-03178,21,2.2,17715,1.8,Clothing,Mobile Money,5,2,Occasional Shopper
CUST-03179,39,2.0,35201,19.2,Household,Cash,33,9,Loyal Budget Buyer
CUST-03180,18,1.2,25125,1.2,Household,Mobile Money,2,8,Occasional Shopper
CUST-03181,35,4.7,35466,19.9,Household,Mobile Money,56,14,Loyal Budget Buyer
CUST-03182,18,5.1,9114,1.3,Tools,Cash,7,2,Occasional Shopper
CUST-03183,36,3.3,435728,12.8,Clothing,Cash,40,5,Wholesale Buyer
CUST-03184,46,1.4,59150,2.2,Clothing,Cash,11,13,Regular Shopper
CUST-03185,36,4.6,42629,13.1,Tools,Cash,50,14,Loyal Budget Buyer
CUST-03186,27,8.0,101417,8.3,Tools,Cash,11,4,Regular Shopper
CUST-03187,37,2.1,31784,16.7,Tools,Cash,57,13,Loyal Budget Buyer
CUST-03188,20,5.4,78288,6.9,Electronics,Credit,26,8,Regular Shopper
CUST-03189,32,10.6,28229,17.4,Food,Cash,40,4,Loyal Budget Buyer
CUST-03190,38,7.0,21368,2.1,Clothing,Mobile Money,1,2,Occasional Shopper
CUST-03191,57,0.6,28805,24.0,Clothing,Credit,51,13,Loyal Budget Buyer
CUST-03192,20,3.0,30271,28.8,Household,Cash,50,3,Loyal Budget Buyer
CUST-03193,36,3.8,105321,8.6,Food,Mobile Money,16,11,Regular Shopper
CUST-03194,52,2.8,27109,17.8,Tools,Cash,48,8,Loyal Budget Buyer
CUST-03195,45,11.8,411568,11.0,Tools,Mobile Money,45,13,Wholesale Buyer
CUST-03196,40,8.0,68624,5.2,Clothing,Cash,14,14,Regular Shopper
CUST-03197,54,9.3,26649,16.9,Electronics,Cash,44,6,Loyal Budget Buyer
CUST-03198,29,18.0,37002,25.4,Household,Cash,56,14,Loyal Budget Buyer
CUST-03199,23,0.5,484560,14.0,Food,Mobile Money,38,8,Wholesale Buyer
CUST-03200,25,7.6,33813,18.2,Tools,Mobile Money,47,9,Loyal Budget Buyer
CUST-03201,34,2.3,565749,11.1,Tools,Cash,29,1,Wholesale Buyer
CUST-03202,30,2.5,9486,1.9,Clothing,Cash,1,8,Occasional Shopper
CUST-03203,24,2.3,41945,18.8,Tools,Cash,48,2,Loyal Budget Buyer
CUST-03204,24,10.9,70717,4.7,Clothing,Cash,18,8,Regular Shopper
CUST-03205,33,1.1,593787,13.1,Food,Mobile Money,43,8,Wholesale Buyer
CUST-03206,30,1.3,24462,2.1,Food,Cash,3,13,Occasional Shopper
CUST-03207,37,3.8,48876,24.0,Food,Cash,44,5,Loyal Budget Buyer
CUST-03208,20,1.0,35942,19.0,Food,Mobile Money,41,9,Loyal Budget Buyer
CUST-03209,28,0.4,36480,6.2,Household,Mobile Money,22,6,Regular Shopper
CUST-03210,20,4.4,30481,7.9,Electronics,Cash,23,1,Regular Shopper
CUST-03211,18,0.7,17619,0.9,Clothing,Mobile Money,5,11,Occasional Shopper
CUST-03212,33,3.4,14070,1.0,Food,Cash,1,14,Occasional Shopper
CUST-03213,25,2.8,471921,17.5,Tools,Mobile Money,29,1,Wholesale Buyer
CUST-03214,35,1.0,1964,0.5,Food,Cash,4,12,Occasional Shopper
CUST-03215,24,16.3,39614,23.2,Food,Cash,45,5,Loyal Budget Buyer
CUST-03216,35,0.2,41992,19.3,Clothing,Cash,58,8,Loyal Budget Buyer
CUST-03217,40,6.5,42414,20.1,Food,Cash,48,14,Loyal Budget Buyer
CUST-03218,35,0.5,444547,17.8,Food,Mobile Money,42,12,Wholesale Buyer
CUST-03219,35,2.5,94475,10.2,Electronics,Cash,15,8,Regular Shopper
CUST-03220,31,1.4,564972,11.7,Tools,Mobile Money,33,12,Wholesale Buyer
CUST-03221,29,0.9,62532,6.8,Electronics,Cash,23,12,Regular Shopper
CUST-03222,56,1.2,714090,12.1,Household,Cash,26,3,Wholesale Buyer
CUST-03223,25,1.5,21542,2.7,Electronics,Mobile Money,4,9,Occasional Shopper
CUST-03224,36,4.2,75452,8.3,Food,Mobile Money,15,8,Regular Shopper
CUST-03225,29,7.0,29552,3.3,Clothing,Cash,4,5,Occasional Shopper
CUST-03226,18,4.2,37748,7.0,Electronics,Cash,21,8,Regular Shopper
CUST-03227,36,5.4,72931,4.8,Tools,Credit,16,9,Regular Shopper
CUST-03228,27,3.2,75231,8.1,Food,Cash,18,9,Regular Shopper
CUST-03229,40,2.4,526630,15.6,Clothing,Cash,41,1,Wholesale Buyer
CUST-03230,25,1.1,50690,20.1,Food,Mobile Money,48,12,Loyal Budget Buyer
CUST-03231,39,0.3,19027,1.9,Clothing,Mobile Money,3,8,Occasional Shopper
CUST-03232,30,3.1,62904,8.4,Electronics,Cash,20,4,Regular Shopper
CUST-03233,21,3.7,23536,18.1,Clothing,Cash,49,4,Loyal Budget Buyer
CUST-03234,22,15.0,119157,7.7,Household,Cash,18,1,Regular Shopper
CUST-03235,36,4.4,3282,1.6,Electronics,Mobile Money,6,8,Occasional Shopper
CUST-03236,43,2.0,35919,20.1,Tools,Cash,51,9,Loyal Budget Buyer
CUST-03237,43,11.3,44580,22.6,Electronics,Mobile Money,47,5,Loyal Budget Buyer
CUST-03238,30,2.2,53868,14.9,Food,Cash,68,9,Loyal Budget Buyer
CUST-03239,32,7.0,45213,21.9,Tools,Cash,63,1,Loyal Budget Buyer
CUST-03240,25,11.3,430322,13.8,Clothing,Cash,37,5,Wholesale Buyer
CUST-03241,41,3.5,69198,4.2,Tools,Cash,14,5,Regular Shopper
CUST-03242,46,1.7,60346,5.4,Tools,Mobile Money,10,8,Regular Shopper
CUST-03243,47,1.3,41401,9.7,Food,Mobile Money,17,12,Regular Shopper
CUST-03244,43,6.6,47146,7.0,Clothing,Mobile Money,21,12,Regular Shopper
CUST-03245,41,4.9,491198,11.9,Tools,Credit,46,8,Wholesale Buyer
CUST-03246,26,0.7,14311,0.5,Clothing,Cash,4,1,Occasional Shopper
CUST-03247,18,4.7,348251,12.8,Tools,Mobile Money,25,1,Wholesale Buyer
CUST-03248,33,1.8,80758,6.6,Tools,Mobile Money,21,9,Regular Shopper
CUST-03249,24,2.8,16308,1.4,Clothing,Mobile Money,9,7,Occasional Shopper
CUST-03250,42,4.6,451807,11.4,Tools,Credit,40,8,Wholesale Buyer
CUST-03251,20,3.2,92213,7.7,Food,Cash,18,5,Regular Shopper
CUST-03252,31,1.2,575018,17.0,Tools,Mobile Money,38,4,Wholesale Buyer
CUST-03253,23,2.5,29429,1.0,Clothing,Mobile Money,6,1,Occasional Shopper
CUST-03254,19,9.3,85669,9.7,Food,Cash,19,3,Regular Shopper
CUST-03255,50,5.1,118982,7.6,Food,Mobile Money,18,7,Regular Shopper
CUST-03256,38,1.0,5470,15.6,Tools,Cash,53,7,Loyal Budget Buyer
CUST-03257,38,1.7,120211,9.0,Household,Cash,14,5,Regular Shopper
CUST-03258,20,3.9,77819,7.6,Household,Cash,21,13,Regular Shopper
CUST-03259,23,1.9,87023,9.0,Electronics,Cash,11,4,Regular Shopper
CUST-03260,28,0.9,64187,15.4,Tools,Cash,50,14,Loyal Budget Buyer
CUST-03261,40,8.0,26329,14.9,Electronics,Cash,51,7,Loyal Budget Buyer
CUST-03262,32,7.1,32877,20.8,Clothing,Cash,49,6,Loyal Budget Buyer
CUST-03263,20,12.0,11613,1.3,Food,Cash,4,9,Occasional Shopper
CUST-03264,30,2.2,23723,1.8,Clothing,Cash,6,11,Occasional Shopper
CUST-03265,18,8.9,19522,0.6,Tools,Mobile Money,7,10,Occasional Shopper
CUST-03266,30,1.8,86524,8.7,Clothing,Credit,19,2,Regular Shopper
CUST-03267,33,2.4,19734,3.0,Clothing,Cash,3,3,Occasional Shopper
CUST-03268,25,3.7,12651,1.8,Household,Cash,5,11,Occasional Shopper
CUST-03269,45,0.4,21423,1.2,Electronics,Mobile Money,5,6,Occasional Shopper
CUST-03270,26,0.5,86108,7.0,Clothing,Cash,15,8,Regular Shopper
CUST-03271,18,6.5,32654,7.5,Food,Cash,18,9,Regular Shopper
CUST-03272,18,0.7,22757,2.0,Clothing,Mobile Money,2,6,Occasional Shopper
CUST-03273,48,1.6,431109,15.6,Electronics,Mobile Money,31,2,Wholesale Buyer
CUST-03274,36,0.3,15409,1.1,Electronics,Cash,1,2,Occasional Shopper
CUST-03275,18,8.9,38732,3.0,Clothing,Cash,1,7,Occasional Shopper
CUST-03276,18,2.6,79211,5.3,Clothing,Cash,14,3,Regular Shopper
CUST-03277,41,11.5,596249,16.5,Electronics,Cash,38,7,Wholesale Buyer
CUST-03278,20,2.6,57881,6.4,Tools,Mobile Money,28,2,Regular Shopper
CUST-03279,38,5.3,444018,22.2,Tools,Mobile Money,38,2,Wholesale Buyer
CUST-03280,43,3.5,47621,18.0,Food,Mobile Money,51,3,Loyal Budget Buyer
CUST-03281,36,2.3,50100,7.8,Household,Mobile Money,13,13,Regular Shopper
CUST-03282,24,1.3,90121,3.6,Food,Cash,13,8,Regular Shopper
CUST-03283,31,2.1,23599,1.1,Clothing,Mobile Money,3,10,Occasional Shopper
CUST-03284,33,10.7,75776,6.0,Electronics,Mobile Money,19,2,Regular Shopper
CUST-03285,34,1.7,17644,2.3,Clothing,Mobile Money,3,9,Occasional Shopper
CUST-03286,29,12.3,18659,21.5,Household,Cash,50,11,Loyal Budget Buyer
CUST-03287,39,2.4,80738,7.0,Tools,Cash,17,14,Regular Shopper
CUST-03288,34,0.2,18793,1.8,Clothing,Cash,5,11,Occasional Shopper
CUST-03289,28,1.4,16253,2.4,Food,Mobile Money,7,8,Occasional Shopper
CUST-03290,21,9.9,13443,2.0,Clothing,Cash,2,4,Occasional Shopper
CUST-03291,36,7.8,45436,19.5,Tools,Cash,55,10,Loyal Budget Buyer
CUST-03292,45,8.5,34203,6.1,Food,Cash,16,5,Regular Shopper
CUST-03293,42,2.9,431989,13.7,Food,Mobile Money,27,9,Wholesale Buyer
CUST-03294,32,10.0,25320,1.1,Tools,Cash,3,13,Occasional Shopper
CUST-03295,34,0.7,123331,7.6,Food,Cash,16,6,Regular Shopper
CUST-03296,43,1.9,484291,19.2,Food,Cash,35,4,Wholesale Buyer
CUST-03297,22,2.8,30819,22.4,Household,Mobile Money,52,2,Loyal Budget Buyer
CUST-03298,31,3.7,11884,1.6,Food,Cash,6,7,Occasional Shopper
CUST-03299,44,2.6,37779,19.9,Food,Cash,47,8,Loyal Budget Buyer
CUST-03300,35,8.7,78330,16.9,Household,Cash,51,9,Loyal Budget Buyer
CUST-03301,30,0.5,15600,16.7,Electronics,Mobile Money,41,12,Loyal Budget Buyer
CUST-03302,30,1.0,67836,10.6,Food,Cash,16,12,Regular Shopper
CUST-03303,18,8.9,20765,23.7,Tools,Cash,65,6,Loyal Budget Buyer
CUST-03304,32,5.8,32846,9.0,Clothing,Mobile Money,17,7,Regular Shopper
CUST-03305,29,9.1,20681,1.6,Food,Cash,4,13,Occasional Shopper
CUST-03306,33,2.6,28916,8.1,Electronics,Mobile Money,10,3,Regular Shopper
CUST-03307,32,7.3,23571,16.8,Clothing,Cash,25,5,Loyal Budget Buyer
CUST-03308,22,3.4,92575,8.1,Food,Mobile Money,16,8,Regular Shopper
CUST-03309,35,14.4,36261,3.9,Clothing,Mobile Money,9,1,Regular Shopper
CUST-03310,34,1.5,18014,18.4,Food,Mobile Money,56,14,Loyal Budget Buyer
CUST-03311,18,2.0,73025,7.9,Food,Mobile Money,21,3,Regular Shopper
CUST-03312,24,3.3,15415,2.6,Household,Mobile Money,2,1,Occasional Shopper
CUST-03313,39,1.8,577106,13.9,Clothing,Cash,41,13,Wholesale Buyer
CUST-03314,23,4.8,23295,15.5,Household,Cash,47,10,Loyal Budget Buyer
CUST-03315,37,2.2,20679,0.8,Clothing,Cash,3,10,Occasional Shopper
CUST-03316,37,25.7,42370,23.1,Household,Mobile Money,47,4,Loyal Budget Buyer
CUST-03317,18,6.0,27123,0.8,Electronics,Cash,2,6,Occasional Shopper
CUST-03318,42,1.6,98815,4.2,Tools,Mobile Money,20,1,Regular Shopper
CUST-03319,45,0.4,35646,6.6,Tools,Credit,16,11,Regular Shopper
CUST-03320,48,0.9,41893,17.0,Food,Cash,62,12,Loyal Budget Buyer
CUST-03321,27,2.5,107267,7.8,Electronics,Mobile Money,14,2,Regular Shopper
CUST-03322,18,2.5,23065,2.1,Food,Mobile Money,6,13,Occasional Shopper
CUST-03323,26,3.7,473192,15.3,Food,Cash,36,3,Wholesale Buyer
CUST-03324,20,1.1,59497,5.8,Tools,Cash,14,7,Regular Shopper
CUST-03325,29,7.1,27256,6.9,Food,Cash,14,11,Regular Shopper
CUST-03326,30,0.5,47367,8.2,Tools,Cash,17,13,Regular Shopper
CUST-03327,47,20.2,388990,7.4,Food,Cash,28,10,Wholesale Buyer
CUST-03328,31,13.2,112579,8.5,Food,Mobile Money,17,5,Regular Shopper
CUST-03329,36,11.5,57793,9.2,Food,Cash,12,4,Regular Shopper
CUST-03330,27,1.5,4844,1.5,Clothing,Cash,2,12,Occasional Shopper
CUST-03331,32,2.4,13944,1.6,Household,Cash,4,7,Occasional Shopper
CUST-03332,33,2.5,40892,18.7,Clothing,Cash,67,11,Loyal Budget Buyer
CUST-03333,18,3.5,12620,1.5,Electronics,Mobile Money,3,9,Occasional Shopper
CUST-03334,24,4.3,45298,7.0,Household,Mobile Money,18,6,Regular Shopper
CUST-03335,29,0.8,45919,17.5,Food,Cash,63,9,Loyal Budget Buyer
CUST-03336,36,2.7,64736,7.7,Food,Credit,15,10,Regular Shopper
CUST-03337,18,3.7,9091,1.3,Clothing,Cash,4,5,Occasional Shopper
CUST-03338,34,1.6,9031,0.7,Clothing,Cash,5,6,Occasional Shopper
CUST-03339,31,10.6,28916,8.4,Tools,Mobile Money,14,1,Regular Shopper
CUST-03340,23,5.4,99332,2.1,Food,Cash,14,9,Regular Shopper
CUST-03341,18,0.7,17355,1.3,Household,Cash,5,6,Occasional Shopper
CUST-03342,35,3.1,52337,18.4,Household,Cash,41,6,Loyal Budget Buyer
CUST-03343,44,3.1,30367,22.1,Clothing,Mobile Money,48,7,Loyal Budget Buyer
CUST-03344,52,6.2,632747,12.6,Tools,Mobile Money,36,8,Wholesale Buyer
CUST-03345,25,3.7,94094,5.3,Clothing,Cash,21,5,Regular Shopper
CUST-03346,29,1.0,86528,8.0,Food,Credit,26,4,Regular Shopper
CUST-03347,23,1.3,17437,2.6,Household,Cash,1,8,Occasional Shopper
CUST-03348,26,23.9,19080,1.0,Clothing,Cash,1,12,Occasional Shopper
CUST-03349,42,5.6,76990,6.2,Food,Credit,20,5,Regular Shopper
CUST-03350,29,3.9,34971,27.2,Electronics,Mobile Money,46,3,Loyal Budget Buyer
CUST-03351,38,11.8,90294,6.6,Clothing,Mobile Money,12,12,Regular Shopper
CUST-03352,48,2.4,365869,14.1,Tools,Cash,33,7,Wholesale Buyer
CUST-03353,34,6.5,21218,1.3,Household,Cash,3,6,Occasional Shopper
CUST-03354,18,4.3,29601,1.8,Clothing,Mobile Money,4,14,Occasional Shopper
CUST-03355,18,2.4,44341,6.0,Tools,Credit,16,7,Regular Shopper
CUST-03356,46,7.5,701737,9.9,Household,Mobile Money,31,8,Wholesale Buyer
CUST-03357,42,2.4,114799,8.7,Tools,Cash,24,14,Regular Shopper
CUST-03358,18,6.1,19751,2.0,Clothing,Mobile Money,2,1,Occasional Shopper
CUST-03359,18,4.1,47331,9.2,Food,Mobile Money,19,4,Regular Shopper
CUST-03360,42,1.0,791263,12.9,Electronics,Cash,45,13,Wholesale Buyer
CUST-03361,18,7.5,26711,9.8,Household,Credit,22,1,Regular Shopper
CUST-03362,50,6.6,94005,4.1,Food,Cash,23,1,Regular Shopper
CUST-03363,18,1.3,98108,10.3,Food,Cash,11,14,Regular Shopper
CUST-03364,43,1.9,469696,12.4,Clothing,Cash,42,5,Wholesale Buyer
CUST-03365,25,14.4,78011,2.9,Food,Cash,24,7,Regular Shopper
CUST-03366,40,7.2,130304,17.5,Clothing,Credit,42,3,Wholesale Buyer
CUST-03367,32,1.4,27000,0.5,Clothing,Cash,5,7,Occasional Shopper
CUST-03368,37,0.2,18295,1.2,Clothing,Cash,4,11,Occasional Shopper
CUST-03369,21,1.5,111861,9.8,Clothing,Cash,12,8,Regular Shopper
CUST-03370,52,6.3,33258,2.4,Tools,Mobile Money,1,1,Occasional Shopper
CUST-03371,34,5.2,515498,15.2,Household,Mobile Money,29,10,Wholesale Buyer
CUST-03372,43,2.8,20335,0.5,Clothing,Cash,4,4,Occasional Shopper
CUST-03373,34,2.1,35736,8.0,Food,Cash,20,10,Regular Shopper
CUST-03374,42,5.4,375491,14.4,Household,Mobile Money,25,4,Wholesale Buyer
CUST-03375,50,9.5,540131,12.6,Tools,Cash,39,9,Wholesale Buyer
CUST-03376,32,0.3,78577,7.6,Clothing,Cash,21,5,Regular Shopper
CUST-03377,41,1.2,70600,4.2,Tools,Cash,10,14,Regular Shopper
CUST-03378,30,5.7,83227,4.2,Food,Mobile Money,15,12,Regular Shopper
CUST-03379,37,0.7,701834,9.8,Tools,Mobile Money,27,4,Wholesale Buyer
CUST-03380,21,2.1,15038,0.5,Food,Cash,3,6,Occasional Shopper
CUST-03381,30,1.3,42947,9.4,Food,Mobile Money,9,13,Regular Shopper
CUST-03382,39,0.7,35155,24.2,Tools,Cash,48,4,Loyal Budget Buyer
CUST-03383,31,2.6,44071,18.3,Food,Cash,55,2,Loyal Budget Buyer
CUST-03384,30,5.1,9919,2.7,Tools,Cash,4,7,Occasional Shopper
CUST-03385,30,18.1,73691,4.0,Household,Cash,13,12,Regular Shopper
CUST-03386,26,3.4,72761,10.0,Household,Cash,12,9,Regular Shopper
CUST-03387,32,1.2,45855,26.6,Household,Cash,47,7,Loyal Budget Buyer
CUST-03388,30,5.7,105618,8.3,Clothing,Mobile Money,21,7,Regular Shopper
CUST-03389,34,3.3,66348,3.4,Tools,Credit,18,14,Regular Shopper
CUST-03390,29,4.3,347987,10.2,Tools,Mobile Money,32,9,Wholesale Buyer
CUST-03391,49,25.1,496653,16.2,Household,Cash,33,2,Wholesale Buyer
CUST-03392,40,1.1,13685,7.4,Food,Cash,14,8,Regular Shopper
CUST-03393,18,2.1,47573,6.5,Electronics,Cash,15,3,Regular Shopper
CUST-03394,27,5.5,81484,9.3,Tools,Mobile Money,21,13,Regular Shopper
CUST-03395,39,0.6,349940,14.4,Clothing,Mobile Money,34,10,Wholesale Buyer
CUST-03396,18,4.5,103373,10.8,Food,Mobile Money,17,14,Regular Shopper
CUST-03397,33,14.7,25109,6.9,Tools,Mobile Money,22,7,Regular Shopper
CUST-03398,35,11.8,775501,11.8,Food,Mobile Money,40,4,Wholesale Buyer
CUST-03399,34,5.5,139414,11.3,Clothing,Cash,19,14,Regular Shopper
CUST-03400,30,3.3,14550,1.9,Electronics,Cash,1,9,Occasional Shopper
CUST-03401,36,13.7,43485,16.9,Food,Cash,45,6,Loyal Budget Buyer
CUST-03402,45,11.1,625560,13.0,Tools,Cash,45,14,Wholesale Buyer
CUST-03403,39,2.8,25955,16.9,Food,Cash,44,3,Loyal Budget Buyer
CUST-03404,18,1.4,20788,1.3,Food,Cash,5,7,Occasional Shopper
CUST-03405,30,0.4,20284,1.9,Clothing,Cash,9,1,Occasional Shopper
CUST-03406,18,2.1,666136,17.4,Tools,Mobile Money,44,4,Wholesale Buyer
CUST-03407,26,5.1,26273,22.5,Food,Cash,48,5,Loyal Budget Buyer
CUST-03408,38,2.8,94710,6.1,Food,Mobile Money,19,4,Regular Shopper
CUST-03409,28,2.0,74734,9.1,Food,Cash,21,2,Regular Shopper
CUST-03410,32,7.4,68681,8.5,Food,Mobile Money,19,8,Regular Shopper
CUST-03411,29,3.6,617008,14.2,Household,Cash,32,4,Wholesale Buyer
CUST-03412,49,1.3,80944,5.1,Household,Mobile Money,14,9,Regular Shopper
CUST-03413,33,4.8,17824,2.0,Clothing,Cash,3,8,Occasional Shopper
CUST-03414,50,15.2,632038,15.7,Food,Mobile Money,33,3,Wholesale Buyer
CUST-03415,27,5.1,20391,2.3,Clothing,Mobile Money,3,4,Occasional Shopper
CUST-03416,25,10.3,85764,8.7,Food,Mobile Money,20,6,Regular Shopper
CUST-03417,19,2.5,101841,7.1,Tools,Mobile Money,20,1,Regular Shopper
CUST-03418,37,6.7,124782,3.8,Tools,Cash,16,1,Regular Shopper
CUST-03419,30,5.9,27187,1.7,Food,Credit,6,7,Occasional Shopper
CUST-03420,40,1.9,25730,15.5,Food,Mobile Money,47,14,Loyal Budget Buyer
CUST-03421,36,6.6,29696,23.0,Household,Credit,38,1,Loyal Budget Buyer
CUST-03422,46,2.4,60876,7.8,Clothing,Mobile Money,15,14,Regular Shopper
CUST-03423,29,5.6,54943,18.0,Clothing,Cash,44,9,Loyal Budget Buyer
CUST-03424,55,21.1,50995,6.6,Clothing,Cash,14,1,Regular Shopper
CUST-03425,51,8.2,36702,22.2,Tools,Cash,49,10,Loyal Budget Buyer
CUST-03426,34,6.7,52198,6.9,Food,Credit,13,4,Regular Shopper
CUST-03427,33,2.9,238616,18.4,Tools,Cash,37,13,Wholesale Buyer
CUST-03428,43,6.5,55037,8.8,Food,Mobile Money,16,7,Regular Shopper
CUST-03429,20,0.3,20403,14.0,Clothing,Cash,48,3,Loyal Budget Buyer
CUST-03430,32,1.6,30012,20.9,Household,Cash,51,5,Loyal Budget Buyer
CUST-03431,18,2.5,12880,2.2,Tools,Cash,4,2,Occasional Shopper
CUST-03432,29,5.8,125740,6.1,Food,Mobile Money,19,10,Regular Shopper
CUST-03433,36,14.8,27578,15.9,Food,Cash,45,10,Loyal Budget Buyer
CUST-03434,26,0.3,58244,6.2,Electronics,Mobile Money,19,4,Regular Shopper
CUST-03435,30,3.5,42150,26.3,Clothing,Cash,56,13,Loyal Budget Buyer
CUST-03436,42,0.7,72071,4.4,Food,Mobile Money,22,3,Regular Shopper
CUST-03437,47,1.0,540691,13.6,Electronics,Cash,36,5,Wholesale Buyer
CUST-03438,30,1.6,598276,13.4,Household,Mobile Money,38,2,Wholesale Buyer
CUST-03439,41,0.5,111912,10.7,Tools,Mobile Money,16,8,Regular Shopper
CUST-03440,44,2.1,586623,15.4,Food,Credit,48,4,Wholesale Buyer
CUST-03441,25,7.5,78523,3.1,Food,Mobile Money,17,14,Regular Shopper
CUST-03442,30,0.8,32147,21.2,Food,Mobile Money,51,2,Loyal Budget Buyer
CUST-03443,18,3.7,42489,19.9,Food,Cash,52,1,Loyal Budget Buyer
CUST-03444,47,3.5,496742,16.7,Household,Credit,35,14,Wholesale Buyer
CUST-03445,27,1.5,417219,14.5,Tools,Credit,34,8,Wholesale Buyer
CUST-03446,37,14.2,99719,4.9,Clothing,Cash,23,9,Regular Shopper
CUST-03447,47,0.3,13446,1.8,Clothing,Mobile Money,2,5,Occasional Shopper
CUST-03448,38,8.5,36985,19.9,Electronics,Cash,47,6,Loyal Budget Buyer
CUST-03449,35,2.5,95581,6.4,Household,Cash,19,13,Regular Shopper
CUST-03450,30,0.4,14830,5.2,Food,Cash,23,2,Regular Shopper
CUST-03451,29,14.4,70753,11.2,Clothing,Cash,19,4,Regular Shopper
CUST-03452,23,15.1,44794,21.2,Household,Cash,52,1,Loyal Budget Buyer
CUST-03453,37,4.3,26449,20.8,Food,Cash,47,9,Loyal Budget Buyer
CUST-03454,37,8.8,100697,8.6,Food,Mobile Money,12,7,Regular Shopper
CUST-03455,34,7.9,326418,18.8,Electronics,Mobile Money,32,6,Wholesale Buyer
CUST-03456,33,5.2,63888,8.3,Household,Mobile Money,14,1,Regular Shopper
CUST-03457,34,14.0,32594,14.1,Tools,Cash,53,1,Loyal Budget Buyer
CUST-03458,43,1.2,429794,15.8,Electronics,Cash,35,5,Wholesale Buyer
CUST-03459,47,0.4,56163,24.3,Food,Mobile Money,50,1,Loyal Budget Buyer
CUST-03460,36,0.9,964583,13.3,Food,Cash,38,10,Wholesale Buyer
CUST-03461,46,3.8,398967,15.4,Clothing,Mobile Money,35,1,Wholesale Buyer
CUST-03462,28,9.8,106425,4.6,Electronics,Mobile Money,22,11,Regular Shopper
CUST-03463,44,10.1,96837,2.8,Food,Credit,8,13,Regular Shopper
CUST-03464,25,6.7,37005,13.8,Clothing,Cash,49,4,Loyal Budget Buyer
CUST-03465,31,0.7,22884,21.0,Food,Mobile Money,46,14,Loyal Budget Buyer
CUST-03466,41,6.0,373393,14.1,Tools,Cash,31,1,Wholesale Buyer
CUST-03467,19,9.7,5064,1.1,Food,Cash,6,7,Occasional Shopper
CUST-03468,22,4.1,97669,7.4,Tools,Mobile Money,15,6,Regular Shopper
CUST-03469,44,16.5,53818,20.1,Food,Cash,52,6,Loyal Budget Buyer
CUST-03470,39,2.1,71887,5.6,Clothing,Cash,14,4,Regular Shopper
CUST-03471,46,3.0,40536,15.4,Tools,Cash,48,1,Loyal Budget Buyer
CUST-03472,37,23.9,53050,4.0,Clothing,Credit,12,3,Regular Shopper
CUST-03473,62,0.9,605181,12.2,Food,Mobile Money,37,4,Wholesale Buyer
CUST-03474,39,2.9,280765,7.9,Food,Cash,28,14,Wholesale Buyer
CUST-03475,38,12.8,276191,11.0,Electronics,Mobile Money,36,11,Wholesale Buyer
CUST-03476,23,8.7,38914,22.2,Clothing,Cash,55,11,Loyal Budget Buyer
CUST-03477,22,1.5,23241,0.9,Clothing,Cash,2,3,Occasional Shopper
CUST-03478,26,0.8,28714,10.3,Electronics,Cash,17,11,Regular Shopper
CUST-03479,50,11.8,114988,2.3,Food,Cash,19,2,Regular Shopper
CUST-03480,27,8.2,460171,14.8,Tools,Cash,44,14,Wholesale Buyer
CUST-03481,32,3.1,9927,2.7,Household,Mobile Money,5,8,Occasional Shopper
CUST-03482,35,3.6,73974,8.7,Clothing,Credit,28,5,Regular Shopper
CUST-03483,33,2.2,262148,9.1,Food,Cash,38,14,Wholesale Buyer
CUST-03484,26,0.3,38237,7.9,Food,Cash,16,4,Regular Shopper
CUST-03485,26,11.5,22336,1.7,Clothing,Mobile Money,6,1,Occasional Shopper
CUST-03486,41,7.4,116260,4.6,Food,Mobile Money,18,14,Regular Shopper
CUST-03487,44,2.3,637463,15.7,Food,Cash,33,13,Wholesale Buyer
CUST-03488,27,10.3,43227,5.2,Food,Cash,9,9,Regular Shopper
CUST-03489,42,0.7,26473,1.3,Tools,Cash,2,3,Occasional Shopper
CUST-03490,30,0.2,20122,0.5,Electronics,Mobile Money,1,12,Occasional Shopper
CUST-03491,25,1.6,94970,7.2,Tools,Cash,17,12,Regular Shopper
CUST-03492,24,0.2,25706,2.9,Tools,Credit,3,13,Occasional Shopper
CUST-03493,22,6.6,83640,7.1,Food,Cash,21,13,Regular Shopper
CUST-03494,47,22.5,591387,15.9,Clothing,Cash,36,11,Wholesale Buyer
CUST-03495,29,11.2,26192,17.8,Household,Cash,50,3,Loyal Budget Buyer
CUST-03496,36,5.4,263213,12.8,Household,Cash,43,8,Wholesale Buyer
CUST-03497,28,2.4,23468,1.4,Electronics,Mobile Money,2,11,Occasional Shopper
CUST-03498,21,10.1,11932,0.9,Clothing,Cash,1,8,Occasional Shopper
CUST-03499,18,0.5,22203,7.1,Clothing,Mobile Money,18,14,Regular Shopper
CUST-03500,33,0.6,27787,17.9,Food,Mobile Money,48,10,Loyal Budget Buyer
CUST-03501,32,7.9,76626,7.8,Electronics,Mobile Money,16,5,Regular Shopper
CUST-03502,25,3.5,33421,14.6,Food,Mobile Money,53,4,Loyal Budget Buyer
CUST-03503,27,7.1,21407,0.5,Food,Mobile Money,4,3,Occasional Shopper
CUST-03504,19,6.2,27110,1.4,Clothing,Mobile Money,4,14,Occasional Shopper
CUST-03505,52,1.6,320391,12.4,Clothing,Credit,45,3,Wholesale Buyer
CUST-03506,49,32.4,660785,18.1,Household,Credit,39,8,Wholesale Buyer
CUST-03507,25,2.2,16076,1.4,Food,Cash,2,7,Occasional Shopper
CUST-03508,27,0.4,15918,5.2,Electronics,Mobile Money,23,6,Regular Shopper
CUST-03509,37,0.3,606427,12.2,Food,Mobile Money,32,3,Wholesale Buyer
CUST-03510,18,5.3,11224,1.2,Electronics,Cash,3,7,Occasional Shopper
CUST-03511,18,0.2,24904,1.8,Clothing,Cash,3,2,Occasional Shopper
CUST-03512,18,6.2,138905,4.7,Clothing,Credit,21,8,Regular Shopper
CUST-03513,34,17.0,307484,7.0,Electronics,Cash,47,1,Wholesale Buyer
CUST-03514,28,2.0,93500,8.0,Tools,Mobile Money,19,5,Regular Shopper
CUST-03515,32,3.6,17040,23.0,Food,Cash,47,6,Loyal Budget Buyer
CUST-03516,26,4.9,17861,1.3,Clothing,Cash,3,1,Occasional Shopper
CUST-03517,43,7.6,10605,1.0,Clothing,Cash,3,1,Occasional Shopper
CUST-03518,45,2.1,267536,18.3,Food,Cash,36,9,Wholesale Buyer
CUST-03519,35,0.3,63567,5.3,Clothing,Mobile Money,16,4,Regular Shopper
CUST-03520,24,2.0,469216,17.0,Tools,Mobile Money,28,14,Wholesale Buyer
CUST-03521,26,1.0,51675,21.5,Clothing,Cash,58,4,Loyal Budget Buyer
CUST-03522,34,7.9,312524,18.2,Clothing,Cash,25,8,Wholesale Buyer
CUST-03523,42,3.7,394738,11.1,Food,Mobile Money,34,8,Wholesale Buyer
CUST-03524,33,10.7,47045,27.0,Food,Cash,52,3,Loyal Budget Buyer
CUST-03525,42,4.4,209956,10.6,Household,Cash,43,5,Wholesale Buyer
CUST-03526,25,0.3,15430,2.2,Clothing,Cash,1,5,Occasional Shopper
CUST-03527,39,7.0,396578,14.2,Tools,Cash,27,8,Wholesale Buyer
CUST-03528,60,1.2,74760,6.4,Tools,Cash,18,1,Regular Shopper
CUST-03529,19,1.2,46946,23.1,Tools,Cash,49,13,Loyal Budget Buyer
CUST-03530,38,6.6,7500,6.5,Food,Mobile Money,21,4,Regular Shopper
CUST-03531,18,1.4,22358,2.9,Clothing,Cash,3,6,Occasional Shopper
CUST-03532,33,0.9,41851,16.9,Food,Cash,50,7,Loyal Budget Buyer
CUST-03533,35,1.9,3683,1.8,Clothing,Cash,1,10,Occasional Shopper
CUST-03534,33,7.0,48693,27.2,Clothing,Cash,47,14,Loyal Budget Buyer
CUST-03535,19,2.5,70436,10.8,Tools,Credit,25,5,Regular Shopper
CUST-03536,41,8.6,48596,7.4,Clothing,Mobile Money,14,7,Regular Shopper
CUST-03537,18,0.3,18716,1.5,Electronics,Cash,1,11,Occasional Shopper
CUST-03538,19,0.6,33046,18.0,Food,Mobile Money,60,13,Loyal Budget Buyer
CUST-03539,18,0.5,9570,0.5,Food,Cash,4,1,Occasional Shopper
CUST-03540,23,6.3,17979,14.6,Household,Mobile Money,55,2,Loyal Budget Buyer
CUST-03541,38,2.5,94690,6.2,Tools,Mobile Money,17,4,Regular Shopper
CUST-03542,27,2.0,4003,1.4,Clothing,Mobile Money,3,1,Occasional Shopper
CUST-03543,32,12.2,33991,21.9,Food,Mobile Money,47,4,Loyal Budget Buyer
CUST-03544,45,6.7,60814,7.0,Food,Cash,25,2,Regular Shopper
CUST-03545,18,1.8,71465,5.3,Clothing,Mobile Money,16,14,Regular Shopper
CUST-03546,42,22.4,442611,13.1,Clothing,Cash,39,10,Wholesale Buyer
CUST-03547,28,5.0,93068,7.6,Food,Cash,15,4,Regular Shopper
CUST-03548,34,0.4,82922,6.8,Food,Cash,17,7,Regular Shopper
CUST-03549,18,12.4,79616,9.6,Tools,Mobile Money,14,3,Regular Shopper
CUST-03550,41,6.7,680315,13.0,Electronics,Cash,36,9,Wholesale Buyer
CUST-03551,43,3.8,26532,23.2,Food,Cash,52,4,Loyal Budget Buyer
CUST-03552,27,5.6,33152,1.7,Clothing,Cash,4,8,Occasional Shopper
CUST-03553,18,1.8,92193,9.1,Food,Cash,18,8,Regular Shopper
CUST-03554,31,13.4,84825,6.1,Tools,Credit,17,13,Regular Shopper
CUST-03555,34,3.7,97570,7.9,Clothing,Credit,14,2,Regular Shopper
CUST-03556,20,4.3,17357,1.5,Food,Credit,3,7,Occasional Shopper
CUST-03557,28,14.6,22182,6.1,Food,Mobile Money,26,3,Regular Shopper
CUST-03558,30,4.1,15193,12.0,Household,Cash,52,13,Loyal Budget Buyer
CUST-03559,20,0.7,38549,15.0,Food,Mobile Money,58,7,Loyal Budget Buyer
CUST-03560,18,1.0,23685,0.5,Clothing,Cash,5,9,Occasional Shopper
CUST-03561,20,6.0,10041,2.4,Tools,Mobile Money,1,14,Occasional Shopper
CUST-03562,39,1.6,20242,3.1,Clothing,Cash,1,13,Occasional Shopper
CUST-03563,26,6.1,35760,14.6,Clothing,Mobile Money,56,2,Loyal Budget Buyer
CUST-03564,28,6.6,14070,22.6,Food,Cash,55,13,Loyal Budget Buyer
CUST-03565,39,0.7,95042,5.9,Clothing,Mobile Money,14,11,Regular Shopper
CUST-03566,28,1.6,11760,1.3,Clothing,Mobile Money,4,8,Occasional Shopper
CUST-03567,25,22.0,89307,7.0,Clothing,Cash,20,10,Regular Shopper
CUST-03568,35,3.1,34880,1.0,Electronics,Cash,6,4,Occasional Shopper
CUST-03569,53,6.4,44931,3.2,Tools,Mobile Money,25,11,Regular Shopper
CUST-03570,26,8.4,80086,7.1,Clothing,Credit,22,10,Regular Shopper
CUST-03571,24,1.0,37923,14.8,Food,Cash,52,5,Loyal Budget Buyer
CUST-03572,30,6.8,81667,9.2,Clothing,Cash,12,3,Regular Shopper
CUST-03573,28,6.5,10613,1.5,Clothing,Mobile Money,11,5,Occasional Shopper
CUST-03574,43,0.4,114752,3.9,Tools,Cash,13,12,Regular Shopper
CUST-03575,31,4.8,19625,3.5,Clothing,Mobile Money,3,4,Occasional Shopper
CUST-03576,21,2.9,4136,1.0,Clothing,Cash,6,8,Occasional Shopper
CUST-03577,23,4.1,14091,1.0,Clothing,Cash,5,5,Occasional Shopper
CUST-03578,47,6.6,32537,2.3,Clothing,Credit,17,9,Regular Shopper
CUST-03579,28,1.1,38253,6.5,Food,Mobile Money,17,7,Regular Shopper
CUST-03580,41,0.2,80442,7.6,Tools,Mobile Money,21,8,Regular Shopper
CUST-03581,45,2.6,344774,15.2,Tools,Mobile Money,27,8,Wholesale Buyer
CUST-03582,40,11.8,19705,7.3,Household,Credit,16,2,Regular Shopper
CUST-03583,46,1.9,440383,7.5,Food,Cash,36,6,Wholesale Buyer
CUST-03584,25,5.8,85165,7.9,Food,Cash,18,11,Regular Shopper
CUST-03585,18,3.8,40002,12.1,Household,Credit,56,6,Loyal Budget Buyer
CUST-03586,29,12.6,35370,17.7,Food,Cash,52,12,Loyal Budget Buyer
CUST-03587,26,3.1,33932,21.7,Tools,Mobile Money,51,14,Loyal Budget Buyer
CUST-03588,35,7.2,129108,6.1,Tools,Mobile Money,26,6,Regular Shopper
CUST-03589,37,1.3,81607,6.3,Household,Cash,22,8,Regular Shopper
CUST-03590,50,2.0,5681,20.5,Food,Cash,60,4,Loyal Budget Buyer
CUST-03591,46,11.1,558395,11.6,Electronics,Mobile Money,38,13,Wholesale Buyer
CUST-03592,46,3.1,82705,6.1,Food,Cash,21,6,Regular Shopper
CUST-03593,27,7.5,77174,7.7,Tools,Credit,17,8,Regular Shopper
CUST-03594,27,5.7,132235,6.4,Food,Mobile Money,12,4,Regular Shopper
CUST-03595,18,1.0,47006,18.2,Food,Cash,36,4,Loyal Budget Buyer
CUST-03596,18,26.1,79531,4.7,Clothing,Mobile Money,24,11,Regular Shopper
CUST-03597,20,1.5,19735,1.1,Electronics,Cash,5,11,Occasional Shopper
CUST-03598,28,4.3,26465,2.3,Clothing,Cash,6,10,Occasional Shopper
CUST-03599,30,9.1,55086,7.1,Clothing,Cash,25,8,Regular Shopper
CUST-03600,29,1.7,18460,1.6,Clothing,Cash,3,2,Occasional Shopper
CUST-03601,31,4.7,28282,1.6,Clothing,Mobile Money,6,1,Occasional Shopper
CUST-03602,18,11.9,36258,8.1,Food,Mobile Money,17,11,Regular Shopper
CUST-03603,40,10.9,31230,22.8,Food,Cash,48,14,Loyal Budget Buyer
CUST-03604,36,2.7,80832,5.8,Clothing,Mobile Money,16,2,Regular Shopper
CUST-03605,37,19.0,548098,15.2,Tools,Cash,30,5,Wholesale Buyer
CUST-03606,26,19.1,70664,6.4,Household,Mobile Money,17,3,Regular Shopper
CUST-03607,18,10.5,61866,7.0,Food,Mobile Money,18,12,Regular Shopper
CUST-03608,34,7.4,57491,19.7,Clothing,Mobile Money,68,10,Loyal Budget Buyer
CUST-03609,46,7.5,42077,20.6,Food,Cash,57,2,Loyal Budget Buyer
CUST-03610,41,6.0,105311,8.3,Food,Mobile Money,24,8,Regular Shopper
CUST-03611,28,5.9,24687,2.6,Tools,Cash,5,11,Occasional Shopper
CUST-03612,36,1.2,110176,8.7,Electronics,Mobile Money,13,8,Regular Shopper
CUST-03613,24,1.8,12852,3.4,Clothing,Cash,4,2,Occasional Shopper
CUST-03614,31,4.3,104396,4.0,Food,Mobile Money,14,5,Regular Shopper
CUST-03615,45,7.5,45013,14.8,Electronics,Cash,42,4,Loyal Budget Buyer
CUST-03616,26,0.4,197799,19.5,Tools,Mobile Money,35,10,Wholesale Buyer
CUST-03617,44,6.7,47860,24.7,Food,Cash,39,3,Loyal Budget Buyer
CUST-03618,26,5.7,82981,8.0,Electronics,Cash,18,11,Regular Shopper
CUST-03619,46,1.6,36381,2.0,Tools,Cash,1,8,Occasional Shopper
CUST-03620,43,0.2,471784,14.8,Food,Cash,31,11,Wholesale Buyer
CUST-03621,18,20.0,86711,7.9,Clothing,Cash,18,12,Regular Shopper
CUST-03622,44,1.7,534722,13.2,Food,Mobile Money,43,8,Wholesale Buyer
CUST-03623,43,0.4,58562,6.0,Electronics,Mobile Money,14,5,Regular Shopper
CUST-03624,47,24.2,96145,6.9,Electronics,Mobile Money,19,1,Regular Shopper
CUST-03625,42,0.4,31510,16.5,Food,Mobile Money,54,5,Loyal Budget Buyer
CUST-03626,59,21.3,343646,11.3,Clothing,Credit,32,1,Wholesale Buyer
CUST-03627,24,1.5,22299,0.5,Clothing,Credit,3,13,Occasional Shopper
CUST-03628,41,15.1,406309,12.6,Electronics,Cash,38,12,Wholesale Buyer
CUST-03629,55,1.6,494320,18.5,Food,Cash,29,3,Wholesale Buyer
CUST-03630,28,1.5,87466,6.7,Clothing,Mobile Money,18,1,Regular Shopper
CUST-03631,36,0.4,31303,11.1,Household,Mobile Money,45,12,Loyal Budget Buyer
CUST-03632,56,0.8,105325,6.5,Food,Mobile Money,16,3,Regular Shopper
CUST-03633,18,7.5,25291,1.8,Clothing,Cash,2,7,Occasional Shopper
CUST-03634,28,5.2,536937,13.8,Tools,Cash,27,3,Wholesale Buyer
CUST-03635,25,9.6,66111,7.1,Electronics,Cash,17,8,Regular Shopper
CUST-03636,32,4.7,55561,5.2,Food,Cash,18,5,Regular Shopper
CUST-03637,18,2.4,11420,0.6,Tools,Credit,2,1,Occasional Shopper
CUST-03638,39,7.3,600431,13.2,Tools,Credit,36,7,Wholesale Buyer
CUST-03639,19,3.4,57989,4.1,Tools,Credit,15,12,Regular Shopper
CUST-03640,46,2.5,96090,10.6,Food,Cash,11,4,Regular Shopper
CUST-03641,18,1.5,52969,6.6,Clothing,Cash,13,2,Regular Shopper
CUST-03642,45,0.8,102381,8.6,Food,Cash,22,8,Regular Shopper
CUST-03643,23,4.5,25753,1.5,Tools,Mobile Money,5,12,Occasional Shopper
CUST-03644,39,0.3,84303,8.0,Food,Mobile Money,18,10,Regular Shopper
CUST-03645,26,8.8,98706,5.6,Household,Cash,17,11,Regular Shopper
CUST-03646,25,4.3,31930,6.2,Electronics,Cash,14,14,Regular Shopper
CUST-03647,25,7.6,63175,9.0,Food,Mobile Money,14,5,Regular Shopper
CUST-03648,38,3.4,18553,1.1,Clothing,Cash,5,1,Occasional Shopper
CUST-03649,43,1.0,29041,0.5,Clothing,Cash,2,2,Occasional Shopper
CUST-03650,45,2.8,511539,10.5,Tools,Cash,31,10,Wholesale Buyer
CUST-03651,20,3.9,48465,7.7,Tools,Mobile Money,19,14,Regular Shopper
CUST-03652,42,2.3,503567,9.1,Household,Cash,38,8,Wholesale Buyer
CUST-03653,27,3.1,83886,6.7,Clothing,Cash,24,1,Regular Shopper
CUST-03654,49,3.8,505527,13.7,Tools,Mobile Money,41,11,Wholesale Buyer
CUST-03655,43,21.7,290514,13.0,Tools,Cash,29,9,Wholesale Buyer
CUST-03656,41,2.2,29072,19.8,Food,Cash,46,7,Loyal Budget Buyer
CUST-03657,23,3.4,22976,1.4,Food,Mobile Money,2,5,Occasional Shopper
CUST-03658,37,3.8,76125,5.3,Food,Mobile Money,14,4,Regular Shopper
CUST-03659,34,6.1,111037,6.8,Tools,Mobile Money,14,3,Regular Shopper
CUST-03660,39,6.0,7500,7.1,Electronics,Mobile Money,27,2,Regular Shopper
CUST-03661,26,4.2,17283,1.0,Tools,Mobile Money,3,10,Occasional Shopper
CUST-03662,33,3.1,545206,15.8,Tools,Cash,41,13,Wholesale Buyer
CUST-03663,39,7.8,755706,9.7,Electronics,Cash,44,13,Wholesale Buyer
CUST-03664,22,1.8,16960,1.8,Clothing,Mobile Money,2,14,Occasional Shopper
CUST-03665,31,13.8,14933,17.4,Food,Mobile Money,48,10,Loyal Budget Buyer
CUST-03666,28,1.6,64500,10.3,Food,Mobile Money,23,11,Regular Shopper
CUST-03667,32,6.3,328520,12.8,Electronics,Mobile Money,47,4,Wholesale Buyer
CUST-03668,39,3.4,679800,9.0,Clothing,Credit,37,7,Wholesale Buyer
CUST-03669,33,3.8,35761,4.8,Electronics,Cash,21,10,Regular Shopper
CUST-03670,18,4.4,29352,2.2,Clothing,Cash,3,6,Occasional Shopper
CUST-03671,28,9.2,6424,0.9,Tools,Cash,4,12,Occasional Shopper
CUST-03672,45,8.5,557015,17.8,Food,Cash,28,14,Wholesale Buyer
CUST-03673,52,0.6,47397,9.1,Food,Mobile Money,18,12,Regular Shopper
CUST-03674,51,3.5,21901,5.6,Food,Credit,12,5,Regular Shopper
CUST-03675,33,1.1,456138,18.3,Tools,Credit,36,4,Wholesale Buyer
CUST-03676,37,8.1,74820,7.2,Food,Mobile Money,18,5,Regular Shopper
CUST-03677,36,1.5,83724,2.8,Tools,Mobile Money,22,9,Regular Shopper
CUST-03678,38,6.0,18159,22.1,Food,Cash,49,14,Loyal Budget Buyer
CUST-03679,35,3.9,529664,15.9,Electronics,Cash,31,6,Wholesale Buyer
CUST-03680,31,6.8,860845,18.5,Electronics,Cash,36,13,Wholesale Buyer
CUST-03681,41,5.3,476724,9.6,Tools,Credit,35,5,Wholesale Buyer
CUST-03682,32,1.2,46377,8.8,Tools,Cash,26,3,Regular Shopper
CUST-03683,60,16.6,102027,6.4,Household,Mobile Money,17,10,Regular Shopper
CUST-03684,52,0.3,41392,17.8,Food,Cash,50,14,Loyal Budget Buyer
CUST-03685,25,1.6,28101,22.3,Food,Cash,51,1,Loyal Budget Buyer
CUST-03686,51,2.0,41192,5.0,Food,Mobile Money,16,12,Regular Shopper
CUST-03687,34,1.8,730162,15.2,Food,Mobile Money,47,6,Wholesale Buyer
CUST-03688,38,5.8,363458,13.6,Food,Mobile Money,31,13,Wholesale Buyer
CUST-03689,33,1.9,83385,6.3,Clothing,Cash,14,13,Regular Shopper
CUST-03690,33,2.3,13619,0.7,Clothing,Cash,4,5,Occasional Shopper
CUST-03691,59,0.9,39484,13.7,Food,Cash,40,7,Loyal Budget Buyer
CUST-03692,32,4.0,84685,7.8,Household,Cash,7,9,Regular Shopper
CUST-03693,26,8.2,94900,8.2,Tools,Cash,20,9,Regular Shopper
CUST-03694,36,2.2,31966,18.5,Food,Cash,42,4,Loyal Budget Buyer
CUST-03695,23,6.9,705076,10.7,Tools,Cash,38,13,Wholesale Buyer
CUST-03696,26,12.6,40989,6.8,Clothing,Mobile Money,23,2,Regular Shopper
CUST-03697,30,8.9,15490,18.3,Household,Cash,55,5,Loyal Budget Buyer
CUST-03698,43,15.7,340107,13.0,Household,Cash,39,14,Wholesale Buyer
CUST-03699,37,8.1,146281,14.2,Food,Credit,38,9,Wholesale Buyer
CUST-03700,18,1.6,133263,5.9,Electronics,Cash,25,10,Regular Shopper
CUST-03701,30,5.5,56995,10.4,Food,Cash,14,6,Regular Shopper
CUST-03702,22,2.2,23007,2.0,Clothing,Mobile Money,3,3,Occasional Shopper
CUST-03703,18,1.0,59470,6.9,Food,Cash,20,11,Regular Shopper
CUST-03704,27,1.7,549160,13.5,Food,Cash,54,11,Wholesale Buyer
CUST-03705,30,2.4,587242,14.3,Household,Cash,33,7,Wholesale Buyer
CUST-03706,23,7.2,24081,2.4,Clothing,Cash,2,10,Occasional Shopper
CUST-03707,31,4.9,439885,9.9,Household,Mobile Money,33,13,Wholesale Buyer
CUST-03708,21,9.1,81388,9.0,Clothing,Cash,20,11,Regular Shopper
CUST-03709,43,9.5,257746,15.5,Tools,Mobile Money,36,11,Wholesale Buyer
CUST-03710,18,1.5,12032,1.7,Electronics,Cash,6,14,Occasional Shopper
CUST-03711,35,4.3,32320,25.5,Food,Mobile Money,43,11,Loyal Budget Buyer
CUST-03712,43,0.7,660759,15.8,Tools,Cash,32,9,Wholesale Buyer
CUST-03713,28,15.7,28239,1.1,Food,Cash,2,1,Occasional Shopper
CUST-03714,27,6.0,735612,9.8,Electronics,Mobile Money,47,5,Wholesale Buyer
CUST-03715,23,0.9,60849,6.7,Tools,Mobile Money,15,10,Regular Shopper
CUST-03716,28,1.7,16220,1.5,Clothing,Mobile Money,1,1,Occasional Shopper
CUST-03717,27,1.0,39489,2.9,Tools,Mobile Money,16,5,Regular Shopper
CUST-03718,34,4.1,14349,8.1,Household,Cash,21,6,Regular Shopper
CUST-03719,26,1.8,19898,1.9,Electronics,Cash,4,2,Occasional Shopper
CUST-03720,43,1.6,703052,12.1,Food,Mobile Money,44,13,Wholesale Buyer
CUST-03721,43,4.0,370570,13.1,Tools,Credit,33,9,Wholesale Buyer
CUST-03722,28,4.2,101421,7.8,Food,Cash,16,11,Regular Shopper
CUST-03723,36,6.9,778429,12.7,Food,Mobile Money,36,4,Wholesale Buyer
CUST-03724,18,14.5,57955,5.2,Tools,Cash,14,10,Regular Shopper
CUST-03725,37,0.5,35387,25.0,Household,Mobile Money,41,12,Loyal Budget Buyer
CUST-03726,26,10.4,113358,10.9,Food,Mobile Money,14,7,Regular Shopper
CUST-03727,29,9.6,43814,13.3,Tools,Cash,53,11,Loyal Budget Buyer
CUST-03728,35,4.8,120588,7.7,Food,Mobile Money,13,8,Regular Shopper
CUST-03729,37,3.5,62812,6.8,Clothing,Cash,20,6,Regular Shopper
CUST-03730,30,1.0,52430,18.3,Clothing,Mobile Money,43,1,Loyal Budget Buyer
CUST-03731,18,4.5,65516,20.4,Food,Mobile Money,47,4,Loyal Budget Buyer
CUST-03732,47,4.2,47150,19.5,Food,Credit,46,8,Loyal Budget Buyer
CUST-03733,36,0.5,30173,0.8,Electronics,Mobile Money,3,4,Occasional Shopper
CUST-03734,23,3.7,79318,5.0,Clothing,Mobile Money,20,12,Regular Shopper
CUST-03735,31,9.3,95069,8.1,Tools,Cash,20,12,Regular Shopper
CUST-03736,21,5.4,75760,4.3,Food,Cash,13,7,Regular Shopper
CUST-03737,41,1.2,54782,9.6,Electronics,Cash,19,3,Regular Shopper
CUST-03738,18,1.6,18886,0.6,Household,Mobile Money,2,10,Occasional Shopper
CUST-03739,54,1.7,38746,6.1,Food,Cash,21,13,Regular Shopper
CUST-03740,25,1.4,14911,19.8,Food,Cash,54,2,Loyal Budget Buyer
CUST-03741,25,2.4,10369,1.1,Food,Cash,5,1,Occasional Shopper
CUST-03742,45,0.6,94739,8.3,Electronics,Cash,18,12,Regular Shopper
CUST-03743,20,6.2,4238,1.3,Clothing,Mobile Money,1,12,Occasional Shopper
CUST-03744,39,8.5,67748,4.5,Clothing,Mobile Money,15,11,Regular Shopper
CUST-03745,27,1.8,44337,7.0,Electronics,Cash,17,13,Regular Shopper
CUST-03746,48,4.3,452201,13.9,Household,Cash,48,13,Wholesale Buyer
CUST-03747,40,0.2,17650,2.1,Clothing,Cash,6,14,Occasional Shopper
CUST-03748,18,1.7,11655,1.1,Electronics,Mobile Money,5,2,Occasional Shopper
CUST-03749,37,2.9,31217,17.0,Food,Cash,48,4,Loyal Budget Buyer
CUST-03750,29,10.3,32358,18.2,Food,Cash,43,11,Loyal Budget Buyer
CUST-03751,18,4.6,32971,1.5,Clothing,Mobile Money,6,10,Occasional Shopper
CUST-03752,34,11.2,40768,10.7,Food,Credit,19,3,Regular Shopper
CUST-03753,35,0.8,16673,1.7,Clothing,Mobile Money,2,3,Occasional Shopper
CUST-03754,22,7.7,581742,12.3,Food,Credit,34,10,Wholesale Buyer
CUST-03755,29,0.4,21627,2.2,Clothing,Cash,5,9,Occasional Shopper
CUST-03756,32,7.5,101863,6.1,Food,Credit,15,1,Regular Shopper
CUST-03757,38,3.7,395319,10.6,Food,Cash,38,1,Wholesale Buyer
CUST-03758,26,5.0,28393,19.8,Tools,Cash,46,12,Loyal Budget Buyer
CUST-03759,35,1.7,485181,11.5,Food,Mobile Money,38,11,Wholesale Buyer
CUST-03760,39,1.1,73830,7.6,Tools,Cash,17,10,Regular Shopper
CUST-03761,18,0.2,13200,1.1,Clothing,Cash,3,7,Occasional Shopper
CUST-03762,42,4.9,95840,9.6,Electronics,Mobile Money,23,10,Regular Shopper
CUST-03763,41,3.5,19881,0.5,Clothing,Cash,4,10,Occasional Shopper
CUST-03764,36,20.1,7500,9.0,Household,Cash,16,2,Regular Shopper
CUST-03765,34,0.6,103724,8.3,Food,Credit,19,4,Regular Shopper
CUST-03766,18,12.5,113516,8.0,Household,Credit,17,2,Regular Shopper
CUST-03767,22,0.4,22580,23.1,Clothing,Cash,55,5,Loyal Budget Buyer
CUST-03768,26,6.6,21625,6.2,Tools,Cash,21,1,Regular Shopper
CUST-03769,31,9.4,79632,8.2,Clothing,Credit,22,3,Regular Shopper
CUST-03770,27,3.8,79371,9.5,Clothing,Cash,19,3,Regular Shopper
CUST-03771,20,1.3,54048,7.8,Tools,Mobile Money,21,6,Regular Shopper
CUST-03772,34,1.7,9337,1.7,Clothing,Mobile Money,5,12,Occasional Shopper
CUST-03773,40,1.4,607891,15.7,Tools,Mobile Money,33,5,Wholesale Buyer
CUST-03774,40,1.9,384124,6.6,Clothing,Credit,33,4,Wholesale Buyer
CUST-03775,33,2.1,29622,18.1,Food,Cash,40,1,Loyal Budget Buyer
CUST-03776,35,0.4,51421,17.9,Household,Cash,54,5,Loyal Budget Buyer
CUST-03777,18,6.1,39040,8.8,Food,Cash,71,9,Loyal Budget Buyer
CUST-03778,33,14.4,86115,2.4,Tools,Credit,19,10,Regular Shopper
CUST-03779,41,1.8,29930,4.8,Electronics,Mobile Money,20,7,Regular Shopper
CUST-03780,18,5.6,15751,1.0,Household,Mobile Money,3,5,Occasional Shopper
CUST-03781,36,2.6,48876,20.5,Clothing,Mobile Money,48,10,Loyal Budget Buyer
CUST-03782,28,1.6,22835,1.5,Clothing,Mobile Money,4,2,Occasional Shopper
CUST-03783,25,12.7,467570,16.1,Food,Cash,29,8,Wholesale Buyer
CUST-03784,47,1.6,396441,7.9,Tools,Credit,30,12,Wholesale Buyer
CUST-03785,34,5.3,97741,6.5,Food,Cash,18,5,Regular Shopper
CUST-03786,50,1.1,654107,18.0,Electronics,Mobile Money,42,12,Wholesale Buyer
CUST-03787,18,14.3,59903,4.4,Electronics,Cash,17,10,Regular Shopper
CUST-03788,41,0.3,30072,2.0,Clothing,Mobile Money,3,9,Occasional Shopper
CUST-03789,43,3.7,538920,15.6,Tools,Mobile Money,43,5,Wholesale Buyer
CUST-03790,21,2.9,405396,15.4,Food,Credit,40,7,Wholesale Buyer
CUST-03791,18,14.5,50018,6.7,Electronics,Cash,22,10,Regular Shopper
CUST-03792,31,5.8,86643,5.8,Tools,Mobile Money,14,8,Regular Shopper
CUST-03793,22,12.1,81766,12.0,Food,Cash,22,11,Regular Shopper
CUST-03794,36,2.7,26551,22.4,Food,Mobile Money,49,2,Loyal Budget Buyer
CUST-03795,30,2.4,15415,1.3,Household,Cash,6,8,Occasional Shopper
CUST-03796,27,8.0,11453,0.7,Clothing,Cash,6,3,Occasional Shopper
CUST-03797,40,3.0,40289,20.9,Household,Cash,51,12,Loyal Budget Buyer
CUST-03798,24,7.8,15115,1.3,Clothing,Cash,2,4,Occasional Shopper
CUST-03799,32,4.2,28759,17.5,Clothing,Cash,41,1,Loyal Budget Buyer
CUST-03800,43,8.6,497438,12.0,Tools,Mobile Money,30,5,Wholesale Buyer
CUST-03801,23,0.3,11800,15.5,Food,Cash,42,2,Loyal Budget Buyer
CUST-03802,24,8.2,68427,6.7,Tools,Cash,17,3,Regular Shopper
CUST-03803,32,6.0,74287,7.2,Food,Cash,16,4,Regular Shopper
CUST-03804,18,12.0,32831,0.5,Clothing,Cash,4,14,Occasional Shopper
CUST-03805,45,2.7,40360,16.6,Food,Cash,41,7,Loyal Budget Buyer
CUST-03806,25,2.3,29725,7.2,Household,Cash,19,5,Regular Shopper
CUST-03807,35,9.9,80426,6.4,Tools,Mobile Money,23,9,Regular Shopper
CUST-03808,40,4.9,591256,7.9,Food,Cash,31,12,Wholesale Buyer
CUST-03809,44,18.5,125164,7.8,Household,Mobile Money,18,5,Regular Shopper
CUST-03810,42,1.9,100799,4.3,Electronics,Mobile Money,21,3,Regular Shopper
CUST-03811,21,10.0,86099,7.0,Clothing,Mobile Money,21,8,Regular Shopper
CUST-03812,35,0.2,38100,18.6,Clothing,Cash,67,6,Loyal Budget Buyer
CUST-03813,32,5.7,503579,13.3,Food,Credit,31,8,Wholesale Buyer
CUST-03814,39,1.5,28483,15.1,Food,Cash,43,8,Loyal Budget Buyer
CUST-03815,42,13.0,675539,13.0,Household,Cash,43,6,Wholesale Buyer
CUST-03816,32,1.3,7500,8.7,Food,Mobile Money,15,1,Regular Shopper
CUST-03817,30,1.9,568839,12.0,Food,Cash,34,5,Wholesale Buyer
CUST-03818,28,8.6,15763,1.4,Clothing,Cash,2,5,Occasional Shopper
CUST-03819,44,14.4,13366,0.9,Clothing,Mobile Money,3,5,Occasional Shopper
CUST-03820,36,0.4,234539,9.7,Tools,Mobile Money,33,1,Wholesale Buyer
CUST-03821,43,0.6,19586,1.4,Clothing,Mobile Money,9,14,Occasional Shopper
CUST-03822,37,2.7,10770,2.3,Household,Cash,7,8,Occasional Shopper
CUST-03823,38,0.4,418177,12.7,Clothing,Cash,40,8,Wholesale Buyer
CUST-03824,35,7.8,8187,2.2,Clothing,Cash,2,10,Occasional Shopper
CUST-03825,42,7.8,38422,21.4,Food,Cash,55,7,Loyal Budget Buyer
CUST-03826,37,11.6,26368,2.4,Electronics,Mobile Money,5,2,Occasional Shopper
CUST-03827,30,5.6,48210,20.0,Food,Mobile Money,59,11,Loyal Budget Buyer
CUST-03828,42,2.1,53387,15.9,Food,Cash,53,3,Loyal Budget Buyer
CUST-03829,38,5.2,515443,11.0,Food,Mobile Money,23,6,Wholesale Buyer
CUST-03830,33,21.4,10024,0.8,Electronics,Credit,5,11,Occasional Shopper
CUST-03831,36,13.7,10752,2.6,Clothing,Mobile Money,4,2,Occasional Shopper
CUST-03832,32,1.0,31227,14.7,Food,Mobile Money,55,11,Loyal Budget Buyer
CUST-03833,38,11.4,353829,13.8,Tools,Cash,35,2,Wholesale Buyer
CUST-03834,46,6.7,563222,12.9,Tools,Cash,40,6,Wholesale Buyer
CUST-03835,18,0.4,24320,0.9,Electronics,Cash,5,12,Occasional Shopper
CUST-03836,38,11.2,54075,18.9,Household,Cash,44,5,Loyal Budget Buyer
CUST-03837,37,3.6,125769,5.3,Household,Credit,22,7,Regular Shopper
CUST-03838,33,0.7,19401,1.2,Clothing,Cash,2,11,Occasional Shopper
CUST-03839,25,11.6,69029,7.4,Tools,Cash,22,6,Regular Shopper
CUST-03840,23,0.6,18963,1.3,Electronics,Cash,1,5,Occasional Shopper
CUST-03841,18,20.1,58909,5.4,Food,Mobile Money,18,12,Regular Shopper
CUST-03842,25,1.1,134254,6.4,Food,Cash,24,5,Regular Shopper
CUST-03843,30,12.7,87867,11.5,Tools,Credit,19,14,Regular Shopper
CUST-03844,35,4.7,30169,1.4,Electronics,Mobile Money,2,2,Occasional Shopper
CUST-03845,18,5.6,11183,1.9,Tools,Cash,7,13,Occasional Shopper
CUST-03846,18,0.4,31830,2.2,Tools,Mobile Money,5,3,Occasional Shopper
CUST-03847,18,0.2,75989,6.4,Clothing,Mobile Money,20,5,Regular Shopper
CUST-03848,39,10.1,53721,6.6,Food,Cash,12,2,Regular Shopper
CUST-03849,39,10.9,59664,9.0,Tools,Cash,16,12,Regular Shopper
CUST-03850,42,1.6,31547,7.5,Electronics,Mobile Money,21,2,Regular Shopper
CUST-03851,48,9.3,438839,12.6,Electronics,Cash,38,2,Wholesale Buyer
CUST-03852,18,15.5,26677,2.1,Food,Mobile Money,2,11,Occasional Shopper
CUST-03853,33,2.6,838922,13.0,Food,Cash,35,1,Wholesale Buyer
CUST-03854,35,4.0,745759,13.6,Tools,Cash,36,13,Wholesale Buyer
CUST-03855,37,3.9,26260,9.1,Tools,Cash,16,2,Regular Shopper
CUST-03856,50,6.6,60831,7.8,Food,Mobile Money,18,8,Regular Shopper
CUST-03857,34,2.3,69879,8.7,Food,Mobile Money,16,9,Regular Shopper
CUST-03858,41,0.6,519771,19.5,Food,Cash,32,8,Wholesale Buyer
CUST-03859,19,1.0,20823,2.3,Electronics,Mobile Money,2,12,Occasional Shopper
CUST-03860,30,2.8,66045,4.0,Food,Cash,15,1,Regular Shopper
CUST-03861,30,3.6,14870,1.1,Clothing,Cash,2,9,Occasional Shopper
CUST-03862,18,8.3,28359,0.5,Tools,Cash,5,4,Occasional Shopper
CUST-03863,38,14.9,343500,20.3,Food,Cash,30,7,Wholesale Buyer
CUST-03864,19,0.5,539431,12.6,Food,Cash,45,10,Wholesale Buyer
CUST-03865,27,1.7,87586,7.2,Tools,Cash,26,14,Regular Shopper
CUST-03866,42,2.4,430401,19.3,Clothing,Mobile Money,25,4,Wholesale Buyer
CUST-03867,19,4.5,80602,6.7,Clothing,Cash,11,7,Regular Shopper
CUST-03868,32,3.6,24192,1.5,Tools,Cash,4,10,Occasional Shopper
CUST-03869,36,11.6,479522,15.0,Food,Cash,36,3,Wholesale Buyer
CUST-03870,37,1.4,27120,17.7,Food,Cash,58,5,Loyal Budget Buyer
CUST-03871,39,3.4,47785,9.2,Food,Mobile Money,13,12,Regular Shopper
CUST-03872,36,1.6,29786,17.2,Food,Cash,54,2,Loyal Budget Buyer
CUST-03873,29,6.3,2821,1.5,Clothing,Cash,6,11,Occasional Shopper
CUST-03874,49,3.8,133403,9.4,Food,Cash,21,14,Regular Shopper
CUST-03875,34,4.5,49068,22.4,Tools,Cash,56,9,Loyal Budget Buyer
CUST-03876,22,2.1,73810,8.8,Food,Cash,12,2,Regular Shopper
CUST-03877,21,11.9,355492,12.1,Tools,Cash,34,12,Wholesale Buyer
CUST-03878,18,1.2,13311,1.3,Clothing,Mobile Money,1,7,Occasional Shopper
CUST-03879,24,3.8,76665,7.1,Tools,Mobile Money,11,14,Regular Shopper
CUST-03880,31,2.2,35278,3.3,Clothing,Mobile Money,16,14,Regular Shopper
CUST-03881,28,0.5,25532,14.8,Clothing,Mobile Money,63,4,Loyal Budget Buyer
CUST-03882,30,3.0,14420,1.8,Food,Cash,5,6,Occasional Shopper
CUST-03883,28,9.8,61953,7.3,Electronics,Mobile Money,18,13,Regular Shopper
CUST-03884,39,3.5,620862,15.9,Electronics,Mobile Money,28,11,Wholesale Buyer
CUST-03885,40,3.1,510574,16.6,Food,Credit,29,8,Wholesale Buyer
CUST-03886,26,16.0,126612,5.0,Clothing,Cash,13,7,Regular Shopper
CUST-03887,44,7.7,30702,0.7,Electronics,Mobile Money,4,12,Occasional Shopper
CUST-03888,23,1.9,71043,4.4,Food,Mobile Money,20,2,Regular Shopper
CUST-03889,41,3.7,26555,16.7,Tools,Mobile Money,61,7,Loyal Budget Buyer
CUST-03890,34,6.2,57005,19.6,Clothing,Cash,47,4,Loyal Budget Buyer
CUST-03891,29,6.4,32746,2.2,Clothing,Mobile Money,4,4,Occasional Shopper
CUST-03892,25,6.9,28477,24.4,Electronics,Cash,45,9,Loyal Budget Buyer
CUST-03893,42,2.9,73491,6.7,Clothing,Cash,17,10,Regular Shopper
CUST-03894,46,6.3,309265,15.4,Food,Mobile Money,40,6,Wholesale Buyer
CUST-03895,44,4.5,66228,4.4,Tools,Cash,11,9,Regular Shopper
CUST-03896,18,6.7,60069,3.9,Tools,Mobile Money,17,12,Regular Shopper
CUST-03897,20,3.7,64861,5.9,Tools,Credit,18,1,Regular Shopper
CUST-03898,34,13.8,5950,1.0,Food,Cash,3,4,Occasional Shopper
CUST-03899,45,0.9,81575,5.2,Electronics,Cash,14,6,Regular Shopper
CUST-03900,18,0.4,52716,21.4,Food,Cash,44,14,Loyal Budget Buyer
CUST-03901,35,1.0,24086,24.0,Food,Cash,58,9,Loyal Budget Buyer
CUST-03902,28,1.5,21652,2.3,Clothing,Cash,5,5,Occasional Shopper
CUST-03903,25,1.3,48302,9.8,Clothing,Cash,16,12,Regular Shopper
CUST-03904,18,1.0,17780,1.7,Electronics,Mobile Money,4,4,Occasional Shopper
CUST-03905,28,4.5,74288,5.8,Clothing,Cash,15,5,Regular Shopper
CUST-03906,32,9.2,28919,16.9,Household,Credit,56,13,Loyal Budget Buyer
CUST-03907,45,1.0,60918,6.3,Household,Cash,14,4,Regular Shopper
CUST-03908,18,30.2,78216,7.8,Food,Mobile Money,14,8,Regular Shopper
CUST-03909,26,5.0,771981,19.8,Tools,Credit,40,5,Wholesale Buyer
CUST-03910,33,0.3,38135,20.2,Household,Mobile Money,47,9,Loyal Budget Buyer
CUST-03911,25,0.8,66689,7.3,Clothing,Cash,11,8,Regular Shopper
CUST-03912,32,16.7,63307,7.1,Household,Credit,15,14,Regular Shopper
CUST-03913,56,2.7,373953,15.8,Tools,Mobile Money,35,2,Wholesale Buyer
CUST-03914,38,0.6,114014,11.4,Electronics,Cash,19,11,Regular Shopper
CUST-03915,39,5.2,406119,14.9,Food,Credit,44,8,Wholesale Buyer
CUST-03916,43,15.2,23867,2.6,Clothing,Cash,8,10,Occasional Shopper
CUST-03917,40,0.3,27972,21.7,Household,Mobile Money,60,10,Loyal Budget Buyer
CUST-03918,37,0.8,38791,7.6,Tools,Mobile Money,25,5,Regular Shopper
CUST-03919,32,5.2,8673,1.0,Clothing,Mobile Money,2,6,Occasional Shopper
CUST-03920,26,4.2,9132,2.0,Household,Cash,5,2,Occasional Shopper
CUST-03921,36,1.9,595983,16.1,Food,Mobile Money,35,10,Wholesale Buyer
CUST-03922,23,9.7,73802,3.8,Clothing,Cash,16,14,Regular Shopper
CUST-03923,26,7.1,641837,11.4,Clothing,Mobile Money,37,2,Wholesale Buyer
CUST-03924,28,0.4,80327,7.4,Tools,Mobile Money,14,7,Regular Shopper
CUST-03925,18,5.3,14391,2.3,Food,Mobile Money,12,6,Regular Shopper
CUST-03926,42,7.1,756813,13.5,Tools,Mobile Money,33,11,Wholesale Buyer
CUST-03927,37,0.9,17378,24.6,Household,Cash,61,8,Loyal Budget Buyer
CUST-03928,37,4.7,361331,16.8,Tools,Mobile Money,32,2,Wholesale Buyer
CUST-03929,46,5.6,770374,13.8,Tools,Credit,31,2,Wholesale Buyer
CUST-03930,43,7.5,64368,21.2,Food,Cash,53,5,Loyal Budget Buyer
CUST-03931,24,6.2,43461,23.3,Clothing,Mobile Money,50,11,Loyal Budget Buyer
CUST-03932,38,0.5,82799,5.2,Clothing,Cash,21,1,Regular Shopper
CUST-03933,35,7.3,31405,19.6,Clothing,Cash,53,11,Loyal Budget Buyer
CUST-03934,27,6.6,31780,17.9,Food,Cash,58,4,Loyal Budget Buyer
CUST-03935,21,1.9,32193,13.5,Food,Cash,46,11,Loyal Budget Buyer
CUST-03936,24,6.8,15599,0.9,Household,Cash,6,10,Occasional Shopper
CUST-03937,33,8.8,53061,12.5,Household,Mobile Money,53,14,Loyal Budget Buyer
CUST-03938,42,0.6,26583,2.0,Food,Cash,1,4,Occasional Shopper
CUST-03939,18,0.7,20157,1.5,Clothing,Mobile Money,6,7,Occasional Shopper
CUST-03940,18,0.5,21132,0.5,Household,Cash,2,9,Occasional Shopper
CUST-03941,27,10.5,85861,8.0,Household,Mobile Money,19,12,Regular Shopper
CUST-03942,31,3.6,14375,1.1,Clothing,Cash,3,9,Occasional Shopper
CUST-03943,44,1.3,84887,10.9,Electronics,Cash,25,2,Regular Shopper
CUST-03944,32,2.5,16591,0.6,Clothing,Cash,3,4,Occasional Shopper
CUST-03945,26,1.5,312022,17.9,Food,Mobile Money,46,13,Wholesale Buyer
CUST-03946,38,1.2,13874,22.9,Food,Cash,63,11,Loyal Budget Buyer
CUST-03947,30,7.5,556707,10.5,Clothing,Cash,31,9,Wholesale Buyer
CUST-03948,20,2.7,61145,7.4,Electronics,Mobile Money,19,11,Regular Shopper
CUST-03949,36,3.1,29580,20.2,Electronics,Cash,40,8,Loyal Budget Buyer
CUST-03950,25,0.3,37893,30.8,Food,Cash,61,13,Loyal Budget Buyer
CUST-03951,20,5.5,19613,2.0,Food,Cash,4,1,Occasional Shopper
CUST-03952,22,1.7,12923,1.6,Food,Mobile Money,8,5,Occasional Shopper
CUST-03953,18,4.9,81023,8.5,Food,Mobile Money,23,11,Regular Shopper
CUST-03954,34,0.8,65634,8.1,Electronics,Mobile Money,16,1,Regular Shopper
CUST-03955,43,4.7,540345,13.4,Tools,Cash,35,8,Wholesale Buyer
CUST-03956,26,10.0,60551,5.3,Food,Cash,11,1,Regular Shopper
CUST-03957,43,2.1,479235,15.5,Tools,Cash,32,12,Wholesale Buyer
CUST-03958,44,5.7,535286,14.0,Clothing,Cash,47,1,Wholesale Buyer
CUST-03959,29,7.2,20000,1.3,Clothing,Cash,4,8,Occasional Shopper
CUST-03960,27,1.5,79479,1.9,Food,Credit,13,4,Regular Shopper
CUST-03961,35,0.4,51865,7.5,Electronics,Mobile Money,12,5,Regular Shopper
CUST-03962,18,4.8,22071,1.7,Household,Cash,6,11,Occasional Shopper
CUST-03963,18,1.7,13881,3.3,Clothing,Cash,6,14,Occasional Shopper
CUST-03964,55,15.7,834618,13.5,Food,Credit,36,6,Wholesale Buyer
CUST-03965,35,0.4,34430,17.7,Clothing,Mobile Money,39,13,Loyal Budget Buyer
CUST-03966,28,26.0,366313,16.9,Household,Credit,40,10,Wholesale Buyer
CUST-03967,31,5.3,31066,1.7,Clothing,Mobile Money,4,6,Occasional Shopper
CUST-03968,27,4.4,100276,10.3,Household,Cash,17,4,Regular Shopper
CUST-03969,46,0.7,29703,5.4,Electronics,Mobile Money,11,2,Regular Shopper
CUST-03970,32,5.8,480399,11.5,Household,Cash,36,10,Wholesale Buyer
CUST-03971,18,6.9,80211,8.3,Food,Mobile Money,16,13,Regular Shopper
CUST-03972,18,8.7,48151,28.3,Household,Mobile Money,56,13,Loyal Budget Buyer
CUST-03973,20,22.0,19535,5.8,Food,Cash,26,11,Regular Shopper
CUST-03974,32,4.4,35689,12.8,Clothing,Mobile Money,46,11,Loyal Budget Buyer
CUST-03975,34,12.0,109126,4.5,Tools,Credit,14,2,Regular Shopper
CUST-03976,28,3.2,12868,1.3,Food,Cash,1,8,Occasional Shopper
CUST-03977,39,1.1,12730,2.6,Clothing,Mobile Money,1,4,Occasional Shopper
CUST-03978,18,0.3,74466,4.8,Food,Cash,21,1,Regular Shopper
CUST-03979,32,4.5,14446,1.5,Clothing,Cash,4,1,Occasional Shopper
CUST-03980,18,2.2,101459,4.6,Clothing,Mobile Money,13,9,Regular Shopper
CUST-03981,31,1.3,18081,2.9,Electronics,Mobile Money,4,5,Occasional Shopper
CUST-03982,36,1.3,523958,20.9,Clothing,Credit,36,3,Wholesale Buyer
CUST-03983,39,14.8,31551,6.8,Food,Mobile Money,15,5,Regular Shopper
CUST-03984,46,1.0,58358,5.7,Food,Credit,13,3,Regular Shopper
CUST-03985,34,4.2,77061,7.9,Food,Cash,15,10,Regular Shopper
CUST-03986,32,3.4,17704,18.1,Food,Mobile Money,54,12,Loyal Budget Buyer
CUST-03987,39,2.0,37398,9.2,Food,Mobile Money,17,5,Regular Shopper
CUST-03988,28,2.1,14417,3.6,Electronics,Cash,3,2,Occasional Shopper
CUST-03989,36,12.2,545742,11.1,Food,Credit,30,7,Wholesale Buyer
CUST-03990,29,12.0,497364,14.0,Tools,Mobile Money,36,8,Wholesale Buyer
CUST-03991,35,3.8,45467,19.3,Food,Cash,58,9,Loyal Budget Buyer
CUST-03992,22,18.5,23348,0.5,Tools,Cash,2,9,Occasional Shopper
CUST-03993,34,6.1,25983,2.1,Food,Cash,6,4,Occasional Shopper
CUST-03994,31,11.0,34069,28.8,Clothing,Credit,51,10,Loyal Budget Buyer
CUST-03995,50,1.5,19364,1.0,Clothing,Cash,3,8,Occasional Shopper
CUST-03996,42,1.1,99567,4.2,Clothing,Credit,22,11,Regular Shopper
CUST-03997,50,6.2,519578,15.6,Tools,Mobile Money,33,8,Wholesale Buyer
CUST-03998,47,4.3,259657,9.1,Tools,Cash,39,1,Wholesale Buyer
CUST-03999,50,3.7,11116,19.1,Food,Mobile Money,47,10,Loyal Budget Buyer
CUST-04000,48,4.8,45259,6.3,Household,Credit,22,14,Regular Shopper
CUST-04001,48,2.3,26918,26.3,Clothing,Cash,43,7,Loyal Budget Buyer
CUST-04002,23,3.4,49360,7.1,Tools,Cash,14,7,Regular Shopper
CUST-04003,49,0.2,256275,7.4,Clothing,Mobile Money,41,10,Wholesale Buyer
CUST-04004,40,3.9,89848,6.9,Clothing,Cash,15,10,Regular Shopper
CUST-04005,48,6.6,389107,15.7,Tools,Cash,47,4,Wholesale Buyer
CUST-04006,41,3.7,330589,11.1,Food,Cash,41,6,Wholesale Buyer
CUST-04007,41,5.5,43504,18.8,Tools,Cash,44,11,Loyal Budget Buyer
CUST-04008,22,0.6,28338,8.7,Clothing,Cash,12,7,Regular Shopper
CUST-04009,42,0.7,3500,14.8,Food,Mobile Money,61,14,Loyal Budget Buyer
CUST-04010,27,1.5,313078,14.9,Tools,Cash,26,14,Wholesale Buyer
CUST-04011,43,2.9,50983,5.2,Food,Mobile Money,22,11,Regular Shopper
CUST-04012,18,11.9,66611,7.6,Tools,Cash,15,3,Regular Shopper
CUST-04013,66,7.0,42019,7.7,Food,Credit,17,11,Regular Shopper
CUST-04014,31,6.8,71132,6.9,Clothing,Cash,15,9,Regular Shopper
CUST-04015,28,1.3,20025,1.5,Electronics,Cash,5,9,Occasional Shopper
CUST-04016,40,5.3,472880,18.0,Tools,Cash,30,12,Wholesale Buyer
CUST-04017,24,5.1,468631,11.3,Food,Mobile Money,36,7,Wholesale Buyer
CUST-04018,42,1.4,490524,12.6,Household,Credit,36,8,Wholesale Buyer
CUST-04019,33,1.0,54082,22.7,Electronics,Cash,48,8,Loyal Budget Buyer
CUST-04020,22,10.7,61236,6.7,Tools,Cash,22,8,Regular Shopper
CUST-04021,35,6.4,8836,2.2,Clothing,Cash,4,11,Occasional Shopper
CUST-04022,20,6.6,65012,6.1,Food,Mobile Money,22,2,Regular Shopper
CUST-04023,40,4.4,442233,14.8,Tools,Cash,34,10,Wholesale Buyer
CUST-04024,35,8.5,365312,9.1,Food,Credit,33,1,Wholesale Buyer
CUST-04025,36,0.8,59091,8.0,Food,Cash,13,2,Regular Shopper
CUST-04026,33,9.7,668109,11.4,Food,Cash,36,11,Wholesale Buyer
CUST-04027,47,6.3,64898,6.9,Clothing,Cash,15,4,Regular Shopper
CUST-04028,18,15.9,9000,1.1,Electronics,Cash,2,2,Occasional Shopper
CUST-04029,31,1.7,8684,26.1,Clothing,Cash,41,11,Loyal Budget Buyer
CUST-04030,38,4.8,56933,7.6,Food,Mobile Money,20,14,Regular Shopper
CUST-04031,32,1.1,3656,1.6,Food,Cash,3,1,Occasional Shopper
CUST-04032,30,13.5,35456,0.5,Household,Mobile Money,3,13,Occasional Shopper
CUST-04033,41,3.6,159545,17.0,Food,Cash,34,7,Wholesale Buyer
CUST-04034,51,1.4,29250,13.5,Clothing,Mobile Money,61,5,Loyal Budget Buyer
CUST-04035,38,1.2,616825,10.0,Tools,Mobile Money,42,13,Wholesale Buyer
CUST-04036,23,6.3,23084,7.3,Electronics,Credit,12,10,Regular Shopper
CUST-04037,34,9.5,55052,3.7,Tools,Mobile Money,15,3,Regular Shopper
CUST-04038,25,7.7,13331,1.6,Clothing,Mobile Money,2,5,Occasional Shopper
CUST-04039,40,3.0,395448,20.8,Tools,Mobile Money,33,3,Wholesale Buyer
CUST-04040,34,1.5,38617,10.7,Clothing,Mobile Money,21,13,Regular Shopper
CUST-04041,23,6.7,460955,11.4,Food,Cash,41,7,Wholesale Buyer
CUST-04042,46,1.0,28217,8.4,Food,Mobile Money,20,2,Regular Shopper
CUST-04043,23,3.7,120442,4.2,Food,Cash,15,5,Regular Shopper
CUST-04044,23,0.7,47053,6.9,Tools,Mobile Money,17,13,Regular Shopper
CUST-04045,39,3.5,80763,5.3,Tools,Mobile Money,17,3,Regular Shopper
CUST-04046,40,2.3,38997,22.7,Household,Cash,51,13,Loyal Budget Buyer
CUST-04047,47,0.5,440379,13.3,Electronics,Credit,39,9,Wholesale Buyer
CUST-04048,30,6.4,13033,2.4,Clothing,Cash,2,8,Occasional Shopper
CUST-04049,30,1.4,76159,9.0,Tools,Credit,18,3,Regular Shopper
CUST-04050,36,1.6,549173,13.4,Household,Cash,32,2,Wholesale Buyer
CUST-04051,18,20.9,67750,6.3,Household,Mobile Money,17,9,Regular Shopper
CUST-04052,25,1.4,40110,14.3,Food,Cash,47,13,Loyal Budget Buyer
CUST-04053,38,0.6,368331,11.0,Food,Cash,40,5,Wholesale Buyer
CUST-04054,19,14.5,44491,16.0,Food,Cash,48,9,Loyal Budget Buyer
CUST-04055,41,2.6,25486,1.7,Clothing,Mobile Money,8,1,Occasional Shopper
CUST-04056,45,3.1,579166,17.9,Food,Mobile Money,30,4,Wholesale Buyer
CUST-04057,40,4.1,58779,5.5,Clothing,Cash,20,9,Regular Shopper
CUST-04058,24,9.5,29624,24.3,Clothing,Cash,50,1,Loyal Budget Buyer
CUST-04059,33,3.8,16875,0.5,Tools,Mobile Money,3,2,Occasional Shopper
CUST-04060,46,2.0,35039,17.2,Food,Cash,57,3,Loyal Budget Buyer
CUST-04061,29,4.2,136112,5.7,Clothing,Mobile Money,14,8,Regular Shopper
CUST-04062,24,3.6,42111,5.1,Tools,Credit,22,3,Regular Shopper
CUST-04063,46,0.6,118342,5.3,Clothing,Cash,13,1,Regular Shopper
CUST-04064,31,1.0,693176,14.0,Food,Mobile Money,30,1,Wholesale Buyer
CUST-04065,28,11.4,17300,0.5,Food,Cash,2,6,Occasional Shopper
CUST-04066,35,17.2,41203,16.7,Food,Cash,48,13,Loyal Budget Buyer
CUST-04067,23,2.4,24543,2.2,Clothing,Mobile Money,3,14,Occasional Shopper
CUST-04068,35,16.9,546288,5.1,Food,Mobile Money,35,6,Wholesale Buyer
CUST-04069,43,11.4,643163,12.9,Electronics,Cash,40,13,Wholesale Buyer
CUST-04070,33,2.5,96718,9.6,Clothing,Mobile Money,11,4,Regular Shopper
CUST-04071,34,12.2,455284,11.3,Tools,Cash,36,7,Wholesale Buyer
CUST-04072,37,0.4,48638,8.7,Clothing,Mobile Money,16,14,Regular Shopper
CUST-04073,34,0.5,34323,7.0,Electronics,Credit,16,7,Regular Shopper
CUST-04074,44,4.9,43538,8.7,Electronics,Cash,23,2,Regular Shopper
CUST-04075,29,7.3,37174,9.2,Clothing,Cash,10,4,Regular Shopper
CUST-04076,35,31.0,43326,12.1,Tools,Cash,51,2,Loyal Budget Buyer
CUST-04077,32,14.5,27397,17.3,Clothing,Cash,53,8,Loyal Budget Buyer
CUST-04078,18,1.7,70544,8.0,Clothing,Cash,17,3,Regular Shopper
CUST-04079,34,2.6,17759,1.1,Clothing,Mobile Money,3,11,Occasional Shopper
CUST-04080,56,0.3,37736,4.9,Electronics,Mobile Money,10,12,Regular Shopper
CUST-04081,28,5.0,9988,1.1,Tools,Cash,5,12,Occasional Shopper
CUST-04082,33,3.2,237265,11.6,Tools,Cash,34,14,Wholesale Buyer
CUST-04083,34,8.2,85941,8.1,Electronics,Credit,19,5,Regular Shopper
CUST-04084,34,7.1,29873,18.5,Food,Cash,57,5,Loyal Budget Buyer
CUST-04085,36,9.5,63621,8.2,Electronics,Credit,22,14,Regular Shopper
CUST-04086,39,6.6,85393,6.0,Food,Cash,17,9,Regular Shopper
CUST-04087,33,7.4,332245,18.3,Food,Mobile Money,37,2,Wholesale Buyer
CUST-04088,31,0.7,41349,0.5,Clothing,Cash,2,12,Occasional Shopper
CUST-04089,47,1.9,26159,13.5,Food,Cash,53,3,Loyal Budget Buyer
CUST-04090,36,8.3,60374,8.8,Food,Cash,18,13,Regular Shopper
CUST-04091,38,1.2,679821,13.4,Electronics,Credit,39,13,Wholesale Buyer
CUST-04092,23,17.9,30428,19.1,Household,Cash,53,7,Loyal Budget Buyer
CUST-04093,28,3.7,98770,9.6,Clothing,Cash,10,3,Regular Shopper
CUST-04094,40,2.2,34202,11.6,Food,Cash,49,11,Loyal Budget Buyer
CUST-04095,36,0.4,35183,21.6,Food,Mobile Money,59,12,Loyal Budget Buyer
CUST-04096,23,5.9,36170,13.6,Clothing,Cash,50,10,Loyal Budget Buyer
CUST-04097,43,3.3,440918,14.8,Household,Credit,39,11,Wholesale Buyer
CUST-04098,50,4.5,94817,7.2,Household,Mobile Money,20,10,Regular Shopper
CUST-04099,34,21.2,464084,12.5,Household,Cash,47,5,Wholesale Buyer
CUST-04100,28,0.6,1800,0.5,Household,Mobile Money,5,8,Occasional Shopper
CUST-04101,25,2.3,78571,8.2,Electronics,Cash,21,9,Regular Shopper
CUST-04102,22,1.9,20984,1.7,Clothing,Mobile Money,4,14,Occasional Shopper
CUST-04103,37,3.2,105135,7.1,Tools,Cash,24,10,Regular Shopper
CUST-04104,37,14.2,3750,0.6,Food,Mobile Money,3,9,Occasional Shopper
CUST-04105,32,3.1,56350,7.0,Household,Cash,21,8,Regular Shopper
CUST-04106,36,15.1,522174,16.4,Household,Mobile Money,38,7,Wholesale Buyer
CUST-04107,37,7.4,411476,11.0,Food,Credit,41,6,Wholesale Buyer
CUST-04108,26,4.0,10991,0.5,Clothing,Mobile Money,8,11,Occasional Shopper
CUST-04109,36,1.2,24071,13.1,Tools,Cash,42,6,Loyal Budget Buyer
CUST-04110,26,13.6,141965,8.8,Food,Credit,22,8,Regular Shopper
CUST-04111,37,2.8,28621,6.0,Clothing,Mobile Money,14,12,Regular Shopper
CUST-04112,44,0.4,121688,9.3,Tools,Mobile Money,14,7,Regular Shopper
CUST-04113,46,9.5,250622,15.8,Household,Mobile Money,38,11,Wholesale Buyer
CUST-04114,34,1.8,75066,9.7,Food,Mobile Money,18,7,Regular Shopper
CUST-04115,38,5.4,31882,21.0,Food,Cash,50,3,Loyal Budget Buyer
CUST-04116,49,1.7,466004,12.2,Food,Cash,32,13,Wholesale Buyer
CUST-04117,28,3.3,69924,9.0,Food,Cash,12,5,Regular Shopper
CUST-04118,35,6.6,362409,12.4,Electronics,Cash,32,13,Wholesale Buyer
CUST-04119,33,8.6,28671,20.0,Food,Mobile Money,41,6,Loyal Budget Buyer
CUST-04120,33,0.9,57721,19.6,Food,Mobile Money,38,10,Loyal Budget Buyer
CUST-04121,37,2.0,352705,13.2,Clothing,Mobile Money,30,13,Wholesale Buyer
CUST-04122,33,0.9,69604,9.2,Food,Mobile Money,20,4,Regular Shopper
CUST-04123,46,3.2,33506,25.6,Tools,Cash,60,11,Loyal Budget Buyer
CUST-04124,18,0.9,31226,25.4,Food,Credit,61,3,Loyal Budget Buyer
CUST-04125,48,2.4,52428,4.0,Tools,Cash,22,5,Regular Shopper
CUST-04126,23,2.5,16435,1.0,Household,Cash,3,2,Occasional Shopper
CUST-04127,24,0.5,18607,0.9,Food,Mobile Money,10,2,Occasional Shopper
CUST-04128,27,2.0,436384,14.5,Tools,Mobile Money,37,13,Wholesale Buyer
CUST-04129,35,5.6,54963,6.9,Food,Mobile Money,21,12,Regular Shopper
CUST-04130,34,7.9,136245,10.1,Electronics,Mobile Money,10,13,Regular Shopper
CUST-04131,28,3.7,298423,12.3,Electronics,Cash,32,11,Wholesale Buyer
CUST-04132,41,0.6,7671,6.7,Tools,Mobile Money,13,1,Regular Shopper
CUST-04133,27,6.9,24041,1.7,Food,Cash,4,13,Occasional Shopper
CUST-04134,42,0.6,29075,17.8,Food,Cash,64,14,Loyal Budget Buyer
CUST-04135,40,1.9,12410,1.5,Electronics,Credit,8,1,Occasional Shopper
CUST-04136,18,1.6,14994,1.5,Food,Mobile Money,2,4,Occasional Shopper
CUST-04137,43,5.2,66793,18.9,Food,Cash,62,7,Loyal Budget Buyer
CUST-04138,21,0.2,27294,0.9,Electronics,Cash,5,12,Occasional Shopper
CUST-04139,52,4.0,45991,18.0,Household,Mobile Money,53,1,Loyal Budget Buyer
CUST-04140,40,7.3,43867,5.7,Tools,Credit,19,5,Regular Shopper
CUST-04141,24,3.2,88481,8.8,Electronics,Cash,23,11,Regular Shopper
CUST-04142,18,4.3,3500,19.7,Household,Cash,53,9,Loyal Budget Buyer
CUST-04143,18,4.8,43441,6.9,Food,Mobile Money,14,7,Regular Shopper
CUST-04144,26,1.2,41804,18.0,Food,Mobile Money,55,11,Loyal Budget Buyer
CUST-04145,49,0.6,651940,10.9,Food,Mobile Money,34,5,Wholesale Buyer
CUST-04146,43,7.6,442257,13.2,Electronics,Mobile Money,37,2,Wholesale Buyer
CUST-04147,23,3.7,69686,4.3,Tools,Cash,19,4,Regular Shopper
CUST-04148,32,6.2,580278,12.4,Tools,Cash,46,8,Wholesale Buyer
CUST-04149,28,6.5,66105,8.5,Food,Mobile Money,19,6,Regular Shopper
CUST-04150,24,0.5,8533,0.8,Clothing,Cash,5,6,Occasional Shopper
CUST-04151,46,5.6,59345,21.0,Food,Cash,52,6,Loyal Budget Buyer
CUST-04152,38,6.1,12109,2.1,Clothing,Cash,2,3,Occasional Shopper
CUST-04153,36,3.7,472264,12.5,Household,Cash,32,12,Wholesale Buyer
CUST-04154,26,1.1,49896,19.8,Electronics,Cash,49,3,Loyal Budget Buyer
CUST-04155,33,1.4,21055,17.0,Food,Cash,52,9,Loyal Budget Buyer
CUST-04156,19,5.6,27396,1.4,Electronics,Mobile Money,10,10,Occasional Shopper
CUST-04157,26,1.4,39086,24.6,Clothing,Cash,67,13,Loyal Budget Buyer
CUST-04158,28,0.6,58925,10.7,Electronics,Cash,12,11,Regular Shopper
CUST-04159,40,2.4,34418,20.8,Clothing,Cash,49,6,Loyal Budget Buyer
CUST-04160,46,9.5,74142,7.5,Electronics,Cash,24,10,Regular Shopper
CUST-04161,42,8.7,27279,14.7,Electronics,Cash,47,2,Loyal Budget Buyer
CUST-04162,47,1.0,469737,17.3,Tools,Cash,36,10,Wholesale Buyer
CUST-04163,32,0.6,588827,13.7,Food,Cash,34,9,Wholesale Buyer
CUST-04164,31,8.4,27601,19.3,Food,Mobile Money,51,6,Loyal Budget Buyer
CUST-04165,18,2.9,13225,0.9,Electronics,Cash,3,13,Occasional Shopper
CUST-04166,37,4.8,31109,22.5,Household,Cash,44,10,Loyal Budget Buyer
CUST-04167,34,3.2,15455,18.5,Food,Mobile Money,51,8,Loyal Budget Buyer
CUST-04168,32,2.8,16960,21.0,Food,Mobile Money,37,11,Loyal Budget Buyer
CUST-04169,39,6.4,610870,12.1,Food,Credit,30,4,Wholesale Buyer
CUST-04170,41,10.2,71053,4.5,Household,Cash,19,13,Regular Shopper
CUST-04171,41,1.7,57445,6.1,Clothing,Mobile Money,10,1,Regular Shopper
CUST-04172,22,1.4,119704,7.7,Clothing,Credit,13,9,Regular Shopper
CUST-04173,41,6.7,534272,21.5,Food,Cash,44,5,Wholesale Buyer
CUST-04174,33,0.3,684752,12.4,Tools,Mobile Money,46,2,Wholesale Buyer
CUST-04175,41,4.0,31612,15.1,Electronics,Cash,56,2,Loyal Budget Buyer
CUST-04176,26,0.4,27123,18.4,Electronics,Mobile Money,52,1,Loyal Budget Buyer
CUST-04177,31,7.8,120464,10.6,Clothing,Cash,12,2,Regular Shopper
CUST-04178,41,1.4,44390,19.3,Clothing,Mobile Money,58,12,Loyal Budget Buyer
CUST-04179,18,4.6,26620,0.7,Household,Mobile Money,2,9,Occasional Shopper
CUST-04180,26,20.2,419497,12.8,Food,Cash,35,10,Wholesale Buyer
CUST-04181,23,7.0,30887,0.8,Clothing,Mobile Money,4,14,Occasional Shopper
CUST-04182,18,5.3,78383,3.7,Electronics,Mobile Money,15,11,Regular Shopper
CUST-04183,30,0.4,30539,20.5,Tools,Cash,52,11,Loyal Budget Buyer
CUST-04184,41,0.5,95017,6.4,Electronics,Mobile Money,16,4,Regular Shopper
CUST-04185,34,4.2,34203,8.4,Food,Mobile Money,19,10,Regular Shopper
CUST-04186,23,18.0,30384,19.1,Food,Cash,55,4,Loyal Budget Buyer
CUST-04187,29,3.7,76005,6.6,Clothing,Mobile Money,20,7,Regular Shopper
CUST-04188,48,12.9,86501,6.4,Food,Cash,22,4,Regular Shopper
CUST-04189,40,1.2,32857,19.7,Food,Cash,47,8,Loyal Budget Buyer
CUST-04190,26,0.3,6850,1.1,Food,Cash,3,4,Occasional Shopper
CUST-04191,32,4.9,298292,10.8,Tools,Cash,37,6,Wholesale Buyer
CUST-04192,30,1.4,29742,9.7,Food,Credit,20,2,Regular Shopper
CUST-04193,38,2.0,440163,10.2,Clothing,Cash,36,10,Wholesale Buyer
CUST-04194,18,7.7,28949,19.3,Food,Cash,48,7,Loyal Budget Buyer
CUST-04195,33,6.3,23857,1.3,Tools,Cash,5,11,Occasional Shopper
CUST-04196,39,3.5,436986,14.8,Food,Cash,42,1,Wholesale Buyer
CUST-04197,24,2.8,8813,1.3,Food,Mobile Money,4,13,Occasional Shopper
CUST-04198,44,10.9,89827,4.8,Clothing,Cash,18,8,Regular Shopper
CUST-04199,18,5.5,25875,0.5,Tools,Cash,1,4,Occasional Shopper
CUST-04200,44,1.5,79090,8.5,Food,Mobile Money,20,3,Regular Shopper
CUST-04201,18,1.9,63545,9.2,Clothing,Mobile Money,10,2,Regular Shopper
CUST-04202,40,20.6,7785,0.7,Clothing,Cash,3,8,Occasional Shopper
CUST-04203,34,1.0,89794,6.6,Clothing,Cash,16,11,Regular Shopper
CUST-04204,29,16.8,18682,1.6,Electronics,Mobile Money,2,9,Occasional Shopper
CUST-04205,22,4.5,87745,7.4,Food,Cash,23,9,Regular Shopper
CUST-04206,42,9.0,507515,11.8,Tools,Cash,34,3,Wholesale Buyer
CUST-04207,28,2.5,196577,12.4,Tools,Cash,40,9,Wholesale Buyer
CUST-04208,43,14.0,48552,11.9,Clothing,Cash,55,14,Loyal Budget Buyer
CUST-04209,26,15.6,421413,15.0,Household,Mobile Money,35,2,Wholesale Buyer
CUST-04210,40,12.8,367020,14.1,Electronics,Cash,39,9,Wholesale Buyer
CUST-04211,48,12.6,39882,4.7,Tools,Cash,16,8,Regular Shopper
CUST-04212,31,8.1,490117,14.7,Clothing,Cash,39,14,Wholesale Buyer
CUST-04213,33,5.6,296220,17.2,Tools,Mobile Money,29,1,Wholesale Buyer
CUST-04214,28,8.9,102246,6.9,Tools,Mobile Money,22,14,Regular Shopper
CUST-04215,35,0.3,15679,0.5,Clothing,Mobile Money,4,6,Occasional Shopper
CUST-04216,32,2.7,55645,10.2,Clothing,Mobile Money,14,10,Regular Shopper
CUST-04217,30,0.6,40290,18.9,Tools,Cash,53,7,Loyal Budget Buyer
CUST-04218,24,3.7,100062,4.9,Food,Cash,17,10,Regular Shopper
CUST-04219,41,6.4,22560,19.6,Clothing,Cash,55,1,Loyal Budget Buyer
CUST-04220,30,7.2,355802,15.9,Food,Cash,43,2,Wholesale Buyer
CUST-04221,45,1.5,512075,12.6,Electronics,Mobile Money,38,4,Wholesale Buyer
CUST-04222,51,0.9,312096,13.4,Food,Credit,37,1,Wholesale Buyer
CUST-04223,51,6.6,30355,20.5,Clothing,Cash,53,6,Loyal Budget Buyer
CUST-04224,29,17.0,29012,8.5,Food,Cash,28,11,Regular Shopper
CUST-04225,47,1.1,356344,15.0,Tools,Cash,37,3,Wholesale Buyer
CUST-04226,29,5.5,25440,1.7,Food,Mobile Money,4,8,Occasional Shopper
CUST-04227,44,1.4,11014,24.3,Tools,Cash,52,3,Loyal Budget Buyer
CUST-04228,39,0.8,17367,17.5,Food,Cash,43,7,Loyal Budget Buyer
CUST-04229,36,3.1,546419,11.4,Clothing,Cash,43,9,Wholesale Buyer
CUST-04230,26,1.6,100133,8.4,Clothing,Cash,21,1,Regular Shopper
CUST-04231,37,19.1,24161,19.0,Food,Cash,56,3,Loyal Budget Buyer
CUST-04232,39,9.3,74449,7.5,Tools,Mobile Money,12,3,Regular Shopper
CUST-04233,25,9.2,16831,1.5,Clothing,Mobile Money,3,5,Occasional Shopper
CUST-04234,18,6.7,4278,2.0,Electronics,Mobile Money,7,1,Occasional Shopper
CUST-04235,32,4.4,29807,16.8,Clothing,Cash,49,10,Loyal Budget Buyer
CUST-04236,18,5.7,14265,0.6,Food,Cash,3,9,Occasional Shopper
CUST-04237,32,5.4,46811,21.5,Food,Cash,54,3,Loyal Budget Buyer
CUST-04238,30,0.8,49892,8.0,Tools,Cash,26,6,Regular Shopper
CUST-04239,50,7.3,126356,4.3,Tools,Mobile Money,25,11,Regular Shopper
CUST-04240,43,1.1,78652,2.1,Clothing,Mobile Money,11,6,Regular Shopper
CUST-04241,27,1.8,25234,1.0,Clothing,Cash,5,10,Occasional Shopper
CUST-04242,35,6.2,28886,16.0,Food,Cash,45,4,Loyal Budget Buyer
CUST-04243,29,3.4,21061,20.8,Food,Mobile Money,50,10,Loyal Budget Buyer
CUST-04244,32,3.5,28306,22.1,Tools,Cash,50,8,Loyal Budget Buyer
CUST-04245,25,9.0,33443,0.9,Clothing,Cash,3,3,Occasional Shopper
CUST-04246,34,4.4,93899,8.9,Food,Mobile Money,16,14,Regular Shopper
CUST-04247,45,2.5,24671,1.5,Clothing,Cash,4,1,Occasional Shopper
CUST-04248,31,0.5,115156,8.6,Food,Mobile Money,16,11,Regular Shopper
CUST-04249,32,0.4,71549,6.9,Food,Mobile Money,10,1,Regular Shopper
CUST-04250,24,3.0,23849,1.2,Clothing,Cash,3,11,Occasional Shopper
CUST-04251,26,12.7,101487,5.7,Electronics,Cash,23,12,Regular Shopper
CUST-04252,40,8.6,639634,15.8,Food,Mobile Money,25,11,Wholesale Buyer
CUST-04253,30,7.5,55036,5.4,Clothing,Mobile Money,11,9,Regular Shopper
CUST-04254,34,9.9,13247,1.0,Clothing,Cash,5,12,Occasional Shopper
CUST-04255,40,5.2,551876,13.4,Tools,Cash,36,2,Wholesale Buyer
CUST-04256,36,13.6,511460,11.0,Electronics,Cash,31,7,Wholesale Buyer
CUST-04257,47,4.0,390686,13.0,Food,Credit,36,9,Wholesale Buyer
CUST-04258,39,0.9,476394,17.4,Tools,Cash,36,6,Wholesale Buyer
CUST-04259,33,4.8,77068,8.5,Household,Mobile Money,15,2,Regular Shopper
CUST-04260,18,5.3,97420,10.2,Tools,Credit,11,10,Regular Shopper
CUST-04261,33,9.6,30276,24.8,Household,Cash,47,12,Loyal Budget Buyer
CUST-04262,41,15.2,23539,8.8,Clothing,Credit,10,8,Regular Shopper
CUST-04263,30,0.3,90596,8.3,Tools,Cash,19,9,Regular Shopper
CUST-04264,24,4.1,26600,0.9,Household,Cash,2,11,Occasional Shopper
CUST-04265,21,1.7,21714,1.0,Clothing,Cash,4,3,Occasional Shopper
CUST-04266,33,8.9,518353,18.3,Food,Cash,40,13,Wholesale Buyer
CUST-04267,38,3.2,22371,2.3,Clothing,Cash,3,14,Occasional Shopper
CUST-04268,43,2.7,57737,12.6,Tools,Cash,45,8,Loyal Budget Buyer
CUST-04269,45,3.0,636623,15.4,Food,Mobile Money,33,9,Wholesale Buyer
CUST-04270,30,10.1,24673,3.2,Household,Cash,4,9,Occasional Shopper
CUST-04271,27,2.1,510672,17.4,Food,Cash,32,1,Wholesale Buyer
CUST-04272,46,15.2,47370,17.1,Electronics,Cash,40,2,Loyal Budget Buyer
CUST-04273,33,0.3,520784,14.5,Tools,Cash,35,6,Wholesale Buyer
CUST-04274,36,2.0,63597,7.7,Clothing,Mobile Money,25,11,Regular Shopper
CUST-04275,38,4.8,26664,22.2,Clothing,Mobile Money,39,6,Loyal Budget Buyer
CUST-04276,40,2.3,439306,14.8,Food,Cash,29,14,Wholesale Buyer
CUST-04277,38,1.5,329869,18.2,Tools,Cash,35,4,Wholesale Buyer
CUST-04278,18,4.3,21232,0.9,Clothing,Mobile Money,4,11,Occasional Shopper
CUST-04279,50,0.3,368491,11.5,Food,Cash,27,1,Wholesale Buyer
CUST-04280,23,3.6,63346,8.7,Clothing,Cash,17,2,Regular Shopper
CUST-04281,31,3.3,24829,1.4,Tools,Cash,3,11,Occasional Shopper
CUST-04282,43,4.8,663118,9.7,Food,Credit,38,3,Wholesale Buyer
CUST-04283,18,4.7,25008,16.8,Tools,Cash,52,12,Loyal Budget Buyer
CUST-04284,47,0.7,873674,11.8,Food,Credit,35,14,Wholesale Buyer
CUST-04285,33,5.0,29767,25.2,Food,Mobile Money,50,12,Loyal Budget Buyer
CUST-04286,25,5.0,16453,3.6,Clothing,Cash,1,7,Occasional Shopper
CUST-04287,38,1.7,131021,5.3,Tools,Cash,20,6,Regular Shopper
CUST-04288,18,8.2,33822,1.7,Food,Cash,5,14,Occasional Shopper
CUST-04289,29,9.6,464286,10.4,Clothing,Cash,37,14,Wholesale Buyer
CUST-04290,27,7.9,8337,1.1,Electronics,Cash,6,11,Occasional Shopper
CUST-04291,38,6.5,51169,9.0,Tools,Mobile Money,13,14,Regular Shopper
CUST-04292,29,1.4,504928,14.7,Tools,Mobile Money,32,5,Wholesale Buyer
CUST-04293,39,0.9,52251,20.2,Food,Cash,54,1,Loyal Budget Buyer
CUST-04294,26,5.2,18885,1.4,Clothing,Cash,4,6,Occasional Shopper
CUST-04295,18,4.6,122610,7.4,Food,Mobile Money,14,11,Regular Shopper
CUST-04296,43,9.6,33625,20.8,Clothing,Cash,39,9,Loyal Budget Buyer
CUST-04297,44,6.2,43269,24.4,Food,Cash,58,9,Loyal Budget Buyer
CUST-04298,39,0.8,712468,16.3,Food,Cash,30,10,Wholesale Buyer
CUST-04299,35,1.2,599142,11.0,Food,Cash,37,5,Wholesale Buyer
CUST-04300,35,7.8,85751,3.2,Food,Cash,20,7,Regular Shopper
CUST-04301,39,3.4,258594,14.1,Tools,Cash,41,4,Wholesale Buyer
CUST-04302,37,7.7,153895,7.4,Food,Cash,10,1,Regular Shopper
CUST-04303,24,2.8,28005,19.3,Household,Cash,43,12,Loyal Budget Buyer
CUST-04304,36,2.1,24982,7.2,Electronics,Mobile Money,16,13,Regular Shopper
CUST-04305,18,5.6,91078,7.4,Household,Credit,17,9,Regular Shopper
CUST-04306,27,2.9,75895,6.0,Food,Cash,10,13,Regular Shopper
CUST-04307,28,0.9,30670,5.7,Electronics,Cash,18,12,Regular Shopper
CUST-04308,18,4.7,7324,2.2,Clothing,Cash,6,6,Occasional Shopper
CUST-04309,40,2.2,39389,28.4,Electronics,Mobile Money,38,1,Loyal Budget Buyer
CUST-04310,18,5.0,427751,17.4,Tools,Cash,49,2,Wholesale Buyer
CUST-04311,36,10.0,52435,22.5,Food,Mobile Money,47,11,Loyal Budget Buyer
CUST-04312,47,0.8,491737,14.6,Household,Cash,37,13,Wholesale Buyer
CUST-04313,45,0.6,358925,19.6,Food,Cash,28,3,Wholesale Buyer
CUST-04314,54,3.1,506567,17.9,Tools,Cash,37,11,Wholesale Buyer
CUST-04315,19,2.9,71402,9.6,Electronics,Mobile Money,17,3,Regular Shopper
CUST-04316,28,1.8,57066,7.9,Food,Mobile Money,22,6,Regular Shopper
CUST-04317,24,5.1,576718,16.5,Electronics,Mobile Money,34,3,Wholesale Buyer
CUST-04318,21,0.9,74787,4.5,Food,Credit,13,7,Regular Shopper
CUST-04319,27,11.3,502895,9.3,Food,Cash,30,14,Wholesale Buyer
CUST-04320,42,3.5,531775,15.6,Tools,Cash,31,2,Wholesale Buyer
CUST-04321,18,5.2,79831,5.3,Household,Cash,12,5,Regular Shopper
CUST-04322,27,3.1,89725,8.2,Food,Cash,13,9,Regular Shopper
CUST-04323,27,7.1,32252,15.2,Clothing,Mobile Money,46,5,Loyal Budget Buyer
CUST-04324,42,0.9,433266,15.8,Household,Mobile Money,30,10,Wholesale Buyer
CUST-04325,35,12.4,752150,12.1,Food,Cash,33,7,Wholesale Buyer
CUST-04326,45,3.4,94995,6.4,Food,Cash,19,11,Regular Shopper
CUST-04327,20,4.2,24461,1.3,Electronics,Mobile Money,1,10,Occasional Shopper
CUST-04328,40,6.3,7966,2.2,Clothing,Cash,5,14,Occasional Shopper
CUST-04329,18,4.5,67920,9.5,Clothing,Cash,20,12,Regular Shopper
CUST-04330,40,0.5,20110,27.2,Clothing,Cash,59,2,Loyal Budget Buyer
CUST-04331,26,2.7,108821,5.1,Food,Mobile Money,16,6,Regular Shopper
CUST-04332,29,3.6,349780,17.5,Tools,Cash,19,3,Wholesale Buyer
CUST-04333,41,8.9,64097,9.6,Electronics,Mobile Money,24,2,Regular Shopper
CUST-04334,28,3.8,18998,2.2,Food,Cash,3,6,Occasional Shopper
CUST-04335,18,20.6,63505,5.5,Clothing,Mobile Money,15,1,Regular Shopper
CUST-04336,47,4.8,20366,15.6,Electronics,Credit,52,10,Loyal Budget Buyer
CUST-04337,27,0.9,26370,26.1,Food,Cash,63,2,Loyal Budget Buyer
CUST-04338,26,4.1,24179,2.5,Clothing,Mobile Money,2,7,Occasional Shopper
CUST-04339,42,12.2,31433,11.7,Electronics,Cash,13,1,Regular Shopper
CUST-04340,44,3.1,28588,2.1,Clothing,Cash,3,7,Occasional Shopper
CUST-04341,34,1.1,93167,13.4,Household,Mobile Money,13,4,Regular Shopper
CUST-04342,25,22.3,82659,6.1,Food,Cash,12,8,Regular Shopper
CUST-04343,40,0.2,17323,1.7,Tools,Mobile Money,3,11,Occasional Shopper
CUST-04344,24,1.9,59990,6.5,Food,Mobile Money,17,7,Regular Shopper
CUST-04345,40,4.3,91251,8.5,Food,Mobile Money,12,9,Regular Shopper
CUST-04346,38,1.2,612091,14.5,Tools,Credit,35,2,Wholesale Buyer
CUST-04347,25,18.2,15333,0.7,Electronics,Cash,4,2,Occasional Shopper
CUST-04348,24,1.5,34592,0.9,Tools,Cash,5,13,Occasional Shopper
CUST-04349,33,5.4,26992,0.5,Clothing,Cash,3,1,Occasional Shopper
CUST-04350,33,3.8,61030,5.7,Food,Mobile Money,15,12,Regular Shopper
CUST-04351,36,8.3,102938,9.9,Electronics,Cash,14,14,Regular Shopper
CUST-04352,18,5.6,23923,0.5,Food,Mobile Money,3,6,Occasional Shopper
CUST-04353,31,6.3,40768,17.8,Household,Cash,58,6,Loyal Budget Buyer
CUST-04354,46,12.1,621987,12.4,Food,Mobile Money,26,3,Wholesale Buyer
CUST-04355,29,5.9,108393,5.9,Food,Mobile Money,20,9,Regular Shopper
CUST-04356,40,1.1,120772,6.6,Food,Mobile Money,14,13,Regular Shopper
CUST-04357,44,9.3,330389,11.1,Food,Mobile Money,37,13,Wholesale Buyer
CUST-04358,52,12.4,46686,19.6,Food,Cash,47,6,Loyal Budget Buyer
CUST-04359,37,4.0,654468,13.8,Clothing,Credit,38,10,Wholesale Buyer
CUST-04360,43,9.6,499982,9.7,Clothing,Cash,31,10,Wholesale Buyer
CUST-04361,18,16.0,66415,8.6,Clothing,Credit,25,13,Regular Shopper
CUST-04362,51,3.7,704237,12.3,Food,Cash,35,8,Wholesale Buyer
CUST-04363,20,0.6,14978,0.5,Electronics,Credit,3,5,Occasional Shopper
CUST-04364,22,1.5,24657,1.5,Food,Mobile Money,6,7,Occasional Shopper
CUST-04365,30,6.3,72710,6.4,Tools,Mobile Money,17,1,Regular Shopper
CUST-04366,19,11.8,21136,3.2,Clothing,Cash,2,7,Occasional Shopper
CUST-04367,27,0.5,94328,4.8,Clothing,Mobile Money,15,10,Regular Shopper
CUST-04368,39,2.0,80233,4.7,Household,Mobile Money,17,11,Regular Shopper
CUST-04369,25,2.8,96461,6.0,Tools,Cash,17,5,Regular Shopper
CUST-04370,31,8.6,39788,18.0,Food,Cash,58,10,Loyal Budget Buyer
CUST-04371,26,7.1,31370,1.9,Food,Cash,7,8,Occasional Shopper
CUST-04372,36,0.7,36134,26.7,Food,Mobile Money,44,6,Loyal Budget Buyer
CUST-04373,22,9.0,33667,6.5,Food,Cash,13,1,Regular Shopper
CUST-04374,23,9.6,36842,1.3,Clothing,Cash,6,13,Occasional Shopper
CUST-04375,27,2.0,21081,20.9,Tools,Mobile Money,57,3,Loyal Budget Buyer
CUST-04376,40,1.0,55274,5.6,Electronics,Cash,18,9,Regular Shopper
CUST-04377,39,6.8,4370,19.4,Food,Cash,53,10,Loyal Budget Buyer
CUST-04378,40,4.2,32939,20.0,Clothing,Mobile Money,52,5,Loyal Budget Buyer
CUST-04379,23,0.4,43614,16.6,Food,Cash,48,4,Loyal Budget Buyer
CUST-04380,29,2.6,98047,6.5,Clothing,Mobile Money,18,8,Regular Shopper
CUST-04381,53,1.1,28273,17.9,Food,Cash,57,3,Loyal Budget Buyer
CUST-04382,35,8.4,91927,10.4,Electronics,Mobile Money,21,13,Regular Shopper
CUST-04383,52,0.9,462502,8.7,Food,Cash,27,2,Wholesale Buyer
CUST-04384,47,1.4,649310,19.5,Food,Cash,35,6,Wholesale Buyer
CUST-04385,35,0.7,133026,10.5,Tools,Mobile Money,23,9,Regular Shopper
CUST-04386,26,8.6,35517,17.7,Food,Credit,46,4,Loyal Budget Buyer
CUST-04387,35,2.5,84195,7.3,Food,Mobile Money,10,9,Regular Shopper
CUST-04388,27,2.6,118608,6.5,Tools,Cash,12,3,Regular Shopper
CUST-04389,38,1.2,276579,8.3,Tools,Cash,41,12,Wholesale Buyer
CUST-04390,33,1.0,425814,16.4,Electronics,Mobile Money,34,9,Wholesale Buyer
CUST-04391,51,4.6,52430,7.7,Tools,Cash,17,14,Regular Shopper
CUST-04392,21,1.3,56786,6.8,Tools,Cash,19,9,Regular Shopper
CUST-04393,35,6.4,8150,1.0,Clothing,Cash,5,1,Occasional Shopper
CUST-04394,28,0.7,69604,7.1,Clothing,Cash,10,10,Regular Shopper
CUST-04395,32,0.5,83547,4.2,Electronics,Cash,20,8,Regular Shopper
CUST-04396,18,0.2,26234,0.5,Household,Cash,3,6,Occasional Shopper
CUST-04397,30,17.6,34302,17.7,Food,Cash,59,10,Loyal Budget Buyer
CUST-04398,28,3.0,8922,7.8,Tools,Cash,21,1,Regular Shopper
CUST-04399,44,2.8,536598,14.8,Electronics,Cash,28,6,Wholesale Buyer
CUST-04400,20,1.9,25637,0.5,Clothing,Cash,2,9,Occasional Shopper
CUST-04401,27,0.4,22232,1.5,Food,Cash,3,3,Occasional Shopper
CUST-04402,26,0.8,14461,2.4,Clothing,Mobile Money,3,13,Occasional Shopper
CUST-04403,45,2.1,654488,8.5,Tools,Cash,24,11,Wholesale Buyer
CUST-04404,18,4.5,14350,1.6,Food,Cash,4,14,Occasional Shopper
CUST-04405,33,4.4,26507,1.8,Clothing,Mobile Money,4,3,Occasional Shopper
CUST-04406,21,6.8,25775,0.6,Household,Mobile Money,3,1,Occasional Shopper
CUST-04407,33,5.3,20757,1.4,Household,Cash,5,2,Occasional Shopper
CUST-04408,40,10.3,45078,19.6,Household,Cash,45,8,Loyal Budget Buyer
CUST-04409,33,3.9,4044,0.5,Food,Cash,1,10,Occasional Shopper
CUST-04410,18,0.5,98598,7.1,Tools,Mobile Money,15,6,Regular Shopper
CUST-04411,32,1.2,94691,7.7,Household,Mobile Money,12,6,Regular Shopper
CUST-04412,27,0.6,387273,14.4,Food,Cash,37,5,Wholesale Buyer
CUST-04413,18,2.2,53750,18.6,Food,Mobile Money,49,14,Loyal Budget Buyer
CUST-04414,29,1.8,36532,15.6,Food,Cash,44,8,Loyal Budget Buyer
CUST-04415,24,3.3,22568,2.4,Clothing,Cash,4,7,Occasional Shopper
CUST-04416,27,2.8,33457,18.0,Clothing,Cash,45,14,Loyal Budget Buyer
CUST-04417,23,9.8,32236,0.5,Household,Mobile Money,1,7,Occasional Shopper
CUST-04418,25,5.7,30573,19.6,Clothing,Mobile Money,60,9,Loyal Budget Buyer
CUST-04419,32,12.3,601437,17.0,Food,Cash,32,3,Wholesale Buyer
CUST-04420,32,2.0,21466,9.2,Clothing,Cash,54,12,Loyal Budget Buyer
CUST-04421,34,18.9,290049,18.7,Tools,Credit,34,12,Wholesale Buyer
CUST-04422,40,0.4,513095,18.6,Food,Mobile Money,35,12,Wholesale Buyer
CUST-04423,33,1.2,131109,4.6,Tools,Cash,16,4,Regular Shopper
CUST-04424,35,5.2,24585,26.4,Food,Cash,55,11,Loyal Budget Buyer
CUST-04425,18,11.8,30564,28.9,Electronics,Cash,51,7,Loyal Budget Buyer
CUST-04426,39,4.3,107440,11.4,Food,Mobile Money,10,10,Regular Shopper
CUST-04427,40,10.3,611078,18.6,Tools,Cash,31,1,Wholesale Buyer
CUST-04428,32,1.5,35097,9.4,Electronics,Cash,14,1,Regular Shopper
CUST-04429,28,1.8,15642,24.8,Clothing,Cash,54,14,Loyal Budget Buyer
CUST-04430,34,10.0,55475,6.6,Clothing,Cash,18,6,Regular Shopper
CUST-04431,18,5.7,18088,2.2,Clothing,Cash,6,13,Occasional Shopper
CUST-04432,24,7.6,21717,1.9,Clothing,Mobile Money,2,1,Occasional Shopper
CUST-04433,25,8.6,98268,5.7,Food,Mobile Money,15,13,Regular Shopper
CUST-04434,18,9.7,13875,2.0,Clothing,Cash,7,9,Occasional Shopper
CUST-04435,19,1.9,48187,7.9,Electronics,Cash,14,2,Regular Shopper
CUST-04436,22,1.2,8198,2.7,Tools,Cash,5,2,Occasional Shopper
CUST-04437,29,7.9,81354,6.3,Tools,Cash,12,13,Regular Shopper
CUST-04438,18,1.5,61911,7.3,Clothing,Mobile Money,15,9,Regular Shopper
CUST-04439,29,4.6,82991,11.6,Clothing,Mobile Money,18,8,Regular Shopper
CUST-04440,24,1.4,42951,4.7,Tools,Mobile Money,14,1,Regular Shopper
CUST-04441,28,1.5,597325,12.6,Tools,Cash,36,4,Wholesale Buyer
CUST-04442,27,14.6,15246,0.8,Clothing,Mobile Money,5,10,Occasional Shopper
CUST-04443,18,8.8,27212,1.4,Clothing,Credit,4,8,Occasional Shopper
CUST-04444,31,3.0,12750,1.8,Clothing,Cash,5,13,Occasional Shopper
CUST-04445,38,0.8,571233,15.5,Electronics,Mobile Money,43,6,Wholesale Buyer
CUST-04446,32,4.1,37401,15.5,Electronics,Cash,48,2,Loyal Budget Buyer
CUST-04447,26,4.2,18424,6.5,Food,Mobile Money,16,2,Regular Shopper
CUST-04448,28,2.9,119823,7.4,Tools,Cash,17,13,Regular Shopper
CUST-04449,20,7.3,5114,0.7,Clothing,Mobile Money,5,1,Occasional Shopper
CUST-04450,36,3.2,26897,1.0,Tools,Cash,6,9,Occasional Shopper
CUST-04451,29,3.6,27554,0.5,Electronics,Mobile Money,2,6,Occasional Shopper
CUST-04452,33,2.9,33984,21.1,Clothing,Cash,52,8,Loyal Budget Buyer
CUST-04453,33,0.8,24215,1.4,Food,Mobile Money,5,4,Occasional Shopper
CUST-04454,20,0.2,96256,6.5,Food,Cash,18,3,Regular Shopper
CUST-04455,21,1.9,113294,5.3,Tools,Cash,13,13,Regular Shopper
CUST-04456,37,8.4,52952,10.3,Tools,Cash,19,8,Regular Shopper
CUST-04457,39,1.0,102135,8.4,Household,Cash,14,2,Regular Shopper
CUST-04458,34,8.6,16298,1.8,Clothing,Mobile Money,4,6,Occasional Shopper
CUST-04459,32,0.7,22121,1.1,Clothing,Cash,4,11,Occasional Shopper
CUST-04460,52,0.7,141059,13.4,Food,Cash,39,6,Wholesale Buyer
CUST-04461,18,6.7,89234,5.8,Household,Mobile Money,26,12,Regular Shopper
CUST-04462,18,4.3,123541,11.1,Food,Mobile Money,16,2,Regular Shopper
CUST-04463,30,9.6,59326,6.7,Tools,Mobile Money,13,12,Regular Shopper
CUST-04464,31,8.6,733983,9.4,Tools,Mobile Money,34,3,Wholesale Buyer
CUST-04465,54,16.0,462987,12.2,Tools,Mobile Money,29,4,Wholesale Buyer
CUST-04466,44,2.2,348335,15.7,Tools,Mobile Money,41,5,Wholesale Buyer
CUST-04467,37,4.2,42508,24.3,Food,Cash,49,10,Loyal Budget Buyer
CUST-04468,46,12.5,23349,21.8,Food,Cash,47,14,Loyal Budget Buyer
CUST-04469,52,2.7,530779,13.2,Household,Cash,47,4,Wholesale Buyer
CUST-04470,56,4.4,475581,15.8,Tools,Cash,34,8,Wholesale Buyer
CUST-04471,18,4.5,27103,3.0,Food,Mobile Money,2,6,Occasional Shopper
CUST-04472,52,9.9,58192,6.6,Electronics,Credit,17,7,Regular Shopper
CUST-04473,24,0.2,20641,1.3,Clothing,Cash,6,5,Occasional Shopper
CUST-04474,30,10.3,60886,6.7,Clothing,Mobile Money,19,12,Regular Shopper
CUST-04475,38,1.3,62191,9.4,Clothing,Cash,14,3,Regular Shopper
CUST-04476,33,0.8,109805,5.5,Food,Credit,15,6,Regular Shopper
CUST-04477,35,1.5,42441,17.5,Food,Mobile Money,47,6,Loyal Budget Buyer
CUST-04478,22,6.8,33348,20.0,Food,Cash,52,8,Loyal Budget Buyer
CUST-04479,25,4.4,17106,2.0,Food,Cash,7,8,Occasional Shopper
CUST-04480,36,9.2,107444,8.5,Clothing,Cash,20,2,Regular Shopper
CUST-04481,34,7.0,90581,5.7,Food,Mobile Money,29,11,Regular Shopper
CUST-04482,18,5.6,74893,10.0,Electronics,Cash,20,10,Regular Shopper
CUST-04483,40,10.8,451152,14.4,Household,Mobile Money,29,10,Wholesale Buyer
CUST-04484,26,15.7,65036,8.2,Food,Mobile Money,18,4,Regular Shopper
CUST-04485,43,0.4,428532,20.1,Household,Cash,37,7,Wholesale Buyer
CUST-04486,43,14.2,686661,13.4,Clothing,Cash,43,6,Wholesale Buyer
CUST-04487,24,3.6,41988,7.5,Tools,Mobile Money,14,14,Regular Shopper
CUST-04488,36,2.0,55506,16.1,Food,Cash,46,5,Loyal Budget Buyer
CUST-04489,33,3.5,93798,6.4,Tools,Cash,14,8,Regular Shopper
CUST-04490,45,3.2,237081,21.4,Electronics,Cash,49,5,Wholesale Buyer
CUST-04491,29,14.3,8164,21.3,Household,Mobile Money,40,10,Loyal Budget Buyer
CUST-04492,29,26.1,77869,8.2,Tools,Mobile Money,19,8,Regular Shopper
CUST-04493,23,0.7,6737,1.8,Tools,Mobile Money,4,13,Occasional Shopper
CUST-04494,47,2.5,38698,14.4,Household,Cash,59,6,Loyal Budget Buyer
CUST-04495,21,1.0,8248,1.5,Food,Mobile Money,1,4,Occasional Shopper
CUST-04496,35,5.4,93860,7.5,Household,Cash,12,4,Regular Shopper
CUST-04497,25,5.5,18875,0.5,Tools,Mobile Money,6,6,Occasional Shopper
CUST-04498,29,2.5,40870,17.9,Tools,Credit,52,11,Loyal Budget Buyer
CUST-04499,39,24.7,659982,15.6,Tools,Cash,35,11,Wholesale Buyer
CUST-04500,43,3.3,8170,0.5,Clothing,Mobile Money,2,8,Occasional Shopper
CUST-04501,35,1.5,752001,17.1,Food,Cash,39,5,Wholesale Buyer
CUST-04502,41,2.8,503224,12.5,Food,Mobile Money,38,13,Wholesale Buyer
CUST-04503,22,2.8,90809,7.1,Clothing,Mobile Money,22,12,Regular Shopper
CUST-04504,43,3.0,433121,13.2,Food,Cash,34,11,Wholesale Buyer
CUST-04505,25,0.8,609927,18.4,Food,Mobile Money,33,13,Wholesale Buyer
CUST-04506,18,2.6,23778,1.6,Clothing,Cash,7,7,Occasional Shopper
CUST-04507,36,2.8,21551,2.4,Clothing,Cash,5,14,Occasional Shopper
CUST-04508,23,7.1,79919,5.3,Electronics,Cash,28,10,Regular Shopper
CUST-04509,24,4.8,18855,0.5,Clothing,Cash,3,11,Occasional Shopper
CUST-04510,30,2.7,9632,1.4,Clothing,Mobile Money,3,14,Occasional Shopper
CUST-04511,29,3.5,645351,14.6,Tools,Cash,31,5,Wholesale Buyer
CUST-04512,28,5.3,69595,6.0,Household,Credit,12,3,Regular Shopper
CUST-04513,18,0.5,65500,9.5,Electronics,Mobile Money,22,8,Regular Shopper
CUST-04514,38,6.3,55661,18.8,Food,Cash,69,10,Loyal Budget Buyer
CUST-04515,31,5.4,313540,17.8,Clothing,Cash,33,1,Wholesale Buyer
CUST-04516,18,8.2,16064,1.9,Clothing,Cash,7,4,Occasional Shopper
CUST-04517,33,3.2,8018,1.3,Household,Mobile Money,5,13,Occasional Shopper
CUST-04518,42,4.9,725966,13.7,Food,Mobile Money,44,12,Wholesale Buyer
CUST-04519,38,1.2,7500,10.9,Tools,Credit,16,12,Regular Shopper
CUST-04520,31,3.0,49816,4.4,Electronics,Mobile Money,18,7,Regular Shopper
CUST-04521,31,14.9,59864,13.4,Food,Mobile Money,39,9,Loyal Budget Buyer
CUST-04522,31,2.1,631301,11.3,Electronics,Cash,29,2,Wholesale Buyer
CUST-04523,42,1.3,9875,6.9,Food,Mobile Money,15,4,Regular Shopper
CUST-04524,43,2.4,56630,16.4,Food,Cash,46,1,Loyal Budget Buyer
CUST-04525,26,4.8,51021,22.4,Food,Cash,42,10,Loyal Budget Buyer
CUST-04526,26,8.7,10932,0.5,Tools,Cash,5,14,Occasional Shopper
CUST-04527,18,4.8,43724,3.4,Electronics,Cash,23,2,Regular Shopper
CUST-04528,28,6.3,44205,15.3,Food,Credit,47,11,Loyal Budget Buyer
CUST-04529,25,8.6,19478,0.5,Household,Cash,1,8,Occasional Shopper
CUST-04530,32,0.9,40413,8.5,Clothing,Mobile Money,14,13,Regular Shopper
CUST-04531,30,1.0,611370,9.4,Tools,Cash,38,9,Wholesale Buyer
CUST-04532,22,7.4,2597,1.0,Clothing,Cash,4,10,Occasional Shopper
CUST-04533,33,9.1,484663,13.5,Food,Cash,41,13,Wholesale Buyer
CUST-04534,30,7.3,6419,2.6,Food,Cash,4,3,Occasional Shopper
CUST-04535,33,1.2,115956,8.3,Household,Cash,12,14,Regular Shopper
CUST-04536,24,0.3,577264,16.3,Tools,Cash,32,6,Wholesale Buyer
CUST-04537,18,5.9,79276,5.9,Household,Cash,9,10,Regular Shopper
CUST-04538,40,12.5,491636,18.9,Electronics,Cash,39,10,Wholesale Buyer
CUST-04539,37,2.4,90641,7.0,Electronics,Mobile Money,23,11,Regular Shopper
CUST-04540,23,2.0,13584,1.3,Food,Cash,7,11,Occasional Shopper
CUST-04541,38,2.4,389073,13.9,Food,Cash,40,1,Wholesale Buyer
CUST-04542,37,11.5,22967,7.3,Food,Cash,17,9,Regular Shopper
CUST-04543,18,1.2,57176,9.1,Food,Cash,19,4,Regular Shopper
CUST-04544,38,11.7,42113,27.2,Food,Cash,45,14,Loyal Budget Buyer
CUST-04545,44,13.1,480483,15.7,Tools,Credit,39,9,Wholesale Buyer
CUST-04546,48,5.0,50519,10.8,Tools,Cash,19,5,Regular Shopper
CUST-04547,57,2.0,94486,7.1,Household,Credit,19,3,Regular Shopper
CUST-04548,32,2.1,12641,18.8,Clothing,Cash,54,9,Loyal Budget Buyer
CUST-04549,18,1.3,72536,7.1,Electronics,Credit,15,10,Regular Shopper
CUST-04550,20,4.8,89539,7.5,Food,Mobile Money,21,5,Regular Shopper
CUST-04551,37,1.9,77289,5.0,Clothing,Cash,23,2,Regular Shopper
CUST-04552,44,6.5,465604,15.6,Food,Credit,41,13,Wholesale Buyer
CUST-04553,36,0.9,458078,13.3,Food,Mobile Money,27,2,Wholesale Buyer
CUST-04554,36,2.0,13925,16.4,Tools,Mobile Money,58,14,Loyal Budget Buyer
CUST-04555,25,3.6,56318,11.4,Household,Cash,13,11,Regular Shopper
CUST-04556,18,2.3,86092,5.9,Clothing,Cash,19,12,Regular Shopper
CUST-04557,30,2.8,87562,6.8,Food,Cash,22,9,Regular Shopper
CUST-04558,28,3.9,123228,7.2,Clothing,Cash,15,10,Regular Shopper
CUST-04559,31,0.2,7500,7.5,Electronics,Mobile Money,21,5,Regular Shopper
CUST-04560,21,1.0,21177,1.1,Clothing,Cash,7,14,Occasional Shopper
CUST-04561,29,1.6,20409,2.1,Household,Cash,3,5,Occasional Shopper
CUST-04562,52,4.5,41317,5.6,Tools,Mobile Money,15,4,Regular Shopper
CUST-04563,34,0.7,45935,16.5,Tools,Mobile Money,60,10,Loyal Budget Buyer
CUST-04564,29,15.0,95249,6.0,Clothing,Mobile Money,18,9,Regular Shopper
CUST-04565,32,11.7,57661,19.8,Clothing,Mobile Money,46,6,Loyal Budget Buyer
CUST-04566,43,0.5,421880,12.2,Tools,Credit,27,8,Wholesale Buyer
CUST-04567,30,1.8,58971,4.2,Tools,Cash,18,14,Regular Shopper
CUST-04568,39,2.4,428525,14.4,Tools,Cash,34,5,Wholesale Buyer
CUST-04569,30,11.9,41500,20.9,Household,Cash,41,5,Loyal Budget Buyer
CUST-04570,24,15.6,6689,0.9,Food,Mobile Money,2,13,Occasional Shopper
CUST-04571,21,1.0,53867,21.9,Food,Mobile Money,50,6,Loyal Budget Buyer
CUST-04572,33,10.4,47724,9.5,Clothing,Mobile Money,27,2,Regular Shopper
CUST-04573,24,13.0,123809,7.7,Tools,Mobile Money,21,7,Regular Shopper
CUST-04574,36,0.8,15409,1.8,Clothing,Cash,6,14,Occasional Shopper
CUST-04575,24,0.7,58966,29.9,Household,Cash,37,14,Loyal Budget Buyer
CUST-04576,37,6.1,7294,2.3,Clothing,Cash,5,3,Occasional Shopper
CUST-04577,44,9.2,95622,7.2,Electronics,Cash,23,3,Regular Shopper
CUST-04578,24,5.2,80986,7.6,Tools,Credit,4,9,Regular Shopper
CUST-04579,40,0.5,127041,7.8,Electronics,Mobile Money,16,5,Regular Shopper
CUST-04580,34,3.6,24278,1.9,Tools,Cash,5,10,Occasional Shopper
CUST-04581,46,1.3,57690,10.1,Tools,Mobile Money,22,3,Regular Shopper
CUST-04582,33,11.4,529424,16.6,Food,Cash,30,5,Wholesale Buyer
CUST-04583,31,4.2,33681,23.8,Tools,Mobile Money,60,5,Loyal Budget Buyer
CUST-04584,18,0.5,63467,4.3,Clothing,Cash,15,13,Regular Shopper
CUST-04585,39,5.0,68535,8.3,Food,Mobile Money,20,6,Regular Shopper
CUST-04586,30,4.9,611001,9.3,Tools,Mobile Money,31,14,Wholesale Buyer
CUST-04587,42,9.1,29638,1.1,Tools,Mobile Money,1,13,Occasional Shopper
CUST-04588,26,28.9,25234,1.8,Electronics,Mobile Money,5,12,Occasional Shopper
CUST-04589,26,3.2,696167,13.5,Food,Mobile Money,36,1,Wholesale Buyer
CUST-04590,27,2.7,44229,9.9,Electronics,Cash,20,14,Regular Shopper
CUST-04591,18,11.7,55143,8.0,Tools,Cash,19,14,Regular Shopper
CUST-04592,41,1.1,518721,17.3,Tools,Cash,32,8,Wholesale Buyer
CUST-04593,25,3.5,104910,5.0,Clothing,Credit,22,3,Regular Shopper
CUST-04594,34,2.7,42285,21.7,Clothing,Cash,42,6,Loyal Budget Buyer
CUST-04595,46,6.3,7494,17.6,Food,Cash,53,7,Loyal Budget Buyer
CUST-04596,30,3.1,23495,16.6,Clothing,Mobile Money,53,13,Loyal Budget Buyer
CUST-04597,27,10.8,18607,0.5,Electronics,Mobile Money,3,8,Occasional Shopper
CUST-04598,45,11.7,492444,11.2,Food,Mobile Money,38,13,Wholesale Buyer
CUST-04599,48,12.2,374750,13.9,Tools,Mobile Money,49,8,Wholesale Buyer
CUST-04600,42,0.3,329949,17.0,Household,Mobile Money,33,2,Wholesale Buyer
CUST-04601,18,4.4,53402,10.2,Food,Mobile Money,18,6,Regular Shopper
CUST-04602,32,10.3,588528,14.0,Household,Cash,42,14,Wholesale Buyer
CUST-04603,25,1.0,66062,7.8,Food,Mobile Money,21,13,Regular Shopper
CUST-04604,32,28.6,138174,7.7,Food,Cash,20,3,Regular Shopper
CUST-04605,19,29.2,70807,6.5,Electronics,Mobile Money,16,9,Regular Shopper
CUST-04606,42,1.2,431629,18.6,Clothing,Cash,40,10,Wholesale Buyer
CUST-04607,24,6.2,85392,8.7,Tools,Cash,27,8,Regular Shopper
CUST-04608,47,8.3,676306,13.3,Food,Cash,44,8,Wholesale Buyer
CUST-04609,20,10.3,131128,10.6,Clothing,Mobile Money,16,3,Regular Shopper
CUST-04610,29,1.7,14888,1.6,Clothing,Cash,3,4,Occasional Shopper
CUST-04611,28,1.8,55826,8.6,Electronics,Cash,10,5,Regular Shopper
CUST-04612,19,1.7,577992,16.9,Tools,Mobile Money,35,5,Wholesale Buyer
CUST-04613,36,4.2,37725,20.0,Food,Mobile Money,57,2,Loyal Budget Buyer
CUST-04614,27,7.3,34709,1.1,Household,Mobile Money,6,2,Occasional Shopper
CUST-04615,32,8.5,11562,27.5,Clothing,Cash,40,9,Loyal Budget Buyer
CUST-04616,18,7.3,13138,1.2,Clothing,Cash,5,1,Occasional Shopper
CUST-04617,20,4.8,38878,18.3,Food,Cash,51,13,Loyal Budget Buyer
CUST-04618,39,4.6,44075,23.0,Food,Cash,43,6,Loyal Budget Buyer
CUST-04619,40,3.2,6338,1.0,Clothing,Cash,3,1,Occasional Shopper
CUST-04620,44,2.5,569029,10.8,Tools,Cash,36,8,Wholesale Buyer
CUST-04621,38,2.9,73870,6.7,Clothing,Cash,13,1,Regular Shopper
CUST-04622,39,0.9,44007,19.8,Electronics,Mobile Money,49,5,Loyal Budget Buyer
CUST-04623,18,4.3,79841,5.5,Household,Mobile Money,20,6,Regular Shopper
CUST-04624,35,19.7,110706,8.0,Tools,Mobile Money,18,6,Regular Shopper
CUST-04625,25,1.8,12677,0.9,Food,Mobile Money,3,12,Occasional Shopper
CUST-04626,18,0.8,19872,5.1,Tools,Credit,21,6,Regular Shopper
CUST-04627,18,1.4,25860,23.0,Food,Cash,49,5,Loyal Budget Buyer
CUST-04628,27,2.6,7500,6.6,Food,Cash,20,6,Regular Shopper
CUST-04629,51,6.9,950083,14.8,Tools,Cash,29,3,Wholesale Buyer
CUST-04630,43,17.4,18709,1.1,Electronics,Cash,3,8,Occasional Shopper
CUST-04631,18,1.4,61010,8.3,Tools,Mobile Money,19,7,Regular Shopper
CUST-04632,25,10.8,14668,1.9,Clothing,Mobile Money,2,6,Occasional Shopper
CUST-04633,31,4.0,19759,14.4,Tools,Mobile Money,53,9,Loyal Budget Buyer
CUST-04634,37,1.2,7500,3.1,Tools,Cash,20,7,Regular Shopper
CUST-04635,44,5.4,323873,15.5,Food,Cash,30,8,Wholesale Buyer
CUST-04636,32,2.3,70759,5.2,Food,Mobile Money,12,7,Regular Shopper
CUST-04637,46,7.4,36065,20.7,Household,Cash,50,2,Loyal Budget Buyer
CUST-04638,40,12.2,4579,1.5,Electronics,Cash,1,12,Occasional Shopper
CUST-04639,24,5.5,18487,1.8,Household,Cash,6,14,Occasional Shopper
CUST-04640,27,10.9,30257,22.8,Food,Cash,63,12,Loyal Budget Buyer
CUST-04641,18,1.3,95506,11.2,Food,Cash,15,2,Regular Shopper
CUST-04642,18,1.7,82715,9.1,Tools,Cash,26,8,Regular Shopper
CUST-04643,40,0.8,19477,1.5,Household,Cash,3,14,Occasional Shopper
CUST-04644,39,2.1,120901,5.4,Clothing,Mobile Money,22,7,Regular Shopper
CUST-04645,38,2.5,8555,1.9,Clothing,Mobile Money,4,5,Occasional Shopper
CUST-04646,39,6.0,586739,12.0,Tools,Credit,37,1,Wholesale Buyer
CUST-04647,18,1.7,89145,8.2,Food,Mobile Money,14,14,Regular Shopper
CUST-04648,34,20.9,318198,13.5,Electronics,Cash,43,6,Wholesale Buyer
CUST-04649,29,3.9,410846,16.6,Food,Credit,47,7,Wholesale Buyer
CUST-04650,23,15.5,22112,18.5,Food,Mobile Money,52,14,Loyal Budget Buyer
CUST-04651,32,0.3,299291,15.4,Tools,Cash,31,5,Wholesale Buyer
CUST-04652,28,1.4,27620,0.6,Clothing,Cash,3,5,Occasional Shopper
CUST-04653,52,2.0,37278,22.8,Household,Cash,42,1,Loyal Budget Buyer
CUST-04654,32,2.3,32695,1.6,Clothing,Cash,3,13,Occasional Shopper
CUST-04655,42,14.8,43785,3.8,Clothing,Mobile Money,16,13,Regular Shopper
CUST-04656,35,10.1,16236,2.5,Electronics,Mobile Money,4,4,Occasional Shopper
CUST-04657,27,1.9,77165,8.5,Clothing,Mobile Money,20,1,Regular Shopper
CUST-04658,36,2.4,455425,11.5,Clothing,Cash,33,3,Wholesale Buyer
CUST-04659,39,3.3,564394,15.3,Food,Cash,37,4,Wholesale Buyer
CUST-04660,44,7.2,27240,12.2,Food,Cash,47,14,Loyal Budget Buyer
CUST-04661,50,1.8,53167,21.3,Food,Cash,46,13,Loyal Budget Buyer
CUST-04662,42,28.9,48450,23.6,Household,Cash,49,10,Loyal Budget Buyer
CUST-04663,18,0.8,35358,9.3,Electronics,Cash,21,9,Regular Shopper
CUST-04664,30,12.4,21498,1.9,Tools,Cash,7,14,Occasional Shopper
CUST-04665,34,2.5,95742,9.3,Household,Credit,21,14,Regular Shopper
CUST-04666,32,3.0,664792,16.9,Tools,Mobile Money,53,7,Wholesale Buyer
CUST-04667,26,4.6,42643,7.4,Food,Cash,14,13,Regular Shopper
CUST-04668,37,7.6,114514,5.3,Food,Credit,14,14,Regular Shopper
CUST-04669,48,1.3,107820,7.6,Food,Cash,21,11,Regular Shopper
CUST-04670,26,3.0,8773,1.7,Clothing,Cash,7,7,Occasional Shopper
CUST-04671,40,1.9,23613,29.5,Household,Cash,41,5,Loyal Budget Buyer
CUST-04672,50,0.4,499618,14.0,Tools,Mobile Money,41,2,Wholesale Buyer
CUST-04673,38,6.5,378036,13.4,Food,Credit,44,1,Wholesale Buyer
CUST-04674,32,2.4,101066,5.3,Clothing,Credit,20,12,Regular Shopper
CUST-04675,44,1.2,545846,15.5,Tools,Cash,30,10,Wholesale Buyer
CUST-04676,33,7.7,13758,19.1,Electronics,Mobile Money,52,2,Loyal Budget Buyer
CUST-04677,43,1.5,29208,8.6,Food,Cash,15,8,Regular Shopper
CUST-04678,28,0.4,14492,4.9,Electronics,Cash,13,13,Regular Shopper
CUST-04679,38,4.3,360566,24.3,Tools,Cash,29,8,Wholesale Buyer
CUST-04680,45,2.3,46003,13.3,Food,Cash,47,3,Loyal Budget Buyer
CUST-04681,35,5.8,151546,11.3,Household,Cash,55,8,Wholesale Buyer
CUST-04682,45,5.4,112782,6.6,Clothing,Mobile Money,18,7,Regular Shopper
CUST-04683,27,6.4,21481,1.2,Clothing,Cash,2,2,Occasional Shopper
CUST-04684,31,3.5,143513,5.7,Food,Mobile Money,10,11,Regular Shopper
CUST-04685,48,0.5,26382,25.4,Clothing,Mobile Money,53,8,Loyal Budget Buyer
CUST-04686,24,1.2,13307,2.0,Food,Mobile Money,5,2,Occasional Shopper
CUST-04687,46,16.2,640509,10.7,Tools,Credit,28,1,Wholesale Buyer
CUST-04688,38,4.4,61022,4.4,Electronics,Cash,17,1,Regular Shopper
CUST-04689,32,1.9,84587,5.6,Tools,Cash,18,6,Regular Shopper
CUST-04690,32,4.8,18413,0.5,Clothing,Mobile Money,1,4,Occasional Shopper
CUST-04691,31,1.0,13621,1.5,Household,Cash,3,7,Occasional Shopper
CUST-04692,35,1.2,57391,8.7,Food,Cash,17,14,Regular Shopper
CUST-04693,29,4.9,806606,15.2,Clothing,Credit,28,11,Wholesale Buyer
CUST-04694,56,6.5,574990,15.5,Food,Credit,31,7,Wholesale Buyer
CUST-04695,22,10.8,62628,10.2,Food,Cash,15,12,Regular Shopper
CUST-04696,18,6.4,70099,4.9,Household,Cash,22,14,Regular Shopper
CUST-04697,26,19.6,23942,2.4,Clothing,Credit,6,1,Occasional Shopper
CUST-04698,28,14.1,36245,20.6,Clothing,Cash,53,11,Loyal Budget Buyer
CUST-04699,38,24.1,44941,4.4,Clothing,Mobile Money,11,4,Regular Shopper
CUST-04700,53,17.9,700611,11.9,Food,Cash,26,5,Wholesale Buyer
CUST-04701,44,3.8,113629,3.0,Electronics,Mobile Money,18,2,Regular Shopper
CUST-04702,31,1.5,25474,2.7,Food,Cash,2,7,Occasional Shopper
CUST-04703,21,4.4,111420,3.9,Food,Mobile Money,18,2,Regular Shopper
CUST-04704,34,1.8,49318,16.9,Food,Cash,49,11,Loyal Budget Buyer
CUST-04705,53,6.5,577462,10.6,Tools,Cash,25,10,Wholesale Buyer
CUST-04706,26,2.9,25934,2.8,Clothing,Mobile Money,1,11,Occasional Shopper
CUST-04707,29,9.2,14851,1.5,Electronics,Cash,2,13,Occasional Shopper
CUST-04708,49,1.7,247435,12.3,Household,Cash,27,3,Wholesale Buyer
CUST-04709,26,5.1,106998,5.6,Tools,Mobile Money,20,8,Regular Shopper
CUST-04710,33,2.7,25984,1.6,Clothing,Cash,3,10,Occasional Shopper
CUST-04711,26,10.9,36377,23.3,Food,Cash,44,2,Loyal Budget Buyer
CUST-04712,35,4.9,24725,0.5,Clothing,Cash,2,1,Occasional Shopper
CUST-04713,21,4.9,62214,7.6,Food,Mobile Money,9,12,Regular Shopper
CUST-04714,32,11.7,552434,15.7,Food,Cash,36,10,Wholesale Buyer
CUST-04715,18,1.2,20487,2.5,Household,Mobile Money,3,1,Occasional Shopper
CUST-04716,18,9.2,42241,5.6,Food,Mobile Money,25,12,Regular Shopper
CUST-04717,35,4.2,39715,22.4,Food,Cash,41,13,Loyal Budget Buyer
CUST-04718,53,5.5,103478,7.5,Food,Cash,16,1,Regular Shopper
CUST-04719,27,2.9,34813,9.4,Electronics,Mobile Money,11,14,Regular Shopper
CUST-04720,31,1.9,7567,0.8,Clothing,Mobile Money,6,1,Occasional Shopper
CUST-04721,25,1.8,12923,2.3,Clothing,Cash,4,13,Occasional Shopper
CUST-04722,36,6.3,13107,1.3,Food,Cash,3,5,Occasional Shopper
CUST-04723,29,0.2,10865,1.2,Tools,Cash,7,10,Occasional Shopper
CUST-04724,21,6.0,14512,0.5,Tools,Cash,4,8,Occasional Shopper
CUST-04725,22,11.6,20472,2.0,Tools,Credit,3,14,Occasional Shopper
CUST-04726,28,15.5,822217,17.3,Household,Credit,32,1,Wholesale Buyer
CUST-04727,41,6.5,23039,24.2,Food,Cash,54,14,Loyal Budget Buyer
CUST-04728,42,0.3,21531,1.1,Clothing,Mobile Money,6,9,Occasional Shopper
CUST-04729,18,2.9,19946,1.7,Tools,Mobile Money,5,4,Occasional Shopper
CUST-04730,34,2.9,95094,8.5,Electronics,Cash,22,12,Regular Shopper
CUST-04731,19,0.2,69647,6.2,Food,Cash,19,10,Regular Shopper
CUST-04732,34,2.1,660442,17.3,Household,Credit,41,11,Wholesale Buyer
CUST-04733,26,1.1,21282,2.0,Electronics,Cash,2,5,Occasional Shopper
CUST-04734,47,4.2,334248,15.6,Food,Cash,31,1,Wholesale Buyer
CUST-04735,32,5.5,24659,22.6,Food,Mobile Money,56,9,Loyal Budget Buyer
CUST-04736,43,7.5,765274,10.4,Food,Cash,47,12,Wholesale Buyer
CUST-04737,25,2.9,25371,22.2,Food,Mobile Money,57,12,Loyal Budget Buyer
CUST-04738,19,17.7,52168,14.8,Food,Cash,42,4,Loyal Budget Buyer
CUST-04739,31,3.8,13785,1.5,Electronics,Mobile Money,3,8,Occasional Shopper
CUST-04740,32,7.0,65919,9.4,Tools,Cash,9,13,Regular Shopper
CUST-04741,42,4.7,46795,13.7,Household,Cash,56,14,Loyal Budget Buyer
CUST-04742,44,19.3,25933,6.5,Food,Cash,19,4,Regular Shopper
CUST-04743,30,4.0,64175,7.9,Food,Mobile Money,24,4,Regular Shopper
CUST-04744,27,2.1,70344,7.0,Tools,Cash,25,10,Regular Shopper
CUST-04745,25,3.9,39222,19.8,Food,Mobile Money,66,8,Loyal Budget Buyer
CUST-04746,32,20.9,568071,13.9,Food,Cash,28,11,Wholesale Buyer
CUST-04747,27,1.9,107897,3.4,Tools,Cash,19,2,Regular Shopper
CUST-04748,46,6.1,92070,5.1,Electronics,Cash,14,5,Regular Shopper
CUST-04749,36,2.2,527254,11.8,Household,Mobile Money,34,11,Wholesale Buyer
CUST-04750,45,0.8,75177,4.6,Food,Mobile Money,14,5,Regular Shopper
CUST-04751,41,2.9,47906,6.6,Electronics,Mobile Money,14,10,Regular Shopper
CUST-04752,18,7.0,22388,1.0,Food,Cash,1,1,Occasional Shopper
CUST-04753,20,1.3,21383,4.8,Clothing,Cash,21,13,Regular Shopper
CUST-04754,18,1.3,22418,1.0,Clothing,Cash,7,4,Occasional Shopper
CUST-04755,26,2.5,22404,8.2,Household,Mobile Money,14,13,Regular Shopper
CUST-04756,27,1.7,17454,0.5,Food,Mobile Money,4,10,Occasional Shopper
CUST-04757,37,7.3,338252,17.3,Household,Mobile Money,32,7,Wholesale Buyer
CUST-04758,18,0.7,10896,1.1,Tools,Cash,3,12,Occasional Shopper
CUST-04759,24,8.7,97713,9.2,Tools,Cash,15,12,Regular Shopper
CUST-04760,22,1.9,20814,0.8,Tools,Cash,2,5,Occasional Shopper
CUST-04761,22,1.6,23717,2.3,Tools,Cash,11,3,Occasional Shopper
CUST-04762,37,0.8,43299,21.2,Food,Mobile Money,45,14,Loyal Budget Buyer
CUST-04763,24,5.9,24742,0.5,Food,Cash,4,2,Occasional Shopper
CUST-04764,21,14.5,21529,1.8,Clothing,Cash,3,3,Occasional Shopper
CUST-04765,45,1.5,7500,5.8,Clothing,Mobile Money,14,12,Regular Shopper
CUST-04766,19,4.9,16412,1.8,Electronics,Cash,5,13,Occasional Shopper
CUST-04767,46,5.9,553390,18.3,Food,Cash,22,10,Wholesale Buyer
CUST-04768,35,5.2,20726,2.0,Clothing,Cash,1,13,Occasional Shopper
CUST-04769,30,21.0,342481,8.1,Food,Cash,33,9,Wholesale Buyer
CUST-04770,29,7.0,112487,8.9,Food,Mobile Money,20,6,Regular Shopper
CUST-04771,41,3.2,31597,0.5,Tools,Cash,5,5,Occasional Shopper
CUST-04772,36,13.2,37417,8.1,Food,Credit,12,5,Regular Shopper
CUST-04773,32,10.2,85103,3.9,Electronics,Mobile Money,12,10,Regular Shopper
CUST-04774,35,8.7,27636,8.0,Clothing,Cash,22,13,Regular Shopper
CUST-04775,27,1.5,32054,1.4,Household,Cash,5,5,Occasional Shopper
CUST-04776,18,5.4,23240,2.2,Electronics,Cash,3,1,Occasional Shopper
CUST-04777,38,1.7,40242,23.2,Food,Mobile Money,42,11,Loyal Budget Buyer
CUST-04778,37,23.9,33573,18.8,Household,Mobile Money,51,7,Loyal Budget Buyer
CUST-04779,29,5.5,684237,11.6,Electronics,Mobile Money,37,10,Wholesale Buyer
CUST-04780,34,9.7,471423,15.2,Clothing,Mobile Money,33,12,Wholesale Buyer
CUST-04781,32,0.4,32460,0.9,Clothing,Mobile Money,4,10,Occasional Shopper
CUST-04782,22,8.2,30863,1.9,Clothing,Cash,4,3,Occasional Shopper
CUST-04783,26,0.7,23079,1.7,Clothing,Cash,7,7,Occasional Shopper
CUST-04784,18,24.7,26931,3.8,Food,Mobile Money,15,9,Regular Shopper
CUST-04785,29,5.7,49199,22.5,Household,Mobile Money,65,11,Loyal Budget Buyer
CUST-04786,29,5.0,21702,23.0,Household,Cash,44,7,Loyal Budget Buyer
CUST-04787,30,5.8,104988,5.4,Household,Mobile Money,21,9,Regular Shopper
CUST-04788,23,6.1,66398,9.6,Electronics,Mobile Money,17,14,Regular Shopper
CUST-04789,40,1.5,57310,7.3,Clothing,Mobile Money,22,6,Regular Shopper
CUST-04790,42,0.9,376537,11.0,Food,Cash,33,1,Wholesale Buyer
CUST-04791,34,0.7,52462,7.4,Household,Cash,16,13,Regular Shopper
CUST-04792,18,2.7,1800,0.9,Food,Cash,4,5,Occasional Shopper
CUST-04793,29,9.0,12761,0.5,Clothing,Cash,6,14,Occasional Shopper
CUST-04794,35,3.6,32558,8.2,Food,Cash,22,1,Regular Shopper
CUST-04795,31,0.9,16359,0.9,Tools,Mobile Money,4,4,Occasional Shopper
CUST-04796,32,12.4,30181,20.6,Tools,Cash,55,2,Loyal Budget Buyer
CUST-04797,38,6.3,27996,6.2,Clothing,Cash,17,14,Regular Shopper
CUST-04798,41,2.3,332491,16.9,Tools,Cash,37,12,Wholesale Buyer
CUST-04799,31,4.7,52106,7.4,Clothing,Cash,22,11,Regular Shopper
CUST-04800,31,9.0,51789,5.7,Clothing,Cash,21,3,Regular Shopper
CUST-04801,33,0.8,302273,11.8,Electronics,Mobile Money,37,3,Wholesale Buyer
CUST-04802,31,4.3,13859,0.9,Clothing,Cash,2,8,Occasional Shopper
CUST-04803,39,4.3,307168,9.8,Clothing,Cash,36,13,Wholesale Buyer
CUST-04804,23,2.5,13001,0.5,Electronics,Cash,5,11,Occasional Shopper
CUST-04805,25,3.2,15278,0.8,Electronics,Mobile Money,6,13,Occasional Shopper
CUST-04806,32,3.9,8449,1.1,Electronics,Cash,3,11,Occasional Shopper
CUST-04807,35,3.4,18076,3.0,Clothing,Cash,5,9,Occasional Shopper
CUST-04808,37,2.8,100087,6.2,Household,Mobile Money,18,13,Regular Shopper
CUST-04809,22,14.4,85025,7.9,Tools,Cash,10,9,Regular Shopper
CUST-04810,22,12.1,114126,6.4,Food,Cash,18,1,Regular Shopper
CUST-04811,35,1.7,598356,15.7,Tools,Mobile Money,33,2,Wholesale Buyer
CUST-04812,30,3.2,44988,18.0,Tools,Cash,45,2,Loyal Budget Buyer
CUST-04813,22,9.7,50227,5.3,Household,Mobile Money,12,2,Regular Shopper
CUST-04814,25,4.7,126861,7.8,Food,Credit,15,13,Regular Shopper
CUST-04815,36,0.4,10799,0.5,Clothing,Cash,4,3,Occasional Shopper
CUST-04816,32,5.0,135047,10.1,Electronics,Credit,17,10,Regular Shopper
CUST-04817,29,2.5,52239,26.9,Food,Mobile Money,59,9,Loyal Budget Buyer
CUST-04818,26,6.6,29503,1.4,Clothing,Cash,4,6,Occasional Shopper
CUST-04819,21,0.6,12042,2.4,Clothing,Cash,3,5,Occasional Shopper
CUST-04820,34,1.8,80236,6.6,Clothing,Mobile Money,16,8,Regular Shopper
CUST-04821,38,1.9,124018,10.4,Food,Cash,25,1,Regular Shopper
CUST-04822,40,3.0,728575,11.6,Household,Mobile Money,28,2,Wholesale Buyer
CUST-04823,22,1.3,21711,1.6,Food,Mobile Money,7,13,Occasional Shopper
CUST-04824,22,8.3,17114,1.7,Tools,Cash,2,6,Occasional Shopper
CUST-04825,55,5.0,23044,20.7,Clothing,Cash,46,6,Loyal Budget Buyer
CUST-04826,36,4.3,33561,21.0,Tools,Mobile Money,48,13,Loyal Budget Buyer
CUST-04827,34,8.2,26085,7.4,Tools,Cash,22,2,Regular Shopper
CUST-04828,41,2.6,99400,7.1,Clothing,Cash,18,8,Regular Shopper
CUST-04829,34,1.1,6847,0.5,Clothing,Mobile Money,2,10,Occasional Shopper
CUST-04830,39,1.6,495478,8.2,Electronics,Mobile Money,36,6,Wholesale Buyer
CUST-04831,22,2.9,1800,1.4,Clothing,Cash,5,10,Occasional Shopper
CUST-04832,34,7.0,37925,21.0,Household,Mobile Money,57,14,Loyal Budget Buyer
CUST-04833,27,22.2,71831,11.5,Food,Cash,12,8,Regular Shopper
CUST-04834,30,0.8,18171,0.5,Clothing,Mobile Money,6,1,Occasional Shopper
CUST-04835,32,9.0,109536,6.1,Tools,Mobile Money,18,2,Regular Shopper
CUST-04836,35,9.1,17494,0.5,Food,Mobile Money,2,6,Occasional Shopper
CUST-04837,18,8.5,28808,1.1,Clothing,Mobile Money,6,12,Occasional Shopper
CUST-04838,30,2.4,13230,2.2,Clothing,Cash,3,4,Occasional Shopper
CUST-04839,30,1.4,13954,2.9,Food,Cash,5,3,Occasional Shopper
CUST-04840,22,20.4,448265,13.3,Tools,Cash,35,1,Wholesale Buyer
CUST-04841,43,0.8,36839,22.2,Food,Cash,65,4,Loyal Budget Buyer
CUST-04842,40,1.2,36482,8.4,Electronics,Mobile Money,16,5,Regular Shopper
CUST-04843,21,5.6,79901,5.8,Tools,Cash,19,10,Regular Shopper
CUST-04844,27,6.0,32467,25.4,Clothing,Cash,65,5,Loyal Budget Buyer
CUST-04845,31,4.7,27809,19.2,Food,Cash,58,2,Loyal Budget Buyer
CUST-04846,44,0.4,562516,10.6,Food,Cash,34,6,Wholesale Buyer
CUST-04847,18,9.2,468637,13.4,Food,Cash,33,10,Wholesale Buyer
CUST-04848,18,1.7,19316,2.2,Clothing,Cash,1,11,Occasional Shopper
CUST-04849,25,1.3,417944,20.0,Food,Cash,26,9,Wholesale Buyer
CUST-04850,26,10.8,17480,1.9,Electronics,Cash,1,5,Occasional Shopper
CUST-04851,51,8.4,117717,5.3,Clothing,Mobile Money,19,2,Regular Shopper
CUST-04852,18,10.3,91594,3.3,Tools,Cash,11,11,Regular Shopper
CUST-04853,41,11.7,76989,4.5,Household,Mobile Money,19,10,Regular Shopper
CUST-04854,39,1.3,137137,5.5,Household,Mobile Money,29,7,Regular Shopper
CUST-04855,29,6.7,27458,2.9,Tools,Mobile Money,4,5,Occasional Shopper
CUST-04856,36,16.0,60642,24.7,Food,Cash,58,12,Loyal Budget Buyer
CUST-04857,51,15.6,273118,12.6,Food,Cash,42,3,Wholesale Buyer
CUST-04858,25,0.7,9935,0.5,Tools,Cash,4,5,Occasional Shopper
CUST-04859,39,5.2,30748,16.7,Clothing,Cash,47,12,Loyal Budget Buyer
CUST-04860,30,5.0,6485,1.5,Clothing,Cash,5,8,Occasional Shopper
CUST-04861,39,1.7,548482,16.1,Food,Credit,42,1,Wholesale Buyer
CUST-04862,43,0.8,41485,18.9,Household,Cash,44,7,Loyal Budget Buyer
CUST-04863,24,6.1,86167,7.3,Food,Cash,15,2,Regular Shopper
CUST-04864,18,6.8,14758,0.8,Clothing,Mobile Money,4,2,Occasional Shopper
CUST-04865,34,0.5,222049,10.9,Tools,Credit,30,14,Wholesale Buyer
CUST-04866,44,16.9,687990,13.0,Food,Mobile Money,29,5,Wholesale Buyer
CUST-04867,23,3.4,75722,7.7,Household,Mobile Money,18,2,Regular Shopper
CUST-04868,40,13.8,133009,5.3,Clothing,Mobile Money,17,12,Regular Shopper
CUST-04869,24,2.5,37050,23.6,Electronics,Cash,44,8,Loyal Budget Buyer
CUST-04870,49,2.1,350300,17.3,Tools,Credit,36,6,Wholesale Buyer
CUST-04871,31,4.8,32291,15.1,Food,Cash,56,12,Loyal Budget Buyer
CUST-04872,34,1.6,78084,5.6,Tools,Cash,16,9,Regular Shopper
CUST-04873,24,15.0,614468,15.8,Electronics,Cash,46,14,Wholesale Buyer
CUST-04874,19,2.0,82238,5.6,Clothing,Mobile Money,23,13,Regular Shopper
CUST-04875,48,10.8,593852,19.2,Tools,Cash,33,6,Wholesale Buyer
CUST-04876,37,1.7,21286,0.5,Clothing,Cash,7,4,Occasional Shopper
CUST-04877,22,7.6,7238,1.0,Clothing,Mobile Money,3,13,Occasional Shopper
CUST-04878,37,2.9,21353,19.9,Food,Mobile Money,50,2,Loyal Budget Buyer
CUST-04879,28,6.8,24018,16.9,Food,Mobile Money,46,12,Loyal Budget Buyer
CUST-04880,24,33.6,6925,0.8,Electronics,Cash,7,3,Occasional Shopper
CUST-04881,18,4.0,5085,1.0,Tools,Mobile Money,3,10,Occasional Shopper
CUST-04882,19,3.7,89735,11.2,Food,Cash,14,2,Regular Shopper
CUST-04883,30,1.7,35033,21.6,Food,Cash,46,6,Loyal Budget Buyer
CUST-04884,30,1.7,94085,6.2,Tools,Cash,20,11,Regular Shopper
CUST-04885,57,2.7,21680,15.8,Household,Cash,55,13,Loyal Budget Buyer
CUST-04886,27,3.8,18036,1.8,Clothing,Cash,2,11,Occasional Shopper
CUST-04887,43,3.7,699732,14.4,Tools,Mobile Money,45,13,Wholesale Buyer
CUST-04888,21,13.7,18725,2.0,Food,Cash,10,8,Occasional Shopper
CUST-04889,42,3.9,3500,16.3,Clothing,Cash,41,5,Loyal Budget Buyer
CUST-04890,35,3.1,20082,21.7,Household,Cash,52,4,Loyal Budget Buyer
CUST-04891,27,2.1,357289,15.8,Tools,Cash,38,11,Wholesale Buyer
CUST-04892,22,2.8,26809,9.5,Food,Cash,25,9,Regular Shopper
CUST-04893,41,0.7,31755,1.9,Clothing,Cash,4,14,Occasional Shopper
CUST-04894,32,4.0,76816,7.6,Food,Mobile Money,17,1,Regular Shopper
CUST-04895,47,3.5,34223,13.9,Clothing,Mobile Money,51,14,Loyal Budget Buyer
CUST-04896,36,1.6,14668,1.0,Household,Mobile Money,5,14,Occasional Shopper
CUST-04897,37,4.9,15419,7.9,Food,Credit,20,3,Regular Shopper
CUST-04898,34,11.0,18138,0.7,Tools,Mobile Money,2,6,Occasional Shopper
CUST-04899,34,2.6,17092,19.5,Food,Cash,59,3,Loyal Budget Buyer
CUST-04900,27,7.1,11405,1.8,Food,Cash,4,14,Occasional Shopper
CUST-04901,33,1.0,31421,2.3,Clothing,Mobile Money,3,1,Occasional Shopper
CUST-04902,29,11.9,28324,2.2,Clothing,Cash,2,14,Occasional Shopper
CUST-04903,43,18.7,259001,16.6,Food,Cash,49,3,Wholesale Buyer
CUST-04904,38,0.6,89708,8.5,Clothing,Cash,14,7,Regular Shopper
CUST-04905,25,2.3,2372,0.5,Clothing,Cash,5,6,Occasional Shopper
CUST-04906,29,1.7,17975,1.5,Household,Cash,2,4,Occasional Shopper
CUST-04907,33,3.2,534644,17.0,Tools,Credit,34,2,Wholesale Buyer
CUST-04908,36,4.0,74685,5.5,Food,Mobile Money,14,4,Regular Shopper
CUST-04909,53,3.5,83984,7.4,Food,Cash,20,1,Regular Shopper
CUST-04910,26,3.1,29016,18.9,Electronics,Cash,39,8,Loyal Budget Buyer
CUST-04911,32,11.0,54084,4.8,Tools,Cash,13,3,Regular Shopper
CUST-04912,18,4.2,53788,16.4,Food,Cash,48,8,Loyal Budget Buyer
CUST-04913,35,2.5,442704,16.7,Clothing,Cash,31,11,Wholesale Buyer
CUST-04914,31,1.9,52403,21.8,Household,Cash,57,8,Loyal Budget Buyer
CUST-04915,21,4.1,25841,2.4,Household,Mobile Money,2,9,Occasional Shopper
CUST-04916,30,0.6,10629,1.5,Clothing,Cash,5,14,Occasional Shopper
CUST-04917,18,9.9,10033,1.7,Clothing,Cash,3,12,Occasional Shopper
CUST-04918,34,0.4,51740,5.8,Tools,Mobile Money,14,13,Regular Shopper
CUST-04919,48,2.5,14747,1.3,Clothing,Cash,3,3,Occasional Shopper
CUST-04920,18,10.6,14172,0.6,Tools,Cash,4,8,Occasional Shopper
CUST-04921,29,1.6,10335,2.0,Clothing,Mobile Money,6,2,Occasional Shopper
CUST-04922,21,6.7,13370,3.1,Food,Cash,4,6,Occasional Shopper
CUST-04923,18,3.7,86488,5.3,Food,Mobile Money,22,5,Regular Shopper
CUST-04924,27,4.7,24526,1.6,Clothing,Cash,2,3,Occasional Shopper
CUST-04925,37,40.0,100620,6.9,Household,Cash,12,11,Regular Shopper
CUST-04926,39,3.4,31127,24.2,Clothing,Cash,67,3,Loyal Budget Buyer
CUST-04927,18,3.6,6673,1.1,Electronics,Cash,3,14,Occasional Shopper
CUST-04928,28,1.9,23841,2.6,Electronics,Mobile Money,4,4,Occasional Shopper
CUST-04929,22,6.5,105343,5.3,Food,Cash,21,8,Regular Shopper
CUST-04930,43,3.3,41715,22.6,Household,Mobile Money,52,4,Loyal Budget Buyer
CUST-04931,40,2.2,104129,5.2,Clothing,Cash,22,10,Regular Shopper
CUST-04932,41,0.5,564299,19.4,Food,Mobile Money,37,13,Wholesale Buyer
CUST-04933,48,9.3,462380,13.8,Clothing,Mobile Money,27,12,Wholesale Buyer
CUST-04934,25,1.7,42018,4.7,Food,Cash,23,9,Regular Shopper
CUST-04935,34,2.2,27924,4.9,Clothing,Cash,18,2,Regular Shopper
CUST-04936,29,14.7,26806,2.2,Clothing,Mobile Money,4,13,Occasional Shopper
CUST-04937,18,6.3,64351,5.7,Food,Mobile Money,22,4,Regular Shopper
CUST-04938,44,1.0,28786,21.8,Food,Cash,46,2,Loyal Budget Buyer
CUST-04939,24,3.2,12677,2.7,Household,Mobile Money,4,7,Occasional Shopper
CUST-04940,25,0.4,83133,6.2,Food,Cash,10,5,Regular Shopper
CUST-04941,27,0.9,49990,4.1,Clothing,Cash,18,5,Regular Shopper
CUST-04942,21,4.8,539160,14.3,Food,Cash,39,5,Wholesale Buyer
CUST-04943,25,6.9,305716,19.3,Tools,Mobile Money,35,6,Wholesale Buyer
CUST-04944,30,2.9,20669,1.9,Clothing,Cash,5,10,Occasional Shopper
CUST-04945,36,7.2,26420,1.9,Tools,Cash,6,9,Occasional Shopper
CUST-04946,56,2.2,84474,7.7,Tools,Mobile Money,27,1,Regular Shopper
CUST-04947,27,2.8,617750,13.2,Tools,Cash,27,5,Wholesale Buyer
CUST-04948,28,1.6,717303,19.6,Tools,Mobile Money,40,13,Wholesale Buyer
CUST-04949,22,14.0,38858,25.5,Clothing,Cash,58,1,Loyal Budget Buyer
CUST-04950,19,2.1,95130,3.2,Clothing,Mobile Money,20,9,Regular Shopper
CUST-04951,50,5.5,132828,5.8,Clothing,Credit,26,13,Regular Shopper
CUST-04952,55,4.6,13426,17.1,Food,Cash,60,4,Loyal Budget Buyer
CUST-04953,20,2.7,18230,2.3,Food,Cash,4,13,Occasional Shopper
CUST-04954,22,4.5,20241,1.6,Clothing,Cash,5,1,Occasional Shopper
CUST-04955,23,0.7,14379,1.0,Food,Cash,1,10,Occasional Shopper
CUST-04956,24,1.1,21322,1.3,Clothing,Mobile Money,2,13,Occasional Shopper
CUST-04957,20,3.4,424254,16.5,Electronics,Cash,41,13,Wholesale Buyer
CUST-04958,27,1.0,116629,7.6,Food,Cash,12,1,Regular Shopper
CUST-04959,21,8.2,58230,7.3,Clothing,Mobile Money,16,7,Regular Shopper
CUST-04960,29,0.3,42808,7.8,Food,Mobile Money,16,8,Regular Shopper
CUST-04961,40,1.3,38140,23.0,Clothing,Cash,40,5,Loyal Budget Buyer
CUST-04962,20,14.0,23786,2.4,Tools,Cash,4,8,Occasional Shopper
CUST-04963,38,3.7,483065,12.4,Tools,Credit,35,7,Wholesale Buyer
CUST-04964,37,0.9,38310,24.6,Food,Cash,52,5,Loyal Budget Buyer
CUST-04965,38,3.8,40025,18.8,Tools,Cash,56,3,Loyal Budget Buyer
CUST-04966,20,0.8,42772,4.2,Clothing,Cash,21,3,Regular Shopper
CUST-04967,41,1.9,107126,7.1,Electronics,Mobile Money,19,11,Regular Shopper
CUST-04968,37,13.9,495150,14.9,Food,Mobile Money,40,12,Wholesale Buyer
CUST-04969,43,3.6,539016,11.5,Food,Credit,37,9,Wholesale Buyer
CUST-04970,35,1.0,457647,12.8,Household,Credit,25,14,Wholesale Buyer
CUST-04971,44,4.1,21034,21.7,Food,Cash,65,7,Loyal Budget Buyer
CUST-04972,40,9.6,404250,15.8,Tools,Credit,35,14,Wholesale Buyer
CUST-04973,43,4.9,61518,3.2,Clothing,Cash,15,14,Regular Shopper
CUST-04974,38,6.2,681088,17.5,Household,Cash,37,13,Wholesale Buyer
CUST-04975,20,4.2,601397,17.5,Food,Credit,35,4,Wholesale Buyer
CUST-04976,20,2.9,65824,11.4,Tools,Credit,21,5,Regular Shopper
CUST-04977,39,14.7,28215,19.9,Food,Mobile Money,50,7,Loyal Budget Buyer
CUST-04978,40,0.7,618311,14.6,Electronics,Cash,42,4,Wholesale Buyer
CUST-04979,29,2.0,21412,16.0,Clothing,Cash,44,7,Loyal Budget Buyer
CUST-04980,18,0.9,18658,1.5,Household,Mobile Money,3,13,Occasional Shopper
CUST-04981,27,0.4,35110,22.4,Food,Cash,51,10,Loyal Budget Buyer
CUST-04982,54,9.6,919317,14.8,Household,Mobile Money,29,8,Wholesale Buyer
CUST-04983,32,4.8,42383,21.4,Food,Cash,47,1,Loyal Budget Buyer
CUST-04984,31,13.8,78923,6.6,Clothing,Mobile Money,14,3,Regular Shopper
CUST-04985,18,0.5,12310,1.1,Food,Cash,7,8,Occasional Shopper
CUST-04986,18,2.3,16473,0.5,Clothing,Cash,1,5,Occasional Shopper
CUST-04987,23,5.5,513809,15.5,Electronics,Cash,40,1,Wholesale Buyer
CUST-04988,56,6.5,648808,12.0,Food,Cash,33,8,Wholesale Buyer
CUST-04989,26,5.7,200817,16.1,Food,Credit,37,6,Wholesale Buyer
CUST-04990,30,1.7,9839,1.5,Clothing,Cash,2,10,Occasional Shopper
CUST-04991,36,6.7,19469,6.9,Tools,Mobile Money,16,2,Regular Shopper
CUST-04992,38,1.5,76874,6.3,Electronics,Credit,21,3,Regular Shopper
CUST-04993,36,2.5,9907,1.8,Clothing,Cash,5,13,Occasional Shopper
CUST-04994,32,2.4,39185,19.9,Food,Cash,49,3,Loyal Budget Buyer
CUST-04995,52,4.9,96446,9.7,Food,Cash,18,14,Regular Shopper
CUST-04996,42,12.1,17977,2.3,Clothing,Mobile Money,7,12,Occasional Shopper
CUST-04997,24,21.0,26136,1.2,Clothing,Mobile Money,5,12,Occasional Shopper
CUST-04998,49,14.0,332336,13.2,Food,Cash,39,8,Wholesale Buyer
CUST-04999,43,2.3,378844,14.1,Electronics,Mobile Money,46,14,Wholesale Buyer
CUST-05000,51,3.8,129057,7.5,Tools,Mobile Money,9,8,Regular Shopper
CUST-05001,19,0.2,12537,2.1,Household,Cash,6,13,Occasional Shopper
CUST-05002,57,16.6,577725,13.8,Tools,Mobile Money,36,14,Wholesale Buyer
CUST-05003,26,6.2,82004,4.9,Clothing,Mobile Money,13,5,Regular Shopper
CUST-05004,36,2.6,20799,1.4,Clothing,Mobile Money,3,4,Occasional Shopper
CUST-05005,18,11.8,29423,3.6,Clothing,Cash,5,2,Occasional Shopper
CUST-05006,28,17.5,74225,6.9,Clothing,Credit,11,4,Regular Shopper
CUST-05007,33,3.2,19374,2.4,Clothing,Cash,5,6,Occasional Shopper
CUST-05008,35,3.5,63593,5.3,Clothing,Cash,24,3,Regular Shopper
CUST-05009,30,0.4,36862,5.4,Tools,Mobile Money,15,7,Regular Shopper
CUST-05010,46,19.6,26991,25.7,Tools,Cash,44,13,Loyal Budget Buyer
CUST-05011,36,1.6,70947,6.0,Tools,Credit,12,13,Regular Shopper
CUST-05012,36,3.5,20723,1.4,Tools,Mobile Money,4,8,Occasional Shopper
CUST-05013,23,8.0,105840,8.2,Electronics,Mobile Money,21,5,Regular Shopper
CUST-05014,34,5.0,454982,6.5,Electronics,Mobile Money,29,6,Wholesale Buyer
CUST-05015,28,1.2,83921,8.1,Tools,Mobile Money,23,7,Regular Shopper
CUST-05016,45,0.9,645753,18.1,Food,Mobile Money,30,13,Wholesale Buyer
CUST-05017,19,7.4,547974,13.2,Food,Mobile Money,27,5,Wholesale Buyer
CUST-05018,43,8.0,55952,24.7,Clothing,Cash,43,13,Loyal Budget Buyer
CUST-05019,39,8.7,100097,8.4,Tools,Mobile Money,14,10,Regular Shopper
CUST-05020,35,6.4,14360,0.5,Clothing,Mobile Money,2,2,Occasional Shopper
CUST-05021,39,1.3,52079,5.1,Clothing,Mobile Money,20,6,Regular Shopper
CUST-05022,40,1.7,23475,1.8,Clothing,Cash,1,6,Occasional Shopper
CUST-05023,36,7.9,26323,20.2,Clothing,Cash,52,14,Loyal Budget Buyer
CUST-05024,33,0.7,69608,9.0,Food,Mobile Money,18,10,Regular Shopper
CUST-05025,49,2.4,539691,16.5,Food,Mobile Money,30,7,Wholesale Buyer
CUST-05026,23,4.2,12737,0.5,Clothing,Cash,3,12,Occasional Shopper
CUST-05027,41,10.3,41007,16.0,Clothing,Mobile Money,50,1,Loyal Budget Buyer
CUST-05028,32,2.3,1800,1.7,Clothing,Cash,4,3,Occasional Shopper
CUST-05029,38,6.0,38019,20.3,Food,Mobile Money,57,12,Loyal Budget Buyer
CUST-05030,59,0.3,642970,13.8,Clothing,Mobile Money,35,13,Wholesale Buyer
CUST-05031,26,16.1,29985,1.9,Clothing,Cash,2,8,Occasional Shopper
CUST-05032,18,2.1,25238,27.2,Food,Mobile Money,50,8,Loyal Budget Buyer
CUST-05033,26,4.7,16596,2.2,Electronics,Cash,6,14,Occasional Shopper
CUST-05034,34,3.1,465272,12.3,Food,Cash,36,11,Wholesale Buyer
CUST-05035,29,0.2,61314,7.7,Household,Mobile Money,15,8,Regular Shopper
CUST-05036,34,1.9,10385,1.3,Clothing,Cash,4,12,Occasional Shopper
CUST-05037,44,5.6,711672,17.0,Tools,Cash,28,3,Wholesale Buyer
CUST-05038,33,10.9,95050,7.8,Food,Cash,17,13,Regular Shopper
CUST-05039,38,1.5,519928,13.3,Tools,Cash,32,11,Wholesale Buyer
CUST-05040,18,2.9,93176,6.5,Clothing,Mobile Money,16,14,Regular Shopper
CUST-05041,27,6.0,78125,4.2,Electronics,Mobile Money,16,3,Regular Shopper
CUST-05042,33,14.9,613462,12.3,Food,Cash,30,11,Wholesale Buyer
CUST-05043,50,1.3,54823,20.9,Household,Cash,39,9,Loyal Budget Buyer
CUST-05044,42,20.7,612564,18.2,Food,Credit,36,5,Wholesale Buyer
CUST-05045,48,8.8,24971,19.3,Clothing,Mobile Money,71,3,Loyal Budget Buyer
CUST-05046,18,1.3,26673,1.9,Tools,Mobile Money,4,8,Occasional Shopper
CUST-05047,39,1.2,624420,15.3,Food,Cash,25,5,Wholesale Buyer
CUST-05048,41,1.7,7596,16.2,Clothing,Mobile Money,56,3,Loyal Budget Buyer
CUST-05049,18,2.5,15559,1.6,Clothing,Cash,9,11,Occasional Shopper
CUST-05050,23,2.1,12636,0.5,Electronics,Cash,9,10,Occasional Shopper
CUST-05051,38,3.1,112365,5.4,Household,Cash,12,14,Regular Shopper
CUST-05052,55,11.9,685414,14.1,Tools,Mobile Money,36,3,Wholesale Buyer
CUST-05053,37,1.8,131278,8.6,Household,Mobile Money,14,5,Regular Shopper
CUST-05054,35,5.3,160544,12.3,Food,Cash,32,12,Wholesale Buyer
CUST-05055,54,1.0,31917,12.0,Food,Cash,57,10,Loyal Budget Buyer
CUST-05056,44,18.2,49017,19.0,Food,Mobile Money,44,2,Loyal Budget Buyer
CUST-05057,23,1.2,12391,2.3,Tools,Cash,5,7,Occasional Shopper
CUST-05058,34,0.7,352532,9.0,Clothing,Credit,34,5,Wholesale Buyer
CUST-05059,27,2.0,15874,1.4,Tools,Cash,7,1,Occasional Shopper
CUST-05060,30,6.6,101664,2.2,Food,Credit,20,12,Regular Shopper
CUST-05061,36,5.2,408863,13.2,Food,Mobile Money,37,4,Wholesale Buyer
CUST-05062,41,7.4,527594,17.3,Food,Cash,32,3,Wholesale Buyer
CUST-05063,24,3.6,36825,24.1,Clothing,Cash,50,6,Loyal Budget Buyer
CUST-05064,20,2.1,102820,7.8,Tools,Credit,21,8,Regular Shopper
CUST-05065,24,5.6,93418,7.1,Household,Cash,13,3,Regular Shopper
CUST-05066,27,12.8,7500,6.4,Clothing,Mobile Money,20,10,Regular Shopper
CUST-05067,23,7.6,23551,16.6,Food,Cash,49,13,Loyal Budget Buyer
CUST-05068,36,4.0,9655,0.8,Clothing,Cash,1,7,Occasional Shopper
CUST-05069,30,6.5,11028,1.1,Tools,Cash,7,5,Occasional Shopper
CUST-05070,24,3.5,519960,13.9,Tools,Cash,33,5,Wholesale Buyer
CUST-05071,35,12.9,95158,6.0,Household,Mobile Money,13,10,Regular Shopper
CUST-05072,22,2.4,49850,22.0,Clothing,Cash,41,5,Loyal Budget Buyer
CUST-05073,44,3.6,132950,11.3,Tools,Cash,19,10,Regular Shopper
CUST-05074,54,3.4,90200,8.4,Electronics,Mobile Money,20,10,Regular Shopper
CUST-05075,48,5.5,41816,21.5,Household,Cash,52,5,Loyal Budget Buyer
CUST-05076,43,5.3,13631,1.5,Electronics,Cash,6,13,Occasional Shopper
CUST-05077,39,3.8,13878,1.4,Tools,Cash,2,6,Occasional Shopper
CUST-05078,50,13.4,339736,18.2,Household,Mobile Money,33,8,Wholesale Buyer
CUST-05079,45,5.1,10975,20.5,Food,Credit,48,10,Loyal Budget Buyer
CUST-05080,18,6.6,63891,4.2,Household,Credit,18,12,Regular Shopper
CUST-05081,26,0.6,101184,9.1,Food,Cash,24,6,Regular Shopper
CUST-05082,28,3.6,58916,12.0,Food,Credit,12,6,Regular Shopper
CUST-05083,24,2.2,52964,13.9,Household,Cash,48,9,Loyal Budget Buyer
CUST-05084,22,1.8,6256,1.7,Household,Cash,4,1,Occasional Shopper
CUST-05085,29,7.6,29460,20.1,Food,Mobile Money,59,14,Loyal Budget Buyer
CUST-05086,32,0.7,39414,10.8,Food,Cash,55,11,Loyal Budget Buyer
CUST-05087,36,2.8,91094,3.2,Tools,Mobile Money,12,4,Regular Shopper
CUST-05088,23,0.6,23932,1.3,Electronics,Cash,3,2,Occasional Shopper
CUST-05089,38,3.7,44934,3.3,Clothing,Cash,20,10,Regular Shopper
CUST-05090,29,12.7,3500,15.1,Food,Cash,49,5,Loyal Budget Buyer
CUST-05091,25,0.6,480197,17.0,Food,Cash,28,6,Wholesale Buyer
CUST-05092,47,3.6,44618,10.2,Electronics,Cash,16,4,Regular Shopper
CUST-05093,26,0.5,14678,2.3,Clothing,Cash,4,7,Occasional Shopper
CUST-05094,25,4.1,47442,15.6,Clothing,Mobile Money,47,14,Loyal Budget Buyer
CUST-05095,21,1.9,10198,2.0,Clothing,Mobile Money,4,5,Occasional Shopper
CUST-05096,23,17.1,23466,25.2,Tools,Cash,41,13,Loyal Budget Buyer
CUST-05097,52,9.2,107394,2.1,Electronics,Cash,14,12,Regular Shopper
CUST-05098,28,24.0,108635,6.3,Clothing,Cash,16,8,Regular Shopper
CUST-05099,25,2.0,31546,18.6,Food,Mobile Money,61,1,Loyal Budget Buyer
CUST-05100,43,9.2,91645,10.2,Food,Cash,25,9,Regular Shopper
CUST-05101,39,5.1,605355,17.3,Tools,Mobile Money,39,5,Wholesale Buyer
CUST-05102,46,3.1,39227,17.8,Food,Cash,58,1,Loyal Budget Buyer
CUST-05103,31,0.9,14556,17.7,Electronics,Mobile Money,72,10,Loyal Budget Buyer
CUST-05104,35,1.7,4344,2.2,Electronics,Mobile Money,4,14,Occasional Shopper
CUST-05105,24,9.4,7500,7.9,Clothing,Mobile Money,19,12,Regular Shopper
CUST-05106,31,5.5,21773,2.8,Food,Mobile Money,1,11,Occasional Shopper
CUST-05107,44,3.4,38524,4.5,Tools,Mobile Money,21,13,Regular Shopper
CUST-05108,23,8.2,41530,16.8,Food,Cash,54,7,Loyal Budget Buyer
CUST-05109,22,4.9,83031,6.7,Clothing,Cash,18,5,Regular Shopper
CUST-05110,41,3.4,482536,12.3,Electronics,Cash,36,12,Wholesale Buyer
CUST-05111,26,4.7,249067,19.2,Food,Mobile Money,49,4,Wholesale Buyer
CUST-05112,21,4.1,22347,0.5,Electronics,Mobile Money,5,6,Occasional Shopper
CUST-05113,24,1.3,81146,3.3,Electronics,Cash,16,12,Regular Shopper
CUST-05114,24,8.8,59089,7.8,Electronics,Mobile Money,18,5,Regular Shopper
CUST-05115,30,6.5,515336,11.0,Tools,Credit,33,7,Wholesale Buyer
CUST-05116,41,0.7,634984,14.9,Tools,Mobile Money,43,3,Wholesale Buyer
CUST-05117,43,3.1,489544,15.5,Tools,Cash,39,13,Wholesale Buyer
CUST-05118,44,9.3,583425,10.4,Food,Cash,48,11,Wholesale Buyer
CUST-05119,36,2.7,498205,14.7,Food,Credit,24,6,Wholesale Buyer
CUST-05120,33,4.1,122062,6.1,Household,Cash,13,14,Regular Shopper
CUST-05121,20,7.0,410546,14.8,Tools,Cash,34,11,Wholesale Buyer
CUST-05122,18,1.5,19510,1.8,Clothing,Cash,1,2,Occasional Shopper
CUST-05123,38,6.0,91991,8.1,Electronics,Mobile Money,13,10,Regular Shopper
CUST-05124,31,4.5,34263,22.0,Food,Cash,54,8,Loyal Budget Buyer
CUST-05125,32,7.9,90199,6.8,Clothing,Mobile Money,15,8,Regular Shopper
CUST-05126,31,1.6,14590,0.6,Clothing,Cash,5,4,Occasional Shopper
CUST-05127,28,2.9,21529,2.0,Tools,Cash,10,1,Occasional Shopper
CUST-05128,26,5.8,25729,1.0,Electronics,Mobile Money,5,11,Occasional Shopper
CUST-05129,37,9.1,90843,7.4,Tools,Cash,21,10,Regular Shopper
CUST-05130,32,4.5,18370,1.1,Clothing,Cash,6,3,Occasional Shopper
CUST-05131,41,3.4,47489,6.6,Food,Credit,24,1,Regular Shopper
CUST-05132,25,2.3,61436,9.0,Clothing,Mobile Money,16,8,Regular Shopper
CUST-05133,21,1.8,53380,7.7,Tools,Cash,22,1,Regular Shopper
CUST-05134,50,1.6,352690,13.7,Tools,Cash,30,5,Wholesale Buyer
CUST-05135,36,1.5,104886,5.2,Tools,Cash,17,14,Regular Shopper
CUST-05136,31,3.1,60742,6.5,Tools,Cash,19,12,Regular Shopper
CUST-05137,45,6.6,672585,8.6,Electronics,Cash,44,12,Wholesale Buyer
CUST-05138,19,5.8,8578,0.5,Electronics,Mobile Money,6,10,Occasional Shopper
CUST-05139,22,1.8,15661,0.8,Electronics,Cash,2,1,Occasional Shopper
CUST-05140,49,12.4,45671,17.3,Food,Mobile Money,48,2,Loyal Budget Buyer
CUST-05141,25,24.2,80881,7.6,Food,Cash,20,2,Regular Shopper
CUST-05142,25,0.3,23925,0.5,Clothing,Cash,5,1,Occasional Shopper
CUST-05143,29,0.5,73274,5.5,Tools,Cash,18,9,Regular Shopper
CUST-05144,19,0.5,134420,4.1,Clothing,Mobile Money,19,4,Regular Shopper
CUST-05145,42,1.9,435354,14.7,Tools,Cash,35,10,Wholesale Buyer
CUST-05146,18,5.3,114766,4.9,Tools,Credit,20,8,Regular Shopper
CUST-05147,18,1.4,13780,1.3,Clothing,Mobile Money,7,1,Occasional Shopper
CUST-05148,31,3.6,19987,1.0,Clothing,Mobile Money,1,8,Occasional Shopper
CUST-05149,35,4.9,34001,19.2,Food,Cash,48,3,Loyal Budget Buyer
CUST-05150,28,6.2,13579,1.7,Household,Mobile Money,4,4,Occasional Shopper
CUST-05151,31,0.3,27408,1.8,Food,Mobile Money,6,13,Occasional Shopper
CUST-05152,18,2.3,12486,0.7,Household,Mobile Money,3,2,Occasional Shopper
CUST-05153,41,3.5,29708,0.9,Electronics,Mobile Money,6,7,Occasional Shopper
CUST-05154,35,4.5,33444,22.2,Clothing,Cash,48,9,Loyal Budget Buyer
CUST-05155,18,10.7,83485,7.5,Food,Cash,9,7,Regular Shopper
CUST-05156,18,19.4,12913,1.5,Household,Cash,2,9,Occasional Shopper
CUST-05157,20,2.3,30552,0.8,Clothing,Cash,5,12,Occasional Shopper
CUST-05158,38,0.3,202177,13.1,Tools,Cash,37,3,Wholesale Buyer
CUST-05159,27,3.5,38295,18.3,Food,Cash,48,12,Loyal Budget Buyer
CUST-05160,57,1.1,487356,9.8,Tools,Credit,40,1,Wholesale Buyer
CUST-05161,20,4.8,18657,2.6,Clothing,Cash,5,14,Occasional Shopper
CUST-05162,36,3.4,82726,6.7,Clothing,Mobile Money,20,4,Regular Shopper
CUST-05163,31,0.9,588368,11.1,Clothing,Cash,35,13,Wholesale Buyer
CUST-05164,51,14.9,106725,8.4,Clothing,Cash,12,14,Regular Shopper
CUST-05165,20,20.0,55449,7.9,Electronics,Cash,17,5,Regular Shopper
CUST-05166,51,0.2,36879,20.3,Household,Cash,53,1,Loyal Budget Buyer
CUST-05167,40,0.8,46441,5.1,Tools,Cash,20,11,Regular Shopper
CUST-05168,42,4.2,53878,5.4,Food,Credit,16,6,Regular Shopper
CUST-05169,39,4.1,112649,7.7,Electronics,Mobile Money,15,8,Regular Shopper
CUST-05170,36,2.1,112410,8.3,Clothing,Mobile Money,23,12,Regular Shopper
CUST-05171,37,0.5,104144,9.3,Clothing,Mobile Money,18,4,Regular Shopper
CUST-05172,25,15.2,13963,15.4,Food,Cash,41,6,Loyal Budget Buyer
CUST-05173,28,0.3,35649,1.7,Clothing,Cash,1,13,Occasional Shopper
CUST-05174,23,0.6,33642,1.8,Clothing,Mobile Money,2,9,Occasional Shopper
CUST-05175,18,6.9,77652,6.0,Food,Cash,14,1,Regular Shopper
CUST-05176,47,2.2,482999,7.9,Food,Cash,37,14,Wholesale Buyer
CUST-05177,33,0.5,42071,24.0,Clothing,Cash,50,7,Loyal Budget Buyer
CUST-05178,29,9.8,613162,18.2,Food,Cash,31,11,Wholesale Buyer
CUST-05179,42,1.4,38733,20.6,Tools,Cash,45,11,Loyal Budget Buyer
CUST-05180,20,3.0,150969,4.9,Household,Credit,14,11,Regular Shopper
CUST-05181,50,1.5,37824,24.3,Food,Cash,49,10,Loyal Budget Buyer
CUST-05182,28,9.6,45457,6.8,Household,Credit,18,1,Regular Shopper
CUST-05183,18,2.8,69470,5.5,Electronics,Cash,23,9,Regular Shopper
CUST-05184,45,1.1,35867,21.4,Food,Cash,44,6,Loyal Budget Buyer
CUST-05185,18,11.3,21647,1.0,Clothing,Mobile Money,3,11,Occasional Shopper
CUST-05186,40,7.1,314797,19.8,Food,Cash,31,6,Wholesale Buyer
CUST-05187,58,1.4,12503,17.2,Clothing,Mobile Money,37,12,Loyal Budget Buyer
CUST-05188,41,8.7,52871,14.9,Food,Cash,49,2,Loyal Budget Buyer
CUST-05189,54,23.5,114112,5.7,Food,Mobile Money,23,9,Regular Shopper
CUST-05190,32,10.1,26510,1.1,Food,Cash,1,8,Occasional Shopper
CUST-05191,18,5.5,27871,0.5,Food,Cash,3,13,Occasional Shopper
CUST-05192,24,5.2,26453,1.9,Electronics,Cash,3,8,Occasional Shopper
CUST-05193,37,0.9,32223,17.9,Food,Mobile Money,56,11,Loyal Budget Buyer
CUST-05194,21,8.3,19819,8.2,Electronics,Credit,20,14,Regular Shopper
CUST-05195,36,1.6,87233,6.4,Electronics,Cash,21,1,Regular Shopper
CUST-05196,33,11.2,74862,9.6,Clothing,Credit,12,12,Regular Shopper
CUST-05197,27,0.3,119456,5.2,Electronics,Mobile Money,18,4,Regular Shopper
CUST-05198,32,10.4,30254,18.7,Food,Cash,56,7,Loyal Budget Buyer
CUST-05199,35,7.9,27305,2.2,Electronics,Cash,2,12,Occasional Shopper
CUST-05200,18,14.1,1800,2.7,Electronics,Mobile Money,1,2,Occasional Shopper
CUST-05201,31,3.3,26316,1.5,Electronics,Mobile Money,2,10,Occasional Shopper
CUST-05202,44,0.5,48281,7.9,Clothing,Mobile Money,23,3,Regular Shopper
CUST-05203,28,2.1,37505,23.1,Food,Cash,43,5,Loyal Budget Buyer
CUST-05204,30,7.4,17417,0.5,Tools,Mobile Money,1,7,Occasional Shopper
CUST-05205,30,7.3,443337,9.6,Food,Credit,39,5,Wholesale Buyer
CUST-05206,28,1.5,47473,20.0,Household,Mobile Money,45,4,Loyal Budget Buyer
CUST-05207,37,0.3,135087,8.5,Clothing,Mobile Money,16,7,Regular Shopper
CUST-05208,30,6.1,98979,5.7,Tools,Mobile Money,17,2,Regular Shopper
CUST-05209,40,22.9,62181,5.9,Clothing,Mobile Money,15,12,Regular Shopper
CUST-05210,48,5.8,527661,15.8,Tools,Cash,39,8,Wholesale Buyer
CUST-05211,39,7.2,619931,11.7,Tools,Cash,42,14,Wholesale Buyer
CUST-05212,18,9.3,20392,0.7,Clothing,Mobile Money,3,3,Occasional Shopper
CUST-05213,26,4.3,11340,1.2,Clothing,Mobile Money,3,10,Occasional Shopper
CUST-05214,29,2.1,27281,0.5,Clothing,Cash,4,13,Occasional Shopper
CUST-05215,25,4.8,13416,1.8,Clothing,Mobile Money,6,10,Occasional Shopper
CUST-05216,46,1.9,16545,17.6,Food,Mobile Money,52,8,Loyal Budget Buyer
CUST-05217,28,3.3,97971,8.4,Clothing,Credit,22,4,Regular Shopper
CUST-05218,18,17.1,45004,20.0,Food,Cash,43,3,Loyal Budget Buyer
CUST-05219,36,2.4,54637,3.9,Clothing,Mobile Money,10,1,Regular Shopper
CUST-05220,30,2.9,101032,6.1,Food,Mobile Money,22,2,Regular Shopper
CUST-05221,33,9.5,9824,1.4,Electronics,Cash,1,4,Occasional Shopper
CUST-05222,38,0.8,26225,7.3,Food,Cash,18,13,Regular Shopper
CUST-05223,30,7.2,19923,2.1,Clothing,Credit,5,1,Occasional Shopper
CUST-05224,45,6.3,109479,4.7,Food,Credit,21,12,Regular Shopper
CUST-05225,26,1.6,13348,0.5,Tools,Mobile Money,6,11,Occasional Shopper
CUST-05226,43,6.0,56279,7.6,Clothing,Cash,19,4,Regular Shopper
CUST-05227,36,1.1,706724,11.4,Electronics,Cash,41,3,Wholesale Buyer
CUST-05228,23,3.8,61362,4.2,Clothing,Mobile Money,20,5,Regular Shopper
CUST-05229,30,7.0,14442,2.5,Electronics,Mobile Money,7,14,Occasional Shopper
CUST-05230,27,0.3,9866,1.4,Tools,Mobile Money,8,11,Occasional Shopper
CUST-05231,32,1.5,472418,15.8,Food,Mobile Money,43,4,Wholesale Buyer
CUST-05232,53,3.8,64436,5.5,Food,Mobile Money,19,9,Regular Shopper
CUST-05233,18,5.2,78659,6.0,Household,Mobile Money,17,9,Regular Shopper
CUST-05234,35,2.8,3683,2.8,Clothing,Cash,4,5,Occasional Shopper
CUST-05235,51,1.1,70797,10.1,Electronics,Cash,17,5,Regular Shopper
CUST-05236,52,0.9,115048,11.1,Food,Cash,13,12,Regular Shopper
CUST-05237,37,0.7,94869,7.7,Food,Cash,12,9,Regular Shopper
CUST-05238,39,4.9,147601,7.6,Clothing,Credit,18,6,Regular Shopper
CUST-05239,28,7.7,441607,15.4,Tools,Cash,43,3,Wholesale Buyer
CUST-05240,27,3.5,20955,1.7,Clothing,Cash,4,6,Occasional Shopper
CUST-05241,38,7.2,125246,6.8,Food,Mobile Money,16,6,Regular Shopper
CUST-05242,25,2.5,124926,8.2,Food,Cash,22,5,Regular Shopper
CUST-05243,35,3.2,46943,4.3,Food,Mobile Money,21,10,Regular Shopper
CUST-05244,44,0.4,25243,13.9,Tools,Mobile Money,65,14,Loyal Budget Buyer
CUST-05245,18,2.5,23730,0.5,Clothing,Cash,1,13,Occasional Shopper
CUST-05246,21,2.9,38189,7.8,Electronics,Cash,16,9,Regular Shopper
CUST-05247,62,9.5,532626,13.7,Clothing,Mobile Money,19,11,Wholesale Buyer
CUST-05248,41,2.2,80407,3.7,Electronics,Credit,28,10,Regular Shopper
CUST-05249,44,0.3,417417,11.3,Tools,Cash,34,3,Wholesale Buyer
CUST-05250,33,12.2,116791,7.1,Clothing,Mobile Money,13,8,Regular Shopper
CUST-05251,54,1.1,599752,10.6,Household,Cash,29,10,Wholesale Buyer
CUST-05252,31,1.2,493572,14.9,Food,Cash,46,11,Wholesale Buyer
CUST-05253,45,1.7,76693,4.1,Electronics,Mobile Money,17,4,Regular Shopper
CUST-05254,26,1.0,20884,15.2,Clothing,Cash,50,12,Loyal Budget Buyer
CUST-05255,45,0.8,616435,9.2,Electronics,Mobile Money,47,7,Wholesale Buyer
CUST-05256,32,4.1,48592,6.3,Clothing,Cash,12,10,Regular Shopper
CUST-05257,18,2.8,70298,5.9,Food,Cash,23,4,Regular Shopper
CUST-05258,36,1.8,581027,15.6,Clothing,Mobile Money,31,7,Wholesale Buyer
CUST-05259,42,5.1,114170,6.0,Tools,Cash,7,5,Regular Shopper
CUST-05260,27,2.8,22138,2.6,Household,Mobile Money,7,5,Occasional Shopper
CUST-05261,34,16.5,114885,10.0,Tools,Cash,16,7,Regular Shopper
CUST-05262,41,2.0,60252,6.3,Clothing,Cash,22,13,Regular Shopper
CUST-05263,39,7.3,48862,8.5,Household,Credit,12,10,Regular Shopper
CUST-05264,49,7.6,44879,7.5,Electronics,Cash,12,12,Regular Shopper
CUST-05265,33,1.3,28106,1.1,Electronics,Cash,6,7,Occasional Shopper
CUST-05266,26,11.5,42628,7.7,Household,Mobile Money,14,1,Regular Shopper
CUST-05267,23,3.4,21840,1.0,Clothing,Mobile Money,3,1,Occasional Shopper
CUST-05268,19,1.2,126910,5.5,Tools,Mobile Money,24,3,Regular Shopper
CUST-05269,37,1.9,139603,3.5,Food,Mobile Money,11,13,Regular Shopper
CUST-05270,33,7.8,60306,25.8,Food,Mobile Money,56,9,Loyal Budget Buyer
CUST-05271,23,7.4,75364,5.7,Clothing,Mobile Money,10,5,Regular Shopper
CUST-05272,40,12.1,450096,10.6,Food,Cash,29,2,Wholesale Buyer
CUST-05273,46,5.6,31388,17.2,Household,Cash,43,3,Loyal Budget Buyer
CUST-05274,45,7.9,276274,15.1,Tools,Cash,35,9,Wholesale Buyer
CUST-05275,37,9.2,365430,11.9,Electronics,Cash,42,12,Wholesale Buyer
CUST-05276,18,3.0,55016,6.8,Household,Mobile Money,21,1,Regular Shopper
CUST-05277,45,5.5,113933,3.7,Clothing,Mobile Money,18,6,Regular Shopper
CUST-05278,29,4.3,2483,2.5,Clothing,Cash,8,7,Occasional Shopper
CUST-05279,26,1.4,109026,7.2,Electronics,Mobile Money,21,5,Regular Shopper
CUST-05280,36,3.5,52002,19.5,Food,Cash,59,13,Loyal Budget Buyer
CUST-05281,18,0.3,17838,2.6,Clothing,Cash,3,11,Occasional Shopper
CUST-05282,38,16.6,131631,7.8,Food,Mobile Money,19,14,Regular Shopper
CUST-05283,26,0.9,16238,1.8,Clothing,Mobile Money,7,12,Occasional Shopper
CUST-05284,26,11.7,28862,23.7,Clothing,Mobile Money,64,5,Loyal Budget Buyer
CUST-05285,18,4.1,43640,3.0,Tools,Mobile Money,14,8,Regular Shopper
CUST-05286,45,6.9,33271,29.9,Food,Cash,55,11,Loyal Budget Buyer
CUST-05287,18,10.9,18624,2.4,Household,Mobile Money,4,8,Occasional Shopper
CUST-05288,29,5.0,64915,3.6,Clothing,Mobile Money,18,11,Regular Shopper
CUST-05289,18,2.0,24110,3.1,Electronics,Cash,6,9,Occasional Shopper
CUST-05290,41,0.5,37097,15.6,Clothing,Cash,42,5,Loyal Budget Buyer
CUST-05291,18,0.6,6958,1.3,Tools,Cash,2,5,Occasional Shopper
CUST-05292,25,2.6,458906,15.0,Food,Credit,30,7,Wholesale Buyer
CUST-05293,26,10.1,7103,0.5,Food,Cash,5,2,Occasional Shopper
CUST-05294,53,0.4,38108,23.2,Food,Cash,61,3,Loyal Budget Buyer
CUST-05295,43,5.9,31188,12.6,Household,Mobile Money,45,4,Loyal Budget Buyer
CUST-05296,39,12.3,424175,9.0,Food,Cash,31,4,Wholesale Buyer
CUST-05297,30,15.1,16198,23.6,Clothing,Cash,46,8,Loyal Budget Buyer
CUST-05298,30,1.1,470544,14.0,Food,Cash,42,11,Wholesale Buyer
CUST-05299,29,0.3,13705,1.3,Tools,Cash,5,14,Occasional Shopper
CUST-05300,41,8.0,14116,2.3,Electronics,Mobile Money,11,2,Occasional Shopper
CUST-05301,41,11.5,40800,20.4,Food,Cash,45,10,Loyal Budget Buyer
CUST-05302,38,1.1,102747,3.4,Tools,Mobile Money,9,1,Regular Shopper
CUST-05303,47,15.2,482976,13.2,Food,Cash,32,14,Wholesale Buyer
CUST-05304,30,7.6,479212,14.9,Food,Cash,35,7,Wholesale Buyer
CUST-05305,31,1.6,18537,2.5,Household,Cash,6,6,Occasional Shopper
CUST-05306,18,3.1,26707,2.9,Clothing,Cash,7,8,Occasional Shopper
CUST-05307,30,7.1,60318,6.9,Clothing,Cash,15,6,Regular Shopper
CUST-05308,52,1.5,67019,7.8,Food,Cash,12,9,Regular Shopper
CUST-05309,21,6.4,12453,2.2,Tools,Mobile Money,4,2,Occasional Shopper
CUST-05310,30,0.4,56995,6.7,Electronics,Cash,21,2,Regular Shopper
CUST-05311,37,19.0,551208,8.9,Electronics,Cash,30,7,Wholesale Buyer
CUST-05312,55,3.5,18818,23.1,Food,Cash,40,7,Loyal Budget Buyer
CUST-05313,35,0.7,109314,2.9,Clothing,Mobile Money,21,10,Regular Shopper
CUST-05314,27,1.4,25069,25.0,Food,Cash,49,2,Loyal Budget Buyer
CUST-05315,36,6.2,25421,20.6,Clothing,Cash,59,11,Loyal Budget Buyer
CUST-05316,22,0.2,19621,1.3,Clothing,Cash,4,4,Occasional Shopper
CUST-05317,34,3.3,21914,1.1,Food,Mobile Money,3,1,Occasional Shopper
CUST-05318,33,3.3,67727,8.8,Clothing,Mobile Money,16,12,Regular Shopper
CUST-05319,26,7.0,16069,0.5,Clothing,Mobile Money,2,8,Occasional Shopper
CUST-05320,18,0.8,63900,4.4,Clothing,Mobile Money,18,11,Regular Shopper
CUST-05321,27,1.3,82636,2.5,Clothing,Mobile Money,16,12,Regular Shopper
CUST-05322,27,4.2,39394,19.1,Food,Cash,48,6,Loyal Budget Buyer
CUST-05323,40,3.9,48272,6.6,Food,Mobile Money,18,4,Regular Shopper
CUST-05324,35,2.4,76062,11.1,Electronics,Credit,15,14,Regular Shopper
CUST-05325,22,7.1,9944,1.6,Electronics,Cash,3,1,Occasional Shopper
CUST-05326,28,2.8,37779,8.4,Clothing,Mobile Money,16,1,Regular Shopper
CUST-05327,18,2.9,69568,9.3,Food,Cash,25,5,Regular Shopper
CUST-05328,30,0.3,25917,9.0,Household,Mobile Money,18,7,Regular Shopper
CUST-05329,31,3.6,11918,8.8,Household,Mobile Money,17,11,Regular Shopper
CUST-05330,49,17.5,635779,18.3,Tools,Cash,28,6,Wholesale Buyer
CUST-05331,36,2.0,7199,19.4,Clothing,Cash,59,10,Loyal Budget Buyer
CUST-05332,50,7.8,37318,11.7,Electronics,Cash,48,4,Loyal Budget Buyer
CUST-05333,31,1.9,71031,9.9,Food,Mobile Money,15,4,Regular Shopper
CUST-05334,42,3.0,67577,7.6,Tools,Mobile Money,18,1,Regular Shopper
CUST-05335,52,10.0,114703,7.2,Food,Mobile Money,14,11,Regular Shopper
CUST-05336,57,13.6,43137,15.5,Household,Cash,53,4,Loyal Budget Buyer
CUST-05337,25,3.4,33074,10.0,Electronics,Mobile Money,14,2,Regular Shopper
CUST-05338,47,0.9,62158,6.4,Tools,Credit,12,3,Regular Shopper
CUST-05339,32,17.3,492951,16.7,Food,Cash,25,9,Wholesale Buyer
CUST-05340,38,1.1,53528,5.3,Electronics,Mobile Money,11,10,Regular Shopper
CUST-05341,18,4.7,17396,0.8,Clothing,Cash,2,14,Occasional Shopper
CUST-05342,29,1.5,30188,28.0,Electronics,Cash,58,6,Loyal Budget Buyer
CUST-05343,49,18.8,39078,19.4,Clothing,Cash,38,6,Loyal Budget Buyer
CUST-05344,26,8.3,16705,2.7,Electronics,Cash,7,10,Occasional Shopper
CUST-05345,42,3.9,774298,15.0,Electronics,Cash,45,3,Wholesale Buyer
CUST-05346,39,18.4,18509,17.6,Tools,Cash,50,5,Loyal Budget Buyer
CUST-05347,31,3.7,95578,3.4,Clothing,Mobile Money,23,3,Regular Shopper
CUST-05348,34,1.4,715279,16.5,Household,Credit,37,8,Wholesale Buyer
CUST-05349,48,2.9,58652,7.8,Tools,Mobile Money,17,12,Regular Shopper
CUST-05350,24,1.2,20622,1.1,Household,Cash,2,8,Occasional Shopper
CUST-05351,41,10.5,415345,14.5,Tools,Cash,46,11,Wholesale Buyer
CUST-05352,29,11.0,27699,21.9,Tools,Cash,54,6,Loyal Budget Buyer
CUST-05353,45,15.0,42409,17.7,Food,Cash,50,10,Loyal Budget Buyer
CUST-05354,46,1.7,521714,18.2,Electronics,Cash,29,6,Wholesale Buyer
CUST-05355,29,13.5,32338,21.7,Food,Cash,56,9,Loyal Budget Buyer
CUST-05356,34,4.5,13930,0.8,Electronics,Mobile Money,2,9,Occasional Shopper
CUST-05357,35,1.9,157126,12.5,Food,Mobile Money,42,3,Wholesale Buyer
CUST-05358,39,9.0,93669,8.1,Clothing,Credit,20,5,Regular Shopper
CUST-05359,18,5.1,17386,1.8,Tools,Cash,2,14,Occasional Shopper
CUST-05360,20,4.4,12383,0.5,Tools,Mobile Money,3,13,Occasional Shopper
CUST-05361,45,3.3,533703,14.6,Household,Cash,32,10,Wholesale Buyer
CUST-05362,26,1.1,113245,6.3,Electronics,Cash,17,11,Regular Shopper
CUST-05363,27,6.7,10016,1.3,Electronics,Mobile Money,5,11,Occasional Shopper
CUST-05364,31,2.9,24266,2.0,Household,Cash,3,2,Occasional Shopper
CUST-05365,46,5.7,80148,10.8,Food,Mobile Money,17,6,Regular Shopper
CUST-05366,35,2.3,99695,3.8,Food,Credit,15,8,Regular Shopper
CUST-05367,55,18.6,17503,16.0,Household,Cash,53,10,Loyal Budget Buyer
CUST-05368,22,5.1,297849,15.8,Food,Cash,34,5,Wholesale Buyer
CUST-05369,52,0.4,20670,1.3,Household,Mobile Money,4,14,Occasional Shopper
CUST-05370,40,16.2,512086,15.9,Food,Mobile Money,27,14,Wholesale Buyer
CUST-05371,30,18.4,97396,9.4,Household,Mobile Money,17,14,Regular Shopper
CUST-05372,21,15.2,137067,3.6,Food,Mobile Money,20,5,Regular Shopper
CUST-05373,32,1.1,82201,10.6,Food,Cash,20,7,Regular Shopper
CUST-05374,42,0.6,28008,7.8,Household,Mobile Money,14,3,Regular Shopper
CUST-05375,40,3.6,603988,11.0,Clothing,Cash,40,11,Wholesale Buyer
CUST-05376,31,3.1,42270,25.7,Food,Cash,58,10,Loyal Budget Buyer
CUST-05377,19,5.1,49095,13.8,Food,Mobile Money,40,14,Loyal Budget Buyer
CUST-05378,31,6.3,93970,7.0,Electronics,Mobile Money,21,3,Regular Shopper
CUST-05379,33,2.6,62507,7.9,Electronics,Cash,17,3,Regular Shopper
CUST-05380,34,13.2,35026,19.1,Food,Cash,57,10,Loyal Budget Buyer
CUST-05381,31,2.1,439081,9.7,Tools,Mobile Money,32,3,Wholesale Buyer
CUST-05382,21,2.0,18052,0.8,Clothing,Cash,2,6,Occasional Shopper
CUST-05383,31,3.2,22316,28.6,Clothing,Mobile Money,58,5,Loyal Budget Buyer
CUST-05384,30,9.8,110806,6.0,Food,Cash,13,8,Regular Shopper
CUST-05385,41,6.9,774237,12.9,Tools,Mobile Money,33,6,Wholesale Buyer
CUST-05386,46,12.8,35946,20.8,Household,Mobile Money,54,13,Loyal Budget Buyer
CUST-05387,23,3.0,80977,7.8,Food,Mobile Money,19,9,Regular Shopper
CUST-05388,32,13.3,501510,17.0,Food,Cash,33,7,Wholesale Buyer
CUST-05389,43,8.3,41554,6.1,Food,Cash,13,7,Regular Shopper
CUST-05390,36,10.5,46307,7.7,Food,Mobile Money,16,2,Regular Shopper
CUST-05391,53,4.1,10227,1.6,Household,Cash,2,9,Occasional Shopper
CUST-05392,42,3.2,245221,17.4,Tools,Mobile Money,37,1,Wholesale Buyer
CUST-05393,36,4.8,363606,13.9,Tools,Cash,34,11,Wholesale Buyer
CUST-05394,18,2.5,32748,16.4,Tools,Cash,58,10,Loyal Budget Buyer
CUST-05395,24,7.5,13679,1.8,Clothing,Cash,4,11,Occasional Shopper
CUST-05396,30,1.6,546600,16.3,Clothing,Credit,30,2,Wholesale Buyer
CUST-05397,30,4.0,5357,1.7,Clothing,Cash,1,6,Occasional Shopper
CUST-05398,26,2.1,90457,9.0,Electronics,Mobile Money,21,2,Regular Shopper
CUST-05399,25,2.8,46220,6.8,Clothing,Cash,9,6,Regular Shopper
CUST-05400,28,1.9,50259,3.5,Clothing,Cash,21,10,Regular Shopper
CUST-05401,38,2.1,21807,2.5,Tools,Mobile Money,7,3,Occasional Shopper
CUST-05402,18,3.0,63348,8.0,Clothing,Credit,20,1,Regular Shopper
CUST-05403,23,3.5,21258,0.5,Tools,Credit,4,12,Occasional Shopper
CUST-05404,19,8.1,8925,4.0,Electronics,Cash,8,1,Occasional Shopper
CUST-05405,43,2.6,272390,14.6,Food,Mobile Money,28,2,Wholesale Buyer
CUST-05406,40,3.7,43542,11.3,Food,Cash,21,2,Regular Shopper
CUST-05407,31,2.1,23975,1.8,Electronics,Cash,2,1,Occasional Shopper
CUST-05408,33,1.7,553541,15.2,Food,Mobile Money,25,10,Wholesale Buyer
CUST-05409,32,0.7,52244,19.8,Electronics,Cash,52,12,Loyal Budget Buyer
CUST-05410,29,1.6,40787,1.6,Tools,Mobile Money,2,7,Occasional Shopper
CUST-05411,43,1.2,559020,15.2,Food,Cash,39,6,Wholesale Buyer
CUST-05412,21,3.6,28754,23.0,Food,Cash,43,6,Loyal Budget Buyer
CUST-05413,34,2.0,41630,16.5,Food,Mobile Money,45,7,Loyal Budget Buyer
CUST-05414,36,1.7,23665,2.8,Electronics,Cash,4,11,Occasional Shopper
CUST-05415,31,2.6,25753,16.4,Food,Cash,59,7,Loyal Budget Buyer
CUST-05416,38,1.0,64017,8.0,Household,Cash,25,7,Regular Shopper
CUST-05417,22,3.0,24053,23.1,Tools,Cash,55,5,Loyal Budget Buyer
CUST-05418,45,1.7,407835,14.5,Food,Cash,30,14,Wholesale Buyer
CUST-05419,34,4.8,74182,7.3,Electronics,Credit,22,10,Regular Shopper
CUST-05420,26,0.6,31045,8.9,Electronics,Credit,15,4,Regular Shopper
CUST-05421,25,7.3,12011,1.2,Food,Mobile Money,5,6,Occasional Shopper
CUST-05422,30,0.3,23974,1.8,Clothing,Mobile Money,5,10,Occasional Shopper
CUST-05423,27,1.7,65577,8.0,Tools,Cash,19,13,Regular Shopper
CUST-05424,36,7.8,15246,2.8,Clothing,Cash,1,5,Occasional Shopper
CUST-05425,18,4.2,23377,1.7,Tools,Mobile Money,2,4,Occasional Shopper
CUST-05426,37,5.2,24405,1.2,Clothing,Cash,4,3,Occasional Shopper
CUST-05427,21,3.5,14281,0.6,Clothing,Cash,3,8,Occasional Shopper
CUST-05428,48,15.6,4204,2.3,Electronics,Cash,1,10,Occasional Shopper
CUST-05429,19,3.0,8989,2.1,Household,Cash,4,4,Occasional Shopper
CUST-05430,35,4.4,17408,19.6,Food,Cash,55,14,Loyal Budget Buyer
CUST-05431,33,0.2,633650,15.9,Tools,Cash,36,4,Wholesale Buyer
CUST-05432,41,8.0,28422,7.4,Food,Credit,10,6,Regular Shopper
CUST-05433,33,0.7,21560,1.1,Clothing,Credit,3,7,Occasional Shopper
CUST-05434,40,3.8,37136,21.3,Food,Cash,53,10,Loyal Budget Buyer
CUST-05435,31,15.1,17001,1.9,Clothing,Cash,4,6,Occasional Shopper
CUST-05436,22,4.9,44511,24.2,Clothing,Cash,35,7,Loyal Budget Buyer
CUST-05437,18,0.3,77016,5.9,Tools,Mobile Money,19,9,Regular Shopper
CUST-05438,38,0.8,37365,22.7,Food,Cash,60,14,Loyal Budget Buyer
CUST-05439,30,5.2,15078,0.8,Tools,Credit,5,2,Occasional Shopper
CUST-05440,23,0.8,99873,8.2,Clothing,Cash,21,10,Regular Shopper
CUST-05441,27,3.9,22503,0.7,Electronics,Cash,3,5,Occasional Shopper
CUST-05442,18,6.2,49848,7.1,Tools,Mobile Money,14,6,Regular Shopper
CUST-05443,29,1.6,61474,7.5,Tools,Mobile Money,15,4,Regular Shopper
CUST-05444,36,8.1,37191,15.6,Household,Mobile Money,55,8,Loyal Budget Buyer
CUST-05445,35,3.1,94381,9.1,Clothing,Credit,13,2,Regular Shopper
CUST-05446,20,12.5,52186,7.9,Electronics,Cash,15,10,Regular Shopper
CUST-05447,19,3.1,4491,1.0,Food,Mobile Money,3,9,Occasional Shopper
CUST-05448,31,0.7,46302,22.5,Clothing,Cash,41,3,Loyal Budget Buyer
CUST-05449,24,7.9,17741,2.7,Electronics,Mobile Money,1,2,Occasional Shopper
CUST-05450,35,1.3,41748,14.5,Food,Cash,53,4,Loyal Budget Buyer
CUST-05451,54,2.4,581091,11.8,Tools,Cash,29,10,Wholesale Buyer
CUST-05452,33,11.1,18945,19.6,Clothing,Cash,45,8,Loyal Budget Buyer
CUST-05453,18,4.8,20815,1.7,Clothing,Cash,4,7,Occasional Shopper
CUST-05454,42,1.9,41543,15.2,Tools,Mobile Money,47,7,Loyal Budget Buyer
CUST-05455,44,4.3,33956,15.7,Food,Mobile Money,73,8,Loyal Budget Buyer
CUST-05456,26,4.5,271805,17.3,Tools,Cash,26,8,Wholesale Buyer
CUST-05457,18,6.4,31537,25.8,Household,Cash,56,14,Loyal Budget Buyer
CUST-05458,23,8.9,29600,21.6,Clothing,Cash,58,12,Loyal Budget Buyer
CUST-05459,22,4.6,7500,0.8,Electronics,Mobile Money,14,9,Regular Shopper
CUST-05460,44,3.2,27526,25.5,Tools,Mobile Money,45,11,Loyal Budget Buyer
CUST-05461,35,12.6,502953,15.0,Food,Mobile Money,40,4,Wholesale Buyer
CUST-05462,42,2.0,386824,15.9,Household,Cash,36,9,Wholesale Buyer
CUST-05463,23,4.1,25391,25.3,Clothing,Cash,54,4,Loyal Budget Buyer
CUST-05464,18,0.7,18513,1.4,Food,Mobile Money,5,3,Occasional Shopper
CUST-05465,46,4.1,32218,19.0,Household,Cash,41,11,Loyal Budget Buyer
CUST-05466,32,0.2,618905,20.4,Household,Cash,33,8,Wholesale Buyer
CUST-05467,35,14.9,438715,14.5,Food,Cash,29,10,Wholesale Buyer
CUST-05468,44,6.5,30563,25.0,Food,Cash,41,8,Loyal Budget Buyer
CUST-05469,28,1.7,9609,1.9,Food,Cash,4,3,Occasional Shopper
CUST-05470,23,9.6,20409,1.1,Electronics,Cash,5,7,Occasional Shopper
CUST-05471,18,11.7,10638,1.9,Clothing,Cash,4,8,Occasional Shopper
CUST-05472,30,5.0,74108,8.9,Food,Mobile Money,25,4,Regular Shopper
CUST-05473,42,8.8,23666,20.4,Clothing,Mobile Money,53,10,Loyal Budget Buyer
CUST-05474,24,8.3,94209,6.2,Food,Mobile Money,20,10,Regular Shopper
CUST-05475,41,3.0,89329,6.1,Food,Mobile Money,19,10,Regular Shopper
CUST-05476,25,3.1,91673,9.4,Food,Mobile Money,16,7,Regular Shopper
CUST-05477,21,0.7,40319,8.4,Clothing,Mobile Money,19,2,Regular Shopper
CUST-05478,18,3.6,65219,6.4,Food,Cash,22,10,Regular Shopper
CUST-05479,36,7.0,15524,2.2,Clothing,Mobile Money,2,13,Occasional Shopper
CUST-05480,18,2.4,12699,1.5,Tools,Mobile Money,4,10,Occasional Shopper
CUST-05481,18,7.4,42166,8.4,Household,Credit,16,5,Regular Shopper
CUST-05482,32,16.5,28145,2.5,Clothing,Cash,2,11,Occasional Shopper
CUST-05483,26,4.5,60383,3.4,Food,Mobile Money,14,3,Regular Shopper
CUST-05484,18,3.1,17090,0.5,Clothing,Mobile Money,3,3,Occasional Shopper
CUST-05485,49,3.4,546972,9.2,Tools,Credit,27,13,Wholesale Buyer
CUST-05486,44,13.7,49968,7.5,Electronics,Mobile Money,15,10,Regular Shopper
CUST-05487,19,2.3,30007,19.9,Food,Mobile Money,50,13,Loyal Budget Buyer
CUST-05488,41,2.4,78929,6.2,Household,Mobile Money,19,14,Regular Shopper
CUST-05489,18,0.7,27334,3.0,Clothing,Cash,4,7,Occasional Shopper
CUST-05490,35,12.3,47263,21.8,Food,Mobile Money,54,5,Loyal Budget Buyer
CUST-05491,29,9.8,68962,6.2,Clothing,Credit,22,2,Regular Shopper
CUST-05492,39,2.5,252208,8.2,Tools,Mobile Money,38,6,Wholesale Buyer
CUST-05493,37,3.3,46061,21.0,Food,Cash,61,9,Loyal Budget Buyer
CUST-05494,20,13.3,5481,2.4,Tools,Cash,6,5,Occasional Shopper
CUST-05495,25,1.4,23886,5.8,Clothing,Mobile Money,25,5,Regular Shopper
CUST-05496,27,8.3,3219,3.2,Clothing,Mobile Money,3,13,Occasional Shopper
CUST-05497,35,12.1,29893,1.4,Clothing,Cash,7,9,Occasional Shopper
CUST-05498,20,3.5,76994,4.4,Food,Mobile Money,18,14,Regular Shopper
CUST-05499,18,10.3,50060,18.5,Food,Mobile Money,45,4,Loyal Budget Buyer
CUST-05500,40,0.3,49333,7.3,Household,Mobile Money,19,7,Regular Shopper
CUST-05501,49,1.2,28410,20.7,Food,Cash,65,5,Loyal Budget Buyer
CUST-05502,44,1.6,108175,4.7,Food,Credit,19,4,Regular Shopper
CUST-05503,18,0.9,87848,9.4,Clothing,Cash,20,1,Regular Shopper
CUST-05504,41,17.3,30271,17.6,Food,Cash,48,11,Loyal Budget Buyer
CUST-05505,28,1.5,59924,6.9,Clothing,Cash,13,10,Regular Shopper
CUST-05506,40,1.9,474883,17.0,Tools,Cash,35,9,Wholesale Buyer
CUST-05507,18,8.4,25043,0.7,Clothing,Cash,2,8,Occasional Shopper
CUST-05508,43,6.0,133800,6.9,Clothing,Cash,22,2,Regular Shopper
CUST-05509,27,0.8,7565,7.5,Tools,Mobile Money,29,6,Regular Shopper
CUST-05510,30,16.7,100651,2.1,Clothing,Mobile Money,18,11,Regular Shopper
CUST-05511,35,1.4,9761,0.5,Food,Mobile Money,14,11,Regular Shopper
CUST-05512,46,0.5,561128,18.1,Tools,Cash,33,13,Wholesale Buyer
CUST-05513,28,0.2,10453,1.0,Clothing,Credit,4,9,Occasional Shopper
CUST-05514,20,1.5,30868,1.2,Household,Cash,2,6,Occasional Shopper
CUST-05515,42,0.8,677180,11.7,Tools,Mobile Money,34,12,Wholesale Buyer
CUST-05516,26,4.2,32115,19.0,Food,Cash,44,4,Loyal Budget Buyer
CUST-05517,42,15.8,21664,1.8,Clothing,Credit,3,8,Occasional Shopper
CUST-05518,33,11.8,33549,22.1,Food,Cash,53,5,Loyal Budget Buyer
CUST-05519,35,3.6,554824,13.4,Tools,Cash,42,8,Wholesale Buyer
CUST-05520,18,4.2,24149,1.3,Electronics,Cash,4,14,Occasional Shopper
CUST-05521,28,4.4,437390,7.6,Tools,Cash,35,8,Wholesale Buyer
CUST-05522,34,3.2,11454,2.0,Tools,Cash,2,13,Occasional Shopper
CUST-05523,40,1.7,17066,19.2,Household,Cash,63,10,Loyal Budget Buyer
CUST-05524,29,3.3,21529,1.2,Clothing,Cash,4,5,Occasional Shopper
CUST-05525,27,5.0,56916,9.7,Household,Mobile Money,17,7,Regular Shopper
CUST-05526,18,6.3,33593,1.6,Clothing,Mobile Money,7,5,Occasional Shopper
CUST-05527,33,5.8,26281,1.2,Tools,Cash,5,3,Occasional Shopper
CUST-05528,37,6.2,18959,2.0,Household,Cash,2,11,Occasional Shopper
CUST-05529,35,3.4,457851,16.2,Tools,Mobile Money,37,7,Wholesale Buyer
CUST-05530,34,3.1,40779,11.0,Food,Cash,46,7,Loyal Budget Buyer
CUST-05531,41,2.9,26857,1.4,Food,Cash,4,8,Occasional Shopper
CUST-05532,34,4.6,1800,1.4,Tools,Cash,4,1,Occasional Shopper
CUST-05533,43,3.1,65288,5.2,Tools,Cash,19,10,Regular Shopper
CUST-05534,29,9.3,489331,13.2,Food,Cash,39,11,Wholesale Buyer
CUST-05535,20,3.4,13777,23.5,Clothing,Credit,43,2,Loyal Budget Buyer
CUST-05536,22,13.9,28935,2.6,Household,Mobile Money,4,14,Occasional Shopper
CUST-05537,20,5.3,63128,7.1,Clothing,Cash,13,10,Regular Shopper
CUST-05538,31,8.4,45310,25.2,Food,Cash,44,1,Loyal Budget Buyer
CUST-05539,51,7.7,379093,14.0,Tools,Cash,30,4,Wholesale Buyer
CUST-05540,28,4.2,65665,17.4,Household,Cash,56,3,Loyal Budget Buyer
CUST-05541,29,8.2,54831,6.0,Tools,Cash,16,8,Regular Shopper
CUST-05542,30,7.6,7190,1.8,Clothing,Cash,4,5,Occasional Shopper
CUST-05543,36,1.8,7921,1.2,Clothing,Mobile Money,3,14,Occasional Shopper
CUST-05544,22,1.4,63825,7.2,Food,Credit,23,11,Regular Shopper
CUST-05545,29,0.3,17111,0.5,Clothing,Cash,1,6,Occasional Shopper
CUST-05546,46,1.8,790405,7.9,Tools,Credit,34,7,Wholesale Buyer
CUST-05547,18,0.6,63907,7.5,Electronics,Mobile Money,19,7,Regular Shopper
CUST-05548,27,5.9,62556,6.7,Electronics,Mobile Money,16,1,Regular Shopper
CUST-05549,49,2.5,47347,18.8,Household,Mobile Money,53,6,Loyal Budget Buyer
CUST-05550,34,15.7,38199,1.4,Clothing,Cash,2,12,Occasional Shopper
CUST-05551,28,5.8,82080,6.5,Household,Mobile Money,18,2,Regular Shopper
CUST-05552,26,3.4,7251,1.7,Clothing,Mobile Money,5,7,Occasional Shopper
CUST-05553,40,5.1,740715,7.3,Tools,Cash,35,8,Wholesale Buyer
CUST-05554,28,4.7,217566,10.8,Tools,Cash,43,5,Wholesale Buyer
CUST-05555,39,4.9,6028,1.8,Clothing,Mobile Money,3,13,Occasional Shopper
CUST-05556,23,2.3,12100,1.5,Clothing,Mobile Money,3,12,Occasional Shopper
CUST-05557,18,17.9,72325,11.0,Clothing,Mobile Money,19,14,Regular Shopper
CUST-05558,19,2.1,106701,8.6,Food,Mobile Money,16,13,Regular Shopper
CUST-05559,32,5.6,361715,12.3,Household,Mobile Money,32,10,Wholesale Buyer
CUST-05560,32,0.2,39302,4.5,Household,Cash,16,2,Regular Shopper
CUST-05561,56,4.2,56102,12.3,Household,Mobile Money,53,6,Loyal Budget Buyer
CUST-05562,33,9.3,18502,0.9,Electronics,Cash,3,13,Occasional Shopper
CUST-05563,39,1.2,240858,17.9,Food,Cash,37,8,Wholesale Buyer
CUST-05564,35,7.0,25334,1.4,Food,Cash,5,1,Occasional Shopper
CUST-05565,40,10.9,72145,3.9,Clothing,Cash,21,5,Regular Shopper
CUST-05566,27,9.9,127775,7.5,Food,Mobile Money,16,5,Regular Shopper
CUST-05567,23,1.6,22411,2.0,Tools,Mobile Money,7,14,Occasional Shopper
CUST-05568,21,0.9,11815,2.0,Clothing,Mobile Money,4,10,Occasional Shopper
CUST-05569,20,8.7,16828,0.5,Clothing,Cash,3,12,Occasional Shopper
CUST-05570,38,17.2,22814,1.4,Tools,Credit,4,1,Occasional Shopper
CUST-05571,27,10.6,14662,1.3,Clothing,Mobile Money,5,7,Occasional Shopper
CUST-05572,30,4.8,54171,23.5,Tools,Cash,48,13,Loyal Budget Buyer
CUST-05573,32,9.8,31499,22.8,Food,Mobile Money,55,12,Loyal Budget Buyer
CUST-05574,25,0.5,29296,4.2,Clothing,Mobile Money,19,1,Regular Shopper
CUST-05575,24,8.4,61624,7.2,Tools,Mobile Money,13,8,Regular Shopper
CUST-05576,36,27.9,84627,3.3,Food,Mobile Money,22,13,Regular Shopper
CUST-05577,45,5.9,407273,17.3,Food,Mobile Money,35,13,Wholesale Buyer
CUST-05578,47,1.6,9260,0.5,Food,Credit,3,11,Occasional Shopper
CUST-05579,37,1.2,9985,1.5,Food,Cash,5,7,Occasional Shopper
CUST-05580,29,6.7,65393,8.3,Tools,Mobile Money,23,12,Regular Shopper
CUST-05581,36,2.7,635112,13.5,Household,Mobile Money,30,13,Wholesale Buyer
CUST-05582,39,1.7,46370,13.3,Food,Cash,46,6,Loyal Budget Buyer
CUST-05583,46,11.3,25492,19.4,Clothing,Cash,39,5,Loyal Budget Buyer
CUST-05584,29,2.9,99671,4.0,Clothing,Mobile Money,18,7,Regular Shopper
CUST-05585,23,0.2,36784,21.8,Food,Cash,59,11,Loyal Budget Buyer
CUST-05586,29,4.7,41710,24.1,Food,Cash,51,13,Loyal Budget Buyer
CUST-05587,21,3.7,378072,10.9,Clothing,Cash,37,11,Wholesale Buyer
CUST-05588,48,20.4,36726,21.7,Food,Cash,46,6,Loyal Budget Buyer
CUST-05589,34,23.5,95719,9.0,Electronics,Mobile Money,20,13,Regular Shopper
CUST-05590,34,2.1,59237,9.4,Clothing,Mobile Money,14,6,Regular Shopper
CUST-05591,39,3.4,584317,16.7,Household,Cash,33,12,Wholesale Buyer
CUST-05592,45,2.0,543629,19.1,Food,Mobile Money,35,8,Wholesale Buyer
CUST-05593,44,5.2,57608,7.7,Tools,Cash,20,11,Regular Shopper
CUST-05594,43,1.7,96143,8.1,Electronics,Cash,17,13,Regular Shopper
CUST-05595,18,6.1,92608,3.4,Household,Mobile Money,23,4,Regular Shopper
CUST-05596,48,1.2,51419,14.2,Food,Cash,41,2,Loyal Budget Buyer
CUST-05597,38,3.1,31657,5.6,Tools,Cash,22,5,Regular Shopper
CUST-05598,19,0.8,85301,6.7,Clothing,Mobile Money,19,6,Regular Shopper
CUST-05599,20,1.9,61008,23.8,Household,Cash,48,8,Loyal Budget Buyer
CUST-05600,41,4.7,77771,7.5,Tools,Cash,18,9,Regular Shopper
CUST-05601,23,8.9,30647,0.8,Food,Mobile Money,6,3,Occasional Shopper
CUST-05602,32,5.3,707756,15.0,Tools,Mobile Money,26,4,Wholesale Buyer
CUST-05603,30,2.0,14737,2.4,Clothing,Cash,3,10,Occasional Shopper
CUST-05604,35,6.4,110331,8.7,Clothing,Mobile Money,15,5,Regular Shopper
CUST-05605,18,1.0,19366,16.1,Tools,Cash,61,12,Loyal Budget Buyer
CUST-05606,26,11.0,17834,0.9,Food,Cash,2,10,Occasional Shopper
CUST-05607,44,1.3,74525,9.7,Tools,Credit,26,8,Regular Shopper
CUST-05608,39,5.2,427867,19.0,Food,Mobile Money,42,12,Wholesale Buyer
CUST-05609,33,1.6,686146,13.4,Tools,Cash,35,3,Wholesale Buyer
CUST-05610,18,16.2,28515,1.0,Clothing,Cash,6,5,Occasional Shopper
CUST-05611,32,4.9,54270,7.8,Tools,Credit,12,7,Regular Shopper
CUST-05612,31,4.8,491001,17.0,Electronics,Credit,35,3,Wholesale Buyer
CUST-05613,39,6.4,23447,1.9,Clothing,Cash,5,13,Occasional Shopper
CUST-05614,42,8.0,478949,12.9,Electronics,Cash,34,10,Wholesale Buyer
CUST-05615,48,1.6,35628,5.4,Clothing,Mobile Money,16,9,Regular Shopper
CUST-05616,23,3.6,25310,2.5,Clothing,Cash,5,4,Occasional Shopper
CUST-05617,20,5.1,72988,7.8,Food,Mobile Money,18,9,Regular Shopper
CUST-05618,46,0.8,389163,12.4,Clothing,Mobile Money,34,7,Wholesale Buyer
CUST-05619,28,2.9,3500,14.8,Household,Cash,46,10,Loyal Budget Buyer
CUST-05620,39,6.8,92954,10.3,Food,Mobile Money,22,14,Regular Shopper
CUST-05621,29,1.2,50960,9.9,Clothing,Credit,12,2,Regular Shopper
CUST-05622,48,14.1,904397,14.5,Clothing,Mobile Money,34,2,Wholesale Buyer
CUST-05623,28,4.8,8318,2.8,Clothing,Cash,2,13,Occasional Shopper
CUST-05624,27,7.5,69591,4.8,Electronics,Mobile Money,16,14,Regular Shopper
CUST-05625,41,8.4,459850,14.2,Tools,Cash,45,14,Wholesale Buyer
CUST-05626,20,4.0,76057,8.1,Tools,Mobile Money,20,5,Regular Shopper
CUST-05627,27,12.1,136783,8.4,Tools,Mobile Money,10,5,Regular Shopper
CUST-05628,18,0.2,52277,8.4,Tools,Credit,24,9,Regular Shopper
CUST-05629,27,4.9,45878,8.2,Food,Mobile Money,18,12,Regular Shopper
CUST-05630,33,5.5,32191,12.2,Food,Credit,52,10,Loyal Budget Buyer
CUST-05631,51,1.7,40569,16.0,Household,Cash,33,13,Loyal Budget Buyer
CUST-05632,18,1.3,29095,12.2,Electronics,Mobile Money,54,4,Loyal Budget Buyer
CUST-05633,44,9.6,652161,13.1,Food,Cash,39,7,Wholesale Buyer
CUST-05634,47,5.3,810430,16.9,Food,Cash,23,12,Wholesale Buyer
CUST-05635,33,4.5,496811,15.3,Food,Mobile Money,32,10,Wholesale Buyer
CUST-05636,35,0.6,46023,8.8,Clothing,Mobile Money,18,11,Regular Shopper
CUST-05637,49,9.2,569247,17.1,Tools,Cash,29,2,Wholesale Buyer
CUST-05638,46,1.2,457664,16.8,Food,Mobile Money,40,1,Wholesale Buyer
CUST-05639,41,23.1,751079,10.1,Food,Cash,37,14,Wholesale Buyer
CUST-05640,35,1.8,30878,1.7,Food,Mobile Money,1,3,Occasional Shopper
CUST-05641,32,0.4,329377,15.0,Tools,Cash,34,12,Wholesale Buyer
CUST-05642,22,2.2,25136,1.6,Food,Cash,2,14,Occasional Shopper
CUST-05643,43,5.4,158306,8.7,Tools,Credit,15,10,Regular Shopper
CUST-05644,18,4.8,124933,7.9,Clothing,Cash,11,9,Regular Shopper
CUST-05645,36,15.1,117620,5.2,Tools,Credit,19,6,Regular Shopper
CUST-05646,18,1.7,23850,6.3,Food,Mobile Money,11,5,Regular Shopper
CUST-05647,28,2.9,26927,2.0,Clothing,Cash,2,11,Occasional Shopper
CUST-05648,18,1.2,2893,1.5,Household,Mobile Money,6,11,Occasional Shopper
CUST-05649,47,4.2,753265,20.2,Tools,Mobile Money,35,4,Wholesale Buyer
CUST-05650,32,6.5,48441,19.2,Household,Cash,51,6,Loyal Budget Buyer
CUST-05651,42,4.0,381362,14.4,Electronics,Mobile Money,34,4,Wholesale Buyer
CUST-05652,27,2.3,267949,19.5,Food,Cash,27,7,Wholesale Buyer
CUST-05653,34,14.3,21111,27.2,Clothing,Mobile Money,41,11,Loyal Budget Buyer
CUST-05654,23,8.3,40904,19.3,Household,Cash,49,4,Loyal Budget Buyer
CUST-05655,41,0.9,248683,13.1,Tools,Cash,38,9,Wholesale Buyer
CUST-05656,47,1.6,8146,3.0,Clothing,Cash,4,5,Occasional Shopper
CUST-05657,34,1.7,38300,17.5,Food,Cash,44,1,Loyal Budget Buyer
CUST-05658,43,1.6,202849,13.5,Clothing,Cash,27,8,Wholesale Buyer
CUST-05659,29,9.7,43013,7.5,Clothing,Mobile Money,22,13,Regular Shopper
CUST-05660,41,2.1,50091,2.4,Food,Cash,22,6,Regular Shopper
CUST-05661,31,0.9,124052,8.6,Clothing,Mobile Money,20,8,Regular Shopper
CUST-05662,41,11.5,51303,21.2,Food,Mobile Money,57,14,Loyal Budget Buyer
CUST-05663,26,3.5,75873,9.3,Electronics,Mobile Money,19,2,Regular Shopper
CUST-05664,33,0.9,12775,0.8,Clothing,Cash,2,12,Occasional Shopper
CUST-05665,39,7.3,87403,3.3,Clothing,Mobile Money,14,2,Regular Shopper
CUST-05666,18,1.2,85105,7.4,Clothing,Cash,21,8,Regular Shopper
CUST-05667,21,15.1,5432,14.6,Tools,Cash,51,4,Loyal Budget Buyer
CUST-05668,27,5.0,112474,6.9,Electronics,Mobile Money,14,1,Regular Shopper
CUST-05669,46,3.0,95703,7.5,Household,Cash,15,14,Regular Shopper
CUST-05670,38,2.5,106067,4.5,Electronics,Credit,13,8,Regular Shopper
CUST-05671,24,0.2,24330,1.3,Clothing,Cash,7,10,Occasional Shopper
CUST-05672,31,3.0,16353,2.7,Clothing,Mobile Money,4,1,Occasional Shopper
CUST-05673,27,8.2,37684,2.6,Tools,Mobile Money,5,5,Occasional Shopper
CUST-05674,27,1.7,1800,2.6,Clothing,Cash,4,7,Occasional Shopper
CUST-05675,43,10.7,578764,12.4,Clothing,Cash,28,1,Wholesale Buyer
CUST-05676,39,10.2,43438,6.9,Food,Credit,18,8,Regular Shopper
CUST-05677,18,3.1,19724,0.5,Tools,Mobile Money,4,14,Occasional Shopper
CUST-05678,23,0.4,47356,8.2,Food,Mobile Money,14,5,Regular Shopper
CUST-05679,33,1.0,61975,8.2,Electronics,Credit,22,9,Regular Shopper
CUST-05680,18,14.5,8450,1.2,Clothing,Mobile Money,7,12,Occasional Shopper
CUST-05681,32,1.5,90313,8.7,Tools,Cash,15,3,Regular Shopper
CUST-05682,18,17.0,50601,10.1,Electronics,Cash,22,13,Regular Shopper
CUST-05683,20,1.2,34445,1.0,Clothing,Cash,3,1,Occasional Shopper
CUST-05684,28,6.1,12508,1.5,Clothing,Cash,2,1,Occasional Shopper
CUST-05685,39,3.2,86513,8.8,Clothing,Cash,19,7,Regular Shopper
CUST-05686,25,0.5,30540,24.9,Clothing,Mobile Money,49,7,Loyal Budget Buyer
CUST-05687,40,2.6,38066,8.8,Electronics,Cash,18,7,Regular Shopper
CUST-05688,40,5.9,640648,16.4,Food,Credit,39,10,Wholesale Buyer
CUST-05689,25,12.3,31812,26.2,Food,Mobile Money,37,8,Loyal Budget Buyer
CUST-05690,46,8.6,10520,0.5,Tools,Mobile Money,5,2,Occasional Shopper
CUST-05691,56,0.5,45653,21.6,Clothing,Mobile Money,35,9,Loyal Budget Buyer
CUST-05692,19,6.3,18249,1.4,Clothing,Cash,7,11,Occasional Shopper
CUST-05693,33,2.8,41013,24.4,Clothing,Mobile Money,39,12,Loyal Budget Buyer
CUST-05694,18,1.5,17624,4.7,Food,Mobile Money,13,6,Regular Shopper
CUST-05695,36,0.2,38591,19.7,Food,Cash,55,12,Loyal Budget Buyer
CUST-05696,26,4.2,111460,8.4,Tools,Mobile Money,15,14,Regular Shopper
CUST-05697,34,1.8,9927,2.5,Tools,Mobile Money,2,12,Occasional Shopper
CUST-05698,38,5.6,464249,16.2,Tools,Cash,35,12,Wholesale Buyer
CUST-05699,31,5.7,529679,10.8,Clothing,Credit,38,6,Wholesale Buyer
CUST-05700,34,21.6,42585,19.4,Food,Mobile Money,48,2,Loyal Budget Buyer
CUST-05701,43,12.9,93271,7.7,Food,Mobile Money,17,3,Regular Shopper
CUST-05702,33,3.2,19138,2.3,Tools,Mobile Money,4,1,Occasional Shopper
CUST-05703,36,7.8,378937,16.0,Electronics,Cash,36,11,Wholesale Buyer
CUST-05704,44,0.5,17036,1.9,Household,Cash,4,7,Occasional Shopper
CUST-05705,38,4.9,125167,4.5,Tools,Cash,20,5,Regular Shopper
CUST-05706,23,2.1,69681,10.6,Clothing,Mobile Money,15,1,Regular Shopper
CUST-05707,42,0.8,89996,9.4,Tools,Cash,14,12,Regular Shopper
CUST-05708,31,3.7,548989,16.2,Electronics,Cash,34,11,Wholesale Buyer
CUST-05709,18,0.3,24431,1.5,Clothing,Cash,5,12,Occasional Shopper
CUST-05710,37,5.6,89080,5.5,Food,Mobile Money,16,3,Regular Shopper
CUST-05711,24,1.1,22262,18.0,Clothing,Cash,52,7,Loyal Budget Buyer
CUST-05712,21,1.7,39572,5.0,Food,Credit,21,4,Regular Shopper
CUST-05713,39,2.5,257744,18.5,Clothing,Cash,30,10,Wholesale Buyer
CUST-05714,53,12.3,391416,13.0,Food,Cash,32,1,Wholesale Buyer
CUST-05715,27,0.3,439617,11.6,Tools,Cash,29,10,Wholesale Buyer
CUST-05716,31,7.2,40984,20.7,Food,Cash,37,6,Loyal Budget Buyer
CUST-05717,24,5.3,17168,0.5,Clothing,Mobile Money,3,3,Occasional Shopper
CUST-05718,53,0.8,54211,7.4,Electronics,Mobile Money,18,12,Regular Shopper
CUST-05719,36,13.0,43945,12.5,Electronics,Cash,49,10,Loyal Budget Buyer
CUST-05720,23,1.6,8880,2.7,Clothing,Cash,6,4,Occasional Shopper
CUST-05721,32,1.8,746201,16.0,Household,Mobile Money,41,4,Wholesale Buyer
CUST-05722,18,11.9,81752,6.2,Electronics,Cash,7,11,Regular Shopper
CUST-05723,37,1.3,17690,1.3,Clothing,Cash,5,10,Occasional Shopper
CUST-05724,39,5.3,521387,14.3,Food,Cash,36,1,Wholesale Buyer
CUST-05725,34,2.0,76758,5.0,Clothing,Mobile Money,16,8,Regular Shopper
CUST-05726,40,8.3,278007,17.8,Electronics,Cash,33,5,Wholesale Buyer
CUST-05727,40,13.8,443816,7.4,Electronics,Mobile Money,42,7,Wholesale Buyer
CUST-05728,38,1.0,29827,0.9,Household,Cash,7,3,Occasional Shopper
CUST-05729,24,0.3,52559,21.6,Household,Cash,51,11,Loyal Budget Buyer
CUST-05730,18,5.1,41661,11.1,Food,Mobile Money,19,10,Regular Shopper
CUST-05731,39,3.3,15652,1.9,Clothing,Cash,6,14,Occasional Shopper
CUST-05732,40,3.6,13078,20.2,Tools,Mobile Money,52,11,Loyal Budget Buyer
CUST-05733,20,0.9,9756,1.1,Clothing,Cash,8,3,Occasional Shopper
CUST-05734,42,6.3,43186,5.0,Food,Mobile Money,20,5,Regular Shopper
CUST-05735,45,7.4,21101,0.8,Clothing,Cash,3,4,Occasional Shopper
CUST-05736,39,14.8,87574,9.7,Electronics,Cash,20,1,Regular Shopper
CUST-05737,40,3.5,118149,4.9,Tools,Cash,25,3,Regular Shopper
CUST-05738,24,5.2,26902,3.2,Food,Cash,2,1,Occasional Shopper
CUST-05739,32,4.2,27797,1.9,Household,Mobile Money,1,4,Occasional Shopper
CUST-05740,33,1.1,72252,1.6,Tools,Credit,17,6,Regular Shopper
CUST-05741,28,8.2,21856,0.5,Clothing,Cash,2,5,Occasional Shopper
CUST-05742,30,3.4,38431,6.4,Electronics,Mobile Money,18,13,Regular Shopper
CUST-05743,24,2.4,71439,8.5,Household,Mobile Money,16,14,Regular Shopper
CUST-05744,20,2.5,20814,28.4,Clothing,Credit,47,12,Loyal Budget Buyer
CUST-05745,31,4.3,79488,6.0,Food,Mobile Money,19,11,Regular Shopper
CUST-05746,47,1.3,56752,8.2,Clothing,Cash,16,4,Regular Shopper
CUST-05747,25,0.3,41851,11.9,Food,Cash,54,4,Loyal Budget Buyer
CUST-05748,38,10.3,40174,19.2,Food,Cash,56,2,Loyal Budget Buyer
CUST-05749,18,3.9,43103,6.7,Food,Credit,11,12,Regular Shopper
CUST-05750,32,5.6,8189,2.3,Household,Mobile Money,5,2,Occasional Shopper
CUST-05751,27,3.1,16213,1.5,Clothing,Credit,6,12,Occasional Shopper
CUST-05752,36,12.2,77829,6.9,Food,Cash,15,4,Regular Shopper
CUST-05753,23,5.7,32081,5.5,Tools,Mobile Money,16,13,Regular Shopper
CUST-05754,40,4.0,83295,5.7,Clothing,Credit,14,4,Regular Shopper
CUST-05755,23,12.6,27346,6.7,Electronics,Cash,22,11,Regular Shopper
CUST-05756,54,9.9,71245,5.5,Electronics,Cash,14,8,Regular Shopper
CUST-05757,41,3.1,83065,9.1,Food,Credit,21,10,Regular Shopper
CUST-05758,20,5.1,74279,5.7,Clothing,Mobile Money,18,4,Regular Shopper
CUST-05759,41,0.8,584934,11.1,Food,Mobile Money,28,6,Wholesale Buyer
CUST-05760,51,1.8,34594,7.0,Food,Cash,14,3,Regular Shopper
CUST-05761,42,1.1,134229,7.3,Food,Cash,16,13,Regular Shopper
CUST-05762,37,0.4,39684,8.8,Tools,Cash,16,10,Regular Shopper
CUST-05763,31,8.6,12234,1.4,Clothing,Cash,3,6,Occasional Shopper
CUST-05764,18,9.8,13871,2.6,Clothing,Mobile Money,5,7,Occasional Shopper
CUST-05765,20,0.2,33474,7.8,Tools,Credit,13,8,Regular Shopper
CUST-05766,42,3.3,14343,1.8,Food,Cash,6,13,Occasional Shopper
CUST-05767,28,1.1,15658,1.0,Electronics,Cash,3,13,Occasional Shopper
CUST-05768,26,1.6,31377,17.1,Food,Mobile Money,45,9,Loyal Budget Buyer
CUST-05769,42,1.8,28468,16.8,Food,Cash,48,3,Loyal Budget Buyer
CUST-05770,38,9.6,62511,3.0,Tools,Mobile Money,17,14,Regular Shopper
CUST-05771,43,8.2,29470,17.8,Food,Mobile Money,51,13,Loyal Budget Buyer
CUST-05772,31,1.3,23688,3.2,Clothing,Cash,2,6,Occasional Shopper
CUST-05773,29,4.2,28278,2.0,Electronics,Cash,3,14,Occasional Shopper
CUST-05774,38,7.6,67526,8.2,Tools,Mobile Money,14,13,Regular Shopper
CUST-05775,26,4.3,9848,1.2,Clothing,Mobile Money,4,9,Occasional Shopper
CUST-05776,35,4.3,92283,7.8,Food,Mobile Money,19,2,Regular Shopper
CUST-05777,26,2.8,14332,1.7,Clothing,Cash,6,10,Occasional Shopper
CUST-05778,20,1.2,8541,1.2,Household,Cash,6,8,Occasional Shopper
CUST-05779,37,5.0,42540,12.8,Tools,Mobile Money,48,12,Loyal Budget Buyer
CUST-05780,30,4.1,16192,0.5,Food,Cash,3,11,Occasional Shopper
CUST-05781,46,12.6,122417,12.5,Tools,Cash,13,6,Regular Shopper
CUST-05782,42,1.6,554178,11.5,Tools,Cash,42,8,Wholesale Buyer
CUST-05783,24,4.2,29891,0.5,Household,Cash,3,8,Occasional Shopper
CUST-05784,33,16.0,21454,1.2,Food,Mobile Money,7,6,Occasional Shopper
CUST-05785,25,1.6,23447,1.6,Food,Cash,1,14,Occasional Shopper
CUST-05786,41,4.4,427144,11.5,Tools,Cash,29,3,Wholesale Buyer
CUST-05787,18,1.3,118958,7.6,Clothing,Cash,17,10,Regular Shopper
CUST-05788,24,2.6,70394,9.0,Tools,Mobile Money,17,6,Regular Shopper
CUST-05789,22,0.7,63350,10.8,Food,Cash,20,3,Regular Shopper
CUST-05790,34,5.6,78368,5.1,Tools,Mobile Money,14,11,Regular Shopper
CUST-05791,50,2.9,664519,9.0,Tools,Credit,33,6,Wholesale Buyer
CUST-05792,25,2.1,123422,6.4,Household,Cash,13,13,Regular Shopper
CUST-05793,30,7.4,35822,2.0,Clothing,Cash,5,2,Occasional Shopper
CUST-05794,32,3.1,76777,5.1,Food,Mobile Money,12,3,Regular Shopper
CUST-05795,34,7.7,58613,9.2,Tools,Credit,15,6,Regular Shopper
CUST-05796,43,2.4,142316,8.8,Tools,Credit,22,9,Regular Shopper
CUST-05797,28,12.6,18426,1.0,Household,Cash,3,14,Occasional Shopper
CUST-05798,24,1.2,30873,0.5,Food,Cash,4,3,Occasional Shopper
CUST-05799,23,0.5,7513,1.3,Food,Mobile Money,5,12,Occasional Shopper
CUST-05800,34,11.0,50892,22.2,Food,Cash,47,10,Loyal Budget Buyer
CUST-05801,35,2.1,53096,19.6,Food,Cash,57,14,Loyal Budget Buyer
CUST-05802,23,1.4,499859,12.0,Food,Cash,42,7,Wholesale Buyer
CUST-05803,30,3.9,58278,7.1,Tools,Mobile Money,14,12,Regular Shopper
CUST-05804,21,3.0,20378,1.4,Clothing,Cash,5,6,Occasional Shopper
CUST-05805,51,4.7,146244,6.8,Electronics,Cash,20,9,Regular Shopper
CUST-05806,24,0.6,64761,9.8,Electronics,Mobile Money,13,9,Regular Shopper
CUST-05807,34,6.1,508758,17.0,Household,Credit,36,8,Wholesale Buyer
CUST-05808,44,1.2,74481,8.6,Clothing,Cash,30,5,Regular Shopper
CUST-05809,42,0.4,53963,26.0,Food,Cash,46,13,Loyal Budget Buyer
CUST-05810,42,1.5,595418,10.8,Tools,Cash,37,6,Wholesale Buyer
CUST-05811,30,2.9,112061,6.8,Electronics,Cash,20,6,Regular Shopper
CUST-05812,40,5.1,274735,13.6,Household,Cash,35,1,Wholesale Buyer
CUST-05813,22,9.2,80564,5.4,Food,Cash,23,9,Regular Shopper
CUST-05814,47,0.5,88187,7.5,Food,Cash,18,13,Regular Shopper
CUST-05815,39,19.3,669802,12.0,Tools,Credit,57,3,Wholesale Buyer
CUST-05816,32,5.2,608280,15.2,Tools,Credit,28,6,Wholesale Buyer
CUST-05817,45,2.1,627977,12.7,Food,Mobile Money,35,4,Wholesale Buyer
CUST-05818,37,3.7,85991,5.0,Clothing,Cash,12,10,Regular Shopper
CUST-05819,39,10.4,74766,7.9,Clothing,Mobile Money,19,1,Regular Shopper
CUST-05820,27,8.3,52404,10.7,Clothing,Cash,12,12,Regular Shopper
CUST-05821,34,27.9,798627,14.0,Clothing,Cash,35,14,Wholesale Buyer
CUST-05822,35,5.3,130054,4.7,Food,Mobile Money,25,3,Regular Shopper
CUST-05823,18,22.0,74789,6.1,Tools,Cash,19,10,Regular Shopper
CUST-05824,18,7.1,14990,2.4,Household,Mobile Money,8,7,Occasional Shopper
CUST-05825,32,4.2,19626,8.4,Electronics,Credit,18,14,Regular Shopper
CUST-05826,36,5.5,83605,6.8,Food,Cash,20,14,Regular Shopper
CUST-05827,26,0.7,43086,18.3,Food,Cash,44,2,Loyal Budget Buyer
CUST-05828,30,2.9,16758,0.7,Clothing,Cash,2,5,Occasional Shopper
CUST-05829,48,15.3,7500,5.8,Tools,Mobile Money,13,10,Regular Shopper
CUST-05830,40,1.1,14695,2.3,Electronics,Cash,2,7,Occasional Shopper
CUST-05831,39,11.8,18499,9.8,Tools,Cash,13,12,Regular Shopper
CUST-05832,18,1.3,4774,2.0,Clothing,Cash,7,6,Occasional Shopper
CUST-05833,37,9.4,4337,1.3,Clothing,Cash,2,11,Occasional Shopper
CUST-05834,18,0.3,40587,9.1,Clothing,Mobile Money,13,8,Regular Shopper
CUST-05835,28,2.9,78979,9.1,Electronics,Cash,17,3,Regular Shopper
CUST-05836,42,8.9,28729,17.3,Clothing,Cash,49,11,Loyal Budget Buyer
CUST-05837,45,24.5,50340,15.1,Food,Mobile Money,55,6,Loyal Budget Buyer
CUST-05838,18,2.1,20708,1.5,Clothing,Credit,3,10,Occasional Shopper
CUST-05839,24,5.6,87601,7.6,Electronics,Cash,16,14,Regular Shopper
CUST-05840,24,10.9,35668,17.5,Food,Cash,49,7,Loyal Budget Buyer
CUST-05841,44,3.7,685428,12.5,Food,Credit,26,2,Wholesale Buyer
CUST-05842,19,4.6,106651,8.1,Clothing,Cash,21,4,Regular Shopper
CUST-05843,28,1.1,26877,20.4,Food,Cash,52,5,Loyal Budget Buyer
CUST-05844,26,2.0,40526,9.3,Food,Credit,23,4,Regular Shopper
CUST-05845,32,4.3,111472,3.4,Electronics,Cash,23,13,Regular Shopper
CUST-05846,32,6.2,10862,4.6,Household,Mobile Money,25,13,Regular Shopper
CUST-05847,30,1.5,578507,19.3,Food,Cash,28,8,Wholesale Buyer
CUST-05848,18,1.1,20430,1.1,Clothing,Mobile Money,4,7,Occasional Shopper
CUST-05849,34,16.1,19986,1.9,Clothing,Mobile Money,5,11,Occasional Shopper
CUST-05850,29,15.3,59560,3.6,Tools,Mobile Money,14,7,Regular Shopper
CUST-05851,46,1.6,417872,16.1,Food,Mobile Money,31,4,Wholesale Buyer
CUST-05852,33,0.2,431892,15.9,Tools,Mobile Money,45,8,Wholesale Buyer
CUST-05853,39,0.6,96650,7.3,Tools,Mobile Money,21,2,Regular Shopper
CUST-05854,33,2.6,565856,18.6,Electronics,Cash,37,8,Wholesale Buyer
CUST-05855,18,0.6,70632,10.1,Tools,Cash,16,9,Regular Shopper
CUST-05856,36,2.8,50979,10.0,Electronics,Mobile Money,15,7,Regular Shopper
CUST-05857,27,3.6,30750,22.0,Food,Mobile Money,63,5,Loyal Budget Buyer
CUST-05858,29,0.3,528894,14.2,Tools,Credit,39,2,Wholesale Buyer
CUST-05859,22,0.3,48911,7.9,Food,Mobile Money,12,4,Regular Shopper
CUST-05860,43,9.8,165557,5.0,Food,Mobile Money,14,6,Regular Shopper
CUST-05861,32,2.0,71506,4.9,Tools,Mobile Money,26,8,Regular Shopper
CUST-05862,18,11.3,28780,8.3,Food,Cash,17,11,Regular Shopper
CUST-05863,18,18.3,40666,1.2,Clothing,Cash,5,10,Occasional Shopper
CUST-05864,54,0.9,21524,27.8,Food,Cash,58,12,Loyal Budget Buyer
CUST-05865,35,0.9,65902,8.6,Electronics,Mobile Money,12,8,Regular Shopper
CUST-05866,36,9.8,903622,12.5,Tools,Cash,36,3,Wholesale Buyer
CUST-05867,39,6.4,552975,15.6,Tools,Cash,27,1,Wholesale Buyer
CUST-05868,20,9.9,64847,6.9,Tools,Mobile Money,18,5,Regular Shopper
CUST-05869,38,0.2,46734,9.2,Clothing,Mobile Money,18,3,Regular Shopper
CUST-05870,30,2.2,158193,8.7,Clothing,Mobile Money,20,2,Regular Shopper
CUST-05871,20,11.3,39602,29.6,Food,Mobile Money,50,2,Loyal Budget Buyer
CUST-05872,33,17.0,625645,19.1,Food,Cash,38,6,Wholesale Buyer
CUST-05873,33,2.5,357037,4.6,Tools,Mobile Money,44,8,Wholesale Buyer
CUST-05874,30,9.3,32034,22.5,Food,Cash,61,5,Loyal Budget Buyer
CUST-05875,39,6.6,476018,18.1,Food,Mobile Money,26,9,Wholesale Buyer
CUST-05876,25,5.6,658017,8.0,Food,Mobile Money,42,6,Wholesale Buyer
CUST-05877,45,5.1,21268,2.4,Electronics,Cash,2,5,Occasional Shopper
CUST-05878,26,6.5,24221,2.4,Tools,Cash,2,4,Occasional Shopper
CUST-05879,22,0.9,19015,2.6,Clothing,Mobile Money,6,4,Occasional Shopper
CUST-05880,39,1.6,27301,1.8,Tools,Credit,3,6,Occasional Shopper
CUST-05881,31,1.8,20167,1.8,Electronics,Cash,5,3,Occasional Shopper
CUST-05882,51,4.7,67859,7.3,Electronics,Mobile Money,16,7,Regular Shopper
CUST-05883,30,2.9,61363,5.8,Food,Mobile Money,23,1,Regular Shopper
CUST-05884,21,0.4,12055,1.5,Food,Mobile Money,2,8,Occasional Shopper
CUST-05885,18,1.7,14443,1.1,Clothing,Mobile Money,6,4,Occasional Shopper
CUST-05886,29,5.0,340972,17.7,Food,Credit,38,13,Wholesale Buyer
CUST-05887,47,3.4,526061,16.4,Clothing,Cash,36,14,Wholesale Buyer
CUST-05888,49,12.6,391519,14.6,Electronics,Cash,33,6,Wholesale Buyer
CUST-05889,39,1.8,28987,20.2,Food,Mobile Money,53,12,Loyal Budget Buyer
CUST-05890,23,0.5,106659,7.9,Tools,Mobile Money,16,1,Regular Shopper
CUST-05891,44,18.8,488485,17.6,Food,Cash,41,5,Wholesale Buyer
CUST-05892,30,7.0,108319,8.7,Clothing,Cash,25,10,Regular Shopper
CUST-05893,22,0.2,41401,16.7,Electronics,Cash,49,4,Loyal Budget Buyer
CUST-05894,36,2.3,376467,10.4,Electronics,Mobile Money,29,10,Wholesale Buyer
CUST-05895,40,3.7,25012,1.5,Electronics,Cash,6,12,Occasional Shopper
CUST-05896,18,0.5,21590,1.4,Household,Cash,4,1,Occasional Shopper
CUST-05897,20,3.8,100929,6.8,Electronics,Credit,7,12,Regular Shopper
CUST-05898,22,8.2,23187,1.4,Household,Cash,3,4,Occasional Shopper
CUST-05899,33,6.1,31522,19.4,Electronics,Cash,48,1,Loyal Budget Buyer
CUST-05900,34,10.8,410701,10.8,Clothing,Cash,41,6,Wholesale Buyer
CUST-05901,26,18.7,31330,21.7,Food,Cash,46,10,Loyal Budget Buyer
CUST-05902,33,5.2,46003,20.8,Food,Cash,43,5,Loyal Budget Buyer
CUST-05903,29,0.4,41410,6.7,Food,Cash,18,11,Regular Shopper
CUST-05904,39,1.1,484621,11.8,Tools,Credit,30,6,Wholesale Buyer
CUST-05905,18,2.8,493510,11.8,Clothing,Cash,42,7,Wholesale Buyer
CUST-05906,41,2.4,592986,17.2,Electronics,Cash,32,9,Wholesale Buyer
CUST-05907,27,13.7,81502,4.4,Clothing,Mobile Money,18,4,Regular Shopper
CUST-05908,34,6.5,51952,20.5,Food,Mobile Money,58,9,Loyal Budget Buyer
CUST-05909,40,13.0,422703,9.1,Food,Cash,35,7,Wholesale Buyer
CUST-05910,36,1.0,26114,15.5,Household,Cash,50,4,Loyal Budget Buyer
CUST-05911,30,8.2,577369,21.3,Tools,Credit,34,6,Wholesale Buyer
CUST-05912,34,3.0,86326,3.9,Tools,Mobile Money,19,7,Regular Shopper
CUST-05913,34,1.0,23409,24.8,Clothing,Cash,44,9,Loyal Budget Buyer
CUST-05914,33,5.9,27442,22.4,Food,Cash,48,11,Loyal Budget Buyer
CUST-05915,37,6.5,20393,1.7,Clothing,Cash,4,2,Occasional Shopper
CUST-05916,23,3.5,103269,4.6,Clothing,Cash,25,4,Regular Shopper
CUST-05917,52,0.7,55936,7.9,Tools,Mobile Money,18,13,Regular Shopper
CUST-05918,52,4.3,432729,14.5,Food,Mobile Money,36,6,Wholesale Buyer
CUST-05919,42,8.8,113887,9.2,Tools,Mobile Money,22,12,Regular Shopper
CUST-05920,31,1.4,31449,1.6,Electronics,Cash,2,3,Occasional Shopper
CUST-05921,39,0.6,651284,15.5,Tools,Mobile Money,30,10,Wholesale Buyer
CUST-05922,37,10.6,54285,7.3,Clothing,Mobile Money,20,12,Regular Shopper
CUST-05923,38,0.4,24768,2.7,Electronics,Mobile Money,2,6,Occasional Shopper
CUST-05924,24,0.8,92152,3.4,Food,Mobile Money,14,4,Regular Shopper
CUST-05925,34,1.5,26070,15.9,Food,Cash,46,3,Loyal Budget Buyer
CUST-05926,18,0.7,19356,1.8,Electronics,Mobile Money,6,8,Occasional Shopper
CUST-05927,31,0.3,436587,14.5,Household,Credit,38,12,Wholesale Buyer
CUST-05928,43,0.8,14939,1.5,Clothing,Mobile Money,1,12,Occasional Shopper
CUST-05929,18,20.5,29447,1.0,Clothing,Cash,6,3,Occasional Shopper
CUST-05930,43,1.0,83207,4.3,Electronics,Cash,18,4,Regular Shopper
CUST-05931,27,0.7,32281,17.9,Clothing,Cash,38,12,Loyal Budget Buyer
CUST-05932,30,6.9,94639,6.7,Tools,Mobile Money,20,8,Regular Shopper
CUST-05933,43,5.7,110597,8.2,Food,Mobile Money,18,10,Regular Shopper
CUST-05934,27,3.9,7673,1.5,Clothing,Cash,4,1,Occasional Shopper
CUST-05935,58,9.2,75812,3.8,Tools,Credit,22,5,Regular Shopper
CUST-05936,36,7.9,64297,6.1,Food,Mobile Money,15,10,Regular Shopper
CUST-05937,30,25.2,33906,19.3,Household,Mobile Money,41,7,Loyal Budget Buyer
CUST-05938,54,4.1,593777,12.4,Tools,Mobile Money,40,11,Wholesale Buyer
CUST-05939,43,4.9,37668,14.3,Food,Mobile Money,48,2,Loyal Budget Buyer
CUST-05940,32,6.2,39603,3.3,Clothing,Credit,30,7,Regular Shopper
CUST-05941,32,11.0,12408,1.4,Electronics,Cash,4,8,Occasional Shopper
CUST-05942,18,5.5,752777,7.9,Tools,Cash,32,5,Wholesale Buyer
CUST-05943,32,2.1,68205,9.7,Electronics,Mobile Money,18,2,Regular Shopper
CUST-05944,41,5.5,26153,1.4,Clothing,Mobile Money,7,8,Occasional Shopper
CUST-05945,45,3.5,29668,24.7,Clothing,Cash,56,5,Loyal Budget Buyer
CUST-05946,29,2.7,30469,30.5,Household,Mobile Money,47,14,Loyal Budget Buyer
CUST-05947,44,3.8,26035,0.5,Electronics,Cash,2,9,Occasional Shopper
CUST-05948,38,2.9,543439,16.8,Food,Credit,39,11,Wholesale Buyer
CUST-05949,39,0.4,18551,1.7,Clothing,Cash,5,8,Occasional Shopper
CUST-05950,32,0.4,36194,15.9,Tools,Mobile Money,63,10,Loyal Budget Buyer
CUST-05951,39,2.8,51032,16.0,Food,Mobile Money,48,1,Loyal Budget Buyer
CUST-05952,30,4.3,74295,3.2,Clothing,Cash,13,11,Regular Shopper
CUST-05953,20,1.9,51646,10.0,Food,Mobile Money,26,11,Regular Shopper
CUST-05954,24,5.0,145517,5.5,Tools,Cash,20,1,Regular Shopper
CUST-05955,33,5.1,7500,12.0,Clothing,Mobile Money,20,11,Regular Shopper
CUST-05956,36,3.8,103384,10.0,Electronics,Cash,13,11,Regular Shopper
CUST-05957,35,4.2,555287,13.1,Food,Mobile Money,33,6,Wholesale Buyer
CUST-05958,35,3.4,38102,18.4,Food,Cash,52,8,Loyal Budget Buyer
CUST-05959,40,5.9,380428,12.0,Tools,Mobile Money,46,8,Wholesale Buyer
CUST-05960,34,9.9,38305,15.9,Food,Cash,47,3,Loyal Budget Buyer
CUST-05961,28,21.5,65828,3.9,Food,Cash,23,1,Regular Shopper
CUST-05962,21,14.1,44743,5.0,Household,Cash,13,8,Regular Shopper
CUST-05963,20,0.2,660879,12.8,Tools,Mobile Money,33,5,Wholesale Buyer
CUST-05964,37,0.5,586671,15.9,Food,Cash,36,1,Wholesale Buyer
CUST-05965,18,0.4,19667,1.1,Tools,Cash,5,2,Occasional Shopper
CUST-05966,38,5.1,462763,13.2,Household,Cash,31,2,Wholesale Buyer
CUST-05967,31,1.1,68773,8.5,Food,Mobile Money,24,3,Regular Shopper
CUST-05968,39,2.6,68566,8.9,Tools,Cash,13,3,Regular Shopper
CUST-05969,43,0.6,104118,7.0,Tools,Mobile Money,15,7,Regular Shopper
CUST-05970,20,3.6,22245,1.2,Tools,Mobile Money,3,14,Occasional Shopper
CUST-05971,33,3.7,15819,18.6,Food,Mobile Money,54,8,Loyal Budget Buyer
CUST-05972,33,5.3,85729,7.8,Food,Cash,20,9,Regular Shopper
CUST-05973,41,1.8,121032,9.4,Clothing,Mobile Money,16,12,Regular Shopper
CUST-05974,21,5.6,81030,2.7,Clothing,Mobile Money,20,7,Regular Shopper
CUST-05975,42,9.8,450419,17.4,Tools,Cash,28,14,Wholesale Buyer
CUST-05976,33,2.0,22679,3.1,Clothing,Cash,5,5,Occasional Shopper
CUST-05977,44,6.4,11744,28.9,Household,Cash,59,2,Loyal Budget Buyer
CUST-05978,18,1.1,17600,0.5,Clothing,Mobile Money,1,3,Occasional Shopper
CUST-05979,46,2.2,314514,15.3,Tools,Cash,37,3,Wholesale Buyer
CUST-05980,39,5.3,15458,0.5,Tools,Mobile Money,1,2,Occasional Shopper
CUST-05981,51,17.0,40664,9.1,Clothing,Mobile Money,15,14,Regular Shopper
CUST-05982,32,0.8,86455,9.4,Food,Cash,10,12,Regular Shopper
CUST-05983,52,3.7,107523,9.5,Household,Cash,19,5,Regular Shopper
CUST-05984,52,1.7,51271,26.9,Food,Cash,52,3,Loyal Budget Buyer
CUST-05985,42,3.0,22926,8.0,Electronics,Cash,25,2,Regular Shopper
CUST-05986,33,3.6,28066,1.1,Electronics,Cash,3,1,Occasional Shopper
CUST-05987,41,2.9,37694,24.4,Tools,Cash,49,3,Loyal Budget Buyer
CUST-05988,41,20.2,48680,12.2,Household,Cash,43,7,Loyal Budget Buyer
CUST-05989,19,2.9,27992,20.2,Food,Cash,47,2,Loyal Budget Buyer
CUST-05990,33,2.9,23976,1.9,Clothing,Cash,5,4,Occasional Shopper
CUST-05991,18,3.3,58740,12.4,Food,Cash,20,9,Regular Shopper
CUST-05992,34,2.3,40020,20.3,Food,Cash,61,11,Loyal Budget Buyer
CUST-05993,34,0.8,120148,8.3,Tools,Cash,18,6,Regular Shopper
CUST-05994,18,0.4,54568,11.6,Tools,Cash,18,1,Regular Shopper
CUST-05995,33,7.6,218596,9.7,Clothing,Cash,28,12,Wholesale Buyer
CUST-05996,27,2.4,21168,1.4,Clothing,Cash,6,10,Occasional Shopper
CUST-05997,22,4.7,3500,24.8,Tools,Credit,63,11,Loyal Budget Buyer
CUST-05998,43,0.9,12640,1.3,Clothing,Cash,5,10,Occasional Shopper
CUST-05999,31,0.2,365902,15.3,Food,Mobile Money,38,14,Wholesale Buyer
CUST-06000,26,0.4,81857,8.1,Food,Mobile Money,14,3,Regular Shopper
CUST-06001,45,2.7,136636,5.7,Food,Mobile Money,18,8,Regular Shopper
CUST-06002,27,4.2,387588,14.0,Household,Mobile Money,36,8,Wholesale Buyer
CUST-06003,28,9.1,11917,1.2,Clothing,Cash,4,9,Occasional Shopper
CUST-06004,22,2.8,100754,7.7,Food,Mobile Money,20,9,Regular Shopper
CUST-06005,20,2.7,36339,21.4,Clothing,Cash,52,3,Loyal Budget Buyer
CUST-06006,34,1.2,1800,1.6,Electronics,Mobile Money,6,7,Occasional Shopper
CUST-06007,24,16.1,34542,1.4,Electronics,Mobile Money,5,9,Occasional Shopper
CUST-06008,18,10.7,63105,7.6,Food,Credit,14,7,Regular Shopper
CUST-06009,27,0.4,33615,1.8,Household,Mobile Money,6,14,Occasional Shopper
CUST-06010,28,5.0,17863,16.2,Clothing,Mobile Money,63,7,Loyal Budget Buyer
CUST-06011,45,1.2,20559,16.8,Food,Cash,54,6,Loyal Budget Buyer
CUST-06012,24,11.0,31967,0.9,Tools,Cash,6,13,Occasional Shopper
CUST-06013,27,0.6,25150,0.5,Household,Cash,4,9,Occasional Shopper
CUST-06014,45,4.9,588324,12.9,Tools,Credit,34,7,Wholesale Buyer
CUST-06015,24,1.2,13364,1.3,Clothing,Mobile Money,4,12,Occasional Shopper
CUST-06016,20,0.2,35223,3.5,Food,Mobile Money,17,5,Regular Shopper
CUST-06017,31,22.7,27328,18.2,Clothing,Mobile Money,53,2,Loyal Budget Buyer
CUST-06018,23,0.3,36723,20.7,Food,Credit,46,7,Loyal Budget Buyer
CUST-06019,23,2.4,53136,6.1,Food,Cash,15,6,Regular Shopper
CUST-06020,43,3.8,11789,0.5,Electronics,Mobile Money,3,3,Occasional Shopper
CUST-06021,29,12.6,16335,22.6,Food,Mobile Money,53,4,Loyal Budget Buyer
CUST-06022,31,5.3,123522,7.7,Tools,Cash,21,10,Regular Shopper
CUST-06023,18,6.4,77681,6.9,Household,Cash,20,9,Regular Shopper
CUST-06024,47,7.8,530645,10.8,Food,Cash,29,8,Wholesale Buyer
CUST-06025,33,1.2,61991,8.9,Food,Cash,26,11,Regular Shopper
CUST-06026,59,4.3,31654,5.4,Food,Mobile Money,18,4,Regular Shopper
CUST-06027,18,2.1,14907,0.8,Electronics,Cash,4,13,Occasional Shopper
CUST-06028,27,0.8,15792,2.2,Tools,Cash,4,10,Occasional Shopper
CUST-06029,35,14.5,6220,1.4,Tools,Cash,3,10,Occasional Shopper
CUST-06030,44,27.2,408311,12.7,Tools,Cash,33,4,Wholesale Buyer
CUST-06031,36,0.2,416825,9.6,Food,Cash,31,7,Wholesale Buyer
CUST-06032,33,6.9,39619,11.4,Clothing,Cash,55,4,Loyal Budget Buyer
CUST-06033,29,3.5,18372,1.0,Clothing,Cash,7,5,Occasional Shopper
CUST-06034,33,12.6,42784,10.3,Electronics,Credit,17,9,Regular Shopper
CUST-06035,32,2.9,78612,5.9,Electronics,Cash,16,1,Regular Shopper
CUST-06036,22,3.6,77563,9.1,Clothing,Cash,18,3,Regular Shopper
CUST-06037,27,6.5,50441,8.9,Clothing,Mobile Money,20,11,Regular Shopper
CUST-06038,32,2.4,19455,12.0,Tools,Mobile Money,50,14,Loyal Budget Buyer
CUST-06039,22,7.8,21473,1.0,Tools,Cash,1,4,Occasional Shopper
CUST-06040,28,2.6,56360,7.4,Electronics,Mobile Money,20,13,Regular Shopper
CUST-06041,44,1.0,82184,9.4,Tools,Mobile Money,15,1,Regular Shopper
CUST-06042,45,1.5,141851,3.4,Food,Cash,16,12,Regular Shopper
CUST-06043,49,12.0,31053,17.0,Food,Cash,47,5,Loyal Budget Buyer
CUST-06044,25,1.8,14900,1.3,Clothing,Mobile Money,5,4,Occasional Shopper
CUST-06045,32,7.7,99364,6.9,Clothing,Cash,14,12,Regular Shopper
CUST-06046,54,5.9,30585,16.1,Food,Cash,48,10,Loyal Budget Buyer
CUST-06047,29,11.9,85369,6.1,Electronics,Credit,13,10,Regular Shopper
CUST-06048,43,5.6,41154,19.9,Food,Cash,60,2,Loyal Budget Buyer
CUST-06049,21,2.6,50818,21.3,Tools,Mobile Money,60,13,Loyal Budget Buyer
CUST-06050,19,2.0,37314,1.0,Electronics,Cash,3,9,Occasional Shopper
CUST-06051,18,0.9,22514,2.8,Household,Mobile Money,2,5,Occasional Shopper
CUST-06052,20,0.3,32470,2.0,Food,Cash,11,12,Occasional Shopper
CUST-06053,30,7.9,96971,7.0,Tools,Mobile Money,12,14,Regular Shopper
CUST-06054,29,4.3,21241,0.5,Clothing,Mobile Money,4,7,Occasional Shopper
CUST-06055,54,2.4,520489,12.6,Tools,Cash,31,3,Wholesale Buyer
CUST-06056,21,10.2,18939,23.7,Household,Mobile Money,58,1,Loyal Budget Buyer
CUST-06057,26,3.1,29109,2.1,Household,Mobile Money,9,5,Occasional Shopper
CUST-06058,18,6.5,13400,0.6,Clothing,Cash,5,3,Occasional Shopper
CUST-06059,29,4.4,560576,15.8,Clothing,Cash,30,11,Wholesale Buyer
CUST-06060,36,1.8,59309,8.0,Household,Mobile Money,15,8,Regular Shopper
CUST-06061,31,2.1,98962,6.3,Clothing,Cash,22,8,Regular Shopper
CUST-06062,21,2.0,22027,1.5,Clothing,Cash,3,9,Occasional Shopper
CUST-06063,34,13.7,1942,2.5,Clothing,Cash,2,13,Occasional Shopper
CUST-06064,32,11.3,27052,1.7,Clothing,Cash,1,6,Occasional Shopper
CUST-06065,34,4.7,19682,0.8,Tools,Cash,2,6,Occasional Shopper
CUST-06066,18,5.2,35521,22.3,Food,Cash,57,13,Loyal Budget Buyer
CUST-06067,20,2.2,1848,1.2,Food,Cash,1,11,Occasional Shopper
CUST-06068,37,1.4,7500,8.3,Tools,Cash,16,9,Regular Shopper
CUST-06069,36,11.6,76023,3.2,Food,Mobile Money,27,13,Regular Shopper
CUST-06070,31,2.7,554203,11.3,Tools,Cash,47,11,Wholesale Buyer
CUST-06071,18,4.3,12649,1.8,Electronics,Mobile Money,1,5,Occasional Shopper
CUST-06072,41,1.1,397730,12.9,Tools,Cash,26,13,Wholesale Buyer
CUST-06073,36,13.0,25057,15.0,Food,Mobile Money,49,1,Loyal Budget Buyer
CUST-06074,36,3.7,82225,7.5,Electronics,Cash,17,4,Regular Shopper
CUST-06075,21,18.0,5208,2.1,Household,Mobile Money,6,1,Occasional Shopper
CUST-06076,39,8.1,32394,17.8,Food,Mobile Money,50,11,Loyal Budget Buyer
CUST-06077,22,5.1,67185,6.6,Food,Cash,19,7,Regular Shopper
CUST-06078,18,8.6,61166,11.8,Electronics,Mobile Money,20,3,Regular Shopper
CUST-06079,46,12.2,41128,6.8,Tools,Mobile Money,17,1,Regular Shopper
CUST-06080,22,7.3,11592,2.3,Clothing,Cash,4,6,Occasional Shopper
CUST-06081,32,1.2,26336,21.1,Food,Mobile Money,53,4,Loyal Budget Buyer
CUST-06082,22,9.8,17088,2.2,Clothing,Mobile Money,2,2,Occasional Shopper
CUST-06083,25,1.7,18409,1.0,Food,Cash,3,5,Occasional Shopper
CUST-06084,29,4.0,420419,17.9,Household,Cash,33,13,Wholesale Buyer
CUST-06085,53,4.2,50667,10.8,Tools,Mobile Money,21,11,Regular Shopper
CUST-06086,34,4.4,22136,1.5,Electronics,Cash,6,7,Occasional Shopper
CUST-06087,26,5.1,11754,2.6,Food,Cash,1,12,Occasional Shopper
CUST-06088,32,1.0,106862,6.0,Household,Mobile Money,18,4,Regular Shopper
CUST-06089,50,2.3,23676,16.1,Food,Cash,52,9,Loyal Budget Buyer
CUST-06090,18,1.4,76454,9.6,Clothing,Mobile Money,17,13,Regular Shopper
CUST-06091,41,1.4,62848,17.9,Clothing,Cash,45,9,Loyal Budget Buyer
CUST-06092,28,4.3,75910,6.3,Clothing,Cash,21,2,Regular Shopper
CUST-06093,29,18.2,94548,5.1,Clothing,Cash,12,2,Regular Shopper
CUST-06094,37,1.5,20262,20.2,Food,Cash,58,12,Loyal Budget Buyer
CUST-06095,31,3.7,18360,22.5,Tools,Mobile Money,50,11,Loyal Budget Buyer
CUST-06096,22,4.4,116881,4.7,Electronics,Cash,19,2,Regular Shopper
CUST-06097,34,4.9,35543,0.5,Household,Cash,5,3,Occasional Shopper
CUST-06098,18,6.2,94237,10.4,Food,Cash,18,13,Regular Shopper
CUST-06099,38,1.1,120704,5.2,Clothing,Mobile Money,11,1,Regular Shopper
CUST-06100,19,4.9,6447,0.5,Clothing,Credit,4,1,Occasional Shopper
CUST-06101,39,0.3,435030,17.8,Tools,Mobile Money,50,3,Wholesale Buyer
CUST-06102,28,14.9,43099,3.6,Food,Mobile Money,18,14,Regular Shopper
CUST-06103,39,17.3,37708,6.0,Food,Cash,13,3,Regular Shopper
CUST-06104,32,13.4,77206,6.6,Electronics,Mobile Money,26,13,Regular Shopper
CUST-06105,38,9.0,15036,26.6,Food,Cash,54,8,Loyal Budget Buyer
CUST-06106,35,9.0,18036,1.8,Clothing,Cash,1,6,Occasional Shopper
CUST-06107,18,1.9,4698,2.8,Electronics,Mobile Money,3,5,Occasional Shopper
CUST-06108,23,3.2,14202,1.4,Clothing,Mobile Money,6,8,Occasional Shopper
CUST-06109,33,34.2,98109,8.5,Clothing,Credit,20,10,Regular Shopper
CUST-06110,37,2.2,31023,11.4,Food,Mobile Money,48,12,Loyal Budget Buyer
CUST-06111,18,0.6,122476,7.5,Food,Cash,26,9,Regular Shopper
CUST-06112,45,1.1,64224,5.8,Electronics,Mobile Money,17,7,Regular Shopper
CUST-06113,32,22.5,20771,1.7,Clothing,Mobile Money,6,10,Occasional Shopper
CUST-06114,26,1.9,98580,3.2,Clothing,Mobile Money,23,1,Regular Shopper
CUST-06115,25,5.1,1800,1.2,Tools,Cash,2,14,Occasional Shopper
CUST-06116,39,5.4,91395,5.2,Clothing,Mobile Money,12,4,Regular Shopper
CUST-06117,33,3.4,109309,6.4,Household,Credit,20,8,Regular Shopper
CUST-06118,19,5.5,22727,2.3,Clothing,Cash,3,7,Occasional Shopper
CUST-06119,18,4.2,116403,8.5,Tools,Mobile Money,12,8,Regular Shopper
CUST-06120,47,0.5,18557,21.9,Food,Cash,46,5,Loyal Budget Buyer
CUST-06121,24,1.1,152960,2.6,Tools,Cash,16,1,Regular Shopper
CUST-06122,29,1.2,21192,0.5,Food,Mobile Money,2,14,Occasional Shopper
CUST-06123,33,4.2,5480,2.3,Clothing,Cash,3,8,Occasional Shopper
CUST-06124,41,0.7,16325,10.0,Tools,Cash,20,5,Regular Shopper
CUST-06125,30,11.4,614745,16.1,Clothing,Credit,32,5,Wholesale Buyer
CUST-06126,36,12.2,1800,3.4,Clothing,Mobile Money,2,13,Occasional Shopper
CUST-06127,34,2.0,65336,5.9,Electronics,Mobile Money,10,6,Regular Shopper
CUST-06128,18,6.2,77048,3.1,Clothing,Mobile Money,16,13,Regular Shopper
CUST-06129,31,2.9,69223,5.6,Clothing,Mobile Money,28,14,Regular Shopper
CUST-06130,34,3.6,22422,21.5,Food,Mobile Money,58,1,Loyal Budget Buyer
CUST-06131,29,0.7,79319,11.2,Tools,Mobile Money,12,10,Regular Shopper
CUST-06132,21,11.2,13648,1.2,Clothing,Cash,9,9,Occasional Shopper
CUST-06133,18,2.7,7500,9.9,Food,Cash,20,12,Regular Shopper
CUST-06134,39,1.1,61333,11.0,Clothing,Cash,26,2,Regular Shopper
CUST-06135,18,1.6,23206,1.3,Food,Cash,6,1,Occasional Shopper
CUST-06136,39,10.4,99802,6.8,Clothing,Cash,22,9,Regular Shopper
CUST-06137,21,5.5,27854,18.7,Food,Mobile Money,51,14,Loyal Budget Buyer
CUST-06138,49,3.0,34599,17.9,Food,Mobile Money,44,5,Loyal Budget Buyer
CUST-06139,42,2.2,92956,11.0,Household,Cash,20,13,Regular Shopper
CUST-06140,42,12.7,287312,19.9,Electronics,Cash,39,13,Wholesale Buyer
CUST-06141,29,14.3,108539,9.9,Clothing,Cash,26,11,Regular Shopper
CUST-06142,43,2.7,19929,1.7,Clothing,Mobile Money,4,5,Occasional Shopper
CUST-06143,41,4.9,94759,7.9,Clothing,Credit,16,14,Regular Shopper
CUST-06144,43,0.4,683225,14.3,Clothing,Credit,39,14,Wholesale Buyer
CUST-06145,22,17.6,15144,1.3,Tools,Cash,7,5,Occasional Shopper
CUST-06146,28,10.8,41030,8.0,Tools,Credit,17,10,Regular Shopper
CUST-06147,33,1.3,15841,20.8,Clothing,Cash,49,6,Loyal Budget Buyer
CUST-06148,50,0.4,71859,5.7,Electronics,Credit,17,5,Regular Shopper
CUST-06149,49,5.3,8014,0.5,Clothing,Mobile Money,2,14,Occasional Shopper
CUST-06150,18,6.4,22348,0.5,Clothing,Cash,4,13,Occasional Shopper
CUST-06151,28,0.8,18494,1.2,Food,Mobile Money,1,12,Occasional Shopper
CUST-06152,23,3.8,18363,1.2,Household,Cash,2,12,Occasional Shopper
CUST-06153,28,2.7,18414,1.6,Clothing,Cash,5,10,Occasional Shopper
CUST-06154,36,1.0,34440,1.4,Household,Credit,3,12,Occasional Shopper
CUST-06155,31,2.8,77160,7.8,Electronics,Mobile Money,20,11,Regular Shopper
CUST-06156,24,10.8,520600,12.6,Food,Mobile Money,39,12,Wholesale Buyer
CUST-06157,28,5.9,681108,11.0,Tools,Mobile Money,41,13,Wholesale Buyer
CUST-06158,38,0.5,35605,22.3,Clothing,Cash,56,1,Loyal Budget Buyer
CUST-06159,30,1.2,12463,3.6,Clothing,Mobile Money,4,4,Occasional Shopper
CUST-06160,48,9.2,419392,10.9,Tools,Cash,35,6,Wholesale Buyer
CUST-06161,44,7.6,35817,22.4,Food,Cash,48,13,Loyal Budget Buyer
CUST-06162,27,3.0,62040,10.1,Electronics,Mobile Money,18,12,Regular Shopper
CUST-06163,29,2.2,40720,20.3,Food,Cash,48,10,Loyal Budget Buyer
CUST-06164,31,4.4,22937,1.1,Electronics,Cash,1,4,Occasional Shopper
CUST-06165,35,4.7,7205,2.0,Household,Cash,4,1,Occasional Shopper
CUST-06166,57,5.3,104033,9.7,Tools,Cash,36,1,Wholesale Buyer
CUST-06167,38,4.5,693707,15.4,Tools,Mobile Money,46,12,Wholesale Buyer
CUST-06168,58,3.0,34380,20.9,Food,Cash,56,14,Loyal Budget Buyer
CUST-06169,38,5.8,12407,2.6,Household,Cash,6,13,Occasional Shopper
CUST-06170,27,0.9,26169,17.8,Food,Credit,58,2,Loyal Budget Buyer
CUST-06171,29,0.4,72499,8.9,Tools,Cash,16,4,Regular Shopper
CUST-06172,38,2.6,18583,1.5,Food,Cash,8,2,Occasional Shopper
CUST-06173,49,1.4,130205,12.3,Tools,Credit,12,5,Regular Shopper
CUST-06174,40,1.5,135641,16.4,Tools,Cash,37,6,Wholesale Buyer
CUST-06175,35,1.4,94292,8.0,Clothing,Credit,12,12,Regular Shopper
CUST-06176,47,5.1,125145,9.0,Clothing,Mobile Money,19,4,Regular Shopper
CUST-06177,31,6.0,89683,4.9,Electronics,Mobile Money,19,6,Regular Shopper
CUST-06178,36,0.2,40121,19.8,Household,Mobile Money,54,4,Loyal Budget Buyer
CUST-06179,43,6.9,65550,6.2,Tools,Mobile Money,17,7,Regular Shopper
CUST-06180,29,1.9,521989,15.3,Tools,Credit,27,7,Wholesale Buyer
CUST-06181,36,1.8,126554,5.0,Electronics,Credit,19,8,Regular Shopper
CUST-06182,49,3.1,10150,1.8,Clothing,Mobile Money,3,13,Occasional Shopper
CUST-06183,39,1.7,336512,11.5,Food,Credit,45,10,Wholesale Buyer
CUST-06184,32,0.6,2739,0.5,Electronics,Credit,3,6,Occasional Shopper
CUST-06185,37,0.6,25663,16.9,Food,Cash,60,14,Loyal Budget Buyer
CUST-06186,18,3.9,1800,1.4,Clothing,Mobile Money,5,13,Occasional Shopper
CUST-06187,31,1.2,37705,23.7,Food,Cash,48,13,Loyal Budget Buyer
CUST-06188,26,2.2,25883,14.9,Food,Cash,54,3,Loyal Budget Buyer
CUST-06189,18,0.4,15420,2.3,Tools,Cash,3,11,Occasional Shopper
CUST-06190,29,8.0,21870,15.6,Food,Cash,31,2,Loyal Budget Buyer
CUST-06191,31,0.8,15340,0.7,Electronics,Mobile Money,7,3,Occasional Shopper
CUST-06192,24,0.4,46587,10.9,Food,Cash,14,6,Regular Shopper
CUST-06193,18,1.2,98730,8.6,Tools,Cash,18,7,Regular Shopper
CUST-06194,18,5.4,9861,2.5,Clothing,Cash,3,2,Occasional Shopper
CUST-06195,29,2.0,116919,3.8,Food,Cash,21,14,Regular Shopper
CUST-06196,18,1.9,21701,1.7,Electronics,Mobile Money,8,3,Occasional Shopper
CUST-06197,28,0.6,93181,9.0,Food,Mobile Money,13,4,Regular Shopper
CUST-06198,41,0.6,16660,1.0,Clothing,Mobile Money,6,11,Occasional Shopper
CUST-06199,24,3.9,54148,4.5,Food,Cash,19,10,Regular Shopper
CUST-06200,34,5.3,29022,24.6,Clothing,Cash,51,8,Loyal Budget Buyer
CUST-06201,27,0.6,32508,20.7,Food,Cash,55,14,Loyal Budget Buyer
CUST-06202,26,14.0,42647,24.1,Food,Cash,41,2,Loyal Budget Buyer
CUST-06203,42,3.2,573435,14.8,Tools,Cash,29,10,Wholesale Buyer
CUST-06204,27,21.3,18430,1.4,Clothing,Cash,3,12,Occasional Shopper
CUST-06205,32,0.3,56006,22.5,Food,Cash,53,2,Loyal Budget Buyer
CUST-06206,27,6.0,12472,1.4,Clothing,Cash,1,9,Occasional Shopper
CUST-06207,18,0.9,47716,6.0,Tools,Cash,16,6,Regular Shopper
CUST-06208,45,3.0,392952,12.5,Food,Cash,32,9,Wholesale Buyer
CUST-06209,49,11.1,22873,2.9,Clothing,Cash,5,12,Occasional Shopper
CUST-06210,49,1.2,81194,5.6,Household,Credit,22,1,Regular Shopper
CUST-06211,38,3.6,25138,6.4,Electronics,Cash,14,10,Regular Shopper
CUST-06212,34,0.5,38705,17.4,Clothing,Cash,58,11,Loyal Budget Buyer
CUST-06213,33,7.1,3746,1.9,Household,Mobile Money,3,11,Occasional Shopper
CUST-06214,23,1.3,403786,13.8,Tools,Cash,38,6,Wholesale Buyer
CUST-06215,36,14.8,586097,13.0,Household,Cash,43,14,Wholesale Buyer
CUST-06216,35,6.7,379552,15.9,Household,Cash,25,4,Wholesale Buyer
CUST-06217,18,10.9,16222,2.4,Household,Cash,5,5,Occasional Shopper
CUST-06218,28,2.0,42373,20.3,Tools,Mobile Money,50,4,Loyal Budget Buyer
CUST-06219,23,4.8,493916,12.7,Food,Mobile Money,38,7,Wholesale Buyer
CUST-06220,59,6.0,37969,20.1,Food,Cash,40,9,Loyal Budget Buyer
CUST-06221,37,0.3,98022,5.4,Household,Cash,18,9,Regular Shopper
CUST-06222,34,0.2,64116,7.2,Food,Cash,14,10,Regular Shopper
CUST-06223,39,2.9,48330,10.6,Food,Mobile Money,25,12,Regular Shopper
CUST-06224,32,8.2,42879,5.2,Clothing,Cash,21,5,Regular Shopper
CUST-06225,47,0.4,23886,24.2,Food,Cash,41,10,Loyal Budget Buyer
CUST-06226,29,0.3,10940,1.0,Household,Mobile Money,1,14,Occasional Shopper
CUST-06227,22,3.6,31542,1.0,Clothing,Cash,2,9,Occasional Shopper
CUST-06228,35,1.2,528492,14.3,Food,Credit,26,10,Wholesale Buyer
CUST-06229,34,0.2,66470,4.8,Food,Cash,19,4,Regular Shopper
CUST-06230,38,7.6,113451,8.7,Tools,Mobile Money,24,7,Regular Shopper
CUST-06231,22,2.1,80555,7.0,Food,Mobile Money,21,8,Regular Shopper
CUST-06232,19,2.4,98895,5.8,Food,Mobile Money,18,10,Regular Shopper
CUST-06233,43,5.7,26721,24.2,Clothing,Cash,52,7,Loyal Budget Buyer
CUST-06234,34,11.8,731514,13.4,Tools,Cash,28,6,Wholesale Buyer
CUST-06235,18,9.7,34837,17.5,Tools,Cash,53,1,Loyal Budget Buyer
CUST-06236,44,5.5,27304,22.7,Food,Cash,48,10,Loyal Budget Buyer
CUST-06237,20,6.2,75289,4.4,Food,Cash,20,5,Regular Shopper
CUST-06238,27,4.9,90935,5.8,Tools,Credit,26,10,Regular Shopper
CUST-06239,45,13.2,66814,4.8,Electronics,Cash,20,3,Regular Shopper
CUST-06240,42,2.4,370016,9.7,Tools,Cash,30,1,Wholesale Buyer
CUST-06241,41,1.2,92635,7.9,Household,Mobile Money,18,5,Regular Shopper
CUST-06242,30,0.2,463534,10.3,Tools,Cash,34,3,Wholesale Buyer
CUST-06243,18,3.6,21895,0.8,Food,Mobile Money,4,9,Occasional Shopper
CUST-06244,45,1.7,38255,18.5,Tools,Cash,58,2,Loyal Budget Buyer
CUST-06245,18,1.3,26107,0.8,Household,Cash,4,5,Occasional Shopper
CUST-06246,23,7.6,27400,1.6,Clothing,Cash,5,6,Occasional Shopper
CUST-06247,34,0.4,10172,0.6,Food,Mobile Money,2,14,Occasional Shopper
CUST-06248,36,4.3,342446,10.2,Food,Cash,50,13,Wholesale Buyer
CUST-06249,31,8.4,34040,19.0,Food,Cash,49,8,Loyal Budget Buyer
CUST-06250,26,1.6,17610,18.6,Food,Mobile Money,61,10,Loyal Budget Buyer
CUST-06251,53,2.4,624387,8.5,Tools,Cash,36,10,Wholesale Buyer
CUST-06252,26,9.6,121449,4.4,Household,Credit,13,9,Regular Shopper
CUST-06253,24,2.5,21582,2.0,Clothing,Mobile Money,5,12,Occasional Shopper
CUST-06254,37,0.8,3343,2.5,Clothing,Credit,4,5,Occasional Shopper
CUST-06255,47,5.1,41129,28.3,Tools,Mobile Money,43,7,Loyal Budget Buyer
CUST-06256,35,5.8,44507,18.8,Food,Cash,55,11,Loyal Budget Buyer
CUST-06257,52,7.9,70665,7.1,Food,Mobile Money,10,13,Regular Shopper
CUST-06258,29,1.4,692295,14.9,Food,Mobile Money,21,10,Wholesale Buyer
CUST-06259,18,2.3,109312,10.8,Food,Mobile Money,25,2,Regular Shopper
CUST-06260,38,5.6,690846,13.6,Tools,Cash,34,8,Wholesale Buyer
CUST-06261,51,2.0,38326,19.7,Clothing,Mobile Money,39,10,Loyal Budget Buyer
CUST-06262,27,1.8,75582,6.1,Electronics,Cash,16,14,Regular Shopper
CUST-06263,18,4.8,62799,7.3,Electronics,Cash,18,4,Regular Shopper
CUST-06264,29,5.3,12445,1.5,Food,Credit,6,5,Occasional Shopper
CUST-06265,26,7.2,68467,3.6,Food,Mobile Money,16,7,Regular Shopper
CUST-06266,44,12.0,28644,13.3,Clothing,Mobile Money,55,14,Loyal Budget Buyer
CUST-06267,38,2.9,88764,9.3,Clothing,Mobile Money,22,2,Regular Shopper
CUST-06268,34,3.8,50449,23.2,Food,Cash,34,5,Loyal Budget Buyer
CUST-06269,21,6.5,23660,7.8,Food,Cash,16,9,Regular Shopper
CUST-06270,28,11.7,139307,5.8,Electronics,Credit,17,12,Regular Shopper
CUST-06271,31,5.6,13254,1.8,Tools,Cash,1,12,Occasional Shopper
CUST-06272,33,2.4,84521,8.0,Food,Mobile Money,11,6,Regular Shopper
CUST-06273,32,10.2,293618,20.8,Food,Cash,39,5,Wholesale Buyer
CUST-06274,18,8.1,36749,5.9,Food,Mobile Money,23,14,Regular Shopper
CUST-06275,37,1.4,749652,16.0,Food,Cash,46,9,Wholesale Buyer
CUST-06276,34,3.5,34483,20.8,Household,Cash,47,9,Loyal Budget Buyer
CUST-06277,18,4.9,19122,1.0,Electronics,Mobile Money,3,8,Occasional Shopper
CUST-06278,34,2.2,44435,20.1,Food,Mobile Money,44,14,Loyal Budget Buyer
CUST-06279,28,19.2,62062,1.1,Clothing,Credit,17,4,Regular Shopper
CUST-06280,37,1.0,85962,8.4,Clothing,Cash,17,2,Regular Shopper
CUST-06281,36,0.4,73324,5.2,Food,Mobile Money,15,5,Regular Shopper
CUST-06282,34,6.2,61322,7.8,Clothing,Cash,10,7,Regular Shopper
CUST-06283,18,2.8,14901,0.6,Clothing,Cash,1,6,Occasional Shopper
CUST-06284,32,11.7,342548,17.3,Clothing,Credit,36,13,Wholesale Buyer
CUST-06285,52,5.8,25464,22.9,Household,Cash,45,10,Loyal Budget Buyer
CUST-06286,22,3.6,26552,20.7,Food,Cash,52,3,Loyal Budget Buyer
CUST-06287,21,5.8,53928,21.2,Food,Cash,46,1,Loyal Budget Buyer
CUST-06288,30,1.8,96946,5.7,Household,Cash,24,5,Regular Shopper
CUST-06289,24,2.4,51995,16.5,Food,Mobile Money,47,10,Loyal Budget Buyer
CUST-06290,37,3.2,30162,1.0,Tools,Mobile Money,2,7,Occasional Shopper
CUST-06291,29,2.6,709229,15.2,Food,Cash,27,5,Wholesale Buyer
CUST-06292,45,3.0,89859,9.2,Food,Credit,23,11,Regular Shopper
CUST-06293,34,16.9,79782,10.3,Food,Mobile Money,30,13,Regular Shopper
CUST-06294,29,0.9,7564,2.2,Clothing,Mobile Money,5,11,Occasional Shopper
CUST-06295,34,5.9,50098,16.9,Food,Mobile Money,49,4,Loyal Budget Buyer
CUST-06296,35,0.6,80845,8.3,Food,Cash,19,7,Regular Shopper
CUST-06297,50,2.6,92279,6.5,Tools,Cash,15,10,Regular Shopper
CUST-06298,49,0.9,14796,0.5,Clothing,Cash,6,5,Occasional Shopper
CUST-06299,33,6.0,33051,25.2,Clothing,Cash,51,7,Loyal Budget Buyer
CUST-06300,18,17.0,52179,20.3,Tools,Mobile Money,45,7,Loyal Budget Buyer
CUST-06301,32,28.1,14282,1.0,Household,Credit,3,13,Occasional Shopper
CUST-06302,18,4.1,18442,1.9,Food,Cash,3,13,Occasional Shopper
CUST-06303,37,2.9,52955,8.5,Food,Mobile Money,21,2,Regular Shopper
CUST-06304,45,31.5,24851,19.4,Clothing,Cash,51,5,Loyal Budget Buyer
CUST-06305,36,0.6,43144,8.2,Electronics,Mobile Money,16,1,Regular Shopper
CUST-06306,20,1.0,18058,1.5,Clothing,Cash,3,4,Occasional Shopper
CUST-06307,37,18.7,48085,8.8,Electronics,Mobile Money,16,10,Regular Shopper
CUST-06308,25,4.4,162669,9.5,Electronics,Mobile Money,13,7,Regular Shopper
CUST-06309,18,1.8,37161,5.6,Tools,Cash,18,2,Regular Shopper
CUST-06310,38,2.9,9370,0.8,Clothing,Cash,4,9,Occasional Shopper
CUST-06311,37,0.3,337130,13.3,Tools,Mobile Money,42,2,Wholesale Buyer
CUST-06312,44,0.9,652590,16.2,Electronics,Cash,33,4,Wholesale Buyer
CUST-06313,36,9.7,35273,8.6,Electronics,Cash,20,1,Regular Shopper
CUST-06314,28,1.2,29953,23.9,Food,Mobile Money,45,1,Loyal Budget Buyer
CUST-06315,35,14.9,11861,2.6,Electronics,Cash,5,14,Occasional Shopper
CUST-06316,28,3.5,12870,2.0,Electronics,Cash,9,14,Occasional Shopper
CUST-06317,22,0.4,84374,7.0,Electronics,Cash,16,11,Regular Shopper
CUST-06318,19,4.8,18733,23.8,Food,Cash,52,3,Loyal Budget Buyer
CUST-06319,41,2.7,97358,6.3,Clothing,Cash,12,6,Regular Shopper
CUST-06320,18,8.9,11534,0.8,Clothing,Mobile Money,5,1,Occasional Shopper
CUST-06321,34,5.9,47563,12.2,Electronics,Cash,51,14,Loyal Budget Buyer
CUST-06322,25,4.3,307879,12.2,Food,Mobile Money,34,14,Wholesale Buyer
CUST-06323,19,5.2,9433,1.1,Household,Cash,4,2,Occasional Shopper
CUST-06324,33,5.4,23604,0.5,Electronics,Cash,2,13,Occasional Shopper
CUST-06325,39,3.2,86497,8.0,Clothing,Mobile Money,17,4,Regular Shopper
CUST-06326,41,0.8,576382,17.0,Food,Credit,36,8,Wholesale Buyer
CUST-06327,44,21.9,39839,24.4,Tools,Cash,48,14,Loyal Budget Buyer
CUST-06328,37,5.9,25217,18.2,Clothing,Cash,55,2,Loyal Budget Buyer
CUST-06329,34,10.7,14888,19.3,Food,Cash,51,12,Loyal Budget Buyer
CUST-06330,40,9.2,15428,8.2,Clothing,Mobile Money,21,6,Regular Shopper
CUST-06331,54,7.0,20439,22.0,Food,Cash,60,8,Loyal Budget Buyer
CUST-06332,42,2.3,75864,4.8,Electronics,Mobile Money,14,12,Regular Shopper
CUST-06333,24,2.8,17238,1.8,Food,Mobile Money,3,6,Occasional Shopper
CUST-06334,39,3.0,234135,13.6,Food,Cash,30,6,Wholesale Buyer
CUST-06335,48,7.2,54461,7.4,Food,Mobile Money,18,11,Regular Shopper
CUST-06336,35,7.3,12641,4.4,Food,Mobile Money,16,3,Regular Shopper
CUST-06337,35,3.1,14930,1.1,Household,Cash,3,7,Occasional Shopper
CUST-06338,46,0.9,424996,14.7,Food,Cash,32,10,Wholesale Buyer
CUST-06339,42,0.6,50217,28.7,Food,Cash,54,10,Loyal Budget Buyer
CUST-06340,52,0.5,80580,7.0,Food,Mobile Money,15,9,Regular Shopper
CUST-06341,36,5.3,34493,17.1,Food,Cash,63,12,Loyal Budget Buyer
CUST-06342,45,8.0,717666,16.4,Household,Credit,37,14,Wholesale Buyer
CUST-06343,36,16.8,144233,4.8,Food,Cash,13,5,Regular Shopper
CUST-06344,37,8.0,550241,15.0,Food,Mobile Money,36,6,Wholesale Buyer
CUST-06345,25,7.3,20603,0.5,Clothing,Credit,3,13,Occasional Shopper
CUST-06346,18,40.0,22477,21.4,Food,Cash,45,9,Loyal Budget Buyer
CUST-06347,33,5.8,94147,4.8,Food,Mobile Money,20,6,Regular Shopper
CUST-06348,49,11.7,496918,15.4,Food,Credit,37,10,Wholesale Buyer
CUST-06349,30,1.3,122708,5.2,Food,Cash,24,13,Regular Shopper
CUST-06350,40,3.1,20522,1.9,Clothing,Cash,5,4,Occasional Shopper
CUST-06351,38,1.7,27834,2.4,Electronics,Cash,3,12,Occasional Shopper
CUST-06352,45,9.0,198938,9.0,Clothing,Cash,32,2,Wholesale Buyer
CUST-06353,41,3.0,40987,16.7,Food,Cash,44,7,Loyal Budget Buyer
CUST-06354,31,9.1,13694,1.2,Household,Credit,6,13,Occasional Shopper
CUST-06355,40,1.6,398658,14.8,Household,Credit,30,1,Wholesale Buyer
CUST-06356,18,5.1,277779,14.8,Food,Cash,27,2,Wholesale Buyer
CUST-06357,18,1.0,761092,16.3,Food,Cash,22,4,Wholesale Buyer
CUST-06358,18,2.5,72206,7.3,Food,Cash,15,8,Regular Shopper
CUST-06359,18,12.0,80840,6.1,Food,Mobile Money,32,5,Regular Shopper
CUST-06360,22,0.9,54903,9.1,Clothing,Cash,19,13,Regular Shopper
CUST-06361,38,6.4,7500,6.2,Electronics,Cash,20,5,Regular Shopper
CUST-06362,46,3.4,32989,19.2,Clothing,Mobile Money,58,12,Loyal Budget Buyer
CUST-06363,18,3.2,81030,4.7,Clothing,Mobile Money,14,7,Regular Shopper
CUST-06364,43,10.8,17944,18.8,Clothing,Mobile Money,49,9,Loyal Budget Buyer
CUST-06365,29,0.8,68658,6.9,Clothing,Cash,14,9,Regular Shopper
CUST-06366,36,2.9,67406,6.7,Household,Cash,18,2,Regular Shopper
CUST-06367,37,11.4,57251,11.1,Food,Cash,23,9,Regular Shopper
CUST-06368,29,5.1,44922,6.3,Food,Mobile Money,23,9,Regular Shopper
CUST-06369,26,5.5,95890,6.5,Food,Cash,16,9,Regular Shopper
CUST-06370,29,5.7,513577,12.0,Electronics,Cash,44,7,Wholesale Buyer
CUST-06371,37,2.2,117144,3.9,Food,Mobile Money,17,7,Regular Shopper
CUST-06372,23,3.2,51037,21.2,Clothing,Cash,46,14,Loyal Budget Buyer
CUST-06373,25,0.5,31952,25.5,Clothing,Mobile Money,55,8,Loyal Budget Buyer
CUST-06374,38,0.5,77279,7.2,Food,Cash,14,7,Regular Shopper
CUST-06375,27,7.5,15999,1.3,Clothing,Cash,3,8,Occasional Shopper
CUST-06376,46,3.8,32914,17.9,Clothing,Cash,65,4,Loyal Budget Buyer
CUST-06377,41,5.0,52326,16.7,Food,Cash,50,1,Loyal Budget Buyer
CUST-06378,36,20.1,93522,5.0,Food,Cash,16,2,Regular Shopper
CUST-06379,18,10.7,3365,1.4,Food,Cash,5,9,Occasional Shopper
CUST-06380,44,7.4,33629,19.8,Food,Cash,50,12,Loyal Budget Buyer
CUST-06381,18,10.1,9825,0.9,Clothing,Cash,6,7,Occasional Shopper
CUST-06382,59,2.7,393303,7.6,Food,Cash,30,4,Wholesale Buyer
CUST-06383,33,17.3,28374,21.9,Food,Cash,57,11,Loyal Budget Buyer
CUST-06384,51,4.0,290296,14.0,Electronics,Credit,43,8,Wholesale Buyer
CUST-06385,18,4.6,10083,1.7,Clothing,Cash,8,9,Occasional Shopper
CUST-06386,26,2.9,311372,12.2,Food,Credit,44,6,Wholesale Buyer
CUST-06387,18,4.7,101984,5.7,Food,Credit,16,4,Regular Shopper
CUST-06388,26,10.2,11016,2.1,Clothing,Cash,4,4,Occasional Shopper
CUST-06389,30,2.1,19170,1.7,Household,Cash,4,3,Occasional Shopper
CUST-06390,27,28.9,23327,2.5,Clothing,Mobile Money,4,11,Occasional Shopper
CUST-06391,28,0.2,102792,5.5,Food,Mobile Money,16,14,Regular Shopper
CUST-06392,20,15.0,60042,8.3,Food,Mobile Money,14,5,Regular Shopper
CUST-06393,42,2.4,38573,9.3,Food,Cash,53,3,Loyal Budget Buyer
CUST-06394,31,8.8,25975,1.8,Household,Cash,4,1,Occasional Shopper
CUST-06395,24,28.4,10205,1.6,Household,Cash,3,6,Occasional Shopper
CUST-06396,40,11.1,33973,19.3,Clothing,Mobile Money,41,9,Loyal Budget Buyer
CUST-06397,22,4.4,17528,1.3,Clothing,Cash,6,9,Occasional Shopper
CUST-06398,37,12.4,249663,10.6,Clothing,Cash,37,7,Wholesale Buyer
CUST-06399,18,1.4,63024,9.3,Clothing,Cash,17,1,Regular Shopper
CUST-06400,52,2.8,73777,7.8,Electronics,Mobile Money,20,2,Regular Shopper
CUST-06401,26,11.7,61192,5.2,Food,Mobile Money,27,14,Regular Shopper
CUST-06402,25,6.1,8031,1.1,Clothing,Cash,1,6,Occasional Shopper
CUST-06403,18,0.2,13767,0.6,Clothing,Cash,2,8,Occasional Shopper
CUST-06404,27,6.8,65873,6.2,Clothing,Mobile Money,14,11,Regular Shopper
CUST-06405,34,5.4,26687,19.6,Tools,Mobile Money,47,14,Loyal Budget Buyer
CUST-06406,41,7.1,44035,7.4,Household,Cash,17,7,Regular Shopper
CUST-06407,31,4.7,407710,11.0,Food,Cash,36,8,Wholesale Buyer
CUST-06408,23,12.4,9942,1.7,Food,Mobile Money,4,9,Occasional Shopper
CUST-06409,39,2.6,101608,10.8,Household,Credit,18,2,Regular Shopper
CUST-06410,36,1.6,89196,7.6,Clothing,Cash,19,6,Regular Shopper
CUST-06411,18,2.8,16903,0.5,Clothing,Cash,3,7,Occasional Shopper
CUST-06412,34,3.4,102931,8.4,Electronics,Credit,27,7,Regular Shopper
CUST-06413,37,16.9,78450,7.8,Household,Mobile Money,17,14,Regular Shopper
CUST-06414,27,13.8,26007,1.4,Electronics,Cash,5,11,Occasional Shopper
CUST-06415,45,4.2,40085,7.0,Food,Mobile Money,13,3,Regular Shopper
CUST-06416,23,5.9,78462,8.3,Clothing,Cash,15,6,Regular Shopper
CUST-06417,34,5.4,666560,14.3,Clothing,Mobile Money,38,12,Wholesale Buyer
CUST-06418,26,6.6,18359,1.7,Clothing,Cash,1,8,Occasional Shopper
CUST-06419,27,2.2,448232,12.4,Tools,Cash,33,2,Wholesale Buyer
CUST-06420,30,0.3,21329,24.5,Food,Cash,57,14,Loyal Budget Buyer
CUST-06421,40,3.8,55281,3.3,Food,Mobile Money,19,13,Regular Shopper
CUST-06422,42,0.3,15404,1.7,Clothing,Cash,4,12,Occasional Shopper
CUST-06423,21,12.0,81140,7.1,Food,Credit,15,8,Regular Shopper
CUST-06424,52,4.5,18053,26.5,Food,Cash,57,5,Loyal Budget Buyer
CUST-06425,50,0.5,17068,8.8,Clothing,Cash,20,4,Regular Shopper
CUST-06426,42,11.5,520928,12.8,Tools,Cash,27,6,Wholesale Buyer
CUST-06427,18,3.6,83947,7.0,Electronics,Mobile Money,20,9,Regular Shopper
CUST-06428,48,5.6,628956,13.1,Tools,Cash,40,11,Wholesale Buyer
CUST-06429,36,5.7,7149,0.5,Clothing,Mobile Money,3,8,Occasional Shopper
CUST-06430,29,8.7,72860,5.4,Food,Mobile Money,15,10,Regular Shopper
CUST-06431,18,3.3,23453,0.5,Clothing,Cash,6,4,Occasional Shopper
CUST-06432,44,6.6,33303,26.7,Food,Credit,58,11,Loyal Budget Buyer
CUST-06433,25,2.5,45763,17.0,Household,Cash,51,4,Loyal Budget Buyer
CUST-06434,18,2.2,19109,2.6,Clothing,Mobile Money,4,2,Occasional Shopper
CUST-06435,33,1.3,66983,5.1,Tools,Mobile Money,25,11,Regular Shopper
CUST-06436,46,4.3,24464,1.7,Tools,Mobile Money,2,4,Occasional Shopper
CUST-06437,27,1.3,32752,18.5,Clothing,Mobile Money,51,4,Loyal Budget Buyer
CUST-06438,18,0.5,49560,18.7,Food,Cash,46,1,Loyal Budget Buyer
CUST-06439,24,2.4,30951,27.7,Tools,Cash,49,7,Loyal Budget Buyer
CUST-06440,20,6.9,293369,17.2,Clothing,Mobile Money,32,4,Wholesale Buyer
CUST-06441,32,0.4,162887,10.0,Clothing,Mobile Money,23,11,Regular Shopper
CUST-06442,18,19.1,10110,1.5,Tools,Cash,3,4,Occasional Shopper
CUST-06443,18,3.3,16628,2.6,Tools,Mobile Money,3,7,Occasional Shopper
CUST-06444,51,1.1,646235,16.9,Clothing,Mobile Money,42,2,Wholesale Buyer
CUST-06445,48,12.0,28533,26.4,Clothing,Mobile Money,59,8,Loyal Budget Buyer
CUST-06446,20,2.6,46470,6.6,Electronics,Cash,17,2,Regular Shopper
CUST-06447,19,0.3,9894,1.4,Clothing,Cash,3,6,Occasional Shopper
CUST-06448,31,2.5,72757,7.0,Tools,Mobile Money,22,4,Regular Shopper
CUST-06449,29,5.5,47560,24.9,Clothing,Mobile Money,51,3,Loyal Budget Buyer
CUST-06450,37,1.1,45452,8.5,Clothing,Mobile Money,19,2,Regular Shopper
CUST-06451,54,1.8,552769,15.1,Tools,Credit,25,12,Wholesale Buyer
CUST-06452,35,6.6,34059,18.0,Food,Mobile Money,45,9,Loyal Budget Buyer
CUST-06453,43,5.9,451076,17.1,Food,Mobile Money,33,9,Wholesale Buyer
CUST-06454,48,8.0,101049,10.6,Food,Mobile Money,17,10,Regular Shopper
CUST-06455,36,0.3,55089,27.3,Food,Cash,51,2,Loyal Budget Buyer
CUST-06456,41,1.3,25728,1.4,Electronics,Cash,7,4,Occasional Shopper
CUST-06457,46,4.6,30653,6.5,Tools,Cash,16,12,Regular Shopper
CUST-06458,40,1.7,89248,7.1,Food,Mobile Money,14,11,Regular Shopper
CUST-06459,18,8.0,113059,6.6,Food,Cash,16,7,Regular Shopper
CUST-06460,36,10.7,58827,5.6,Food,Credit,19,14,Regular Shopper
CUST-06461,18,9.9,10371,2.7,Electronics,Cash,5,14,Occasional Shopper
CUST-06462,20,1.9,43483,10.5,Food,Cash,14,4,Regular Shopper
CUST-06463,25,1.5,766639,18.9,Electronics,Credit,32,6,Wholesale Buyer
CUST-06464,38,8.4,20226,16.5,Clothing,Cash,55,2,Loyal Budget Buyer
CUST-06465,33,15.4,21247,1.9,Clothing,Mobile Money,5,4,Occasional Shopper
CUST-06466,28,9.6,657847,16.3,Food,Mobile Money,39,2,Wholesale Buyer
CUST-06467,28,3.9,6179,22.8,Clothing,Cash,63,13,Loyal Budget Buyer
CUST-06468,28,6.2,7343,0.9,Clothing,Cash,3,6,Occasional Shopper
CUST-06469,18,6.5,38005,4.9,Food,Mobile Money,20,3,Regular Shopper
CUST-06470,43,3.3,461423,17.5,Household,Cash,38,14,Wholesale Buyer
CUST-06471,32,0.8,19663,24.4,Food,Mobile Money,44,14,Loyal Budget Buyer
CUST-06472,41,5.6,23968,25.8,Food,Cash,33,6,Loyal Budget Buyer
CUST-06473,23,2.8,336038,16.0,Electronics,Cash,30,11,Wholesale Buyer
CUST-06474,22,8.9,8738,1.3,Household,Cash,8,14,Occasional Shopper
CUST-06475,41,1.8,803776,9.0,Food,Cash,36,13,Wholesale Buyer
CUST-06476,38,5.5,440927,17.4,Tools,Cash,37,12,Wholesale Buyer
CUST-06477,18,7.5,29777,19.1,Tools,Cash,47,14,Loyal Budget Buyer
CUST-06478,36,4.6,24397,22.9,Tools,Mobile Money,48,10,Loyal Budget Buyer
CUST-06479,34,2.7,7694,0.7,Food,Cash,4,13,Occasional Shopper
CUST-06480,18,1.1,30661,2.2,Clothing,Cash,1,13,Occasional Shopper
CUST-06481,37,5.3,4099,0.9,Clothing,Credit,5,12,Occasional Shopper
CUST-06482,32,7.5,25365,20.9,Household,Cash,57,1,Loyal Budget Buyer
CUST-06483,37,7.5,93786,9.7,Tools,Mobile Money,15,12,Regular Shopper
CUST-06484,34,2.0,40920,22.4,Clothing,Cash,51,3,Loyal Budget Buyer
CUST-06485,29,13.5,13070,2.1,Food,Mobile Money,3,1,Occasional Shopper
CUST-06486,43,0.2,48847,6.2,Clothing,Credit,19,6,Regular Shopper
CUST-06487,32,4.8,347482,15.5,Electronics,Credit,36,9,Wholesale Buyer
CUST-06488,40,5.4,35034,19.3,Tools,Cash,49,1,Loyal Budget Buyer
CUST-06489,23,1.0,47565,18.7,Food,Cash,49,13,Loyal Budget Buyer
CUST-06490,26,3.9,104488,9.7,Electronics,Cash,15,10,Regular Shopper
CUST-06491,41,7.2,406319,12.2,Food,Cash,36,3,Wholesale Buyer
CUST-06492,30,4.5,86757,7.3,Clothing,Mobile Money,21,5,Regular Shopper
CUST-06493,18,2.6,26786,19.0,Tools,Cash,39,4,Loyal Budget Buyer
CUST-06494,45,3.6,37549,27.5,Food,Cash,53,8,Loyal Budget Buyer
CUST-06495,18,3.3,12352,2.6,Clothing,Cash,5,11,Occasional Shopper
CUST-06496,20,5.2,77703,5.3,Food,Cash,15,1,Regular Shopper
CUST-06497,43,1.4,51918,4.4,Household,Cash,16,14,Regular Shopper
CUST-06498,42,17.5,650916,13.8,Tools,Credit,36,9,Wholesale Buyer
CUST-06499,33,0.3,531144,17.8,Household,Mobile Money,32,8,Wholesale Buyer
CUST-06500,47,2.0,121136,3.5,Clothing,Cash,24,8,Regular Shopper
CUST-06501,21,3.3,32935,11.4,Electronics,Cash,23,6,Regular Shopper
CUST-06502,41,0.3,28781,1.0,Clothing,Mobile Money,1,10,Occasional Shopper
CUST-06503,18,1.1,16098,1.3,Electronics,Mobile Money,4,1,Occasional Shopper
CUST-06504,32,0.7,22311,0.5,Clothing,Mobile Money,1,10,Occasional Shopper
CUST-06505,44,0.3,31160,6.4,Tools,Mobile Money,15,3,Regular Shopper
CUST-06506,40,10.7,45415,18.5,Clothing,Cash,57,8,Loyal Budget Buyer
CUST-06507,28,4.9,13963,2.7,Household,Cash,7,5,Occasional Shopper
CUST-06508,35,10.4,480071,12.6,Food,Credit,35,1,Wholesale Buyer
CUST-06509,32,5.9,98722,5.4,Tools,Cash,20,8,Regular Shopper
CUST-06510,38,0.7,9835,0.7,Food,Cash,3,10,Occasional Shopper
CUST-06511,36,0.5,81803,8.8,Tools,Cash,21,13,Regular Shopper
CUST-06512,23,1.5,26183,10.2,Electronics,Mobile Money,12,14,Regular Shopper
CUST-06513,44,4.5,23431,25.1,Tools,Cash,65,3,Loyal Budget Buyer
CUST-06514,24,8.0,53869,5.7,Food,Mobile Money,15,8,Regular Shopper
CUST-06515,31,3.1,21608,2.2,Clothing,Mobile Money,4,12,Occasional Shopper
CUST-06516,36,7.8,446183,13.4,Tools,Cash,31,8,Wholesale Buyer
CUST-06517,18,2.3,89259,5.8,Clothing,Credit,26,8,Regular Shopper
CUST-06518,28,9.7,40610,15.0,Food,Cash,40,4,Loyal Budget Buyer
CUST-06519,25,5.8,50142,22.1,Food,Cash,47,11,Loyal Budget Buyer
CUST-06520,40,3.9,101885,4.4,Food,Mobile Money,16,6,Regular Shopper
CUST-06521,39,18.3,94009,5.8,Food,Mobile Money,23,4,Regular Shopper
CUST-06522,41,3.3,40853,4.3,Tools,Cash,15,4,Regular Shopper
CUST-06523,46,3.1,50479,19.8,Household,Cash,48,1,Loyal Budget Buyer
CUST-06524,56,7.3,55124,6.3,Food,Cash,22,1,Regular Shopper
CUST-06525,31,9.4,692675,17.0,Food,Cash,38,11,Wholesale Buyer
CUST-06526,18,0.3,12230,1.1,Electronics,Cash,4,11,Occasional Shopper
CUST-06527,43,1.1,86625,5.2,Food,Credit,12,13,Regular Shopper
CUST-06528,22,13.5,60391,7.4,Tools,Mobile Money,21,8,Regular Shopper
CUST-06529,29,1.5,24435,1.2,Clothing,Cash,7,8,Occasional Shopper
CUST-06530,37,5.0,291963,14.7,Tools,Credit,36,8,Wholesale Buyer
CUST-06531,22,0.3,24285,0.5,Electronics,Credit,4,2,Occasional Shopper
CUST-06532,39,2.0,326047,14.8,Household,Cash,37,2,Wholesale Buyer
CUST-06533,46,1.6,56603,6.4,Food,Mobile Money,20,3,Regular Shopper
CUST-06534,24,3.9,39713,6.2,Clothing,Cash,17,9,Regular Shopper
CUST-06535,42,10.3,67955,9.4,Food,Credit,22,7,Regular Shopper
CUST-06536,26,2.2,123435,5.6,Electronics,Mobile Money,22,6,Regular Shopper
CUST-06537,30,4.0,88549,6.6,Tools,Cash,24,7,Regular Shopper
CUST-06538,37,0.6,41154,8.6,Clothing,Mobile Money,16,14,Regular Shopper
CUST-06539,30,0.3,26778,17.5,Food,Mobile Money,45,13,Loyal Budget Buyer
CUST-06540,23,1.0,8353,1.5,Food,Cash,6,11,Occasional Shopper
CUST-06541,41,21.0,534648,20.1,Tools,Cash,45,4,Wholesale Buyer
CUST-06542,48,5.8,26511,13.4,Food,Cash,58,10,Loyal Budget Buyer
CUST-06543,44,1.8,308372,14.8,Tools,Credit,38,3,Wholesale Buyer
CUST-06544,18,3.5,65928,8.3,Electronics,Mobile Money,13,2,Regular Shopper
CUST-06545,33,11.5,61833,5.0,Clothing,Mobile Money,22,12,Regular Shopper
CUST-06546,38,3.8,239096,10.3,Tools,Cash,37,3,Wholesale Buyer
CUST-06547,31,0.4,94799,9.7,Food,Cash,13,3,Regular Shopper
CUST-06548,35,1.7,9953,2.1,Tools,Credit,1,8,Occasional Shopper
CUST-06549,27,10.2,41494,15.2,Electronics,Cash,38,13,Loyal Budget Buyer
CUST-06550,33,0.4,33295,2.1,Clothing,Cash,1,10,Occasional Shopper
CUST-06551,38,0.4,461144,11.7,Tools,Cash,39,7,Wholesale Buyer
CUST-06552,29,6.3,623845,17.4,Household,Cash,43,6,Wholesale Buyer
CUST-06553,33,3.6,107160,3.6,Household,Mobile Money,16,10,Regular Shopper
CUST-06554,49,0.9,620951,12.3,Tools,Cash,40,3,Wholesale Buyer
CUST-06555,34,4.7,69927,3.8,Clothing,Cash,22,5,Regular Shopper
CUST-06556,18,0.4,110169,6.9,Clothing,Credit,16,4,Regular Shopper
CUST-06557,21,0.2,11890,1.3,Clothing,Cash,6,5,Occasional Shopper
CUST-06558,37,2.7,86322,10.5,Electronics,Mobile Money,19,12,Regular Shopper
CUST-06559,22,1.0,27143,6.2,Clothing,Credit,19,8,Regular Shopper
CUST-06560,42,25.5,21212,15.6,Food,Cash,45,8,Loyal Budget Buyer
CUST-06561,44,16.2,142894,8.7,Clothing,Cash,21,10,Regular Shopper
CUST-06562,45,14.3,115945,6.3,Clothing,Cash,13,13,Regular Shopper
CUST-06563,29,7.5,32118,26.9,Tools,Mobile Money,42,5,Loyal Budget Buyer
CUST-06564,27,4.3,66108,6.2,Food,Mobile Money,15,9,Regular Shopper
CUST-06565,18,12.8,84000,9.0,Food,Mobile Money,18,6,Regular Shopper
CUST-06566,45,5.3,394498,16.6,Food,Mobile Money,32,5,Wholesale Buyer
CUST-06567,38,8.2,611797,12.0,Tools,Credit,40,13,Wholesale Buyer
CUST-06568,59,7.9,23693,17.9,Electronics,Credit,59,6,Loyal Budget Buyer
CUST-06569,24,3.0,62545,5.9,Food,Mobile Money,20,3,Regular Shopper
CUST-06570,27,20.3,8654,2.1,Clothing,Cash,4,9,Occasional Shopper
CUST-06571,48,12.7,324197,18.1,Food,Cash,39,2,Wholesale Buyer
CUST-06572,35,3.9,649177,11.5,Food,Credit,32,5,Wholesale Buyer
CUST-06573,25,1.9,664518,14.5,Tools,Mobile Money,29,10,Wholesale Buyer
CUST-06574,51,13.6,29111,16.5,Clothing,Cash,49,13,Loyal Budget Buyer
CUST-06575,18,7.8,8043,2.5,Clothing,Mobile Money,4,11,Occasional Shopper
CUST-06576,24,3.2,22381,2.3,Electronics,Cash,4,7,Occasional Shopper
CUST-06577,36,7.0,78693,3.9,Clothing,Cash,13,13,Regular Shopper
CUST-06578,46,1.5,47536,4.1,Tools,Cash,19,1,Regular Shopper
CUST-06579,50,24.0,67233,9.6,Food,Cash,21,14,Regular Shopper
CUST-06580,25,1.0,53887,5.6,Clothing,Credit,21,14,Regular Shopper
CUST-06581,35,6.2,11964,2.4,Clothing,Mobile Money,1,9,Occasional Shopper
CUST-06582,29,5.6,38933,18.7,Clothing,Cash,55,12,Loyal Budget Buyer
CUST-06583,36,0.8,117484,7.6,Clothing,Cash,14,5,Regular Shopper
CUST-06584,29,6.7,17633,2.1,Food,Cash,3,14,Occasional Shopper
CUST-06585,29,15.5,146461,17.6,Food,Mobile Money,26,13,Wholesale Buyer
CUST-06586,35,0.8,40803,7.6,Clothing,Credit,17,11,Regular Shopper
CUST-06587,42,0.4,91672,10.1,Clothing,Cash,19,3,Regular Shopper
CUST-06588,29,2.9,19064,3.0,Clothing,Cash,2,3,Occasional Shopper
CUST-06589,42,5.4,632465,9.8,Household,Mobile Money,39,7,Wholesale Buyer
CUST-06590,32,0.4,13996,0.6,Clothing,Cash,4,6,Occasional Shopper
CUST-06591,28,18.4,23563,8.2,Clothing,Cash,23,13,Regular Shopper
CUST-06592,33,2.6,34206,22.6,Food,Cash,53,8,Loyal Budget Buyer
CUST-06593,18,19.2,4262,1.3,Clothing,Cash,1,5,Occasional Shopper
CUST-06594,38,1.7,58649,7.3,Electronics,Mobile Money,19,4,Regular Shopper
CUST-06595,40,4.0,114718,7.6,Food,Credit,11,1,Regular Shopper
CUST-06596,38,9.0,34005,0.9,Food,Mobile Money,4,4,Occasional Shopper
CUST-06597,34,4.0,91866,5.7,Tools,Credit,16,3,Regular Shopper
CUST-06598,38,0.3,422202,11.6,Food,Cash,29,9,Wholesale Buyer
CUST-06599,42,8.2,579085,17.0,Tools,Mobile Money,39,13,Wholesale Buyer
CUST-06600,31,1.1,36711,20.5,Food,Mobile Money,53,9,Loyal Budget Buyer
CUST-06601,37,1.6,30968,5.1,Clothing,Credit,10,4,Regular Shopper
CUST-06602,37,2.0,88495,3.8,Food,Credit,26,3,Regular Shopper
CUST-06603,39,2.1,21828,1.3,Clothing,Mobile Money,6,11,Occasional Shopper
CUST-06604,27,3.9,418796,12.6,Tools,Cash,40,3,Wholesale Buyer
CUST-06605,55,5.6,80369,10.0,Tools,Cash,18,4,Regular Shopper
CUST-06606,24,0.8,49938,5.5,Food,Mobile Money,12,13,Regular Shopper
CUST-06607,26,1.9,45331,24.9,Tools,Mobile Money,45,11,Loyal Budget Buyer
CUST-06608,41,15.4,16398,1.5,Clothing,Mobile Money,2,12,Occasional Shopper
CUST-06609,22,6.0,53310,28.8,Food,Cash,61,6,Loyal Budget Buyer
CUST-06610,28,1.1,97128,9.2,Tools,Cash,14,10,Regular Shopper
CUST-06611,24,3.3,26356,10.5,Food,Mobile Money,47,6,Loyal Budget Buyer
CUST-06612,39,12.3,79764,6.8,Tools,Credit,23,10,Regular Shopper
CUST-06613,18,1.3,9187,1.8,Electronics,Cash,6,1,Occasional Shopper
CUST-06614,30,14.0,24389,1.5,Clothing,Cash,3,3,Occasional Shopper
CUST-06615,24,7.5,33720,5.6,Electronics,Cash,15,5,Regular Shopper
CUST-06616,33,11.0,83336,4.0,Electronics,Mobile Money,16,8,Regular Shopper
CUST-06617,35,6.1,22782,24.5,Electronics,Mobile Money,44,11,Loyal Budget Buyer
CUST-06618,23,1.3,48407,26.4,Household,Mobile Money,51,13,Loyal Budget Buyer
CUST-06619,23,2.9,40640,9.1,Food,Mobile Money,11,10,Regular Shopper
CUST-06620,37,0.5,607840,11.6,Food,Mobile Money,39,6,Wholesale Buyer
CUST-06621,44,3.5,31959,20.6,Food,Cash,56,2,Loyal Budget Buyer
CUST-06622,28,5.2,19271,1.5,Household,Cash,3,3,Occasional Shopper
CUST-06623,20,6.1,81183,6.7,Food,Cash,12,12,Regular Shopper
CUST-06624,26,4.7,135460,6.0,Food,Mobile Money,16,12,Regular Shopper
CUST-06625,23,7.5,638942,14.8,Food,Credit,46,5,Wholesale Buyer
CUST-06626,18,2.3,23981,2.1,Clothing,Mobile Money,2,13,Occasional Shopper
CUST-06627,29,2.1,42055,17.8,Food,Cash,45,14,Loyal Budget Buyer
CUST-06628,23,4.0,48166,7.8,Food,Mobile Money,18,2,Regular Shopper
CUST-06629,35,4.7,96216,8.9,Tools,Mobile Money,18,8,Regular Shopper
CUST-06630,25,3.0,22863,0.9,Clothing,Mobile Money,2,9,Occasional Shopper
CUST-06631,31,1.8,27053,18.9,Clothing,Cash,48,12,Loyal Budget Buyer
CUST-06632,38,2.0,44019,7.1,Tools,Mobile Money,17,6,Regular Shopper
CUST-06633,32,4.4,86867,5.1,Tools,Credit,17,8,Regular Shopper
CUST-06634,28,10.7,27064,25.8,Household,Mobile Money,48,12,Loyal Budget Buyer
CUST-06635,37,8.1,11417,2.5,Household,Cash,4,2,Occasional Shopper
CUST-06636,26,4.7,95549,9.1,Food,Cash,17,10,Regular Shopper
CUST-06637,42,1.6,644336,11.1,Food,Cash,31,1,Wholesale Buyer
CUST-06638,34,4.7,38744,18.5,Household,Cash,45,1,Loyal Budget Buyer
CUST-06639,18,2.4,52885,8.5,Electronics,Credit,16,7,Regular Shopper
CUST-06640,43,2.1,558788,11.5,Tools,Mobile Money,30,4,Wholesale Buyer
CUST-06641,18,1.2,23484,1.6,Clothing,Cash,3,13,Occasional Shopper
CUST-06642,32,13.2,30333,0.5,Clothing,Cash,5,7,Occasional Shopper
CUST-06643,56,11.8,680467,15.4,Tools,Mobile Money,41,1,Wholesale Buyer
CUST-06644,22,2.2,10744,2.3,Clothing,Cash,2,2,Occasional Shopper
CUST-06645,52,4.9,54441,5.7,Food,Mobile Money,17,10,Regular Shopper
CUST-06646,32,7.3,81360,5.6,Tools,Mobile Money,21,8,Regular Shopper
CUST-06647,31,0.3,20938,2.2,Electronics,Mobile Money,4,4,Occasional Shopper
CUST-06648,28,1.0,78231,8.3,Electronics,Mobile Money,15,7,Regular Shopper
CUST-06649,18,13.4,99917,7.7,Clothing,Cash,24,12,Regular Shopper
CUST-06650,39,1.7,294851,13.9,Clothing,Cash,44,14,Wholesale Buyer
CUST-06651,26,2.9,422868,18.2,Tools,Cash,29,2,Wholesale Buyer
CUST-06652,39,4.1,351571,14.8,Tools,Cash,50,5,Wholesale Buyer
CUST-06653,25,3.6,14326,1.2,Clothing,Mobile Money,2,10,Occasional Shopper
CUST-06654,26,2.4,596885,13.4,Food,Mobile Money,30,12,Wholesale Buyer
CUST-06655,28,1.6,99529,6.2,Food,Mobile Money,20,1,Regular Shopper
CUST-06656,34,1.2,34957,1.2,Clothing,Mobile Money,5,1,Occasional Shopper
CUST-06657,31,3.9,77503,6.3,Tools,Cash,18,1,Regular Shopper
CUST-06658,41,16.3,89214,7.0,Food,Mobile Money,30,11,Regular Shopper
CUST-06659,27,1.8,315335,10.4,Food,Cash,40,12,Wholesale Buyer
CUST-06660,18,1.9,19205,2.5,Electronics,Mobile Money,2,2,Occasional Shopper
CUST-06661,33,3.5,96561,4.8,Clothing,Credit,22,8,Regular Shopper
CUST-06662,44,3.5,349607,15.1,Household,Cash,29,14,Wholesale Buyer
CUST-06663,29,0.4,26921,0.6,Clothing,Credit,4,6,Occasional Shopper
CUST-06664,33,1.4,785846,16.5,Tools,Cash,44,12,Wholesale Buyer
CUST-06665,22,1.1,44303,19.2,Food,Cash,56,13,Loyal Budget Buyer
CUST-06666,26,1.4,523355,11.7,Food,Cash,25,2,Wholesale Buyer
CUST-06667,18,4.9,25511,0.7,Clothing,Mobile Money,1,13,Occasional Shopper
CUST-06668,47,1.1,75456,8.5,Tools,Cash,15,14,Regular Shopper
CUST-06669,49,3.0,45079,21.2,Food,Mobile Money,44,5,Loyal Budget Buyer
CUST-06670,18,2.0,27065,1.8,Clothing,Cash,3,12,Occasional Shopper
CUST-06671,36,2.3,707224,16.2,Food,Cash,32,11,Wholesale Buyer
CUST-06672,18,8.4,75006,8.5,Electronics,Cash,19,13,Regular Shopper
CUST-06673,29,6.6,12330,2.6,Clothing,Cash,3,6,Occasional Shopper
CUST-06674,48,9.8,39696,11.5,Food,Cash,52,4,Loyal Budget Buyer
CUST-06675,41,2.0,27619,0.9,Household,Cash,4,6,Occasional Shopper
CUST-06676,18,12.1,34414,21.8,Food,Mobile Money,42,2,Loyal Budget Buyer
CUST-06677,32,4.8,9124,0.5,Clothing,Credit,6,11,Occasional Shopper
CUST-06678,18,0.4,83020,8.1,Electronics,Credit,16,2,Regular Shopper
CUST-06679,40,4.3,98409,9.2,Tools,Cash,21,11,Regular Shopper
CUST-06680,35,9.0,753676,12.0,Household,Credit,38,4,Wholesale Buyer
CUST-06681,20,1.4,31648,7.1,Tools,Cash,18,8,Regular Shopper
CUST-06682,30,5.6,19516,1.6,Tools,Mobile Money,3,7,Occasional Shopper
CUST-06683,43,2.9,242975,15.8,Food,Cash,37,8,Wholesale Buyer
CUST-06684,30,0.4,28683,26.4,Food,Cash,46,14,Loyal Budget Buyer
CUST-06685,40,10.7,400974,12.9,Tools,Mobile Money,36,14,Wholesale Buyer
CUST-06686,20,4.5,37279,27.1,Food,Mobile Money,63,14,Loyal Budget Buyer
CUST-06687,34,2.0,456223,15.9,Food,Cash,22,7,Wholesale Buyer
CUST-06688,45,29.5,19557,17.7,Tools,Cash,50,8,Loyal Budget Buyer
CUST-06689,35,9.3,842345,15.0,Electronics,Cash,39,9,Wholesale Buyer
CUST-06690,47,19.3,309230,12.0,Tools,Cash,35,1,Wholesale Buyer
CUST-06691,34,1.6,384750,18.2,Household,Cash,32,7,Wholesale Buyer
CUST-06692,28,4.5,348233,16.0,Household,Cash,28,11,Wholesale Buyer
CUST-06693,30,27.8,116413,10.3,Tools,Credit,14,11,Regular Shopper
CUST-06694,37,2.7,565988,18.0,Food,Cash,29,10,Wholesale Buyer
CUST-06695,45,4.6,34258,18.8,Food,Cash,48,14,Loyal Budget Buyer
CUST-06696,26,11.5,31337,0.9,Clothing,Cash,3,4,Occasional Shopper
CUST-06697,43,2.1,72193,7.9,Tools,Mobile Money,21,14,Regular Shopper
CUST-06698,35,1.3,24567,6.7,Tools,Cash,23,4,Regular Shopper
CUST-06699,29,1.7,639879,14.1,Clothing,Cash,38,11,Wholesale Buyer
CUST-06700,28,1.4,12281,2.6,Clothing,Mobile Money,3,1,Occasional Shopper
CUST-06701,27,7.3,21926,2.1,Clothing,Cash,2,12,Occasional Shopper
CUST-06702,42,7.9,775633,11.2,Food,Mobile Money,32,4,Wholesale Buyer
CUST-06703,18,3.9,55158,3.2,Clothing,Cash,15,7,Regular Shopper
CUST-06704,29,5.3,58065,4.3,Electronics,Cash,19,14,Regular Shopper
CUST-06705,31,4.6,22296,1.4,Household,Mobile Money,2,4,Occasional Shopper
CUST-06706,35,2.6,38248,13.3,Household,Cash,39,10,Loyal Budget Buyer
CUST-06707,45,7.5,105948,6.6,Tools,Cash,14,8,Regular Shopper
CUST-06708,39,0.8,407368,15.6,Tools,Cash,30,8,Wholesale Buyer
CUST-06709,38,1.0,23528,1.5,Electronics,Cash,1,5,Occasional Shopper
CUST-06710,35,9.4,73841,3.2,Tools,Credit,10,14,Regular Shopper
CUST-06711,36,1.3,93020,7.6,Clothing,Mobile Money,15,13,Regular Shopper
CUST-06712,26,1.1,68880,8.1,Electronics,Mobile Money,15,4,Regular Shopper
CUST-06713,46,0.5,21937,18.5,Clothing,Cash,49,12,Loyal Budget Buyer
CUST-06714,54,3.2,108086,8.0,Household,Cash,15,7,Regular Shopper
CUST-06715,40,2.7,46849,17.5,Tools,Mobile Money,61,12,Loyal Budget Buyer
CUST-06716,21,15.7,32792,1.4,Food,Cash,6,5,Occasional Shopper
CUST-06717,42,0.3,47160,18.1,Food,Cash,48,14,Loyal Budget Buyer
CUST-06718,36,4.9,58997,26.0,Clothing,Cash,49,10,Loyal Budget Buyer
CUST-06719,26,0.6,67292,9.1,Electronics,Mobile Money,20,4,Regular Shopper
CUST-06720,18,3.5,119033,4.4,Food,Mobile Money,12,12,Regular Shopper
CUST-06721,29,1.2,484313,16.8,Food,Cash,27,6,Wholesale Buyer
CUST-06722,42,0.8,57466,5.3,Food,Cash,16,12,Regular Shopper
CUST-06723,18,1.4,14230,2.1,Clothing,Mobile Money,3,3,Occasional Shopper
CUST-06724,24,1.3,13115,1.9,Clothing,Mobile Money,3,8,Occasional Shopper
CUST-06725,51,4.4,778726,14.5,Tools,Credit,42,6,Wholesale Buyer
CUST-06726,20,2.0,32944,0.5,Clothing,Cash,6,10,Occasional Shopper
CUST-06727,25,1.2,102339,4.7,Tools,Mobile Money,24,7,Regular Shopper
CUST-06728,32,1.9,472793,14.5,Tools,Cash,33,10,Wholesale Buyer
CUST-06729,35,4.8,31864,20.9,Electronics,Cash,51,1,Loyal Budget Buyer
CUST-06730,38,0.8,43150,19.3,Food,Cash,38,7,Loyal Budget Buyer
CUST-06731,23,3.0,80367,10.9,Electronics,Cash,15,7,Regular Shopper
CUST-06732,37,5.7,102092,8.8,Food,Mobile Money,20,6,Regular Shopper
CUST-06733,24,2.6,18536,1.4,Tools,Cash,4,9,Occasional Shopper
CUST-06734,36,5.9,76737,7.7,Clothing,Mobile Money,11,7,Regular Shopper
CUST-06735,30,10.8,25979,23.9,Food,Mobile Money,38,12,Loyal Budget Buyer
CUST-06736,32,4.8,93528,7.1,Clothing,Cash,19,8,Regular Shopper
CUST-06737,45,2.4,468703,9.7,Food,Mobile Money,33,7,Wholesale Buyer
CUST-06738,31,1.2,10758,1.9,Household,Mobile Money,4,4,Occasional Shopper
CUST-06739,38,4.5,8148,2.0,Household,Cash,5,3,Occasional Shopper
CUST-06740,26,1.5,82231,7.3,Tools,Cash,21,3,Regular Shopper
CUST-06741,23,0.5,28081,20.8,Household,Cash,56,2,Loyal Budget Buyer
CUST-06742,22,5.3,56339,3.9,Electronics,Credit,23,5,Regular Shopper
CUST-06743,39,10.7,640571,11.3,Clothing,Mobile Money,49,13,Wholesale Buyer
CUST-06744,27,2.1,14307,0.8,Tools,Mobile Money,8,13,Occasional Shopper
CUST-06745,28,4.3,115950,6.2,Clothing,Cash,15,8,Regular Shopper
CUST-06746,24,10.4,27951,0.5,Tools,Mobile Money,2,3,Occasional Shopper
CUST-06747,44,1.7,192127,15.7,Household,Mobile Money,38,10,Wholesale Buyer
CUST-06748,26,3.7,12405,8.4,Tools,Mobile Money,18,1,Regular Shopper
CUST-06749,33,2.7,21500,1.1,Clothing,Mobile Money,1,8,Occasional Shopper
CUST-06750,47,12.3,36307,6.7,Electronics,Credit,16,3,Regular Shopper
CUST-06751,39,7.0,776457,8.8,Food,Credit,35,12,Wholesale Buyer
CUST-06752,31,5.9,70011,6.7,Clothing,Mobile Money,22,9,Regular Shopper
CUST-06753,37,1.3,357830,6.3,Electronics,Mobile Money,45,10,Wholesale Buyer
CUST-06754,39,1.9,522878,16.2,Food,Mobile Money,33,4,Wholesale Buyer
CUST-06755,33,11.2,6920,1.9,Tools,Mobile Money,6,10,Occasional Shopper
CUST-06756,20,2.2,26485,1.5,Tools,Cash,8,5,Occasional Shopper
CUST-06757,44,7.0,616833,14.8,Tools,Cash,32,13,Wholesale Buyer
CUST-06758,18,1.2,65140,8.3,Household,Mobile Money,49,6,Loyal Budget Buyer
CUST-06759,42,16.6,108336,6.4,Tools,Credit,13,8,Regular Shopper
CUST-06760,23,2.5,597238,17.1,Food,Mobile Money,40,9,Wholesale Buyer
CUST-06761,28,0.2,70443,5.9,Food,Mobile Money,14,10,Regular Shopper
CUST-06762,31,2.3,7500,8.1,Household,Mobile Money,16,11,Regular Shopper
CUST-06763,37,2.0,432889,14.4,Electronics,Cash,32,11,Wholesale Buyer
CUST-06764,18,7.4,18865,1.8,Tools,Mobile Money,4,10,Occasional Shopper
CUST-06765,19,3.1,37730,2.2,Electronics,Cash,2,9,Occasional Shopper
CUST-06766,28,2.9,25553,21.9,Tools,Cash,45,7,Loyal Budget Buyer
CUST-06767,50,3.0,458549,13.3,Clothing,Cash,34,7,Wholesale Buyer
CUST-06768,18,6.8,80672,4.7,Tools,Mobile Money,17,4,Regular Shopper
CUST-06769,27,1.3,28785,20.0,Food,Mobile Money,45,5,Loyal Budget Buyer
CUST-06770,31,5.3,8898,2.2,Electronics,Cash,3,1,Occasional Shopper
CUST-06771,51,11.9,92957,2.4,Tools,Cash,15,11,Regular Shopper
CUST-06772,36,13.6,42028,3.2,Clothing,Cash,13,12,Regular Shopper
CUST-06773,28,10.6,16250,1.2,Electronics,Mobile Money,6,7,Occasional Shopper
CUST-06774,46,2.1,43412,22.3,Food,Mobile Money,61,1,Loyal Budget Buyer
CUST-06775,18,1.1,18266,0.5,Household,Cash,1,11,Occasional Shopper
CUST-06776,30,11.1,39582,22.9,Household,Cash,46,13,Loyal Budget Buyer
CUST-06777,51,10.2,34402,9.6,Food,Mobile Money,21,5,Regular Shopper
CUST-06778,34,4.9,512950,17.9,Tools,Cash,35,1,Wholesale Buyer
CUST-06779,24,0.8,32747,15.7,Food,Mobile Money,44,8,Loyal Budget Buyer
CUST-06780,33,5.6,12931,2.3,Clothing,Mobile Money,7,2,Occasional Shopper
CUST-06781,37,7.1,51387,8.9,Electronics,Mobile Money,17,9,Regular Shopper
CUST-06782,42,1.5,73848,6.8,Food,Mobile Money,18,13,Regular Shopper
CUST-06783,18,7.7,76523,7.4,Electronics,Mobile Money,17,9,Regular Shopper
CUST-06784,39,7.2,36409,8.2,Clothing,Cash,24,12,Regular Shopper
CUST-06785,51,2.5,45435,25.4,Tools,Cash,52,8,Loyal Budget Buyer
CUST-06786,31,0.7,9261,1.0,Tools,Mobile Money,4,4,Occasional Shopper
CUST-06787,38,8.1,39293,18.8,Clothing,Cash,47,3,Loyal Budget Buyer
CUST-06788,38,0.4,515608,13.0,Food,Cash,31,1,Wholesale Buyer
CUST-06789,19,10.7,38584,4.3,Household,Cash,25,11,Regular Shopper
CUST-06790,36,7.5,29786,0.5,Electronics,Cash,2,9,Occasional Shopper
CUST-06791,31,4.7,70716,10.7,Household,Credit,22,9,Regular Shopper
CUST-06792,26,10.6,67285,8.9,Tools,Credit,12,5,Regular Shopper
CUST-06793,34,8.1,206358,13.7,Clothing,Cash,30,11,Wholesale Buyer
CUST-06794,31,6.7,15241,1.5,Food,Mobile Money,2,6,Occasional Shopper
CUST-06795,26,0.7,89291,12.1,Tools,Credit,17,5,Regular Shopper
CUST-06796,34,1.7,353451,14.5,Electronics,Mobile Money,31,8,Wholesale Buyer
CUST-06797,34,8.4,493747,17.9,Tools,Mobile Money,45,8,Wholesale Buyer
CUST-06798,29,3.8,140599,6.0,Clothing,Cash,19,9,Regular Shopper
CUST-06799,18,0.9,30426,0.5,Clothing,Cash,7,13,Occasional Shopper
CUST-06800,21,1.3,3466,2.4,Food,Mobile Money,2,7,Occasional Shopper
CUST-06801,32,1.1,51614,5.5,Household,Cash,19,2,Regular Shopper
CUST-06802,22,3.8,100733,4.9,Clothing,Cash,18,5,Regular Shopper
CUST-06803,26,0.4,63096,8.8,Household,Mobile Money,20,2,Regular Shopper
CUST-06804,48,7.9,17161,19.2,Food,Cash,49,6,Loyal Budget Buyer
CUST-06805,43,1.4,116284,7.7,Clothing,Cash,17,2,Regular Shopper
CUST-06806,34,2.7,24801,8.6,Household,Credit,16,7,Regular Shopper
CUST-06807,19,1.5,339535,15.8,Food,Cash,29,11,Wholesale Buyer
CUST-06808,47,0.8,34232,15.6,Clothing,Cash,49,8,Loyal Budget Buyer
CUST-06809,42,1.4,729588,13.3,Food,Mobile Money,43,5,Wholesale Buyer
CUST-06810,18,5.4,69648,5.2,Food,Mobile Money,14,3,Regular Shopper
CUST-06811,39,11.4,26058,2.1,Clothing,Cash,3,4,Occasional Shopper
CUST-06812,18,2.8,23891,2.7,Tools,Credit,4,6,Occasional Shopper
CUST-06813,21,18.9,60004,4.4,Clothing,Cash,18,1,Regular Shopper
CUST-06814,23,2.5,80386,6.5,Clothing,Mobile Money,22,14,Regular Shopper
CUST-06815,40,3.2,63437,6.8,Electronics,Mobile Money,12,14,Regular Shopper
CUST-06816,18,3.2,15630,26.5,Food,Cash,49,14,Loyal Budget Buyer
CUST-06817,47,2.0,50140,17.0,Food,Cash,45,6,Loyal Budget Buyer
CUST-06818,18,5.3,70035,4.0,Clothing,Mobile Money,19,14,Regular Shopper
CUST-06819,35,4.8,72599,6.6,Food,Mobile Money,15,10,Regular Shopper
CUST-06820,34,1.4,41796,18.9,Tools,Cash,56,8,Loyal Budget Buyer
CUST-06821,40,1.5,20016,0.9,Clothing,Cash,3,10,Occasional Shopper
CUST-06822,39,1.1,607175,13.2,Clothing,Mobile Money,41,13,Wholesale Buyer
CUST-06823,18,3.7,23931,1.1,Electronics,Mobile Money,1,9,Occasional Shopper
CUST-06824,29,4.7,1800,1.1,Clothing,Cash,4,1,Occasional Shopper
CUST-06825,28,5.7,643397,10.3,Tools,Cash,33,6,Wholesale Buyer
CUST-06826,18,1.1,18732,1.9,Clothing,Mobile Money,7,1,Occasional Shopper
CUST-06827,33,4.4,49154,21.4,Household,Mobile Money,41,10,Loyal Budget Buyer
CUST-06828,34,0.4,91717,5.2,Clothing,Cash,13,7,Regular Shopper
CUST-06829,34,0.8,24173,24.0,Clothing,Mobile Money,51,9,Loyal Budget Buyer
CUST-06830,26,12.7,74402,6.4,Tools,Credit,13,10,Regular Shopper
CUST-06831,30,3.2,120057,6.1,Food,Mobile Money,10,5,Regular Shopper
CUST-06832,38,1.2,671927,12.7,Tools,Cash,25,3,Wholesale Buyer
CUST-06833,23,2.6,77192,11.0,Clothing,Mobile Money,16,2,Regular Shopper
CUST-06834,52,10.8,46336,23.6,Clothing,Cash,47,10,Loyal Budget Buyer
CUST-06835,37,11.3,401298,10.7,Clothing,Credit,40,9,Wholesale Buyer
CUST-06836,29,4.4,94022,7.4,Food,Credit,20,3,Regular Shopper
CUST-06837,33,4.9,26523,14.4,Tools,Mobile Money,43,8,Loyal Budget Buyer
CUST-06838,43,1.6,10193,22.8,Food,Cash,49,14,Loyal Budget Buyer
CUST-06839,43,4.4,104633,5.9,Clothing,Mobile Money,30,3,Regular Shopper
CUST-06840,22,17.8,16972,0.9,Electronics,Mobile Money,4,14,Occasional Shopper
CUST-06841,26,2.0,31351,6.2,Tools,Credit,20,8,Regular Shopper
CUST-06842,18,6.0,16553,2.9,Clothing,Mobile Money,7,4,Occasional Shopper
CUST-06843,45,5.3,18222,16.9,Household,Mobile Money,50,11,Loyal Budget Buyer
CUST-06844,25,12.2,106582,8.6,Clothing,Mobile Money,19,9,Regular Shopper
CUST-06845,27,0.4,63295,13.2,Clothing,Mobile Money,44,1,Loyal Budget Buyer
CUST-06846,29,2.5,581513,12.7,Household,Mobile Money,37,11,Wholesale Buyer
CUST-06847,29,16.5,37255,21.4,Clothing,Mobile Money,56,10,Loyal Budget Buyer
CUST-06848,29,7.0,525148,10.3,Household,Mobile Money,48,12,Wholesale Buyer
CUST-06849,25,0.7,57697,3.7,Tools,Cash,20,5,Regular Shopper
CUST-06850,26,4.8,12178,1.2,Clothing,Cash,3,7,Occasional Shopper
CUST-06851,28,6.0,84891,8.1,Food,Mobile Money,18,11,Regular Shopper
CUST-06852,25,5.3,27590,1.6,Food,Cash,6,10,Occasional Shopper
CUST-06853,36,7.9,47384,19.9,Food,Cash,44,7,Loyal Budget Buyer
CUST-06854,43,2.1,35216,14.3,Food,Cash,52,7,Loyal Budget Buyer
CUST-06855,38,0.3,19557,2.1,Clothing,Cash,7,11,Occasional Shopper
CUST-06856,33,8.1,73219,5.8,Electronics,Mobile Money,14,3,Regular Shopper
CUST-06857,22,9.0,55921,14.4,Food,Mobile Money,64,14,Loyal Budget Buyer
CUST-06858,18,2.2,40045,7.8,Electronics,Mobile Money,18,9,Regular Shopper
CUST-06859,18,8.8,693283,12.8,Food,Credit,34,8,Wholesale Buyer
CUST-06860,26,6.3,92303,6.9,Tools,Mobile Money,14,1,Regular Shopper
CUST-06861,48,8.9,534273,14.4,Clothing,Credit,34,12,Wholesale Buyer
CUST-06862,29,0.4,513561,14.6,Tools,Cash,30,14,Wholesale Buyer
CUST-06863,21,3.7,653183,13.6,Food,Cash,49,5,Wholesale Buyer
CUST-06864,32,2.8,77208,7.7,Food,Cash,20,13,Regular Shopper
CUST-06865,30,7.8,466806,9.7,Food,Credit,46,1,Wholesale Buyer
CUST-06866,23,1.6,18643,0.5,Clothing,Mobile Money,6,5,Occasional Shopper
CUST-06867,26,3.6,24162,1.8,Clothing,Cash,3,4,Occasional Shopper
CUST-06868,25,18.0,71166,7.1,Tools,Mobile Money,22,1,Regular Shopper
CUST-06869,23,2.8,29096,1.3,Clothing,Cash,5,2,Occasional Shopper
CUST-06870,33,2.5,118022,7.3,Household,Mobile Money,15,4,Regular Shopper
CUST-06871,32,6.3,29017,12.6,Food,Mobile Money,44,13,Loyal Budget Buyer
CUST-06872,38,7.3,121612,6.4,Tools,Credit,17,12,Regular Shopper
CUST-06873,34,3.5,73880,6.9,Food,Mobile Money,11,2,Regular Shopper
CUST-06874,53,6.2,320954,9.8,Clothing,Credit,29,2,Wholesale Buyer
CUST-06875,18,3.6,21548,2.7,Clothing,Cash,4,12,Occasional Shopper
CUST-06876,31,11.2,24325,14.7,Food,Mobile Money,40,3,Loyal Budget Buyer
CUST-06877,56,5.4,46581,19.2,Electronics,Mobile Money,44,12,Loyal Budget Buyer
CUST-06878,27,5.4,13388,2.3,Clothing,Cash,3,1,Occasional Shopper
CUST-06879,37,2.2,61223,10.0,Food,Cash,20,5,Regular Shopper
CUST-06880,38,2.0,588062,15.9,Food,Mobile Money,27,12,Wholesale Buyer
CUST-06881,34,4.2,12396,0.5,Tools,Cash,7,6,Occasional Shopper
CUST-06882,27,5.7,9064,0.6,Tools,Mobile Money,1,7,Occasional Shopper
CUST-06883,20,5.2,16289,1.7,Clothing,Cash,5,1,Occasional Shopper
CUST-06884,40,6.8,87818,8.9,Clothing,Mobile Money,13,11,Regular Shopper
CUST-06885,43,0.3,36922,17.2,Food,Cash,46,6,Loyal Budget Buyer
CUST-06886,38,4.3,691587,14.5,Electronics,Mobile Money,32,14,Wholesale Buyer
CUST-06887,53,0.9,47079,16.2,Food,Cash,41,13,Loyal Budget Buyer
CUST-06888,26,3.1,27156,24.1,Food,Credit,69,13,Loyal Budget Buyer
CUST-06889,25,5.0,46089,17.5,Clothing,Cash,53,14,Loyal Budget Buyer
CUST-06890,31,17.4,39027,24.0,Food,Cash,52,9,Loyal Budget Buyer
CUST-06891,26,7.6,19854,1.4,Tools,Cash,3,3,Occasional Shopper
CUST-06892,18,7.2,26840,23.2,Food,Mobile Money,40,6,Loyal Budget Buyer
CUST-06893,30,2.4,32678,15.0,Clothing,Cash,43,11,Loyal Budget Buyer
CUST-06894,34,14.6,7144,0.5,Food,Mobile Money,4,13,Occasional Shopper
CUST-06895,20,1.1,74866,8.2,Tools,Cash,17,12,Regular Shopper
CUST-06896,30,4.6,38802,21.3,Tools,Mobile Money,52,5,Loyal Budget Buyer
CUST-06897,50,13.3,89943,6.6,Clothing,Cash,17,12,Regular Shopper
CUST-06898,29,0.7,671980,14.7,Electronics,Credit,37,4,Wholesale Buyer
CUST-06899,24,1.4,59911,3.5,Food,Credit,12,10,Regular Shopper
CUST-06900,46,9.5,70555,11.0,Food,Mobile Money,16,13,Regular Shopper
CUST-06901,27,2.1,134899,8.5,Clothing,Mobile Money,10,1,Regular Shopper
CUST-06902,34,0.9,26334,1.3,Clothing,Cash,3,2,Occasional Shopper
CUST-06903,26,14.5,5304,1.4,Tools,Cash,4,6,Occasional Shopper
CUST-06904,27,16.3,6726,1.7,Tools,Cash,3,2,Occasional Shopper
CUST-06905,35,5.0,78774,6.1,Food,Mobile Money,19,10,Regular Shopper
CUST-06906,30,1.4,18508,2.1,Electronics,Cash,2,8,Occasional Shopper
CUST-06907,37,1.0,33565,6.8,Household,Mobile Money,28,8,Regular Shopper
CUST-06908,26,1.2,20648,0.5,Clothing,Mobile Money,7,10,Occasional Shopper
CUST-06909,25,0.3,27505,0.6,Food,Cash,5,5,Occasional Shopper
CUST-06910,24,1.9,25938,2.0,Food,Cash,3,3,Occasional Shopper
CUST-06911,43,9.9,30397,12.8,Food,Cash,51,11,Loyal Budget Buyer
CUST-06912,38,4.4,33700,20.7,Food,Cash,47,4,Loyal Budget Buyer
CUST-06913,55,8.7,48312,20.6,Food,Cash,43,8,Loyal Budget Buyer
CUST-06914,32,0.7,66161,7.0,Clothing,Cash,17,14,Regular Shopper
CUST-06915,33,5.2,134698,6.5,Household,Mobile Money,20,3,Regular Shopper
CUST-06916,38,2.6,415254,13.2,Food,Cash,32,10,Wholesale Buyer
CUST-06917,25,0.8,143450,10.8,Food,Cash,10,14,Regular Shopper
CUST-06918,54,3.0,43982,22.3,Food,Cash,54,8,Loyal Budget Buyer
CUST-06919,36,8.7,74638,5.5,Food,Mobile Money,15,11,Regular Shopper
CUST-06920,31,3.2,76669,6.2,Food,Mobile Money,15,13,Regular Shopper
CUST-06921,18,6.7,47822,20.6,Electronics,Cash,40,5,Loyal Budget Buyer
CUST-06922,44,1.5,89956,8.0,Clothing,Mobile Money,8,12,Regular Shopper
CUST-06923,41,0.4,348140,17.2,Food,Cash,28,2,Wholesale Buyer
CUST-06924,24,6.9,131141,9.2,Clothing,Mobile Money,19,3,Regular Shopper
CUST-06925,22,9.8,8963,2.3,Food,Mobile Money,3,10,Occasional Shopper
CUST-06926,26,3.8,1800,2.0,Clothing,Cash,1,4,Occasional Shopper
CUST-06927,26,5.1,19702,1.2,Electronics,Cash,4,4,Occasional Shopper
CUST-06928,32,4.0,43561,20.7,Clothing,Mobile Money,57,4,Loyal Budget Buyer
CUST-06929,35,0.9,31037,2.7,Clothing,Cash,3,13,Occasional Shopper
CUST-06930,28,31.1,70028,11.8,Household,Mobile Money,28,14,Regular Shopper
CUST-06931,31,7.8,686269,10.2,Food,Mobile Money,37,14,Wholesale Buyer
CUST-06932,26,2.1,101863,2.8,Tools,Mobile Money,17,14,Regular Shopper
CUST-06933,36,3.6,29827,18.3,Household,Cash,51,3,Loyal Budget Buyer
CUST-06934,26,4.9,449297,12.7,Household,Cash,34,11,Wholesale Buyer
CUST-06935,29,1.8,27362,2.2,Household,Mobile Money,3,6,Occasional Shopper
CUST-06936,18,1.2,20229,19.5,Food,Cash,51,11,Loyal Budget Buyer
CUST-06937,39,20.8,52474,10.3,Food,Cash,17,10,Regular Shopper
CUST-06938,25,9.5,24975,2.8,Clothing,Mobile Money,3,13,Occasional Shopper
CUST-06939,32,2.7,43365,18.7,Household,Mobile Money,46,8,Loyal Budget Buyer
CUST-06940,38,5.6,302224,11.5,Tools,Mobile Money,43,14,Wholesale Buyer
CUST-06941,50,2.2,41671,15.7,Food,Mobile Money,52,14,Loyal Budget Buyer
CUST-06942,34,8.1,78779,7.8,Tools,Mobile Money,17,5,Regular Shopper
CUST-06943,44,6.1,91808,7.9,Clothing,Cash,23,12,Regular Shopper
CUST-06944,26,6.5,23306,1.4,Clothing,Cash,4,6,Occasional Shopper
CUST-06945,33,0.3,59046,20.8,Clothing,Cash,59,3,Loyal Budget Buyer
CUST-06946,26,2.0,44803,20.6,Electronics,Cash,55,2,Loyal Budget Buyer
CUST-06947,26,1.8,603282,12.4,Electronics,Cash,45,3,Wholesale Buyer
CUST-06948,35,9.8,46876,20.2,Food,Cash,48,2,Loyal Budget Buyer
CUST-06949,36,4.6,26566,21.6,Household,Cash,43,11,Loyal Budget Buyer
CUST-06950,18,10.1,18993,1.2,Clothing,Cash,3,6,Occasional Shopper
CUST-06951,31,0.4,24935,1.9,Clothing,Cash,3,4,Occasional Shopper
CUST-06952,42,2.5,112347,9.1,Household,Cash,18,13,Regular Shopper
CUST-06953,18,2.4,51729,15.6,Electronics,Cash,43,7,Loyal Budget Buyer
CUST-06954,26,12.0,48246,9.3,Clothing,Mobile Money,10,9,Regular Shopper
CUST-06955,39,8.7,532842,12.1,Clothing,Mobile Money,45,11,Wholesale Buyer
CUST-06956,51,0.5,547078,13.2,Clothing,Cash,40,8,Wholesale Buyer
CUST-06957,34,1.0,11555,0.5,Clothing,Cash,2,6,Occasional Shopper
CUST-06958,30,7.5,429195,10.3,Food,Mobile Money,26,3,Wholesale Buyer
CUST-06959,24,3.1,25606,1.7,Electronics,Cash,2,14,Occasional Shopper
CUST-06960,22,1.5,19359,2.4,Clothing,Cash,3,9,Occasional Shopper
CUST-06961,43,5.4,73405,7.3,Clothing,Cash,25,14,Regular Shopper
CUST-06962,36,6.4,11682,1.5,Clothing,Cash,3,10,Occasional Shopper
CUST-06963,19,8.7,24668,2.2,Clothing,Cash,2,2,Occasional Shopper
CUST-06964,18,0.7,18921,1.6,Clothing,Cash,1,11,Occasional Shopper
CUST-06965,47,7.8,37515,26.9,Food,Mobile Money,51,5,Loyal Budget Buyer
CUST-06966,18,2.1,38900,20.8,Clothing,Mobile Money,53,6,Loyal Budget Buyer
CUST-06967,25,8.8,502426,10.0,Tools,Cash,37,7,Wholesale Buyer
CUST-06968,38,13.2,93232,5.4,Food,Mobile Money,8,7,Regular Shopper
CUST-06969,33,4.2,20991,1.2,Electronics,Mobile Money,5,2,Occasional Shopper
CUST-06970,38,1.2,16756,22.7,Tools,Mobile Money,51,13,Loyal Budget Buyer
CUST-06971,28,1.1,67628,4.7,Household,Mobile Money,11,11,Regular Shopper
CUST-06972,26,4.4,60869,6.1,Tools,Cash,28,1,Regular Shopper
CUST-06973,26,6.3,398066,16.0,Tools,Credit,30,14,Wholesale Buyer
CUST-06974,31,1.0,99403,6.6,Household,Mobile Money,23,10,Regular Shopper
CUST-06975,48,17.5,74143,8.0,Clothing,Cash,16,4,Regular Shopper
CUST-06976,18,11.7,91396,5.5,Tools,Mobile Money,18,12,Regular Shopper
CUST-06977,19,3.7,62742,22.4,Household,Cash,63,5,Loyal Budget Buyer
CUST-06978,33,4.2,22724,2.5,Clothing,Cash,4,9,Occasional Shopper
CUST-06979,18,6.0,95185,10.0,Food,Mobile Money,17,11,Regular Shopper
CUST-06980,39,1.0,297116,9.9,Tools,Mobile Money,38,2,Wholesale Buyer
CUST-06981,36,1.6,58852,5.0,Clothing,Mobile Money,17,11,Regular Shopper
CUST-06982,24,10.7,13806,3.0,Clothing,Mobile Money,3,1,Occasional Shopper
CUST-06983,40,9.8,19308,0.5,Clothing,Mobile Money,6,5,Occasional Shopper
CUST-06984,37,14.2,409083,20.6,Tools,Credit,37,12,Wholesale Buyer
CUST-06985,28,6.2,105100,4.1,Food,Credit,18,2,Regular Shopper
CUST-06986,31,1.6,59797,10.0,Food,Mobile Money,14,13,Regular Shopper
CUST-06987,41,0.5,55381,6.0,Household,Mobile Money,14,9,Regular Shopper
CUST-06988,37,16.6,74251,8.3,Electronics,Mobile Money,16,10,Regular Shopper
CUST-06989,46,3.8,581403,18.3,Food,Cash,31,7,Wholesale Buyer
CUST-06990,32,2.2,46009,13.7,Household,Mobile Money,49,14,Loyal Budget Buyer
CUST-06991,24,0.4,23234,7.4,Tools,Mobile Money,15,7,Regular Shopper
CUST-06992,30,2.7,125891,6.4,Clothing,Cash,21,9,Regular Shopper
CUST-06993,33,2.0,89305,5.4,Clothing,Cash,18,8,Regular Shopper
CUST-06994,36,2.7,506033,15.9,Tools,Cash,37,10,Wholesale Buyer
CUST-06995,32,3.5,79411,6.5,Tools,Cash,16,4,Regular Shopper
CUST-06996,18,19.3,646508,16.0,Tools,Mobile Money,37,2,Wholesale Buyer
CUST-06997,40,5.3,21903,0.9,Tools,Cash,3,11,Occasional Shopper
CUST-06998,29,0.9,70757,7.2,Tools,Cash,18,9,Regular Shopper
CUST-06999,40,3.4,378016,13.4,Household,Mobile Money,33,7,Wholesale Buyer
CUST-07000,32,0.2,28317,1.7,Clothing,Mobile Money,2,9,Occasional Shopper
CUST-07001,19,0.5,7409,0.5,Electronics,Cash,5,4,Occasional Shopper
CUST-07002,49,11.2,492737,17.1,Food,Mobile Money,34,14,Wholesale Buyer
CUST-07003,18,5.2,5935,1.0,Tools,Mobile Money,4,10,Occasional Shopper
CUST-07004,25,1.6,86692,6.7,Food,Credit,21,10,Regular Shopper
CUST-07005,43,1.3,441111,12.5,Clothing,Cash,38,1,Wholesale Buyer
CUST-07006,39,4.7,540313,12.8,Tools,Cash,44,10,Wholesale Buyer
CUST-07007,26,7.8,30178,19.5,Clothing,Cash,61,10,Loyal Budget Buyer
CUST-07008,26,0.3,60900,9.8,Food,Mobile Money,27,6,Regular Shopper
CUST-07009,28,3.9,63221,9.2,Food,Credit,27,8,Regular Shopper
CUST-07010,25,10.8,61460,9.6,Electronics,Mobile Money,16,1,Regular Shopper
CUST-07011,21,4.8,25621,16.2,Electronics,Cash,47,11,Loyal Budget Buyer
CUST-07012,36,0.5,40343,22.5,Food,Cash,61,5,Loyal Budget Buyer
CUST-07013,19,5.2,25740,1.7,Clothing,Cash,7,8,Occasional Shopper
CUST-07014,21,0.9,18667,1.8,Tools,Cash,2,7,Occasional Shopper
CUST-07015,28,23.7,40978,15.7,Food,Mobile Money,49,10,Loyal Budget Buyer
CUST-07016,22,16.5,35426,23.0,Food,Cash,57,4,Loyal Budget Buyer
CUST-07017,30,15.1,55306,5.2,Electronics,Cash,18,5,Regular Shopper
CUST-07018,36,3.5,54051,10.4,Household,Cash,14,9,Regular Shopper
CUST-07019,27,10.6,36938,6.2,Food,Cash,17,4,Regular Shopper
CUST-07020,23,6.8,725044,11.8,Tools,Cash,48,7,Wholesale Buyer
CUST-07021,45,2.8,38165,20.9,Food,Cash,60,8,Loyal Budget Buyer
CUST-07022,33,2.7,5757,0.9,Tools,Cash,5,7,Occasional Shopper
CUST-07023,32,3.4,20831,1.1,Electronics,Cash,1,9,Occasional Shopper
CUST-07024,18,6.3,12703,8.6,Tools,Credit,26,3,Regular Shopper
CUST-07025,34,10.8,12340,0.5,Clothing,Mobile Money,3,12,Occasional Shopper
CUST-07026,39,4.0,121238,9.8,Food,Mobile Money,18,1,Regular Shopper
CUST-07027,32,6.8,515202,13.7,Tools,Mobile Money,32,3,Wholesale Buyer
CUST-07028,39,2.2,451858,13.6,Clothing,Cash,39,14,Wholesale Buyer
CUST-07029,20,3.4,57668,10.1,Clothing,Mobile Money,31,12,Regular Shopper
CUST-07030,40,2.3,50430,6.1,Electronics,Mobile Money,14,6,Regular Shopper
CUST-07031,18,19.6,87874,8.9,Clothing,Mobile Money,25,12,Regular Shopper
CUST-07032,48,6.3,310886,17.4,Food,Mobile Money,39,7,Wholesale Buyer
CUST-07033,42,3.0,90685,9.2,Clothing,Cash,18,10,Regular Shopper
CUST-07034,38,15.9,313858,15.7,Food,Mobile Money,31,3,Wholesale Buyer
CUST-07035,48,17.2,7256,21.9,Household,Cash,53,8,Loyal Budget Buyer
CUST-07036,21,5.6,64351,3.3,Tools,Mobile Money,15,6,Regular Shopper
CUST-07037,37,8.2,29291,25.2,Tools,Cash,45,1,Loyal Budget Buyer
CUST-07038,34,6.5,69289,5.4,Household,Cash,15,2,Regular Shopper
CUST-07039,26,1.7,13362,2.4,Electronics,Cash,1,9,Occasional Shopper
CUST-07040,28,6.9,45130,18.9,Food,Mobile Money,59,14,Loyal Budget Buyer
CUST-07041,26,3.1,118763,7.4,Tools,Mobile Money,24,8,Regular Shopper
CUST-07042,27,4.3,482693,11.5,Food,Cash,33,1,Wholesale Buyer
CUST-07043,18,2.1,29546,19.2,Household,Cash,56,10,Loyal Budget Buyer
CUST-07044,35,3.1,549685,13.5,Tools,Credit,33,12,Wholesale Buyer
CUST-07045,42,8.8,581355,16.9,Tools,Cash,47,4,Wholesale Buyer
CUST-07046,32,3.5,19774,1.3,Clothing,Mobile Money,6,9,Occasional Shopper
CUST-07047,35,23.3,380709,13.4,Household,Credit,37,5,Wholesale Buyer
CUST-07048,18,8.8,10730,18.4,Household,Cash,54,10,Loyal Budget Buyer
CUST-07049,43,5.7,85914,5.5,Food,Mobile Money,19,2,Regular Shopper
CUST-07050,26,10.1,41915,23.5,Tools,Cash,52,5,Loyal Budget Buyer
CUST-07051,46,0.3,66026,2.9,Electronics,Mobile Money,26,1,Regular Shopper
CUST-07052,19,4.6,83804,7.7,Clothing,Mobile Money,28,4,Regular Shopper
CUST-07053,46,2.8,28886,17.6,Tools,Cash,49,11,Loyal Budget Buyer
CUST-07054,48,19.3,39747,26.5,Food,Mobile Money,57,10,Loyal Budget Buyer
CUST-07055,22,0.7,15988,0.5,Clothing,Mobile Money,4,12,Occasional Shopper
CUST-07056,35,17.9,558853,6.1,Tools,Mobile Money,36,11,Wholesale Buyer
CUST-07057,40,8.1,7500,5.6,Household,Cash,17,11,Regular Shopper
CUST-07058,26,7.4,39740,18.7,Food,Cash,47,13,Loyal Budget Buyer
CUST-07059,24,1.1,113067,8.1,Tools,Mobile Money,21,7,Regular Shopper
CUST-07060,28,1.0,77232,5.6,Electronics,Cash,29,6,Regular Shopper
CUST-07061,29,2.1,17650,1.8,Tools,Mobile Money,6,1,Occasional Shopper
CUST-07062,23,3.4,63684,5.0,Tools,Credit,19,2,Regular Shopper
CUST-07063,19,1.2,20575,0.6,Clothing,Cash,5,7,Occasional Shopper
CUST-07064,22,9.1,27253,2.0,Household,Cash,2,9,Occasional Shopper
CUST-07065,18,0.8,17046,26.9,Clothing,Cash,48,10,Loyal Budget Buyer
CUST-07066,34,2.4,23094,16.2,Food,Cash,50,13,Loyal Budget Buyer
CUST-07067,35,6.5,493270,13.6,Food,Mobile Money,21,1,Wholesale Buyer
CUST-07068,37,0.8,14194,1.7,Clothing,Cash,1,8,Occasional Shopper
CUST-07069,50,12.0,390910,12.5,Electronics,Cash,36,5,Wholesale Buyer
CUST-07070,37,7.3,107729,8.5,Clothing,Cash,21,13,Regular Shopper
CUST-07071,46,9.7,74623,6.4,Food,Cash,17,9,Regular Shopper
CUST-07072,18,9.5,24773,0.8,Electronics,Credit,6,13,Occasional Shopper
CUST-07073,25,2.5,42868,11.9,Clothing,Cash,56,5,Loyal Budget Buyer
CUST-07074,26,13.8,80386,6.7,Tools,Cash,22,7,Regular Shopper
CUST-07075,31,5.0,72512,8.8,Household,Cash,14,1,Regular Shopper
CUST-07076,35,9.6,21089,1.0,Clothing,Cash,5,2,Occasional Shopper
CUST-07077,42,0.4,13363,2.8,Clothing,Mobile Money,6,13,Occasional Shopper
CUST-07078,21,1.5,8597,2.8,Electronics,Credit,5,13,Occasional Shopper
CUST-07079,18,4.0,68899,6.6,Household,Mobile Money,19,10,Regular Shopper
CUST-07080,23,2.1,19521,2.9,Clothing,Mobile Money,3,13,Occasional Shopper
CUST-07081,29,2.7,98702,4.2,Food,Mobile Money,19,13,Regular Shopper
CUST-07082,37,4.6,20071,1.4,Clothing,Mobile Money,2,3,Occasional Shopper
CUST-07083,51,0.2,19057,23.2,Food,Cash,41,6,Loyal Budget Buyer
CUST-07084,18,2.6,56046,6.6,Food,Cash,16,11,Regular Shopper
CUST-07085,36,0.4,37605,18.6,Household,Cash,52,2,Loyal Budget Buyer
CUST-07086,31,0.9,76044,3.8,Clothing,Cash,18,5,Regular Shopper
CUST-07087,21,2.8,7470,1.7,Clothing,Cash,4,6,Occasional Shopper
CUST-07088,37,1.7,33422,17.5,Clothing,Cash,49,3,Loyal Budget Buyer
CUST-07089,34,0.9,39354,17.9,Clothing,Cash,58,13,Loyal Budget Buyer
CUST-07090,35,13.0,296648,14.8,Food,Mobile Money,35,5,Wholesale Buyer
CUST-07091,21,0.9,40945,22.4,Food,Credit,51,1,Loyal Budget Buyer
CUST-07092,29,0.6,8776,1.1,Clothing,Mobile Money,5,4,Occasional Shopper
CUST-07093,19,1.0,37216,22.4,Food,Cash,42,13,Loyal Budget Buyer
CUST-07094,41,4.2,33909,13.6,Clothing,Mobile Money,58,12,Loyal Budget Buyer
CUST-07095,46,0.8,146173,6.7,Household,Mobile Money,21,4,Regular Shopper
CUST-07096,25,5.8,11572,7.7,Food,Cash,14,9,Regular Shopper
CUST-07097,25,0.7,16546,2.6,Clothing,Mobile Money,1,7,Occasional Shopper
CUST-07098,18,2.6,28118,1.6,Clothing,Mobile Money,2,1,Occasional Shopper
CUST-07099,27,8.6,97142,9.7,Household,Credit,24,9,Regular Shopper
CUST-07100,31,1.3,79421,8.2,Clothing,Credit,24,2,Regular Shopper
CUST-07101,41,3.1,140709,6.2,Food,Cash,18,3,Regular Shopper
CUST-07102,42,5.2,78747,8.9,Clothing,Mobile Money,19,14,Regular Shopper
CUST-07103,41,5.4,90039,8.4,Household,Mobile Money,17,4,Regular Shopper
CUST-07104,23,6.6,30997,0.7,Clothing,Cash,1,12,Occasional Shopper
CUST-07105,19,4.8,28848,16.8,Food,Cash,40,8,Loyal Budget Buyer
CUST-07106,39,11.1,11667,1.1,Tools,Mobile Money,6,12,Occasional Shopper
CUST-07107,29,3.1,54584,21.8,Clothing,Cash,48,9,Loyal Budget Buyer
CUST-07108,37,2.1,77575,10.9,Clothing,Cash,24,4,Regular Shopper
CUST-07109,27,2.0,388691,9.9,Food,Credit,32,13,Wholesale Buyer
CUST-07110,34,1.8,34222,20.8,Clothing,Cash,48,14,Loyal Budget Buyer
CUST-07111,28,6.2,41489,24.6,Food,Cash,47,14,Loyal Budget Buyer
CUST-07112,23,2.6,15141,1.6,Household,Credit,4,13,Occasional Shopper
CUST-07113,37,2.5,21523,21.8,Food,Mobile Money,66,9,Loyal Budget Buyer
CUST-07114,36,0.4,52326,6.0,Clothing,Mobile Money,22,13,Regular Shopper
CUST-07115,37,1.8,7722,2.1,Clothing,Cash,6,6,Occasional Shopper
CUST-07116,41,0.4,539675,13.9,Tools,Mobile Money,34,7,Wholesale Buyer
CUST-07117,52,1.3,582509,18.3,Household,Cash,22,8,Wholesale Buyer
CUST-07118,37,3.5,390844,12.4,Tools,Cash,25,6,Wholesale Buyer
CUST-07119,35,2.9,533971,14.2,Food,Mobile Money,35,8,Wholesale Buyer
CUST-07120,18,5.4,56796,17.9,Household,Cash,52,1,Loyal Budget Buyer
CUST-07121,29,16.4,88133,6.1,Clothing,Mobile Money,14,2,Regular Shopper
CUST-07122,26,2.4,20638,1.1,Electronics,Cash,5,5,Occasional Shopper
CUST-07123,32,1.8,23926,0.5,Clothing,Cash,2,14,Occasional Shopper
CUST-07124,21,5.5,19385,1.6,Clothing,Cash,4,11,Occasional Shopper
CUST-07125,34,4.2,83754,7.3,Clothing,Mobile Money,18,12,Regular Shopper
CUST-07126,33,3.4,29681,1.7,Food,Cash,2,10,Occasional Shopper
CUST-07127,35,9.0,278278,12.2,Food,Mobile Money,33,1,Wholesale Buyer
CUST-07128,46,18.2,30138,7.0,Electronics,Mobile Money,23,5,Regular Shopper
CUST-07129,24,14.0,11128,2.5,Electronics,Cash,2,11,Occasional Shopper
CUST-07130,37,7.0,404194,15.8,Household,Cash,41,5,Wholesale Buyer
CUST-07131,25,0.3,95011,7.1,Clothing,Mobile Money,15,11,Regular Shopper
CUST-07132,33,3.6,13900,0.8,Clothing,Cash,4,2,Occasional Shopper
CUST-07133,37,1.1,17254,1.9,Tools,Cash,4,13,Occasional Shopper
CUST-07134,47,3.1,499667,16.3,Tools,Credit,34,4,Wholesale Buyer
CUST-07135,31,1.3,34836,7.5,Tools,Mobile Money,20,5,Regular Shopper
CUST-07136,40,2.6,51115,22.9,Household,Mobile Money,47,13,Loyal Budget Buyer
CUST-07137,28,5.1,23764,17.3,Clothing,Cash,51,12,Loyal Budget Buyer
CUST-07138,27,17.0,6964,1.4,Tools,Mobile Money,2,13,Occasional Shopper
CUST-07139,28,2.3,80277,7.8,Household,Mobile Money,13,10,Regular Shopper
CUST-07140,44,12.2,51149,5.8,Tools,Mobile Money,13,3,Regular Shopper
CUST-07141,40,3.8,599126,10.0,Electronics,Cash,34,3,Wholesale Buyer
CUST-07142,34,5.2,106207,6.8,Electronics,Mobile Money,17,6,Regular Shopper
CUST-07143,32,4.3,15450,1.3,Clothing,Cash,2,5,Occasional Shopper
CUST-07144,42,5.9,407192,11.5,Food,Cash,35,12,Wholesale Buyer
CUST-07145,51,10.0,150065,5.4,Clothing,Credit,19,1,Regular Shopper
CUST-07146,26,9.9,42973,28.1,Clothing,Mobile Money,51,2,Loyal Budget Buyer
CUST-07147,21,2.6,25726,5.7,Clothing,Mobile Money,18,1,Regular Shopper
CUST-07148,46,12.9,184200,19.3,Food,Credit,33,9,Wholesale Buyer
CUST-07149,31,2.4,14373,1.7,Household,Cash,2,6,Occasional Shopper
CUST-07150,28,5.5,44896,23.7,Tools,Mobile Money,46,13,Loyal Budget Buyer
CUST-07151,29,0.5,679770,10.3,Tools,Cash,41,1,Wholesale Buyer
CUST-07152,26,3.3,81341,6.5,Electronics,Credit,27,9,Regular Shopper
CUST-07153,35,6.5,493606,15.5,Food,Mobile Money,45,14,Wholesale Buyer
CUST-07154,33,1.7,21643,0.5,Clothing,Cash,1,1,Occasional Shopper
CUST-07155,41,1.2,116836,7.3,Food,Cash,28,10,Regular Shopper
CUST-07156,35,5.9,14644,0.9,Food,Cash,4,5,Occasional Shopper
CUST-07157,29,0.9,13979,0.8,Clothing,Cash,4,8,Occasional Shopper
CUST-07158,18,5.4,20069,0.5,Household,Cash,1,5,Occasional Shopper
CUST-07159,18,2.7,22144,0.5,Tools,Cash,2,5,Occasional Shopper
CUST-07160,36,0.6,476464,14.0,Electronics,Cash,38,5,Wholesale Buyer
CUST-07161,24,8.9,24988,1.1,Clothing,Mobile Money,1,5,Occasional Shopper
CUST-07162,43,2.6,440338,12.4,Electronics,Mobile Money,33,6,Wholesale Buyer
CUST-07163,34,1.1,113125,6.1,Food,Credit,21,3,Regular Shopper
CUST-07164,44,2.4,842117,16.8,Tools,Cash,38,2,Wholesale Buyer
CUST-07165,23,2.8,49786,20.5,Food,Mobile Money,51,3,Loyal Budget Buyer
CUST-07166,37,5.2,108524,6.9,Tools,Cash,16,12,Regular Shopper
CUST-07167,31,2.1,27191,21.8,Household,Cash,56,9,Loyal Budget Buyer
CUST-07168,35,5.7,10990,3.4,Clothing,Mobile Money,2,6,Occasional Shopper
CUST-07169,34,2.2,19737,0.6,Electronics,Mobile Money,7,2,Occasional Shopper
CUST-07170,42,4.1,42399,16.4,Household,Cash,46,10,Loyal Budget Buyer
CUST-07171,20,2.4,16392,2.2,Clothing,Cash,3,14,Occasional Shopper
CUST-07172,30,5.8,28852,4.9,Electronics,Cash,14,9,Regular Shopper
CUST-07173,36,6.7,931859,14.0,Tools,Mobile Money,30,10,Wholesale Buyer
CUST-07174,46,2.1,302842,15.0,Household,Mobile Money,36,5,Wholesale Buyer
CUST-07175,42,6.6,201029,9.7,Food,Mobile Money,41,6,Wholesale Buyer
CUST-07176,21,3.8,78582,7.9,Food,Cash,10,7,Regular Shopper
CUST-07177,20,5.5,45070,23.1,Electronics,Cash,44,8,Loyal Budget Buyer
CUST-07178,31,5.9,47485,10.6,Food,Mobile Money,11,6,Regular Shopper
CUST-07179,37,5.4,513580,10.0,Electronics,Credit,30,14,Wholesale Buyer
CUST-07180,18,0.3,20945,2.8,Household,Mobile Money,5,5,Occasional Shopper
CUST-07181,26,4.8,26308,1.9,Electronics,Cash,7,2,Occasional Shopper
CUST-07182,20,1.5,68259,5.9,Electronics,Cash,13,8,Regular Shopper
CUST-07183,49,2.7,444252,11.1,Clothing,Mobile Money,30,6,Wholesale Buyer
CUST-07184,31,9.8,81538,11.6,Electronics,Mobile Money,23,6,Regular Shopper
CUST-07185,40,1.8,676487,14.4,Tools,Credit,29,11,Wholesale Buyer
CUST-07186,23,0.5,119547,7.2,Electronics,Mobile Money,21,2,Regular Shopper
CUST-07187,27,5.0,3904,1.6,Tools,Cash,6,13,Occasional Shopper
CUST-07188,32,5.1,13647,2.3,Clothing,Mobile Money,7,6,Occasional Shopper
CUST-07189,37,0.8,20844,23.7,Food,Mobile Money,50,2,Loyal Budget Buyer
CUST-07190,38,0.3,22410,1.7,Clothing,Cash,8,11,Occasional Shopper
CUST-07191,33,18.7,517983,17.0,Tools,Mobile Money,37,6,Wholesale Buyer
CUST-07192,37,7.7,32906,5.6,Food,Cash,10,14,Regular Shopper
CUST-07193,18,0.4,77160,5.3,Tools,Cash,18,13,Regular Shopper
CUST-07194,26,4.0,19413,2.0,Clothing,Cash,4,13,Occasional Shopper
CUST-07195,39,3.9,49704,20.2,Food,Cash,44,10,Loyal Budget Buyer
CUST-07196,34,11.3,21760,1.8,Tools,Mobile Money,3,8,Occasional Shopper
CUST-07197,41,6.9,36530,16.2,Food,Cash,53,3,Loyal Budget Buyer
CUST-07198,25,3.9,20562,7.5,Food,Cash,19,3,Regular Shopper
CUST-07199,18,3.4,23204,1.7,Clothing,Cash,8,14,Occasional Shopper
CUST-07200,43,4.9,59003,8.1,Household,Cash,24,14,Regular Shopper
CUST-07201,29,1.0,14083,23.4,Food,Cash,43,14,Loyal Budget Buyer
CUST-07202,31,1.7,281422,18.9,Electronics,Mobile Money,34,2,Wholesale Buyer
CUST-07203,36,5.4,230685,13.6,Clothing,Cash,39,13,Wholesale Buyer
CUST-07204,39,10.0,37991,11.6,Food,Cash,54,11,Loyal Budget Buyer
CUST-07205,28,14.8,32574,19.2,Food,Cash,36,9,Loyal Budget Buyer
CUST-07206,26,6.9,43338,21.8,Clothing,Mobile Money,47,3,Loyal Budget Buyer
CUST-07207,26,4.8,12743,19.6,Clothing,Cash,40,14,Loyal Budget Buyer
CUST-07208,18,17.8,74174,4.0,Electronics,Cash,16,1,Regular Shopper
CUST-07209,18,0.4,22053,1.1,Electronics,Cash,3,5,Occasional Shopper
CUST-07210,18,3.3,109575,5.8,Food,Mobile Money,10,7,Regular Shopper
CUST-07211,35,11.7,19229,18.6,Food,Cash,46,11,Loyal Budget Buyer
CUST-07212,45,9.7,314068,14.0,Household,Cash,35,6,Wholesale Buyer
CUST-07213,34,10.9,604454,6.2,Food,Mobile Money,37,13,Wholesale Buyer
CUST-07214,21,2.3,56761,9.0,Tools,Cash,17,9,Regular Shopper
CUST-07215,37,0.4,342693,7.7,Food,Mobile Money,43,3,Wholesale Buyer
CUST-07216,33,7.4,27126,24.7,Electronics,Mobile Money,48,7,Loyal Budget Buyer
CUST-07217,30,9.2,7992,5.4,Food,Mobile Money,14,14,Regular Shopper
CUST-07218,30,1.1,13695,1.2,Clothing,Cash,2,13,Occasional Shopper
CUST-07219,50,5.5,53623,19.0,Household,Cash,50,8,Loyal Budget Buyer
CUST-07220,34,1.3,37575,18.0,Food,Cash,46,7,Loyal Budget Buyer
CUST-07221,29,1.8,14801,26.1,Clothing,Cash,54,6,Loyal Budget Buyer
CUST-07222,20,2.4,152019,8.4,Tools,Cash,19,10,Regular Shopper
CUST-07223,26,2.1,25190,1.1,Clothing,Cash,3,5,Occasional Shopper
CUST-07224,19,11.8,29665,23.0,Tools,Cash,42,6,Loyal Budget Buyer
CUST-07225,20,2.5,8618,1.5,Clothing,Mobile Money,8,6,Occasional Shopper
CUST-07226,27,15.5,48074,22.6,Household,Mobile Money,39,14,Loyal Budget Buyer
CUST-07227,19,6.1,39830,20.8,Food,Cash,45,12,Loyal Budget Buyer
CUST-07228,40,0.8,28911,0.7,Tools,Cash,5,2,Occasional Shopper
CUST-07229,38,3.5,90709,6.8,Food,Cash,20,8,Regular Shopper
CUST-07230,24,1.5,209898,17.1,Household,Mobile Money,47,3,Wholesale Buyer
CUST-07231,38,17.2,421560,12.0,Tools,Cash,44,3,Wholesale Buyer
CUST-07232,27,3.7,65607,7.2,Food,Mobile Money,18,10,Regular Shopper
CUST-07233,22,0.5,18273,1.8,Clothing,Cash,6,10,Occasional Shopper
CUST-07234,34,1.4,23478,1.1,Household,Cash,3,4,Occasional Shopper
CUST-07235,36,9.2,10156,1.7,Clothing,Cash,1,14,Occasional Shopper
CUST-07236,18,2.1,95630,7.7,Clothing,Mobile Money,20,3,Regular Shopper
CUST-07237,36,14.7,112203,9.7,Food,Mobile Money,25,2,Regular Shopper
CUST-07238,37,5.7,33274,19.6,Food,Cash,52,14,Loyal Budget Buyer
CUST-07239,36,3.2,63609,4.9,Electronics,Cash,18,14,Regular Shopper
CUST-07240,31,11.8,24281,23.3,Food,Mobile Money,48,12,Loyal Budget Buyer
CUST-07241,22,2.7,52362,9.6,Clothing,Cash,20,14,Regular Shopper
CUST-07242,20,3.6,13451,0.8,Clothing,Cash,2,12,Occasional Shopper
CUST-07243,40,2.7,51486,22.1,Food,Cash,40,13,Loyal Budget Buyer
CUST-07244,23,2.3,51790,6.6,Food,Cash,20,13,Regular Shopper
CUST-07245,46,1.4,464375,15.7,Food,Cash,37,1,Wholesale Buyer
CUST-07246,34,4.1,935298,13.7,Tools,Cash,32,3,Wholesale Buyer
CUST-07247,48,5.0,25424,19.9,Clothing,Cash,58,3,Loyal Budget Buyer
CUST-07248,34,3.0,368727,17.8,Food,Cash,34,6,Wholesale Buyer
CUST-07249,30,0.9,42923,21.4,Clothing,Mobile Money,59,3,Loyal Budget Buyer
CUST-07250,55,2.2,490431,12.3,Electronics,Credit,36,14,Wholesale Buyer
CUST-07251,23,9.7,27487,1.0,Household,Mobile Money,1,13,Occasional Shopper
CUST-07252,42,8.3,58447,4.4,Food,Mobile Money,21,7,Regular Shopper
CUST-07253,26,0.2,144786,15.2,Tools,Mobile Money,43,4,Wholesale Buyer
CUST-07254,35,5.5,108209,8.7,Household,Mobile Money,22,9,Regular Shopper
CUST-07255,31,2.8,120238,6.4,Tools,Mobile Money,14,9,Regular Shopper
CUST-07256,42,4.1,574829,11.7,Food,Mobile Money,35,1,Wholesale Buyer
CUST-07257,33,0.9,51725,11.0,Food,Cash,59,8,Loyal Budget Buyer
CUST-07258,25,3.6,83985,6.6,Tools,Mobile Money,17,7,Regular Shopper
CUST-07259,33,3.8,28565,0.7,Clothing,Cash,6,11,Occasional Shopper
CUST-07260,38,7.3,61159,4.4,Household,Cash,10,3,Regular Shopper
CUST-07261,22,2.3,8577,1.3,Clothing,Cash,6,8,Occasional Shopper
CUST-07262,24,32.6,27126,0.5,Clothing,Cash,1,8,Occasional Shopper
CUST-07263,18,2.1,25391,1.5,Clothing,Cash,4,3,Occasional Shopper
CUST-07264,32,3.7,71593,9.1,Electronics,Cash,17,6,Regular Shopper
CUST-07265,41,4.2,28807,9.1,Electronics,Mobile Money,18,12,Regular Shopper
CUST-07266,26,15.1,11659,1.3,Clothing,Mobile Money,4,8,Occasional Shopper
CUST-07267,44,3.2,562275,10.5,Food,Credit,38,5,Wholesale Buyer
CUST-07268,38,0.5,12634,1.5,Clothing,Cash,2,2,Occasional Shopper
CUST-07269,39,0.6,113968,4.4,Tools,Mobile Money,19,8,Regular Shopper
CUST-07270,18,12.7,16372,0.8,Electronics,Cash,6,5,Occasional Shopper
CUST-07271,33,4.8,103108,9.1,Electronics,Mobile Money,21,4,Regular Shopper
CUST-07272,23,9.3,20437,0.9,Tools,Mobile Money,5,8,Occasional Shopper
CUST-07273,18,2.4,118368,8.8,Clothing,Mobile Money,20,6,Regular Shopper
CUST-07274,25,0.6,461246,18.8,Food,Mobile Money,41,8,Wholesale Buyer
CUST-07275,29,2.0,15876,2.4,Food,Cash,4,9,Occasional Shopper
CUST-07276,32,2.5,17329,1.5,Clothing,Mobile Money,4,14,Occasional Shopper
CUST-07277,37,5.4,725030,12.0,Tools,Mobile Money,48,11,Wholesale Buyer
CUST-07278,25,0.5,14912,1.0,Clothing,Cash,3,12,Occasional Shopper
CUST-07279,33,4.0,46565,20.2,Food,Cash,42,5,Loyal Budget Buyer
CUST-07280,39,1.1,86489,7.5,Food,Mobile Money,18,5,Regular Shopper
CUST-07281,39,2.4,87180,10.1,Electronics,Credit,17,13,Regular Shopper
CUST-07282,37,2.1,40163,14.1,Food,Mobile Money,51,11,Loyal Budget Buyer
CUST-07283,31,22.0,26902,0.5,Clothing,Cash,4,10,Occasional Shopper
CUST-07284,18,2.9,83547,8.2,Food,Mobile Money,15,7,Regular Shopper
CUST-07285,40,1.9,707875,15.6,Tools,Cash,40,10,Wholesale Buyer
CUST-07286,49,2.0,36860,19.9,Clothing,Mobile Money,61,8,Loyal Budget Buyer
CUST-07287,39,3.7,58697,16.8,Food,Cash,40,1,Loyal Budget Buyer
CUST-07288,34,1.6,742113,10.1,Food,Credit,36,1,Wholesale Buyer
CUST-07289,18,1.4,86384,8.4,Clothing,Mobile Money,18,8,Regular Shopper
CUST-07290,27,3.8,23575,23.5,Clothing,Cash,34,13,Loyal Budget Buyer
CUST-07291,38,5.0,85067,7.4,Tools,Cash,19,11,Regular Shopper
CUST-07292,32,2.1,60412,5.9,Clothing,Mobile Money,15,11,Regular Shopper
CUST-07293,23,2.0,28850,2.3,Tools,Cash,6,9,Occasional Shopper
CUST-07294,29,3.9,51088,7.0,Household,Mobile Money,20,4,Regular Shopper
CUST-07295,22,0.3,110062,4.2,Household,Cash,20,7,Regular Shopper
CUST-07296,29,0.4,94269,8.6,Clothing,Cash,8,6,Regular Shopper
CUST-07297,34,14.5,17462,20.7,Food,Cash,47,5,Loyal Budget Buyer
CUST-07298,32,15.7,26183,1.5,Clothing,Mobile Money,6,2,Occasional Shopper
CUST-07299,30,0.8,89934,6.1,Clothing,Mobile Money,27,4,Regular Shopper
CUST-07300,36,1.0,71022,7.9,Electronics,Mobile Money,16,2,Regular Shopper
CUST-07301,31,15.4,29352,6.4,Food,Mobile Money,17,1,Regular Shopper
CUST-07302,26,5.0,20804,1.6,Clothing,Cash,4,11,Occasional Shopper
CUST-07303,22,5.0,87784,5.8,Food,Mobile Money,25,5,Regular Shopper
CUST-07304,35,3.2,81372,9.7,Food,Cash,19,7,Regular Shopper
CUST-07305,23,4.3,17749,2.4,Household,Mobile Money,6,4,Occasional Shopper
CUST-07306,21,6.2,41688,23.8,Household,Cash,51,12,Loyal Budget Buyer
CUST-07307,37,6.2,437820,10.9,Food,Mobile Money,29,1,Wholesale Buyer
CUST-07308,36,1.8,46143,9.0,Food,Mobile Money,20,7,Regular Shopper
CUST-07309,29,1.4,38163,7.8,Tools,Mobile Money,22,1,Regular Shopper
CUST-07310,29,0.8,8770,1.7,Electronics,Mobile Money,4,11,Occasional Shopper
CUST-07311,23,0.5,63440,7.4,Food,Cash,13,10,Regular Shopper
CUST-07312,42,4.9,568162,14.0,Tools,Cash,43,2,Wholesale Buyer
CUST-07313,47,6.9,96899,9.3,Clothing,Cash,21,8,Regular Shopper
CUST-07314,19,4.4,6072,0.9,Clothing,Cash,4,12,Occasional Shopper
CUST-07315,19,2.5,39299,20.3,Food,Cash,47,6,Loyal Budget Buyer
CUST-07316,18,4.6,79812,6.3,Clothing,Cash,16,14,Regular Shopper
CUST-07317,29,11.5,70640,6.9,Clothing,Mobile Money,9,4,Regular Shopper
CUST-07318,39,2.7,4728,28.0,Household,Cash,54,2,Loyal Budget Buyer
CUST-07319,26,2.4,3304,0.5,Electronics,Cash,4,10,Occasional Shopper
CUST-07320,36,8.0,85200,7.4,Clothing,Mobile Money,16,13,Regular Shopper
CUST-07321,19,1.4,54822,7.3,Food,Mobile Money,17,2,Regular Shopper
CUST-07322,27,3.3,11894,1.2,Electronics,Mobile Money,2,13,Occasional Shopper
CUST-07323,43,3.5,448969,11.3,Tools,Cash,42,3,Wholesale Buyer
CUST-07324,21,2.0,16567,0.5,Clothing,Cash,7,2,Occasional Shopper
CUST-07325,36,11.3,29362,17.1,Food,Cash,56,7,Loyal Budget Buyer
CUST-07326,28,7.7,120089,8.1,Electronics,Mobile Money,14,10,Regular Shopper
CUST-07327,41,5.9,510317,9.8,Electronics,Cash,37,8,Wholesale Buyer
CUST-07328,41,0.4,681207,16.1,Food,Cash,33,11,Wholesale Buyer
CUST-07329,19,4.8,14280,3.2,Electronics,Mobile Money,7,9,Occasional Shopper
CUST-07330,43,0.5,605703,10.3,Food,Cash,30,2,Wholesale Buyer
CUST-07331,39,4.6,587896,8.4,Tools,Credit,30,8,Wholesale Buyer
CUST-07332,28,9.5,110797,5.8,Electronics,Mobile Money,20,12,Regular Shopper
CUST-07333,31,5.5,16723,24.4,Food,Cash,53,2,Loyal Budget Buyer
CUST-07334,38,6.1,22915,1.9,Food,Cash,1,1,Occasional Shopper
CUST-07335,30,1.2,24564,23.6,Food,Mobile Money,80,8,Loyal Budget Buyer
CUST-07336,31,9.7,105187,7.1,Clothing,Cash,21,13,Regular Shopper
CUST-07337,29,4.7,32080,26.5,Household,Credit,60,5,Loyal Budget Buyer
CUST-07338,28,0.5,14451,0.6,Clothing,Cash,1,14,Occasional Shopper
CUST-07339,35,4.2,115888,6.4,Tools,Mobile Money,25,3,Regular Shopper
CUST-07340,37,4.6,14646,17.7,Household,Cash,44,14,Loyal Budget Buyer
CUST-07341,39,0.6,6807,0.9,Clothing,Cash,3,2,Occasional Shopper
CUST-07342,29,2.9,120126,6.0,Food,Cash,21,1,Regular Shopper
CUST-07343,33,1.2,540669,18.1,Tools,Mobile Money,27,7,Wholesale Buyer
CUST-07344,35,7.0,14390,2.3,Clothing,Cash,2,5,Occasional Shopper
CUST-07345,18,0.5,48466,11.2,Clothing,Mobile Money,27,6,Regular Shopper
CUST-07346,40,2.6,623245,9.0,Electronics,Mobile Money,31,3,Wholesale Buyer
CUST-07347,19,3.6,19508,0.6,Electronics,Mobile Money,4,14,Occasional Shopper
CUST-07348,18,2.3,10217,1.9,Food,Cash,2,6,Occasional Shopper
CUST-07349,18,1.5,83290,5.2,Electronics,Mobile Money,12,12,Regular Shopper
CUST-07350,28,4.9,28206,2.3,Clothing,Mobile Money,9,10,Occasional Shopper
CUST-07351,20,2.0,18958,1.8,Clothing,Cash,1,6,Occasional Shopper
CUST-07352,32,7.9,12978,2.2,Electronics,Mobile Money,3,3,Occasional Shopper
CUST-07353,38,0.6,121271,5.5,Clothing,Credit,18,13,Regular Shopper
CUST-07354,32,6.6,11791,1.3,Clothing,Mobile Money,3,3,Occasional Shopper
CUST-07355,42,3.7,577566,17.4,Food,Mobile Money,42,6,Wholesale Buyer
CUST-07356,18,21.2,24514,2.4,Food,Mobile Money,5,3,Occasional Shopper
CUST-07357,27,0.7,21820,22.5,Food,Mobile Money,56,13,Loyal Budget Buyer
CUST-07358,40,7.9,65848,6.9,Electronics,Mobile Money,16,13,Regular Shopper
CUST-07359,34,16.8,104204,8.2,Clothing,Mobile Money,23,11,Regular Shopper
CUST-07360,26,8.4,23973,1.5,Tools,Cash,1,4,Occasional Shopper
CUST-07361,36,1.0,28466,17.3,Tools,Cash,48,3,Loyal Budget Buyer
CUST-07362,18,18.9,85972,2.2,Clothing,Mobile Money,19,14,Regular Shopper
CUST-07363,18,3.2,79880,4.9,Tools,Mobile Money,11,3,Regular Shopper
CUST-07364,34,1.9,41482,27.7,Household,Mobile Money,46,8,Loyal Budget Buyer
CUST-07365,31,5.0,98987,9.6,Tools,Mobile Money,19,12,Regular Shopper
CUST-07366,41,6.9,393487,11.8,Food,Cash,37,14,Wholesale Buyer
CUST-07367,36,2.8,616256,17.2,Household,Credit,32,14,Wholesale Buyer
CUST-07368,21,1.5,111903,8.0,Food,Mobile Money,25,8,Regular Shopper
CUST-07369,36,14.1,3500,28.6,Clothing,Cash,49,14,Loyal Budget Buyer
CUST-07370,25,4.2,70860,8.7,Electronics,Mobile Money,20,1,Regular Shopper
CUST-07371,42,2.6,469261,13.3,Tools,Mobile Money,46,7,Wholesale Buyer
CUST-07372,27,8.2,118253,7.8,Food,Mobile Money,20,2,Regular Shopper
CUST-07373,20,0.3,25219,21.2,Food,Cash,51,8,Loyal Budget Buyer
CUST-07374,26,2.7,61401,3.9,Food,Cash,25,4,Regular Shopper
CUST-07375,31,5.3,35889,16.6,Food,Cash,55,8,Loyal Budget Buyer
CUST-07376,40,12.3,40027,21.5,Clothing,Cash,46,4,Loyal Budget Buyer
CUST-07377,22,1.1,16625,2.5,Household,Cash,5,5,Occasional Shopper
CUST-07378,19,3.7,81271,12.7,Electronics,Mobile Money,14,7,Regular Shopper
CUST-07379,38,2.3,331117,14.9,Tools,Cash,50,7,Wholesale Buyer
CUST-07380,37,2.0,15051,1.6,Clothing,Credit,5,12,Occasional Shopper
CUST-07381,18,11.8,8519,2.2,Household,Mobile Money,8,12,Occasional Shopper
CUST-07382,41,5.6,38655,10.5,Tools,Cash,14,7,Regular Shopper
CUST-07383,23,2.4,9603,0.5,Household,Cash,4,11,Occasional Shopper
CUST-07384,31,1.8,13806,0.5,Clothing,Mobile Money,5,4,Occasional Shopper
CUST-07385,53,10.5,469963,9.2,Electronics,Cash,30,9,Wholesale Buyer
CUST-07386,43,1.3,79523,9.1,Household,Cash,12,10,Regular Shopper
CUST-07387,36,2.5,48509,17.5,Clothing,Mobile Money,43,9,Loyal Budget Buyer
CUST-07388,30,12.7,10976,1.4,Clothing,Mobile Money,3,10,Occasional Shopper
CUST-07389,43,11.8,96531,6.9,Food,Cash,14,6,Regular Shopper
CUST-07390,18,11.4,126764,5.9,Food,Credit,10,1,Regular Shopper
CUST-07391,54,8.2,21678,21.3,Food,Cash,46,13,Loyal Budget Buyer
CUST-07392,30,7.2,539413,15.6,Food,Cash,36,5,Wholesale Buyer
CUST-07393,30,0.7,65582,7.9,Food,Mobile Money,19,14,Regular Shopper
CUST-07394,36,2.8,34541,10.0,Food,Cash,45,11,Loyal Budget Buyer
CUST-07395,31,5.7,64686,4.8,Clothing,Credit,23,13,Regular Shopper
CUST-07396,28,5.2,84756,6.8,Tools,Cash,25,12,Regular Shopper
CUST-07397,41,7.8,35895,5.5,Food,Cash,18,9,Regular Shopper
CUST-07398,31,6.2,30190,1.3,Electronics,Mobile Money,7,6,Occasional Shopper
CUST-07399,20,3.5,22224,1.5,Electronics,Cash,4,2,Occasional Shopper
CUST-07400,39,0.6,77545,11.2,Clothing,Cash,16,10,Regular Shopper
CUST-07401,27,2.0,16137,2.9,Clothing,Mobile Money,3,8,Occasional Shopper
CUST-07402,18,8.5,8900,1.4,Food,Mobile Money,6,1,Occasional Shopper
CUST-07403,39,14.5,454847,12.1,Clothing,Mobile Money,37,1,Wholesale Buyer
CUST-07404,32,0.9,17980,22.1,Food,Mobile Money,54,4,Loyal Budget Buyer
CUST-07405,27,11.9,99374,7.8,Clothing,Cash,17,10,Regular Shopper
CUST-07406,25,0.8,49772,19.3,Household,Cash,60,2,Loyal Budget Buyer
CUST-07407,36,5.8,34233,7.0,Clothing,Mobile Money,8,2,Regular Shopper
CUST-07408,35,2.0,22264,11.3,Household,Credit,47,14,Loyal Budget Buyer
CUST-07409,18,3.0,14639,1.8,Household,Cash,1,6,Occasional Shopper
CUST-07410,18,2.8,8180,1.9,Food,Cash,3,13,Occasional Shopper
CUST-07411,22,2.8,25730,1.1,Clothing,Mobile Money,8,10,Occasional Shopper
CUST-07412,40,1.4,40779,25.1,Food,Cash,51,6,Loyal Budget Buyer
CUST-07413,27,28.6,34393,0.6,Electronics,Cash,2,11,Occasional Shopper
CUST-07414,18,10.2,9009,0.8,Tools,Mobile Money,2,12,Occasional Shopper
CUST-07415,23,5.1,19457,2.0,Clothing,Cash,5,2,Occasional Shopper
CUST-07416,30,0.5,16571,1.3,Clothing,Mobile Money,5,8,Occasional Shopper
CUST-07417,32,5.1,42381,14.8,Electronics,Mobile Money,48,7,Loyal Budget Buyer
CUST-07418,37,4.3,24249,15.4,Food,Cash,55,10,Loyal Budget Buyer
CUST-07419,20,2.0,119622,4.7,Tools,Cash,18,13,Regular Shopper
CUST-07420,48,17.1,72989,5.0,Clothing,Cash,20,3,Regular Shopper
CUST-07421,40,2.1,23771,2.0,Clothing,Cash,5,5,Occasional Shopper
CUST-07422,45,4.0,360495,13.0,Tools,Credit,35,5,Wholesale Buyer
CUST-07423,47,1.8,509174,10.2,Household,Mobile Money,31,14,Wholesale Buyer
CUST-07424,42,5.0,127015,6.5,Tools,Cash,15,13,Regular Shopper
CUST-07425,28,0.6,20421,0.9,Food,Mobile Money,2,13,Occasional Shopper
CUST-07426,36,19.5,167972,11.8,Food,Cash,38,2,Wholesale Buyer
CUST-07427,43,3.2,74834,5.9,Electronics,Cash,20,9,Regular Shopper
CUST-07428,20,1.1,9364,3.1,Clothing,Mobile Money,1,8,Occasional Shopper
CUST-07429,18,4.9,81521,5.3,Clothing,Credit,20,8,Regular Shopper
CUST-07430,18,2.3,64819,4.5,Electronics,Cash,24,11,Regular Shopper
CUST-07431,35,3.6,18378,1.4,Clothing,Mobile Money,8,12,Occasional Shopper
CUST-07432,28,5.7,60087,3.4,Food,Mobile Money,17,13,Regular Shopper
CUST-07433,18,0.4,55132,5.5,Food,Mobile Money,18,1,Regular Shopper
CUST-07434,26,17.9,87324,10.5,Clothing,Cash,29,9,Regular Shopper
CUST-07435,42,1.0,24291,0.7,Clothing,Cash,4,14,Occasional Shopper
CUST-07436,29,0.2,84713,5.8,Clothing,Cash,17,2,Regular Shopper
CUST-07437,38,2.0,24768,1.7,Clothing,Cash,4,8,Occasional Shopper
CUST-07438,39,1.7,31397,19.5,Electronics,Mobile Money,55,4,Loyal Budget Buyer
CUST-07439,28,2.6,65517,5.9,Tools,Mobile Money,17,12,Regular Shopper
CUST-07440,20,6.5,19061,1.1,Clothing,Cash,3,14,Occasional Shopper
CUST-07441,25,8.1,59780,21.5,Clothing,Cash,50,1,Loyal Budget Buyer
CUST-07442,22,0.2,38534,12.6,Food,Cash,54,9,Loyal Budget Buyer
CUST-07443,22,3.7,31278,17.6,Clothing,Cash,58,7,Loyal Budget Buyer
CUST-07444,43,4.9,5377,1.6,Food,Credit,3,13,Occasional Shopper
CUST-07445,18,13.4,480556,12.4,Food,Cash,34,8,Wholesale Buyer
CUST-07446,42,3.6,26794,1.2,Clothing,Cash,5,12,Occasional Shopper
CUST-07447,30,16.2,36782,3.4,Clothing,Cash,7,14,Occasional Shopper
CUST-07448,38,4.3,27731,19.2,Tools,Cash,45,3,Loyal Budget Buyer
CUST-07449,39,7.4,260998,10.8,Food,Mobile Money,35,3,Wholesale Buyer
CUST-07450,41,1.6,25938,1.7,Clothing,Cash,8,7,Occasional Shopper
CUST-07451,34,0.5,21499,19.9,Household,Cash,46,13,Loyal Budget Buyer
CUST-07452,30,1.7,26154,18.6,Food,Mobile Money,54,5,Loyal Budget Buyer
CUST-07453,18,1.2,46911,24.3,Clothing,Cash,41,5,Loyal Budget Buyer
CUST-07454,21,7.0,20869,21.3,Food,Cash,36,5,Loyal Budget Buyer
CUST-07455,28,2.5,22250,1.5,Clothing,Cash,3,14,Occasional Shopper
CUST-07456,53,0.9,61053,22.1,Household,Cash,46,2,Loyal Budget Buyer
CUST-07457,30,4.2,593747,12.2,Clothing,Credit,36,13,Wholesale Buyer
CUST-07458,21,5.6,70531,6.0,Clothing,Mobile Money,22,13,Regular Shopper
CUST-07459,40,1.3,38615,8.6,Food,Cash,17,8,Regular Shopper
CUST-07460,39,2.7,2888,0.5,Household,Mobile Money,7,9,Occasional Shopper
CUST-07461,33,0.3,636841,10.4,Clothing,Cash,24,8,Wholesale Buyer
CUST-07462,18,3.6,28891,5.7,Electronics,Mobile Money,17,11,Regular Shopper
CUST-07463,39,23.2,1800,0.6,Clothing,Cash,2,10,Occasional Shopper
CUST-07464,42,0.6,524800,10.7,Food,Cash,36,6,Wholesale Buyer
CUST-07465,43,4.8,44703,21.2,Household,Mobile Money,53,12,Loyal Budget Buyer
CUST-07466,19,0.8,613629,14.9,Tools,Cash,36,1,Wholesale Buyer
CUST-07467,30,1.4,465506,14.9,Food,Mobile Money,41,3,Wholesale Buyer
CUST-07468,33,4.8,474268,18.7,Food,Credit,37,1,Wholesale Buyer
CUST-07469,22,0.8,73269,7.5,Household,Cash,22,7,Regular Shopper
CUST-07470,44,3.0,42374,7.3,Electronics,Cash,25,11,Regular Shopper
CUST-07471,34,3.4,12526,1.0,Household,Cash,3,7,Occasional Shopper
CUST-07472,33,2.8,451328,8.1,Food,Cash,30,9,Wholesale Buyer
CUST-07473,43,1.4,452831,14.8,Clothing,Mobile Money,38,7,Wholesale Buyer
CUST-07474,32,3.0,14946,16.6,Food,Mobile Money,44,4,Loyal Budget Buyer
CUST-07475,24,23.5,13703,1.6,Electronics,Mobile Money,4,13,Occasional Shopper
CUST-07476,52,0.8,575421,9.2,Tools,Cash,41,3,Wholesale Buyer
CUST-07477,27,3.0,547554,9.8,Food,Credit,33,3,Wholesale Buyer
CUST-07478,53,2.8,80618,6.2,Food,Mobile Money,13,5,Regular Shopper
CUST-07479,39,9.5,296622,18.3,Electronics,Cash,33,3,Wholesale Buyer
CUST-07480,19,10.6,16992,16.3,Food,Cash,46,6,Loyal Budget Buyer
CUST-07481,27,4.1,18832,0.5,Electronics,Cash,4,7,Occasional Shopper
CUST-07482,33,9.5,94137,6.7,Tools,Cash,12,4,Regular Shopper
CUST-07483,28,0.2,415231,12.6,Clothing,Mobile Money,28,1,Wholesale Buyer
CUST-07484,37,21.8,264683,10.9,Food,Credit,35,13,Wholesale Buyer
CUST-07485,33,5.8,43258,22.4,Food,Mobile Money,49,13,Loyal Budget Buyer
CUST-07486,31,6.5,16421,1.7,Food,Cash,5,8,Occasional Shopper
CUST-07487,36,3.6,63480,7.4,Household,Credit,15,11,Regular Shopper
CUST-07488,18,8.3,55925,5.7,Tools,Mobile Money,15,4,Regular Shopper
CUST-07489,22,2.8,34955,2.4,Household,Cash,3,6,Occasional Shopper
CUST-07490,39,4.1,6076,28.2,Clothing,Mobile Money,53,9,Loyal Budget Buyer
CUST-07491,21,8.5,21162,1.4,Clothing,Mobile Money,4,12,Occasional Shopper
CUST-07492,25,0.3,50715,19.3,Food,Cash,46,8,Loyal Budget Buyer
CUST-07493,39,2.2,20820,0.6,Food,Cash,1,14,Occasional Shopper
CUST-07494,31,6.5,31236,23.3,Food,Cash,49,7,Loyal Budget Buyer
CUST-07495,44,5.6,39429,9.0,Tools,Credit,11,12,Regular Shopper
CUST-07496,31,6.3,576898,9.2,Tools,Cash,39,11,Wholesale Buyer
CUST-07497,28,9.7,69039,4.6,Food,Mobile Money,19,12,Regular Shopper
CUST-07498,45,12.4,51681,8.0,Tools,Mobile Money,23,6,Regular Shopper
CUST-07499,36,18.4,22635,19.5,Food,Cash,48,13,Loyal Budget Buyer
CUST-07500,44,1.8,41088,21.1,Food,Cash,47,14,Loyal Budget Buyer
CUST-07501,34,1.4,22236,18.0,Food,Cash,41,4,Loyal Budget Buyer
CUST-07502,24,1.0,36206,14.9,Household,Cash,49,2,Loyal Budget Buyer
CUST-07503,18,2.8,13498,1.2,Electronics,Cash,3,3,Occasional Shopper
CUST-07504,18,3.6,14877,2.2,Clothing,Mobile Money,5,8,Occasional Shopper
CUST-07505,39,3.8,96760,6.8,Tools,Credit,20,6,Regular Shopper
CUST-07506,18,16.0,111473,6.1,Household,Cash,16,5,Regular Shopper
CUST-07507,45,12.6,27247,13.1,Tools,Cash,46,1,Loyal Budget Buyer
CUST-07508,30,3.1,45213,21.9,Electronics,Mobile Money,51,1,Loyal Budget Buyer
CUST-07509,18,9.2,19369,2.2,Clothing,Cash,3,13,Occasional Shopper
CUST-07510,26,4.4,37159,16.4,Food,Cash,50,11,Loyal Budget Buyer
CUST-07511,24,1.4,34934,16.2,Food,Cash,58,14,Loyal Budget Buyer
CUST-07512,24,0.8,16976,2.8,Clothing,Cash,8,3,Occasional Shopper
CUST-07513,21,2.7,50411,6.5,Food,Mobile Money,23,7,Regular Shopper
CUST-07514,18,3.0,40954,7.7,Food,Cash,17,5,Regular Shopper
CUST-07515,27,7.1,35760,17.6,Food,Mobile Money,49,8,Loyal Budget Buyer
CUST-07516,44,5.7,39750,17.1,Food,Mobile Money,46,3,Loyal Budget Buyer
CUST-07517,25,1.5,66834,6.3,Food,Mobile Money,14,1,Regular Shopper
CUST-07518,40,5.0,67207,7.4,Food,Cash,25,6,Regular Shopper
CUST-07519,28,1.6,20174,3.0,Food,Cash,4,9,Occasional Shopper
CUST-07520,37,6.4,466747,15.5,Food,Cash,28,3,Wholesale Buyer
CUST-07521,51,1.8,380353,13.3,Tools,Mobile Money,36,2,Wholesale Buyer
CUST-07522,35,1.5,68328,8.9,Food,Mobile Money,16,5,Regular Shopper
CUST-07523,37,13.3,11329,1.6,Clothing,Mobile Money,6,6,Occasional Shopper
CUST-07524,24,5.4,25301,7.6,Food,Mobile Money,24,10,Regular Shopper
CUST-07525,39,0.4,398923,9.4,Food,Credit,45,5,Wholesale Buyer
CUST-07526,37,1.7,19442,7.0,Food,Cash,10,7,Regular Shopper
CUST-07527,27,1.5,89120,8.4,Food,Mobile Money,16,13,Regular Shopper
CUST-07528,25,4.7,6566,2.3,Household,Cash,3,2,Occasional Shopper
CUST-07529,28,0.4,25976,2.4,Clothing,Mobile Money,4,13,Occasional Shopper
CUST-07530,41,3.3,502883,17.6,Food,Credit,44,9,Wholesale Buyer
CUST-07531,33,17.5,46748,23.6,Electronics,Mobile Money,42,7,Loyal Budget Buyer
CUST-07532,36,3.6,24338,1.4,Food,Mobile Money,1,1,Occasional Shopper
CUST-07533,18,4.0,30405,19.7,Food,Cash,47,2,Loyal Budget Buyer
CUST-07534,30,5.0,22193,1.0,Food,Cash,5,13,Occasional Shopper
CUST-07535,24,10.8,22971,8.4,Clothing,Cash,7,8,Regular Shopper
CUST-07536,38,3.8,39738,23.9,Tools,Cash,60,4,Loyal Budget Buyer
CUST-07537,27,0.8,23673,1.2,Clothing,Mobile Money,2,5,Occasional Shopper
CUST-07538,34,8.1,720089,18.3,Clothing,Cash,38,4,Wholesale Buyer
CUST-07539,33,0.7,4228,1.8,Food,Cash,2,4,Occasional Shopper
CUST-07540,43,2.5,620645,16.7,Tools,Mobile Money,26,4,Wholesale Buyer
CUST-07541,29,2.7,42513,6.9,Food,Cash,22,5,Regular Shopper
CUST-07542,35,0.4,15301,9.5,Electronics,Mobile Money,15,11,Regular Shopper
CUST-07543,18,1.7,19574,1.5,Food,Cash,5,5,Occasional Shopper
CUST-07544,27,0.8,45041,19.5,Household,Cash,46,1,Loyal Budget Buyer
CUST-07545,18,3.0,81637,7.9,Electronics,Mobile Money,23,1,Regular Shopper
CUST-07546,45,2.1,20900,22.9,Food,Cash,40,8,Loyal Budget Buyer
CUST-07547,18,2.3,18492,0.8,Clothing,Cash,1,4,Occasional Shopper
CUST-07548,52,8.1,50510,8.9,Clothing,Cash,54,1,Loyal Budget Buyer
CUST-07549,25,0.9,707477,7.7,Clothing,Mobile Money,29,4,Wholesale Buyer
CUST-07550,33,4.7,47712,6.9,Food,Mobile Money,20,8,Regular Shopper
CUST-07551,35,1.6,97784,8.2,Food,Cash,23,12,Regular Shopper
CUST-07552,23,5.4,11305,1.8,Clothing,Cash,3,14,Occasional Shopper
CUST-07553,18,1.3,40549,20.2,Clothing,Mobile Money,55,13,Loyal Budget Buyer
CUST-07554,49,15.5,478446,8.3,Food,Cash,31,3,Wholesale Buyer
CUST-07555,50,3.7,37300,18.9,Household,Cash,43,6,Loyal Budget Buyer
CUST-07556,34,0.7,56378,4.9,Food,Cash,18,5,Regular Shopper
CUST-07557,31,2.0,70797,6.3,Clothing,Credit,25,4,Regular Shopper
CUST-07558,47,5.2,270732,12.0,Tools,Cash,29,11,Wholesale Buyer
CUST-07559,32,14.2,27751,21.8,Food,Mobile Money,53,14,Loyal Budget Buyer
CUST-07560,41,2.3,250856,4.0,Tools,Cash,33,13,Wholesale Buyer
CUST-07561,46,3.1,53729,9.1,Tools,Credit,4,5,Regular Shopper
CUST-07562,41,2.1,581651,14.0,Food,Cash,26,13,Wholesale Buyer
CUST-07563,31,1.0,49879,21.8,Clothing,Cash,41,13,Loyal Budget Buyer
CUST-07564,33,16.7,612830,10.9,Clothing,Cash,39,6,Wholesale Buyer
CUST-07565,38,4.5,100650,8.3,Food,Cash,14,11,Regular Shopper
CUST-07566,35,6.0,18050,18.7,Food,Cash,44,11,Loyal Budget Buyer
CUST-07567,37,4.2,883293,17.3,Food,Mobile Money,30,1,Wholesale Buyer
CUST-07568,32,8.0,34614,22.8,Clothing,Cash,46,12,Loyal Budget Buyer
CUST-07569,45,1.7,657505,14.8,Household,Credit,32,1,Wholesale Buyer
CUST-07570,28,7.9,26559,5.8,Food,Mobile Money,13,4,Regular Shopper
CUST-07571,22,10.0,589916,20.5,Clothing,Cash,35,3,Wholesale Buyer
CUST-07572,25,14.1,19748,0.9,Household,Credit,4,10,Occasional Shopper
CUST-07573,22,3.8,29049,1.8,Tools,Mobile Money,1,9,Occasional Shopper
CUST-07574,28,6.3,110765,9.4,Food,Credit,20,2,Regular Shopper
CUST-07575,30,0.9,34211,23.3,Food,Cash,43,7,Loyal Budget Buyer
CUST-07576,50,6.3,640615,16.3,Food,Cash,40,7,Wholesale Buyer
CUST-07577,22,7.6,17077,3.1,Clothing,Mobile Money,4,3,Occasional Shopper
CUST-07578,34,0.8,438103,16.4,Tools,Cash,33,11,Wholesale Buyer
CUST-07579,28,5.1,107200,11.6,Food,Mobile Money,20,12,Regular Shopper
CUST-07580,27,4.9,118224,4.7,Food,Cash,16,11,Regular Shopper
CUST-07581,32,2.8,96328,6.5,Clothing,Mobile Money,16,7,Regular Shopper
CUST-07582,48,8.1,116684,10.1,Electronics,Mobile Money,13,11,Regular Shopper
CUST-07583,48,11.2,551533,20.5,Food,Mobile Money,27,5,Wholesale Buyer
CUST-07584,29,4.4,104426,8.9,Food,Mobile Money,15,7,Regular Shopper
CUST-07585,34,2.1,455723,13.1,Household,Mobile Money,23,2,Wholesale Buyer
CUST-07586,31,0.4,42241,23.5,Food,Cash,58,6,Loyal Budget Buyer
CUST-07587,35,7.9,108770,7.9,Food,Cash,13,5,Regular Shopper
CUST-07588,35,3.6,8330,1.8,Food,Mobile Money,2,4,Occasional Shopper
CUST-07589,29,1.2,37336,17.9,Food,Cash,48,10,Loyal Budget Buyer
CUST-07590,36,5.9,103666,9.0,Electronics,Mobile Money,18,6,Regular Shopper
CUST-07591,53,11.6,91603,4.9,Electronics,Mobile Money,12,7,Regular Shopper
CUST-07592,18,6.5,92337,4.2,Clothing,Credit,18,8,Regular Shopper
CUST-07593,32,5.6,100076,8.9,Electronics,Mobile Money,25,3,Regular Shopper
CUST-07594,28,0.6,72434,9.5,Tools,Cash,22,14,Regular Shopper
CUST-07595,18,4.6,16734,0.8,Household,Credit,3,4,Occasional Shopper
CUST-07596,18,0.7,6367,0.9,Clothing,Cash,6,5,Occasional Shopper
CUST-07597,34,11.5,15398,0.5,Electronics,Credit,3,12,Occasional Shopper
CUST-07598,42,9.0,51244,13.0,Food,Cash,36,11,Loyal Budget Buyer
CUST-07599,41,3.7,145497,4.9,Clothing,Cash,17,7,Regular Shopper
CUST-07600,37,1.5,41666,7.4,Clothing,Cash,16,2,Regular Shopper
CUST-07601,37,12.6,43619,8.5,Household,Cash,21,11,Regular Shopper
CUST-07602,28,17.0,32194,8.6,Electronics,Cash,19,5,Regular Shopper
CUST-07603,22,17.6,14726,2.3,Tools,Cash,2,9,Occasional Shopper
CUST-07604,29,12.0,102705,7.0,Clothing,Mobile Money,19,9,Regular Shopper
CUST-07605,24,4.3,15775,2.5,Household,Cash,1,14,Occasional Shopper
CUST-07606,18,6.1,50930,17.6,Electronics,Cash,63,4,Loyal Budget Buyer
CUST-07607,36,2.7,89075,6.1,Electronics,Cash,22,10,Regular Shopper
CUST-07608,33,1.7,36654,18.1,Food,Cash,42,1,Loyal Budget Buyer
CUST-07609,23,0.9,14421,1.3,Electronics,Cash,4,1,Occasional Shopper
CUST-07610,24,4.2,76244,4.3,Household,Cash,15,10,Regular Shopper
CUST-07611,29,22.2,57615,7.9,Clothing,Mobile Money,19,11,Regular Shopper
CUST-07612,32,2.3,32639,2.1,Electronics,Mobile Money,15,4,Regular Shopper
CUST-07613,18,7.1,12511,1.6,Clothing,Cash,5,2,Occasional Shopper
CUST-07614,19,12.6,21501,3.9,Clothing,Cash,4,14,Occasional Shopper
CUST-07615,40,2.5,26324,8.5,Household,Credit,16,12,Regular Shopper
CUST-07616,44,5.5,628400,13.8,Food,Cash,36,3,Wholesale Buyer
CUST-07617,34,3.1,91421,9.8,Clothing,Mobile Money,28,3,Regular Shopper
CUST-07618,37,1.3,35876,19.3,Clothing,Cash,41,1,Loyal Budget Buyer
CUST-07619,19,1.3,20154,2.6,Clothing,Mobile Money,1,3,Occasional Shopper
CUST-07620,35,5.3,67838,6.1,Food,Credit,20,8,Regular Shopper
CUST-07621,34,1.2,26928,0.9,Clothing,Cash,7,12,Occasional Shopper
CUST-07622,22,9.9,111094,6.5,Clothing,Cash,23,9,Regular Shopper
CUST-07623,36,5.0,72869,6.1,Food,Mobile Money,21,2,Regular Shopper
CUST-07624,37,1.1,64837,9.9,Food,Cash,13,14,Regular Shopper
CUST-07625,30,7.0,25931,27.1,Food,Mobile Money,58,10,Loyal Budget Buyer
CUST-07626,33,4.5,46237,22.2,Food,Cash,47,9,Loyal Budget Buyer
CUST-07627,23,3.4,43465,17.3,Tools,Mobile Money,49,14,Loyal Budget Buyer
CUST-07628,18,6.8,19060,1.2,Clothing,Mobile Money,2,11,Occasional Shopper
CUST-07629,41,1.5,614445,9.3,Tools,Mobile Money,31,6,Wholesale Buyer
CUST-07630,18,18.7,370856,14.7,Tools,Cash,39,10,Wholesale Buyer
CUST-07631,31,10.1,9323,0.9,Clothing,Cash,2,13,Occasional Shopper
CUST-07632,31,26.3,296322,10.6,Clothing,Cash,40,8,Wholesale Buyer
CUST-07633,46,3.2,532106,14.9,Food,Credit,41,4,Wholesale Buyer
CUST-07634,35,2.4,44638,7.5,Clothing,Cash,11,11,Regular Shopper
CUST-07635,31,3.9,471480,16.2,Tools,Credit,37,14,Wholesale Buyer
CUST-07636,28,0.4,67256,5.7,Food,Cash,26,1,Regular Shopper
CUST-07637,51,0.6,617790,8.5,Tools,Mobile Money,27,1,Wholesale Buyer
CUST-07638,50,6.8,724784,12.6,Food,Credit,46,7,Wholesale Buyer
CUST-07639,25,1.7,30488,0.9,Clothing,Cash,2,9,Occasional Shopper
CUST-07640,41,13.8,96715,6.5,Clothing,Cash,30,8,Regular Shopper
CUST-07641,46,5.5,11766,13.5,Household,Cash,42,3,Loyal Budget Buyer
CUST-07642,18,1.9,26357,9.4,Tools,Cash,21,1,Regular Shopper
CUST-07643,30,6.8,455540,12.4,Food,Cash,34,7,Wholesale Buyer
CUST-07644,23,2.5,30289,1.7,Tools,Mobile Money,5,7,Occasional Shopper
CUST-07645,18,3.8,90732,4.1,Tools,Credit,19,2,Regular Shopper
CUST-07646,19,0.7,25351,1.7,Clothing,Mobile Money,7,9,Occasional Shopper
CUST-07647,24,4.6,2342,0.5,Clothing,Mobile Money,3,5,Occasional Shopper
CUST-07648,21,5.8,12942,0.8,Clothing,Cash,5,14,Occasional Shopper
CUST-07649,36,12.0,91245,11.5,Clothing,Cash,25,6,Regular Shopper
CUST-07650,43,2.3,42212,22.0,Food,Cash,58,8,Loyal Budget Buyer
CUST-07651,35,2.6,551555,6.1,Food,Credit,37,4,Wholesale Buyer
CUST-07652,22,1.9,12438,2.7,Clothing,Cash,3,9,Occasional Shopper
CUST-07653,32,1.0,72809,6.5,Food,Cash,19,3,Regular Shopper
CUST-07654,36,1.1,42659,20.8,Food,Cash,54,12,Loyal Budget Buyer
CUST-07655,29,0.7,72501,7.0,Tools,Cash,15,2,Regular Shopper
CUST-07656,47,2.1,208755,7.5,Tools,Cash,34,2,Wholesale Buyer
CUST-07657,26,1.2,115307,6.2,Food,Mobile Money,15,14,Regular Shopper
CUST-07658,45,1.9,63635,7.6,Clothing,Mobile Money,14,13,Regular Shopper
CUST-07659,23,11.5,11396,1.3,Clothing,Mobile Money,3,10,Occasional Shopper
CUST-07660,25,3.5,50096,4.5,Food,Mobile Money,18,8,Regular Shopper
CUST-07661,18,2.0,69962,8.5,Household,Cash,23,5,Regular Shopper
CUST-07662,21,5.7,36042,1.4,Clothing,Cash,3,4,Occasional Shopper
CUST-07663,19,15.5,90098,6.1,Clothing,Cash,17,4,Regular Shopper
CUST-07664,31,2.7,50124,6.9,Tools,Mobile Money,10,5,Regular Shopper
CUST-07665,32,11.6,15573,2.4,Clothing,Cash,7,1,Occasional Shopper
CUST-07666,33,5.2,94688,8.2,Food,Mobile Money,19,1,Regular Shopper
CUST-07667,47,6.8,47549,20.0,Food,Mobile Money,46,8,Loyal Budget Buyer
CUST-07668,18,2.4,15314,2.1,Household,Cash,4,8,Occasional Shopper
CUST-07669,18,1.1,40362,18.9,Food,Cash,41,1,Loyal Budget Buyer
CUST-07670,19,1.7,18021,1.6,Clothing,Credit,3,13,Occasional Shopper
CUST-07671,51,1.0,49933,6.5,Electronics,Cash,21,4,Regular Shopper
CUST-07672,37,2.2,547080,11.3,Food,Credit,33,8,Wholesale Buyer
CUST-07673,39,1.7,50600,26.7,Food,Cash,53,5,Loyal Budget Buyer
CUST-07674,18,1.9,39685,5.3,Food,Credit,17,11,Regular Shopper
CUST-07675,18,5.4,14350,1.1,Clothing,Mobile Money,8,3,Occasional Shopper
CUST-07676,49,0.7,100843,4.3,Clothing,Mobile Money,20,5,Regular Shopper
CUST-07677,48,7.4,348220,11.3,Clothing,Cash,33,1,Wholesale Buyer
CUST-07678,33,3.3,28635,22.7,Food,Mobile Money,58,8,Loyal Budget Buyer
CUST-07679,37,9.0,21972,0.5,Clothing,Credit,9,1,Occasional Shopper
CUST-07680,18,2.3,51943,24.6,Food,Cash,55,7,Loyal Budget Buyer
CUST-07681,19,3.6,53974,16.0,Food,Cash,48,5,Loyal Budget Buyer
CUST-07682,45,10.5,322663,13.5,Tools,Cash,37,6,Wholesale Buyer
CUST-07683,32,13.2,8492,0.9,Electronics,Cash,3,7,Occasional Shopper
CUST-07684,40,7.4,608029,13.9,Food,Credit,32,8,Wholesale Buyer
CUST-07685,31,7.3,22330,0.5,Food,Mobile Money,9,12,Occasional Shopper
CUST-07686,18,3.2,4731,1.3,Clothing,Cash,3,7,Occasional Shopper
CUST-07687,36,3.1,52826,5.5,Clothing,Cash,26,14,Regular Shopper
CUST-07688,40,1.3,20233,1.1,Food,Cash,4,1,Occasional Shopper
CUST-07689,28,0.4,443888,10.7,Electronics,Cash,30,1,Wholesale Buyer
CUST-07690,37,2.0,27745,0.5,Electronics,Cash,7,10,Occasional Shopper
CUST-07691,36,8.1,119025,9.1,Electronics,Cash,13,1,Regular Shopper
CUST-07692,35,9.7,32342,22.2,Food,Cash,28,2,Loyal Budget Buyer
CUST-07693,34,1.8,11677,0.8,Clothing,Cash,4,2,Occasional Shopper
CUST-07694,24,10.8,35467,11.1,Clothing,Cash,41,14,Loyal Budget Buyer
CUST-07695,27,3.1,11185,0.5,Tools,Cash,3,3,Occasional Shopper
CUST-07696,29,7.9,14650,0.7,Clothing,Cash,4,9,Occasional Shopper
CUST-07697,29,8.0,19856,1.6,Clothing,Cash,5,13,Occasional Shopper
CUST-07698,26,4.3,48139,9.6,Tools,Mobile Money,17,11,Regular Shopper
CUST-07699,18,0.9,109517,8.0,Clothing,Cash,17,13,Regular Shopper
CUST-07700,34,0.3,517067,18.5,Clothing,Cash,37,13,Wholesale Buyer
CUST-07701,23,13.7,91357,7.5,Food,Cash,30,7,Regular Shopper
CUST-07702,40,4.9,509494,19.9,Food,Cash,43,14,Wholesale Buyer
CUST-07703,46,18.7,663058,10.3,Tools,Cash,31,10,Wholesale Buyer
CUST-07704,36,1.0,45557,14.5,Clothing,Cash,51,12,Loyal Budget Buyer
CUST-07705,41,4.9,77872,9.5,Clothing,Mobile Money,8,3,Regular Shopper
CUST-07706,45,11.3,551031,14.1,Household,Cash,36,8,Wholesale Buyer
CUST-07707,37,5.1,758563,14.7,Food,Mobile Money,27,1,Wholesale Buyer
CUST-07708,18,17.5,105783,6.4,Electronics,Cash,15,3,Regular Shopper
CUST-07709,40,6.1,25971,8.3,Food,Cash,15,6,Regular Shopper
CUST-07710,18,0.8,104116,4.8,Household,Credit,22,12,Regular Shopper
CUST-07711,36,6.8,975998,14.6,Tools,Mobile Money,40,4,Wholesale Buyer
CUST-07712,38,2.6,45542,10.5,Tools,Credit,20,3,Regular Shopper
CUST-07713,53,11.6,47694,7.6,Food,Credit,14,10,Regular Shopper
CUST-07714,18,3.7,17912,2.2,Clothing,Cash,4,8,Occasional Shopper
CUST-07715,24,5.7,61979,5.4,Tools,Mobile Money,14,1,Regular Shopper
CUST-07716,18,2.8,579146,12.2,Clothing,Cash,37,14,Wholesale Buyer
CUST-07717,29,14.2,64926,5.6,Food,Mobile Money,12,6,Regular Shopper
CUST-07718,47,0.8,279428,13.4,Tools,Cash,28,3,Wholesale Buyer
CUST-07719,38,0.3,11970,1.3,Clothing,Cash,3,12,Occasional Shopper
CUST-07720,27,0.2,65832,8.8,Clothing,Mobile Money,11,10,Regular Shopper
CUST-07721,45,1.4,36645,7.6,Food,Cash,20,9,Regular Shopper
CUST-07722,30,4.3,20875,1.4,Electronics,Cash,3,6,Occasional Shopper
CUST-07723,18,17.1,33586,7.0,Tools,Mobile Money,22,12,Regular Shopper
CUST-07724,44,0.7,58665,9.9,Clothing,Cash,17,9,Regular Shopper
CUST-07725,33,9.1,58537,7.2,Food,Mobile Money,21,8,Regular Shopper
CUST-07726,28,4.1,13239,3.3,Electronics,Mobile Money,1,12,Occasional Shopper
CUST-07727,20,2.7,100784,8.2,Food,Mobile Money,13,12,Regular Shopper
CUST-07728,40,0.7,544845,14.6,Tools,Cash,38,7,Wholesale Buyer
CUST-07729,62,2.8,28855,21.3,Clothing,Cash,49,3,Loyal Budget Buyer
CUST-07730,24,11.8,40474,16.4,Household,Cash,55,4,Loyal Budget Buyer
CUST-07731,33,0.8,633865,10.8,Food,Cash,45,14,Wholesale Buyer
CUST-07732,33,1.1,27803,3.2,Tools,Mobile Money,21,11,Regular Shopper
CUST-07733,26,7.4,11847,1.8,Electronics,Cash,4,10,Occasional Shopper
CUST-07734,25,0.9,21716,21.1,Food,Cash,46,6,Loyal Budget Buyer
CUST-07735,23,7.0,9767,2.0,Clothing,Cash,7,12,Occasional Shopper
CUST-07736,34,6.4,85837,9.8,Clothing,Cash,17,6,Regular Shopper
CUST-07737,23,3.2,351873,17.5,Clothing,Mobile Money,36,2,Wholesale Buyer
CUST-07738,24,0.4,21924,1.0,Clothing,Cash,2,10,Occasional Shopper
CUST-07739,26,8.0,25749,1.8,Clothing,Cash,6,10,Occasional Shopper
CUST-07740,45,3.7,50960,26.4,Food,Cash,49,5,Loyal Budget Buyer
CUST-07741,40,1.2,2722,2.1,Tools,Mobile Money,4,6,Occasional Shopper
CUST-07742,19,15.3,12184,0.5,Clothing,Cash,2,8,Occasional Shopper
CUST-07743,27,3.3,11333,2.6,Electronics,Cash,4,8,Occasional Shopper
CUST-07744,38,1.2,113194,4.0,Food,Credit,21,13,Regular Shopper
CUST-07745,26,1.0,23852,2.3,Clothing,Cash,5,10,Occasional Shopper
CUST-07746,23,5.1,23345,2.4,Food,Cash,4,9,Occasional Shopper
CUST-07747,28,2.2,7500,7.4,Tools,Mobile Money,11,10,Regular Shopper
CUST-07748,21,10.2,44968,19.8,Household,Cash,50,10,Loyal Budget Buyer
CUST-07749,39,5.8,116560,8.1,Food,Credit,21,14,Regular Shopper
CUST-07750,18,6.7,119275,5.2,Food,Cash,16,2,Regular Shopper
CUST-07751,42,0.5,47228,21.6,Food,Cash,48,1,Loyal Budget Buyer
CUST-07752,35,2.5,96905,7.7,Tools,Mobile Money,26,2,Regular Shopper
CUST-07753,39,2.6,601194,16.6,Tools,Cash,39,12,Wholesale Buyer
CUST-07754,24,2.6,41283,18.2,Food,Mobile Money,49,5,Loyal Budget Buyer
CUST-07755,18,8.6,48391,4.4,Food,Cash,14,14,Regular Shopper
CUST-07756,27,0.2,67792,5.6,Tools,Cash,9,8,Regular Shopper
CUST-07757,21,1.8,1800,1.1,Household,Mobile Money,5,13,Occasional Shopper
CUST-07758,18,6.6,63284,6.8,Household,Credit,18,13,Regular Shopper
CUST-07759,22,4.6,415382,13.2,Household,Credit,31,2,Wholesale Buyer
CUST-07760,24,6.8,12496,2.2,Clothing,Mobile Money,3,14,Occasional Shopper
CUST-07761,18,0.8,20838,1.2,Household,Mobile Money,3,2,Occasional Shopper
CUST-07762,36,7.2,62146,8.2,Tools,Credit,15,3,Regular Shopper
CUST-07763,18,4.0,22773,2.5,Household,Mobile Money,5,9,Occasional Shopper
CUST-07764,39,6.5,44956,16.5,Food,Mobile Money,48,12,Loyal Budget Buyer
CUST-07765,29,8.2,58178,3.9,Clothing,Cash,20,2,Regular Shopper
CUST-07766,29,0.4,101918,5.7,Clothing,Mobile Money,21,10,Regular Shopper
CUST-07767,35,5.1,125149,8.5,Food,Credit,19,1,Regular Shopper
CUST-07768,30,4.1,113413,7.1,Food,Mobile Money,15,5,Regular Shopper
CUST-07769,18,5.9,24027,1.7,Clothing,Mobile Money,5,7,Occasional Shopper
CUST-07770,18,1.7,21452,1.9,Clothing,Cash,5,2,Occasional Shopper
CUST-07771,21,3.5,96424,6.8,Clothing,Cash,13,8,Regular Shopper
CUST-07772,32,5.7,18090,1.6,Food,Cash,5,11,Occasional Shopper
CUST-07773,33,2.4,124613,4.6,Tools,Mobile Money,13,7,Regular Shopper
CUST-07774,20,2.1,9665,1.5,Tools,Cash,1,9,Occasional Shopper
CUST-07775,47,2.6,56841,9.1,Food,Mobile Money,12,5,Regular Shopper
CUST-07776,33,0.7,71262,6.7,Electronics,Cash,13,6,Regular Shopper
CUST-07777,27,4.0,36838,1.6,Household,Cash,5,4,Occasional Shopper
CUST-07778,32,8.8,161784,18.2,Clothing,Credit,33,5,Wholesale Buyer
CUST-07779,41,0.5,88211,8.7,Electronics,Mobile Money,32,14,Regular Shopper
CUST-07780,55,3.5,95736,7.4,Clothing,Cash,18,12,Regular Shopper
CUST-07781,45,3.5,367807,18.2,Food,Mobile Money,38,2,Wholesale Buyer
CUST-07782,49,2.4,421239,19.6,Food,Cash,39,1,Wholesale Buyer
CUST-07783,28,4.4,84905,7.6,Food,Credit,20,3,Regular Shopper
CUST-07784,33,3.6,34682,17.5,Food,Cash,39,11,Loyal Budget Buyer
CUST-07785,33,6.5,83262,6.9,Food,Cash,18,13,Regular Shopper
CUST-07786,27,8.0,443661,16.3,Tools,Cash,28,12,Wholesale Buyer
CUST-07787,41,2.3,95220,6.5,Household,Mobile Money,20,3,Regular Shopper
CUST-07788,22,0.4,24027,1.2,Tools,Cash,6,6,Occasional Shopper
CUST-07789,18,15.5,30079,9.9,Electronics,Mobile Money,44,7,Loyal Budget Buyer
CUST-07790,31,6.6,504282,10.2,Food,Mobile Money,36,8,Wholesale Buyer
CUST-07791,44,5.5,374197,15.9,Food,Cash,42,14,Wholesale Buyer
CUST-07792,21,3.6,38311,21.6,Household,Cash,55,14,Loyal Budget Buyer
CUST-07793,48,1.1,34894,21.1,Food,Cash,38,8,Loyal Budget Buyer
CUST-07794,37,0.9,15645,2.3,Clothing,Cash,7,2,Occasional Shopper
CUST-07795,25,1.8,8594,3.0,Electronics,Cash,6,12,Occasional Shopper
CUST-07796,29,21.8,305758,16.5,Tools,Cash,41,8,Wholesale Buyer
CUST-07797,28,3.0,117453,6.9,Clothing,Mobile Money,17,2,Regular Shopper
CUST-07798,37,3.2,128568,9.7,Food,Mobile Money,18,14,Regular Shopper
CUST-07799,18,2.1,35936,27.7,Clothing,Cash,37,10,Loyal Budget Buyer
CUST-07800,37,0.9,530798,16.0,Food,Cash,33,1,Wholesale Buyer
CUST-07801,26,14.4,22893,23.0,Clothing,Cash,46,8,Loyal Budget Buyer
CUST-07802,29,3.0,61317,23.6,Food,Mobile Money,48,8,Loyal Budget Buyer
CUST-07803,33,2.6,91043,3.3,Food,Mobile Money,22,4,Regular Shopper
CUST-07804,32,2.3,305227,12.6,Household,Mobile Money,34,11,Wholesale Buyer
CUST-07805,30,4.0,22968,17.6,Clothing,Cash,53,9,Loyal Budget Buyer
CUST-07806,37,0.8,62211,11.4,Food,Mobile Money,16,8,Regular Shopper
CUST-07807,49,2.4,29376,18.4,Tools,Mobile Money,42,14,Loyal Budget Buyer
CUST-07808,44,0.9,580350,14.5,Tools,Credit,29,5,Wholesale Buyer
CUST-07809,18,0.7,21052,0.6,Clothing,Credit,4,14,Occasional Shopper
CUST-07810,19,4.2,10740,1.2,Clothing,Mobile Money,2,11,Occasional Shopper
CUST-07811,42,2.3,322085,9.5,Household,Mobile Money,49,2,Wholesale Buyer
CUST-07812,37,0.7,50792,9.3,Clothing,Mobile Money,13,6,Regular Shopper
CUST-07813,21,2.3,359056,12.5,Household,Mobile Money,24,12,Wholesale Buyer
CUST-07814,28,1.0,58780,10.0,Electronics,Mobile Money,20,5,Regular Shopper
CUST-07815,18,0.6,21565,0.5,Clothing,Cash,6,2,Occasional Shopper
CUST-07816,40,23.9,33238,25.0,Clothing,Cash,42,11,Loyal Budget Buyer
CUST-07817,39,11.0,20352,10.7,Food,Cash,17,2,Regular Shopper
CUST-07818,32,3.6,49634,21.6,Food,Cash,56,1,Loyal Budget Buyer
CUST-07819,29,6.9,605620,13.8,Food,Credit,29,1,Wholesale Buyer
CUST-07820,22,31.7,59241,8.8,Electronics,Mobile Money,9,9,Regular Shopper
CUST-07821,27,2.0,36031,19.6,Food,Mobile Money,65,7,Loyal Budget Buyer
CUST-07822,49,1.3,321184,13.5,Tools,Credit,24,11,Wholesale Buyer
CUST-07823,34,3.3,18838,0.9,Clothing,Cash,5,5,Occasional Shopper
CUST-07824,25,4.0,59619,24.4,Food,Mobile Money,51,1,Loyal Budget Buyer
CUST-07825,31,3.1,14537,2.2,Clothing,Cash,1,4,Occasional Shopper
CUST-07826,32,0.5,100801,10.2,Tools,Mobile Money,18,7,Regular Shopper
CUST-07827,18,1.6,78653,2.1,Tools,Cash,15,1,Regular Shopper
CUST-07828,29,2.7,342778,12.5,Food,Cash,35,7,Wholesale Buyer
CUST-07829,18,5.5,10008,2.6,Clothing,Mobile Money,1,5,Occasional Shopper
CUST-07830,28,0.9,91927,6.1,Clothing,Mobile Money,19,14,Regular Shopper
CUST-07831,43,2.9,66483,6.2,Tools,Credit,18,10,Regular Shopper
CUST-07832,40,6.9,135030,6.0,Tools,Mobile Money,17,14,Regular Shopper
CUST-07833,28,0.3,72259,10.6,Food,Mobile Money,18,12,Regular Shopper
CUST-07834,25,11.1,33290,21.6,Food,Mobile Money,53,7,Loyal Budget Buyer
CUST-07835,50,11.7,501614,15.5,Tools,Credit,35,11,Wholesale Buyer
CUST-07836,39,1.1,93592,9.4,Electronics,Mobile Money,19,14,Regular Shopper
CUST-07837,39,3.9,56960,24.3,Food,Mobile Money,46,5,Loyal Budget Buyer
CUST-07838,30,0.7,57353,6.0,Household,Cash,15,6,Regular Shopper
CUST-07839,38,3.4,667206,10.7,Food,Mobile Money,42,3,Wholesale Buyer
CUST-07840,31,9.2,3453,1.4,Clothing,Credit,5,1,Occasional Shopper
CUST-07841,26,4.3,62571,7.0,Household,Cash,13,8,Regular Shopper
CUST-07842,28,3.8,32233,1.0,Clothing,Cash,5,13,Occasional Shopper
CUST-07843,24,3.1,74994,6.1,Electronics,Mobile Money,15,12,Regular Shopper
CUST-07844,18,9.7,57159,15.5,Food,Cash,51,1,Loyal Budget Buyer
CUST-07845,36,2.6,27642,7.1,Food,Cash,16,14,Regular Shopper
CUST-07846,29,4.9,352340,15.2,Tools,Cash,40,7,Wholesale Buyer
CUST-07847,33,21.9,17507,2.0,Clothing,Mobile Money,3,11,Occasional Shopper
CUST-07848,47,7.6,534609,16.8,Food,Credit,32,10,Wholesale Buyer
CUST-07849,37,32.8,34025,21.1,Food,Cash,51,6,Loyal Budget Buyer
CUST-07850,45,1.8,27590,17.5,Food,Cash,57,12,Loyal Budget Buyer
CUST-07851,25,10.5,70640,9.3,Tools,Credit,17,3,Regular Shopper
CUST-07852,18,6.7,27935,18.2,Food,Cash,63,2,Loyal Budget Buyer
CUST-07853,52,1.0,483469,15.6,Food,Mobile Money,34,7,Wholesale Buyer
CUST-07854,46,4.8,630593,19.0,Food,Cash,33,7,Wholesale Buyer
CUST-07855,53,17.6,93138,5.8,Clothing,Cash,13,9,Regular Shopper
CUST-07856,35,2.7,32625,26.0,Clothing,Mobile Money,44,2,Loyal Budget Buyer
CUST-07857,26,5.6,23071,0.5,Tools,Credit,4,8,Occasional Shopper
CUST-07858,18,5.4,502830,13.4,Food,Cash,30,10,Wholesale Buyer
CUST-07859,30,4.0,24594,18.8,Household,Cash,47,3,Loyal Budget Buyer
CUST-07860,24,0.5,23991,0.5,Clothing,Cash,5,11,Occasional Shopper
CUST-07861,18,11.5,106534,8.6,Food,Mobile Money,26,12,Regular Shopper
CUST-07862,25,9.1,34325,2.2,Clothing,Mobile Money,4,5,Occasional Shopper
CUST-07863,34,3.6,77888,7.4,Food,Mobile Money,23,9,Regular Shopper
CUST-07864,30,4.0,34157,5.9,Tools,Mobile Money,23,2,Regular Shopper
CUST-07865,42,3.3,62763,1.5,Clothing,Cash,16,12,Regular Shopper
CUST-07866,41,11.5,98558,6.1,Clothing,Mobile Money,18,12,Regular Shopper
CUST-07867,26,0.5,507163,16.9,Food,Cash,36,3,Wholesale Buyer
CUST-07868,51,0.3,38161,16.7,Food,Cash,55,9,Loyal Budget Buyer
CUST-07869,32,4.0,18935,2.4,Electronics,Mobile Money,4,12,Occasional Shopper
CUST-07870,18,3.8,26139,0.5,Clothing,Mobile Money,5,11,Occasional Shopper
CUST-07871,41,1.7,32221,22.1,Food,Cash,41,2,Loyal Budget Buyer
CUST-07872,37,19.2,42692,20.5,Clothing,Mobile Money,53,13,Loyal Budget Buyer
CUST-07873,25,3.8,17098,0.7,Household,Mobile Money,4,13,Occasional Shopper
CUST-07874,26,5.8,42672,16.0,Clothing,Credit,49,12,Loyal Budget Buyer
CUST-07875,18,1.9,56408,18.4,Food,Mobile Money,40,6,Loyal Budget Buyer
CUST-07876,55,6.0,260712,13.8,Food,Credit,32,5,Wholesale Buyer
CUST-07877,30,4.4,21441,8.3,Food,Credit,7,4,Regular Shopper
CUST-07878,35,1.9,25175,23.1,Food,Mobile Money,50,5,Loyal Budget Buyer
CUST-07879,42,5.7,343670,9.6,Tools,Cash,37,12,Wholesale Buyer
CUST-07880,40,0.6,30370,1.0,Clothing,Credit,4,1,Occasional Shopper
CUST-07881,38,5.0,81926,5.8,Tools,Mobile Money,20,7,Regular Shopper
CUST-07882,32,8.6,11486,18.2,Food,Mobile Money,51,6,Loyal Budget Buyer
CUST-07883,29,1.5,96670,5.8,Household,Credit,22,7,Regular Shopper
CUST-07884,42,3.6,34532,20.5,Electronics,Mobile Money,48,10,Loyal Budget Buyer
CUST-07885,33,9.3,32222,27.9,Electronics,Cash,49,4,Loyal Budget Buyer
CUST-07886,32,2.7,31392,16.9,Household,Cash,45,4,Loyal Budget Buyer
CUST-07887,29,6.3,535828,13.6,Household,Cash,30,4,Wholesale Buyer
CUST-07888,37,2.0,13212,1.0,Clothing,Cash,4,7,Occasional Shopper
CUST-07889,40,6.1,475507,14.0,Household,Cash,42,2,Wholesale Buyer
CUST-07890,19,2.9,49545,6.6,Food,Mobile Money,18,11,Regular Shopper
CUST-07891,27,4.3,58493,5.4,Clothing,Cash,14,13,Regular Shopper
CUST-07892,36,1.3,23426,6.8,Food,Mobile Money,20,1,Regular Shopper
CUST-07893,35,8.6,11193,2.1,Electronics,Cash,2,6,Occasional Shopper
CUST-07894,29,1.1,30225,1.1,Food,Cash,2,4,Occasional Shopper
CUST-07895,26,1.2,17484,24.2,Food,Cash,58,1,Loyal Budget Buyer
CUST-07896,40,2.4,30534,21.8,Food,Mobile Money,46,6,Loyal Budget Buyer
CUST-07897,33,0.7,121215,10.7,Food,Mobile Money,16,3,Regular Shopper
CUST-07898,47,22.2,34165,20.6,Food,Cash,45,6,Loyal Budget Buyer
CUST-07899,19,10.4,30173,0.8,Tools,Mobile Money,4,6,Occasional Shopper
CUST-07900,24,2.2,1800,2.0,Food,Cash,2,8,Occasional Shopper
CUST-07901,33,5.4,550155,14.2,Tools,Cash,38,10,Wholesale Buyer
CUST-07902,31,3.5,303852,16.0,Clothing,Cash,38,5,Wholesale Buyer
CUST-07903,25,0.3,96646,7.3,Electronics,Mobile Money,13,10,Regular Shopper
CUST-07904,53,3.6,432365,15.4,Food,Mobile Money,38,1,Wholesale Buyer
CUST-07905,31,3.0,21210,1.8,Clothing,Cash,2,12,Occasional Shopper
CUST-07906,20,0.9,92780,5.2,Food,Mobile Money,23,11,Regular Shopper
CUST-07907,21,6.4,98591,6.8,Food,Credit,16,10,Regular Shopper
CUST-07908,20,11.6,74656,6.3,Electronics,Mobile Money,14,11,Regular Shopper
CUST-07909,29,5.0,13712,0.9,Clothing,Mobile Money,3,12,Occasional Shopper
CUST-07910,36,3.9,25248,0.5,Electronics,Mobile Money,3,11,Occasional Shopper
CUST-07911,41,10.1,49417,6.7,Food,Mobile Money,17,8,Regular Shopper
CUST-07912,34,0.3,114012,8.3,Household,Cash,19,1,Regular Shopper
CUST-07913,31,3.2,8432,1.9,Electronics,Mobile Money,4,10,Occasional Shopper
CUST-07914,32,1.0,591391,16.4,Food,Cash,36,12,Wholesale Buyer
CUST-07915,51,3.7,41867,1.7,Clothing,Cash,17,2,Regular Shopper
CUST-07916,39,3.2,22123,23.8,Tools,Cash,57,11,Loyal Budget Buyer
CUST-07917,20,12.3,11824,0.8,Electronics,Cash,1,12,Occasional Shopper
CUST-07918,21,2.9,19257,5.8,Food,Credit,15,12,Regular Shopper
CUST-07919,47,0.6,39066,22.5,Clothing,Cash,47,4,Loyal Budget Buyer
CUST-07920,35,5.2,80124,6.4,Clothing,Cash,16,6,Regular Shopper
CUST-07921,33,0.8,30996,26.4,Food,Cash,50,7,Loyal Budget Buyer
CUST-07922,27,1.1,35424,2.6,Tools,Cash,7,12,Occasional Shopper
CUST-07923,37,6.6,11094,10.3,Household,Cash,32,2,Loyal Budget Buyer
CUST-07924,18,8.1,18303,1.2,Clothing,Mobile Money,6,13,Occasional Shopper
CUST-07925,25,13.5,36904,20.4,Food,Mobile Money,47,13,Loyal Budget Buyer
CUST-07926,47,0.8,72077,6.6,Clothing,Mobile Money,25,8,Regular Shopper
CUST-07927,35,9.5,28473,24.6,Food,Cash,53,7,Loyal Budget Buyer
CUST-07928,18,18.5,9013,1.5,Clothing,Credit,2,8,Occasional Shopper
CUST-07929,29,2.0,59092,7.4,Tools,Credit,26,10,Regular Shopper
CUST-07930,18,4.2,24917,2.0,Food,Cash,3,12,Occasional Shopper
CUST-07931,18,3.7,83875,6.8,Food,Mobile Money,11,5,Regular Shopper
CUST-07932,26,4.0,30923,4.8,Electronics,Cash,18,4,Regular Shopper
CUST-07933,30,3.5,23242,28.9,Clothing,Cash,48,6,Loyal Budget Buyer
CUST-07934,30,3.2,94919,7.1,Tools,Cash,11,13,Regular Shopper
CUST-07935,25,3.2,55591,23.9,Tools,Cash,47,11,Loyal Budget Buyer
CUST-07936,41,9.3,462514,10.6,Food,Cash,39,9,Wholesale Buyer
CUST-07937,31,1.9,517949,14.8,Household,Credit,33,10,Wholesale Buyer
CUST-07938,18,9.3,40716,28.3,Household,Cash,42,14,Loyal Budget Buyer
CUST-07939,38,3.9,52335,18.7,Clothing,Cash,43,12,Loyal Budget Buyer
CUST-07940,46,1.6,34573,24.1,Household,Cash,45,9,Loyal Budget Buyer
CUST-07941,24,3.0,26911,16.5,Food,Cash,48,3,Loyal Budget Buyer
CUST-07942,49,6.6,60107,19.0,Household,Cash,53,2,Loyal Budget Buyer
CUST-07943,32,4.9,26287,2.2,Clothing,Cash,2,2,Occasional Shopper
CUST-07944,18,3.1,21993,1.4,Clothing,Cash,1,12,Occasional Shopper
CUST-07945,50,2.0,669753,14.2,Tools,Cash,33,5,Wholesale Buyer
CUST-07946,35,0.8,39681,2.7,Household,Mobile Money,12,12,Regular Shopper
CUST-07947,26,13.2,34582,2.6,Food,Cash,4,9,Occasional Shopper
CUST-07948,48,4.0,28451,8.3,Clothing,Mobile Money,14,4,Regular Shopper
CUST-07949,26,1.2,22591,1.0,Clothing,Cash,2,5,Occasional Shopper
CUST-07950,25,8.8,703299,16.0,Household,Cash,41,7,Wholesale Buyer
CUST-07951,18,6.2,18850,1.5,Clothing,Cash,7,6,Occasional Shopper
CUST-07952,23,5.2,19723,2.2,Clothing,Cash,3,4,Occasional Shopper
CUST-07953,36,0.9,23093,1.4,Clothing,Mobile Money,7,4,Occasional Shopper
CUST-07954,35,3.7,19629,1.4,Clothing,Credit,1,8,Occasional Shopper
CUST-07955,38,2.5,23093,9.4,Household,Credit,47,12,Loyal Budget Buyer
CUST-07956,32,2.3,30153,1.7,Food,Cash,7,12,Occasional Shopper
CUST-07957,22,8.7,50113,7.3,Food,Mobile Money,13,6,Regular Shopper
CUST-07958,18,6.2,89768,8.3,Food,Mobile Money,14,10,Regular Shopper
CUST-07959,38,0.7,23941,1.9,Electronics,Mobile Money,6,11,Occasional Shopper
CUST-07960,19,0.7,27782,1.4,Clothing,Cash,1,11,Occasional Shopper
CUST-07961,24,12.1,14557,1.2,Clothing,Mobile Money,6,1,Occasional Shopper
CUST-07962,42,0.2,80893,6.7,Food,Mobile Money,18,1,Regular Shopper
CUST-07963,37,11.8,96637,10.3,Electronics,Credit,20,5,Regular Shopper
CUST-07964,28,5.4,35679,4.8,Food,Cash,14,4,Regular Shopper
CUST-07965,31,0.9,39584,4.9,Clothing,Mobile Money,20,2,Regular Shopper
CUST-07966,28,6.5,37916,24.1,Food,Cash,54,10,Loyal Budget Buyer
CUST-07967,18,8.1,44199,1.5,Clothing,Cash,6,2,Occasional Shopper
CUST-07968,45,3.4,701448,9.8,Electronics,Cash,45,4,Wholesale Buyer
CUST-07969,21,0.6,21914,1.5,Clothing,Cash,4,9,Occasional Shopper
CUST-07970,52,7.4,682195,9.9,Tools,Credit,30,4,Wholesale Buyer
CUST-07971,28,11.2,37178,9.9,Tools,Cash,17,8,Regular Shopper
CUST-07972,42,5.8,36074,25.4,Food,Cash,49,11,Loyal Budget Buyer
CUST-07973,28,0.3,9475,1.8,Tools,Cash,1,5,Occasional Shopper
CUST-07974,42,4.7,26624,3.1,Food,Mobile Money,5,9,Occasional Shopper
CUST-07975,34,2.2,16034,2.4,Electronics,Cash,4,5,Occasional Shopper
CUST-07976,40,11.7,86024,6.5,Tools,Mobile Money,20,7,Regular Shopper
CUST-07977,46,5.5,361058,16.7,Food,Cash,31,6,Wholesale Buyer
CUST-07978,21,3.3,25031,0.5,Food,Mobile Money,3,10,Occasional Shopper
CUST-07979,18,1.1,28091,0.6,Clothing,Cash,4,11,Occasional Shopper
CUST-07980,29,4.2,28193,1.9,Tools,Mobile Money,1,11,Occasional Shopper
CUST-07981,30,2.8,266389,9.9,Tools,Mobile Money,52,10,Wholesale Buyer
CUST-07982,18,1.6,21828,1.3,Food,Cash,6,9,Occasional Shopper
CUST-07983,20,5.2,13761,0.5,Clothing,Cash,4,5,Occasional Shopper
CUST-07984,43,2.9,51928,7.9,Food,Credit,9,10,Regular Shopper
CUST-07985,36,7.2,46480,7.1,Food,Mobile Money,14,9,Regular Shopper
CUST-07986,32,12.2,15576,6.1,Electronics,Cash,14,2,Regular Shopper
CUST-07987,47,3.2,19799,21.6,Tools,Cash,40,4,Loyal Budget Buyer
CUST-07988,20,3.6,25252,13.3,Food,Cash,41,6,Loyal Budget Buyer
CUST-07989,33,3.8,124954,6.0,Clothing,Mobile Money,19,3,Regular Shopper
CUST-07990,32,2.4,157028,15.6,Clothing,Cash,41,6,Wholesale Buyer
CUST-07991,30,0.7,422007,12.5,Tools,Credit,32,13,Wholesale Buyer
CUST-07992,46,24.3,400748,14.9,Tools,Cash,44,3,Wholesale Buyer
CUST-07993,32,7.3,23049,3.0,Clothing,Mobile Money,22,9,Regular Shopper
CUST-07994,26,0.3,13869,1.9,Electronics,Cash,1,5,Occasional Shopper
CUST-07995,25,4.0,17804,1.3,Household,Cash,3,5,Occasional Shopper
CUST-07996,30,9.2,427849,17.3,Household,Credit,45,5,Wholesale Buyer
CUST-07997,23,4.8,11478,1.8,Clothing,Cash,3,13,Occasional Shopper
CUST-07998,39,4.6,8788,1.4,Clothing,Cash,8,6,Occasional Shopper
CUST-07999,34,10.0,679490,14.4,Food,Credit,41,8,Wholesale Buyer
CUST-08000,39,2.7,22753,0.6,Household,Mobile Money,1,14,Occasional Shopper
CUST-08001,26,3.3,606255,17.3,Food,Mobile Money,40,11,Wholesale Buyer
CUST-08002,23,4.2,13841,1.0,Clothing,Cash,4,5,Occasional Shopper
CUST-08003,34,1.2,3269,1.0,Clothing,Cash,4,3,Occasional Shopper
CUST-08004,40,1.4,489397,16.0,Electronics,Mobile Money,38,3,Wholesale Buyer
CUST-08005,25,9.0,130827,9.6,Clothing,Cash,28,13,Regular Shopper
CUST-08006,22,8.5,43642,4.2,Food,Credit,23,3,Regular Shopper
CUST-08007,39,3.7,335986,13.2,Tools,Mobile Money,37,1,Wholesale Buyer
CUST-08008,32,0.4,82477,8.4,Tools,Cash,14,2,Regular Shopper
CUST-08009,40,0.7,44590,8.5,Electronics,Mobile Money,17,12,Regular Shopper
CUST-08010,33,16.4,115792,5.8,Tools,Cash,13,9,Regular Shopper
CUST-08011,31,0.3,10512,7.6,Tools,Mobile Money,15,12,Regular Shopper
CUST-08012,38,4.8,81232,8.2,Tools,Cash,18,6,Regular Shopper
CUST-08013,21,0.3,44632,3.7,Household,Mobile Money,13,7,Regular Shopper
CUST-08014,45,0.3,624650,17.0,Tools,Cash,36,6,Wholesale Buyer
CUST-08015,18,9.3,13369,0.8,Household,Cash,3,2,Occasional Shopper
CUST-08016,23,18.0,45749,6.0,Electronics,Mobile Money,20,14,Regular Shopper
CUST-08017,40,1.9,237092,12.9,Food,Mobile Money,45,2,Wholesale Buyer
CUST-08018,23,6.0,28442,8.7,Clothing,Mobile Money,23,1,Regular Shopper
CUST-08019,39,2.9,888883,18.1,Food,Credit,37,12,Wholesale Buyer
CUST-08020,18,8.5,14802,14.2,Food,Cash,50,6,Loyal Budget Buyer
CUST-08021,26,7.0,12646,3.0,Clothing,Cash,1,5,Occasional Shopper
CUST-08022,38,8.0,45079,20.6,Tools,Cash,55,8,Loyal Budget Buyer
CUST-08023,18,4.9,26433,0.5,Clothing,Mobile Money,5,4,Occasional Shopper
CUST-08024,23,1.3,18469,0.5,Food,Cash,4,3,Occasional Shopper
CUST-08025,30,1.4,614395,15.3,Food,Cash,33,4,Wholesale Buyer
CUST-08026,28,2.8,15838,0.6,Clothing,Cash,4,13,Occasional Shopper
CUST-08027,22,1.4,19272,2.3,Clothing,Mobile Money,6,8,Occasional Shopper
CUST-08028,41,2.9,20183,0.5,Tools,Cash,7,10,Occasional Shopper
CUST-08029,41,5.7,37422,24.1,Household,Cash,49,11,Loyal Budget Buyer
CUST-08030,29,0.9,28231,1.0,Household,Mobile Money,4,4,Occasional Shopper
CUST-08031,44,27.2,62951,9.0,Household,Cash,13,6,Regular Shopper
CUST-08032,25,2.0,40463,21.9,Tools,Cash,57,9,Loyal Budget Buyer
CUST-08033,36,4.4,100948,6.9,Food,Mobile Money,20,10,Regular Shopper
CUST-08034,28,0.3,96414,8.9,Electronics,Mobile Money,15,5,Regular Shopper
CUST-08035,38,3.0,98911,9.3,Clothing,Mobile Money,17,1,Regular Shopper
CUST-08036,33,6.1,418533,13.0,Food,Cash,35,9,Wholesale Buyer
CUST-08037,26,18.9,20102,13.1,Food,Cash,50,2,Loyal Budget Buyer
CUST-08038,38,2.6,51827,7.1,Food,Cash,15,8,Regular Shopper
CUST-08039,21,8.4,102402,5.9,Household,Cash,16,1,Regular Shopper
CUST-08040,27,8.2,26483,1.5,Clothing,Cash,3,14,Occasional Shopper
CUST-08041,30,13.4,109739,5.9,Food,Cash,11,2,Regular Shopper
CUST-08042,22,9.7,1800,1.5,Food,Cash,5,9,Occasional Shopper
CUST-08043,39,4.3,74123,4.5,Clothing,Cash,13,13,Regular Shopper
CUST-08044,44,4.5,490438,10.5,Tools,Cash,32,3,Wholesale Buyer
CUST-08045,33,15.0,673479,14.6,Food,Credit,37,12,Wholesale Buyer
CUST-08046,37,1.5,32701,2.7,Food,Cash,15,12,Regular Shopper
CUST-08047,40,3.2,82235,8.8,Food,Cash,19,8,Regular Shopper
CUST-08048,22,2.2,99988,9.4,Food,Cash,18,4,Regular Shopper
CUST-08049,22,2.6,39266,16.8,Food,Mobile Money,54,8,Loyal Budget Buyer
CUST-08050,18,14.9,10764,1.6,Household,Cash,7,9,Occasional Shopper
CUST-08051,38,20.3,32641,26.9,Food,Mobile Money,38,6,Loyal Budget Buyer
CUST-08052,24,3.0,11841,0.5,Clothing,Mobile Money,3,1,Occasional Shopper
CUST-08053,28,2.7,16439,1.9,Tools,Cash,5,8,Occasional Shopper
CUST-08054,44,8.6,9388,17.1,Tools,Mobile Money,52,10,Loyal Budget Buyer
CUST-08055,38,0.7,24067,0.8,Electronics,Mobile Money,2,12,Occasional Shopper
CUST-08056,39,2.6,49081,11.9,Clothing,Cash,43,11,Loyal Budget Buyer
CUST-08057,43,5.4,10781,12.9,Food,Mobile Money,62,8,Loyal Budget Buyer
CUST-08058,18,8.3,20121,1.9,Household,Mobile Money,3,12,Occasional Shopper
CUST-08059,18,2.5,61605,4.5,Household,Cash,20,7,Regular Shopper
CUST-08060,19,1.2,10025,0.5,Clothing,Cash,3,9,Occasional Shopper
CUST-08061,33,2.4,88472,6.4,Food,Mobile Money,22,11,Regular Shopper
CUST-08062,18,1.3,29423,3.5,Food,Cash,2,4,Occasional Shopper
CUST-08063,30,2.4,30551,1.5,Food,Credit,5,6,Occasional Shopper
CUST-08064,38,1.4,648719,17.9,Tools,Mobile Money,36,6,Wholesale Buyer
CUST-08065,40,1.8,7439,0.7,Clothing,Credit,6,14,Occasional Shopper
CUST-08066,41,1.8,430251,10.7,Food,Mobile Money,26,11,Wholesale Buyer
CUST-08067,28,2.4,77226,3.5,Household,Mobile Money,19,9,Regular Shopper
CUST-08068,43,7.2,43981,14.0,Electronics,Cash,53,9,Loyal Budget Buyer
CUST-08069,18,0.6,22654,3.3,Food,Cash,3,6,Occasional Shopper
CUST-08070,28,5.4,22272,1.1,Clothing,Mobile Money,2,11,Occasional Shopper
CUST-08071,33,0.3,303723,10.7,Food,Credit,38,13,Wholesale Buyer
CUST-08072,30,6.3,61646,5.6,Food,Cash,15,2,Regular Shopper
CUST-08073,18,1.7,17167,1.5,Clothing,Credit,3,11,Occasional Shopper
CUST-08074,41,6.5,206391,13.1,Food,Mobile Money,51,3,Wholesale Buyer
CUST-08075,26,2.4,24579,1.6,Household,Cash,5,10,Occasional Shopper
CUST-08076,30,0.5,29894,2.8,Clothing,Cash,5,11,Occasional Shopper
CUST-08077,46,3.4,40517,19.9,Food,Cash,50,13,Loyal Budget Buyer
CUST-08078,31,0.7,120400,7.3,Clothing,Cash,19,1,Regular Shopper
CUST-08079,41,2.0,19312,12.6,Clothing,Cash,60,5,Loyal Budget Buyer
CUST-08080,21,9.6,19240,2.5,Electronics,Cash,6,13,Occasional Shopper
CUST-08081,32,5.2,35770,14.6,Food,Mobile Money,43,7,Loyal Budget Buyer
CUST-08082,45,8.4,561094,14.8,Tools,Mobile Money,27,3,Wholesale Buyer
CUST-08083,35,1.7,517350,18.2,Food,Mobile Money,30,6,Wholesale Buyer
CUST-08084,37,6.8,25973,1.1,Clothing,Mobile Money,4,9,Occasional Shopper
CUST-08085,29,6.4,43706,16.7,Clothing,Cash,44,6,Loyal Budget Buyer
CUST-08086,25,6.0,15770,1.1,Household,Cash,4,4,Occasional Shopper
CUST-08087,37,2.2,10490,1.8,Household,Cash,4,11,Occasional Shopper
CUST-08088,18,13.5,27719,1.0,Clothing,Cash,5,4,Occasional Shopper
CUST-08089,18,2.2,20661,0.7,Clothing,Cash,2,4,Occasional Shopper
CUST-08090,37,5.1,21740,24.4,Food,Cash,75,1,Loyal Budget Buyer
CUST-08091,33,4.0,94230,7.7,Food,Cash,24,1,Regular Shopper
CUST-08092,32,0.6,58690,20.7,Food,Mobile Money,49,8,Loyal Budget Buyer
CUST-08093,26,5.1,38707,23.9,Electronics,Cash,52,11,Loyal Budget Buyer
CUST-08094,29,0.8,26699,1.7,Clothing,Mobile Money,4,8,Occasional Shopper
CUST-08095,34,5.1,19179,1.0,Tools,Mobile Money,4,3,Occasional Shopper
CUST-08096,18,2.5,7048,1.3,Clothing,Cash,4,14,Occasional Shopper
CUST-08097,26,6.0,26817,17.2,Clothing,Mobile Money,55,13,Loyal Budget Buyer
CUST-08098,29,18.0,19616,23.6,Tools,Mobile Money,38,8,Loyal Budget Buyer
CUST-08099,39,4.6,31207,23.1,Tools,Mobile Money,47,12,Loyal Budget Buyer
CUST-08100,26,4.1,37573,25.5,Electronics,Cash,45,6,Loyal Budget Buyer
CUST-08101,30,1.4,10011,1.3,Tools,Cash,5,4,Occasional Shopper
CUST-08102,36,4.0,26355,9.3,Electronics,Cash,11,10,Regular Shopper
CUST-08103,27,1.3,58397,8.7,Food,Credit,17,11,Regular Shopper
CUST-08104,38,7.3,47405,18.9,Clothing,Cash,52,4,Loyal Budget Buyer
CUST-08105,51,0.9,25413,17.1,Food,Cash,50,13,Loyal Budget Buyer
CUST-08106,32,1.3,15078,2.1,Clothing,Cash,5,10,Occasional Shopper
CUST-08107,32,2.0,55875,7.5,Electronics,Mobile Money,22,10,Regular Shopper
CUST-08108,26,0.3,76037,7.7,Household,Mobile Money,16,10,Regular Shopper
CUST-08109,30,5.0,61842,10.3,Tools,Mobile Money,24,14,Regular Shopper
CUST-08110,38,1.2,659664,17.1,Clothing,Cash,37,9,Wholesale Buyer
CUST-08111,22,9.9,16039,0.9,Tools,Cash,6,14,Occasional Shopper
CUST-08112,39,2.3,770138,12.8,Clothing,Cash,25,6,Wholesale Buyer
CUST-08113,41,0.3,101527,8.2,Household,Cash,16,13,Regular Shopper
CUST-08114,37,0.7,25656,4.5,Tools,Credit,20,11,Regular Shopper
CUST-08115,39,4.4,474297,15.4,Tools,Cash,39,11,Wholesale Buyer
CUST-08116,22,16.1,14343,2.5,Clothing,Cash,1,2,Occasional Shopper
CUST-08117,51,8.7,33954,16.8,Clothing,Cash,54,14,Loyal Budget Buyer
CUST-08118,18,0.2,34483,17.6,Household,Cash,36,5,Loyal Budget Buyer
CUST-08119,31,9.9,431147,20.5,Food,Mobile Money,42,7,Wholesale Buyer
CUST-08120,39,3.0,24264,1.2,Clothing,Credit,2,6,Occasional Shopper
CUST-08121,22,18.2,83689,3.9,Household,Cash,18,8,Regular Shopper
CUST-08122,30,0.6,51988,6.3,Food,Mobile Money,16,12,Regular Shopper
CUST-08123,19,0.8,40485,22.0,Food,Mobile Money,44,14,Loyal Budget Buyer
CUST-08124,26,7.4,33843,21.0,Tools,Cash,45,9,Loyal Budget Buyer
CUST-08125,31,1.4,302251,11.0,Food,Cash,26,7,Wholesale Buyer
CUST-08126,45,9.7,584906,17.3,Tools,Credit,36,8,Wholesale Buyer
CUST-08127,34,5.1,425016,15.6,Food,Cash,39,13,Wholesale Buyer
CUST-08128,20,9.5,118011,6.4,Electronics,Mobile Money,20,9,Regular Shopper
CUST-08129,34,1.5,32457,1.3,Tools,Credit,4,5,Occasional Shopper
CUST-08130,33,8.8,48071,22.7,Food,Cash,67,11,Loyal Budget Buyer
CUST-08131,31,0.5,412808,15.8,Tools,Credit,21,14,Wholesale Buyer
CUST-08132,28,0.4,28065,14.3,Clothing,Mobile Money,46,8,Loyal Budget Buyer
CUST-08133,31,2.0,557581,11.9,Food,Credit,27,14,Wholesale Buyer
CUST-08134,29,3.0,42112,26.6,Tools,Cash,57,3,Loyal Budget Buyer
CUST-08135,54,6.5,40770,8.7,Tools,Mobile Money,18,7,Regular Shopper
CUST-08136,26,2.2,7168,0.8,Tools,Mobile Money,3,4,Occasional Shopper
CUST-08137,31,12.0,58952,10.9,Tools,Credit,15,13,Regular Shopper
CUST-08138,41,0.6,41194,22.3,Food,Mobile Money,45,4,Loyal Budget Buyer
CUST-08139,42,4.1,17808,1.3,Clothing,Cash,4,4,Occasional Shopper
CUST-08140,18,1.1,19750,0.5,Clothing,Cash,2,14,Occasional Shopper
CUST-08141,34,17.6,47006,19.9,Clothing,Mobile Money,49,3,Loyal Budget Buyer
CUST-08142,34,1.5,481873,15.6,Clothing,Mobile Money,37,4,Wholesale Buyer
CUST-08143,33,4.9,86171,5.8,Clothing,Credit,19,7,Regular Shopper
CUST-08144,43,2.3,556883,11.5,Food,Credit,33,12,Wholesale Buyer
CUST-08145,42,1.4,49356,25.7,Food,Cash,47,3,Loyal Budget Buyer
CUST-08146,42,0.9,14444,22.2,Household,Cash,48,1,Loyal Budget Buyer
CUST-08147,40,1.1,6785,2.2,Clothing,Cash,2,5,Occasional Shopper
CUST-08148,29,2.7,93045,4.8,Food,Cash,20,12,Regular Shopper
CUST-08149,24,1.9,8123,1.5,Food,Mobile Money,3,6,Occasional Shopper
CUST-08150,39,6.2,103876,4.0,Tools,Credit,13,5,Regular Shopper
CUST-08151,18,5.7,85932,5.4,Food,Credit,25,5,Regular Shopper
CUST-08152,42,0.8,54519,6.1,Food,Cash,12,10,Regular Shopper
CUST-08153,28,1.2,719056,20.9,Clothing,Cash,42,4,Wholesale Buyer
CUST-08154,29,1.9,13037,0.5,Electronics,Cash,4,13,Occasional Shopper
CUST-08155,38,0.9,50603,12.4,Clothing,Mobile Money,19,2,Regular Shopper
CUST-08156,36,6.2,50607,8.0,Tools,Credit,16,3,Regular Shopper
CUST-08157,34,2.0,274699,10.0,Tools,Mobile Money,43,6,Wholesale Buyer
CUST-08158,24,3.2,125642,7.9,Food,Cash,16,8,Regular Shopper
CUST-08159,41,2.7,53146,10.4,Clothing,Cash,20,3,Regular Shopper
CUST-08160,51,2.8,594530,9.8,Tools,Mobile Money,34,12,Wholesale Buyer
CUST-08161,26,1.1,101554,9.3,Tools,Mobile Money,14,14,Regular Shopper
CUST-08162,23,4.1,10896,0.5,Household,Cash,3,6,Occasional Shopper
CUST-08163,18,1.2,15671,2.2,Electronics,Cash,4,9,Occasional Shopper
CUST-08164,47,21.1,48503,8.5,Electronics,Mobile Money,26,8,Regular Shopper
CUST-08165,28,4.9,37515,21.1,Food,Cash,46,6,Loyal Budget Buyer
CUST-08166,31,1.4,428367,9.8,Clothing,Mobile Money,27,6,Wholesale Buyer
CUST-08167,44,0.6,334566,17.1,Food,Mobile Money,34,2,Wholesale Buyer
CUST-08168,22,3.2,33200,0.7,Electronics,Cash,5,14,Occasional Shopper
CUST-08169,34,0.8,40154,23.8,Household,Cash,56,3,Loyal Budget Buyer
CUST-08170,44,5.0,251752,12.7,Electronics,Cash,30,2,Wholesale Buyer
CUST-08171,26,3.0,102995,6.4,Food,Credit,23,10,Regular Shopper
CUST-08172,46,15.5,53634,22.2,Food,Cash,41,4,Loyal Budget Buyer
CUST-08173,37,4.6,36909,22.0,Food,Cash,29,8,Loyal Budget Buyer
CUST-08174,25,8.9,37211,23.3,Electronics,Credit,52,5,Loyal Budget Buyer
CUST-08175,33,7.8,85564,7.5,Food,Mobile Money,16,12,Regular Shopper
CUST-08176,26,1.3,12587,1.0,Clothing,Mobile Money,4,1,Occasional Shopper
CUST-08177,23,6.1,14932,0.7,Clothing,Cash,3,5,Occasional Shopper
CUST-08178,52,6.3,82168,5.9,Clothing,Mobile Money,22,13,Regular Shopper
CUST-08179,36,0.2,20634,2.1,Food,Mobile Money,8,10,Occasional Shopper
CUST-08180,18,2.8,464289,11.9,Tools,Cash,37,8,Wholesale Buyer
CUST-08181,30,8.0,15364,1.5,Clothing,Cash,2,3,Occasional Shopper
CUST-08182,22,1.1,53111,19.8,Food,Mobile Money,50,4,Loyal Budget Buyer
CUST-08183,36,2.1,49581,7.1,Clothing,Credit,14,8,Regular Shopper
CUST-08184,18,1.2,18549,1.1,Clothing,Cash,5,1,Occasional Shopper
CUST-08185,41,0.9,33217,13.0,Clothing,Cash,43,10,Loyal Budget Buyer
CUST-08186,42,2.2,38509,15.8,Household,Cash,48,5,Loyal Budget Buyer
CUST-08187,24,10.9,8526,2.3,Clothing,Mobile Money,4,3,Occasional Shopper
CUST-08188,42,10.2,32608,19.5,Tools,Cash,54,6,Loyal Budget Buyer
CUST-08189,22,11.0,90584,8.7,Food,Cash,21,10,Regular Shopper
CUST-08190,38,3.0,91698,6.8,Electronics,Mobile Money,23,12,Regular Shopper
CUST-08191,18,2.5,57307,8.8,Electronics,Cash,14,11,Regular Shopper
CUST-08192,48,2.6,574304,11.3,Clothing,Cash,39,4,Wholesale Buyer
CUST-08193,18,5.1,5619,1.5,Clothing,Cash,6,11,Occasional Shopper
CUST-08194,39,19.0,116590,7.6,Clothing,Cash,23,9,Regular Shopper
CUST-08195,22,5.2,70606,7.4,Clothing,Mobile Money,17,9,Regular Shopper
CUST-08196,41,2.6,30040,18.5,Food,Cash,48,14,Loyal Budget Buyer
CUST-08197,36,6.6,26247,11.7,Electronics,Cash,48,6,Loyal Budget Buyer
CUST-08198,29,3.8,29877,20.3,Tools,Mobile Money,57,5,Loyal Budget Buyer
CUST-08199,27,0.8,87108,8.2,Tools,Cash,24,4,Regular Shopper
CUST-08200,29,0.9,27107,2.2,Food,Mobile Money,21,1,Regular Shopper
CUST-08201,29,3.4,110941,2.8,Food,Credit,11,2,Regular Shopper
CUST-08202,30,0.8,19259,24.3,Clothing,Cash,63,13,Loyal Budget Buyer
CUST-08203,42,6.8,25221,20.0,Household,Cash,47,2,Loyal Budget Buyer
CUST-08204,28,3.6,14951,1.1,Tools,Mobile Money,5,6,Occasional Shopper
CUST-08205,43,3.1,40815,25.4,Clothing,Credit,59,1,Loyal Budget Buyer
CUST-08206,41,0.3,42520,20.9,Food,Cash,60,2,Loyal Budget Buyer
CUST-08207,36,3.0,600623,12.6,Tools,Cash,33,11,Wholesale Buyer
CUST-08208,29,1.2,21827,1.6,Tools,Cash,3,10,Occasional Shopper
CUST-08209,39,12.8,74485,7.9,Clothing,Mobile Money,15,10,Regular Shopper
CUST-08210,22,2.2,29030,20.2,Clothing,Cash,60,13,Loyal Budget Buyer
CUST-08211,31,0.7,58504,7.7,Food,Cash,12,2,Regular Shopper
CUST-08212,32,3.6,37190,28.4,Food,Cash,32,10,Loyal Budget Buyer
CUST-08213,28,3.4,62128,7.0,Food,Mobile Money,14,7,Regular Shopper
CUST-08214,43,0.3,53025,17.7,Electronics,Cash,65,1,Loyal Budget Buyer
CUST-08215,40,5.7,747149,14.1,Tools,Credit,35,4,Wholesale Buyer
CUST-08216,21,2.1,706741,17.0,Household,Cash,30,1,Wholesale Buyer
CUST-08217,27,1.0,34928,17.5,Tools,Mobile Money,48,5,Loyal Budget Buyer
CUST-08218,27,6.4,59610,5.2,Tools,Cash,12,9,Regular Shopper
CUST-08219,36,1.9,102792,5.9,Electronics,Cash,13,13,Regular Shopper
CUST-08220,50,2.9,501906,19.6,Tools,Mobile Money,39,5,Wholesale Buyer
CUST-08221,18,7.0,15887,0.9,Food,Cash,4,4,Occasional Shopper
CUST-08222,37,1.5,107021,4.9,Food,Mobile Money,21,14,Regular Shopper
CUST-08223,27,1.4,12980,1.0,Clothing,Cash,6,6,Occasional Shopper
CUST-08224,30,1.6,545753,22.5,Tools,Mobile Money,37,7,Wholesale Buyer
CUST-08225,37,10.1,615551,12.0,Food,Mobile Money,44,8,Wholesale Buyer
CUST-08226,25,19.0,43583,19.3,Clothing,Cash,55,14,Loyal Budget Buyer
CUST-08227,31,4.0,69025,8.0,Clothing,Cash,21,3,Regular Shopper
CUST-08228,18,2.1,15838,2.4,Food,Credit,4,6,Occasional Shopper
CUST-08229,29,1.4,27801,0.6,Food,Cash,2,9,Occasional Shopper
CUST-08230,29,10.7,68356,4.0,Electronics,Credit,15,11,Regular Shopper
CUST-08231,35,6.0,545412,12.3,Clothing,Credit,30,2,Wholesale Buyer
CUST-08232,37,4.5,54639,16.5,Food,Mobile Money,46,5,Loyal Budget Buyer
CUST-08233,36,1.0,31918,13.7,Food,Cash,54,11,Loyal Budget Buyer
CUST-08234,37,1.1,8490,23.5,Food,Cash,61,1,Loyal Budget Buyer
CUST-08235,18,0.6,8114,2.2,Electronics,Cash,3,13,Occasional Shopper
CUST-08236,33,0.7,363864,14.2,Food,Cash,35,9,Wholesale Buyer
CUST-08237,41,13.5,24133,0.9,Clothing,Mobile Money,3,3,Occasional Shopper
CUST-08238,25,6.1,15609,1.7,Clothing,Cash,2,3,Occasional Shopper
CUST-08239,29,6.7,574490,15.5,Household,Credit,36,8,Wholesale Buyer
CUST-08240,18,9.4,67232,9.2,Household,Mobile Money,22,8,Regular Shopper
CUST-08241,31,4.8,617167,16.6,Clothing,Mobile Money,38,8,Wholesale Buyer
CUST-08242,38,9.8,334312,12.1,Food,Cash,31,13,Wholesale Buyer
CUST-08243,18,1.0,86027,7.0,Household,Mobile Money,17,7,Regular Shopper
CUST-08244,41,2.1,463627,10.7,Tools,Credit,28,9,Wholesale Buyer
CUST-08245,22,3.5,91919,6.2,Food,Credit,16,9,Regular Shopper
CUST-08246,36,12.1,18218,6.8,Tools,Mobile Money,20,9,Regular Shopper
CUST-08247,63,3.9,35561,21.6,Food,Cash,36,6,Loyal Budget Buyer
CUST-08248,33,1.7,4059,1.7,Clothing,Cash,7,3,Occasional Shopper
CUST-08249,40,2.9,89365,6.0,Clothing,Cash,25,11,Regular Shopper
CUST-08250,29,9.6,22955,1.7,Food,Mobile Money,6,1,Occasional Shopper
CUST-08251,43,2.6,95424,4.2,Electronics,Credit,12,13,Regular Shopper
CUST-08252,18,0.5,32472,1.1,Tools,Mobile Money,2,7,Occasional Shopper
CUST-08253,38,6.9,12845,1.0,Food,Mobile Money,5,12,Occasional Shopper
CUST-08254,32,1.8,62208,21.9,Food,Cash,50,10,Loyal Budget Buyer
CUST-08255,56,0.6,657820,13.9,Tools,Credit,33,3,Wholesale Buyer
CUST-08256,30,12.0,74129,8.0,Tools,Mobile Money,16,1,Regular Shopper
CUST-08257,51,10.3,334264,9.1,Food,Cash,35,6,Wholesale Buyer
CUST-08258,28,1.4,73954,6.6,Food,Mobile Money,23,12,Regular Shopper
CUST-08259,21,7.3,39657,15.0,Food,Mobile Money,39,2,Loyal Budget Buyer
CUST-08260,31,0.9,20337,1.7,Clothing,Credit,4,8,Occasional Shopper
CUST-08261,34,10.5,12623,15.3,Food,Mobile Money,47,4,Loyal Budget Buyer
CUST-08262,43,19.2,42966,8.9,Tools,Mobile Money,26,1,Regular Shopper
CUST-08263,34,9.9,93408,6.8,Tools,Mobile Money,21,6,Regular Shopper
CUST-08264,18,1.7,2402,1.3,Clothing,Cash,1,11,Occasional Shopper
CUST-08265,35,5.8,546436,16.9,Food,Cash,32,8,Wholesale Buyer
CUST-08266,23,5.2,9782,0.9,Clothing,Credit,5,7,Occasional Shopper
CUST-08267,30,10.2,21644,0.5,Clothing,Cash,5,5,Occasional Shopper
CUST-08268,44,3.7,60680,7.3,Tools,Mobile Money,20,12,Regular Shopper
CUST-08269,22,3.8,28524,6.0,Electronics,Mobile Money,14,9,Regular Shopper
CUST-08270,39,0.4,633630,8.3,Food,Cash,39,14,Wholesale Buyer
CUST-08271,38,5.5,32948,6.5,Clothing,Cash,16,14,Regular Shopper
CUST-08272,48,4.6,35621,16.9,Household,Cash,54,14,Loyal Budget Buyer
CUST-08273,22,3.8,92305,9.8,Food,Cash,21,1,Regular Shopper
CUST-08274,18,12.2,23509,1.7,Clothing,Cash,7,7,Occasional Shopper
CUST-08275,40,19.6,26932,15.8,Food,Cash,57,11,Loyal Budget Buyer
CUST-08276,23,1.1,36259,4.6,Clothing,Mobile Money,19,13,Regular Shopper
CUST-08277,27,0.5,26179,18.2,Food,Cash,51,6,Loyal Budget Buyer
CUST-08278,32,0.6,112844,6.6,Food,Cash,21,12,Regular Shopper
CUST-08279,18,10.3,11647,1.4,Household,Cash,3,5,Occasional Shopper
CUST-08280,39,5.8,486034,16.4,Electronics,Mobile Money,38,2,Wholesale Buyer
CUST-08281,47,1.8,45519,20.1,Clothing,Cash,52,12,Loyal Budget Buyer
CUST-08282,43,13.6,83847,6.1,Tools,Mobile Money,17,13,Regular Shopper
CUST-08283,38,1.4,121374,10.0,Food,Cash,13,14,Regular Shopper
CUST-08284,33,2.4,18058,0.8,Clothing,Cash,4,3,Occasional Shopper
CUST-08285,28,4.0,55137,21.5,Electronics,Cash,51,11,Loyal Budget Buyer
CUST-08286,46,2.1,46335,22.8,Food,Cash,56,12,Loyal Budget Buyer
CUST-08287,27,3.9,17217,29.6,Household,Cash,40,14,Loyal Budget Buyer
CUST-08288,29,6.9,20900,1.5,Clothing,Mobile Money,2,3,Occasional Shopper
CUST-08289,26,27.5,40692,16.0,Tools,Cash,43,1,Loyal Budget Buyer
CUST-08290,29,4.5,9288,0.9,Clothing,Mobile Money,2,1,Occasional Shopper
CUST-08291,23,4.3,291857,17.3,Food,Cash,37,13,Wholesale Buyer
CUST-08292,37,20.3,28261,0.5,Food,Cash,4,11,Occasional Shopper
CUST-08293,31,0.7,77049,4.6,Clothing,Mobile Money,15,8,Regular Shopper
CUST-08294,29,1.6,332540,12.1,Food,Mobile Money,41,1,Wholesale Buyer
CUST-08295,31,4.5,28747,20.9,Food,Cash,52,1,Loyal Budget Buyer
CUST-08296,18,11.5,17083,2.1,Electronics,Mobile Money,2,7,Occasional Shopper
CUST-08297,24,0.5,10299,1.5,Electronics,Cash,2,11,Occasional Shopper
CUST-08298,18,8.9,131381,6.2,Electronics,Mobile Money,13,10,Regular Shopper
CUST-08299,34,2.3,111177,8.2,Clothing,Mobile Money,21,12,Regular Shopper
CUST-08300,46,6.6,278798,16.1,Food,Mobile Money,33,2,Wholesale Buyer
CUST-08301,23,10.1,48959,22.0,Food,Cash,51,13,Loyal Budget Buyer
CUST-08302,32,1.1,30395,20.1,Food,Cash,60,7,Loyal Budget Buyer
CUST-08303,57,1.8,44032,23.8,Food,Cash,59,11,Loyal Budget Buyer
CUST-08304,39,6.3,32631,26.8,Food,Cash,53,10,Loyal Budget Buyer
CUST-08305,20,0.7,71239,8.2,Tools,Mobile Money,8,3,Regular Shopper
CUST-08306,26,0.5,33474,6.9,Electronics,Mobile Money,19,7,Regular Shopper
CUST-08307,35,1.5,355391,14.9,Clothing,Credit,33,2,Wholesale Buyer
CUST-08308,37,0.3,104768,4.1,Tools,Cash,12,2,Regular Shopper
CUST-08309,52,0.5,591462,11.5,Household,Credit,40,7,Wholesale Buyer
CUST-08310,55,0.4,80206,7.2,Tools,Cash,17,12,Regular Shopper
CUST-08311,29,8.9,6581,1.1,Household,Cash,7,4,Occasional Shopper
CUST-08312,18,10.5,24128,2.4,Clothing,Mobile Money,4,6,Occasional Shopper
CUST-08313,34,1.7,61898,7.0,Tools,Credit,14,1,Regular Shopper
CUST-08314,41,5.2,7225,0.9,Clothing,Mobile Money,5,10,Occasional Shopper
CUST-08315,31,5.1,38927,0.9,Clothing,Cash,6,11,Occasional Shopper
CUST-08316,29,2.0,57853,25.5,Food,Mobile Money,46,4,Loyal Budget Buyer
CUST-08317,30,14.2,389956,12.9,Electronics,Credit,18,12,Wholesale Buyer
CUST-08318,31,5.9,60076,22.4,Clothing,Cash,48,2,Loyal Budget Buyer
CUST-08319,36,8.9,19391,3.6,Electronics,Cash,18,9,Regular Shopper
CUST-08320,26,20.1,41667,22.6,Food,Cash,49,7,Loyal Budget Buyer
CUST-08321,25,8.7,25612,17.8,Clothing,Cash,47,14,Loyal Budget Buyer
CUST-08322,24,4.3,8657,0.9,Clothing,Credit,3,11,Occasional Shopper
CUST-08323,34,3.0,67706,5.4,Clothing,Mobile Money,12,10,Regular Shopper
CUST-08324,29,1.5,78762,9.5,Clothing,Mobile Money,17,6,Regular Shopper
CUST-08325,33,1.0,624408,16.2,Tools,Mobile Money,29,12,Wholesale Buyer
CUST-08326,39,8.6,27463,17.9,Food,Cash,50,9,Loyal Budget Buyer
CUST-08327,34,6.1,699507,13.8,Tools,Cash,25,12,Wholesale Buyer
CUST-08328,39,4.9,72980,11.2,Clothing,Cash,20,9,Regular Shopper
CUST-08329,21,1.8,39419,16.8,Food,Cash,47,2,Loyal Budget Buyer
CUST-08330,42,1.7,434317,15.3,Tools,Credit,41,10,Wholesale Buyer
CUST-08331,31,1.3,409791,11.4,Tools,Mobile Money,27,8,Wholesale Buyer
CUST-08332,31,2.3,8928,0.7,Food,Mobile Money,2,7,Occasional Shopper
CUST-08333,28,3.9,70321,10.9,Electronics,Cash,25,13,Regular Shopper
CUST-08334,34,1.7,101646,7.5,Electronics,Credit,18,13,Regular Shopper
CUST-08335,35,6.4,418245,8.9,Food,Cash,39,5,Wholesale Buyer
CUST-08336,34,3.3,32251,2.5,Clothing,Cash,18,6,Regular Shopper
CUST-08337,39,14.7,19018,20.9,Clothing,Mobile Money,48,7,Loyal Budget Buyer
CUST-08338,40,5.2,521651,10.2,Household,Cash,30,10,Wholesale Buyer
CUST-08339,38,2.6,63068,6.9,Electronics,Mobile Money,21,14,Regular Shopper
CUST-08340,35,2.7,70290,9.0,Food,Credit,16,11,Regular Shopper
CUST-08341,41,9.3,12958,11.5,Household,Cash,43,4,Loyal Budget Buyer
CUST-08342,29,10.2,61307,11.4,Clothing,Cash,20,3,Regular Shopper
CUST-08343,28,1.2,23606,0.5,Food,Cash,3,11,Occasional Shopper
CUST-08344,29,1.1,12167,1.2,Clothing,Cash,7,2,Occasional Shopper
CUST-08345,39,28.7,25499,20.0,Household,Cash,51,11,Loyal Budget Buyer
CUST-08346,31,0.2,29383,23.3,Clothing,Cash,59,8,Loyal Budget Buyer
CUST-08347,37,18.9,376699,13.8,Tools,Cash,39,1,Wholesale Buyer
CUST-08348,35,2.1,77592,9.6,Electronics,Cash,14,10,Regular Shopper
CUST-08349,31,31.6,17497,24.2,Clothing,Cash,44,9,Loyal Budget Buyer
CUST-08350,34,6.7,31150,5.7,Food,Credit,14,5,Regular Shopper
CUST-08351,28,3.0,31014,20.6,Household,Mobile Money,46,3,Loyal Budget Buyer
CUST-08352,35,4.3,52565,24.2,Food,Cash,46,4,Loyal Budget Buyer
CUST-08353,34,2.9,28186,23.8,Food,Cash,54,14,Loyal Budget Buyer
CUST-08354,31,8.1,60127,7.3,Food,Mobile Money,14,10,Regular Shopper
CUST-08355,18,3.6,86820,9.5,Household,Mobile Money,17,7,Regular Shopper
CUST-08356,36,1.4,417838,13.9,Food,Credit,39,6,Wholesale Buyer
CUST-08357,41,3.8,31285,16.2,Food,Mobile Money,41,14,Loyal Budget Buyer
CUST-08358,36,3.2,36767,26.2,Food,Cash,49,2,Loyal Budget Buyer
CUST-08359,36,6.0,6077,2.0,Clothing,Cash,2,11,Occasional Shopper
CUST-08360,20,4.5,18298,2.5,Clothing,Credit,3,8,Occasional Shopper
CUST-08361,32,2.6,15604,1.8,Electronics,Cash,5,11,Occasional Shopper
CUST-08362,24,2.0,92207,8.2,Clothing,Mobile Money,19,1,Regular Shopper
CUST-08363,57,2.6,420379,15.2,Food,Mobile Money,32,12,Wholesale Buyer
CUST-08364,36,5.0,47023,18.0,Food,Mobile Money,40,11,Loyal Budget Buyer
CUST-08365,30,8.1,29771,2.1,Clothing,Cash,3,3,Occasional Shopper
CUST-08366,25,1.1,15601,2.1,Clothing,Mobile Money,2,1,Occasional Shopper
CUST-08367,18,5.7,42247,23.8,Tools,Mobile Money,51,7,Loyal Budget Buyer
CUST-08368,22,2.3,13434,1.3,Clothing,Mobile Money,2,11,Occasional Shopper
CUST-08369,32,4.6,104961,6.7,Food,Credit,18,10,Regular Shopper
CUST-08370,31,6.2,454173,18.2,Electronics,Credit,42,7,Wholesale Buyer
CUST-08371,35,1.1,358651,10.5,Food,Mobile Money,34,11,Wholesale Buyer
CUST-08372,27,1.8,30779,1.7,Tools,Cash,2,1,Occasional Shopper
CUST-08373,44,1.5,20040,2.4,Clothing,Cash,1,8,Occasional Shopper
CUST-08374,30,5.1,23263,1.1,Food,Cash,6,4,Occasional Shopper
CUST-08375,18,24.5,3034,0.7,Clothing,Cash,4,12,Occasional Shopper
CUST-08376,33,0.6,123982,5.1,Clothing,Mobile Money,19,6,Regular Shopper
CUST-08377,18,8.2,7750,3.0,Electronics,Mobile Money,5,6,Occasional Shopper
CUST-08378,23,2.8,23404,1.3,Clothing,Cash,2,14,Occasional Shopper
CUST-08379,21,12.6,15309,1.0,Household,Cash,7,14,Occasional Shopper
CUST-08380,37,3.8,16669,14.9,Food,Cash,42,6,Loyal Budget Buyer
CUST-08381,31,2.1,12711,1.5,Clothing,Cash,9,13,Occasional Shopper
CUST-08382,29,2.9,28830,9.7,Clothing,Mobile Money,57,12,Loyal Budget Buyer
CUST-08383,55,3.6,41173,17.1,Food,Cash,50,5,Loyal Budget Buyer
CUST-08384,34,2.8,439695,10.5,Food,Mobile Money,30,3,Wholesale Buyer
CUST-08385,20,2.1,120912,7.2,Electronics,Cash,20,7,Regular Shopper
CUST-08386,68,1.0,43521,11.3,Food,Mobile Money,19,7,Regular Shopper
CUST-08387,18,5.2,81210,8.8,Food,Cash,14,14,Regular Shopper
CUST-08388,24,17.9,547674,14.2,Electronics,Cash,25,2,Wholesale Buyer
CUST-08389,31,2.5,18678,2.1,Clothing,Cash,4,14,Occasional Shopper
CUST-08390,23,3.7,91710,6.8,Food,Mobile Money,14,10,Regular Shopper
CUST-08391,32,8.9,69694,6.1,Tools,Mobile Money,16,13,Regular Shopper
CUST-08392,44,5.4,518950,14.0,Food,Mobile Money,28,12,Wholesale Buyer
CUST-08393,38,5.0,11750,1.6,Clothing,Credit,3,6,Occasional Shopper
CUST-08394,36,19.9,349347,11.8,Food,Mobile Money,39,9,Wholesale Buyer
CUST-08395,51,3.1,536770,17.4,Electronics,Mobile Money,40,2,Wholesale Buyer
CUST-08396,18,6.6,56285,7.3,Food,Mobile Money,17,2,Regular Shopper
CUST-08397,39,6.6,715294,8.0,Tools,Cash,27,10,Wholesale Buyer
CUST-08398,26,1.2,40313,19.2,Food,Cash,43,13,Loyal Budget Buyer
CUST-08399,30,0.8,432063,11.3,Electronics,Mobile Money,38,12,Wholesale Buyer
CUST-08400,44,1.0,603062,15.2,Clothing,Cash,38,11,Wholesale Buyer
CUST-08401,27,8.5,29804,12.8,Tools,Cash,62,11,Loyal Budget Buyer
CUST-08402,40,7.4,661042,12.6,Tools,Credit,28,6,Wholesale Buyer
CUST-08403,27,5.0,368490,7.8,Tools,Mobile Money,34,8,Wholesale Buyer
CUST-08404,24,2.9,37416,5.9,Electronics,Cash,21,2,Regular Shopper
CUST-08405,26,17.9,55245,6.3,Tools,Cash,15,4,Regular Shopper
CUST-08406,20,12.6,17104,0.6,Clothing,Cash,3,13,Occasional Shopper
CUST-08407,28,6.4,27625,27.1,Food,Cash,59,12,Loyal Budget Buyer
CUST-08408,32,0.4,20800,2.5,Food,Cash,6,8,Occasional Shopper
CUST-08409,27,4.5,52473,9.2,Food,Cash,21,1,Regular Shopper
CUST-08410,39,5.5,47091,5.9,Electronics,Mobile Money,14,5,Regular Shopper
CUST-08411,18,6.9,12280,1.1,Tools,Cash,6,14,Occasional Shopper
CUST-08412,28,0.7,21331,1.8,Food,Mobile Money,1,13,Occasional Shopper
CUST-08413,44,1.6,533912,13.5,Tools,Cash,33,4,Wholesale Buyer
CUST-08414,38,9.4,18990,2.5,Food,Cash,2,1,Occasional Shopper
CUST-08415,34,9.9,26678,0.8,Clothing,Cash,6,11,Occasional Shopper
CUST-08416,29,0.8,28776,19.1,Food,Mobile Money,53,11,Loyal Budget Buyer
CUST-08417,18,0.3,11417,1.1,Clothing,Mobile Money,6,13,Occasional Shopper
CUST-08418,31,1.4,37414,25.3,Food,Cash,42,8,Loyal Budget Buyer
CUST-08419,34,10.7,27316,3.2,Electronics,Cash,5,1,Occasional Shopper
CUST-08420,19,4.6,17338,0.5,Household,Cash,2,2,Occasional Shopper
CUST-08421,35,1.5,410717,18.4,Tools,Credit,36,10,Wholesale Buyer
CUST-08422,30,2.2,551196,11.0,Food,Cash,39,4,Wholesale Buyer
CUST-08423,52,5.3,56990,6.0,Tools,Cash,20,13,Regular Shopper
CUST-08424,20,3.2,63549,7.1,Tools,Mobile Money,15,12,Regular Shopper
CUST-08425,20,13.0,1800,1.3,Clothing,Cash,3,10,Occasional Shopper
CUST-08426,23,10.2,36481,16.5,Food,Cash,56,5,Loyal Budget Buyer
CUST-08427,39,5.4,33012,2.6,Clothing,Cash,6,10,Occasional Shopper
CUST-08428,25,1.8,42664,19.1,Electronics,Mobile Money,49,1,Loyal Budget Buyer
CUST-08429,31,0.8,1800,2.1,Clothing,Cash,5,7,Occasional Shopper
CUST-08430,32,4.1,49323,6.8,Food,Cash,18,1,Regular Shopper
CUST-08431,18,0.6,63339,8.6,Clothing,Mobile Money,14,10,Regular Shopper
CUST-08432,34,0.2,8634,17.8,Food,Cash,47,4,Loyal Budget Buyer
CUST-08433,23,6.8,106977,9.6,Food,Mobile Money,12,14,Regular Shopper
CUST-08434,23,7.2,119320,9.5,Household,Credit,19,2,Regular Shopper
CUST-08435,44,11.6,23635,25.6,Food,Mobile Money,53,10,Loyal Budget Buyer
CUST-08436,28,25.3,41123,20.6,Food,Cash,53,6,Loyal Budget Buyer
CUST-08437,40,1.9,44043,10.8,Household,Cash,17,7,Regular Shopper
CUST-08438,38,2.3,78777,2.8,Electronics,Cash,15,10,Regular Shopper
CUST-08439,38,1.5,909410,10.1,Food,Cash,29,6,Wholesale Buyer
CUST-08440,34,5.4,7596,19.7,Household,Cash,68,12,Loyal Budget Buyer
CUST-08441,35,7.0,684033,9.1,Clothing,Cash,30,9,Wholesale Buyer
CUST-08442,26,1.3,82331,8.3,Tools,Cash,25,5,Regular Shopper
CUST-08443,30,14.2,86636,5.8,Electronics,Credit,13,14,Regular Shopper
CUST-08444,33,3.5,684044,17.3,Electronics,Cash,29,4,Wholesale Buyer
CUST-08445,28,4.4,42078,20.7,Clothing,Mobile Money,63,5,Loyal Budget Buyer
CUST-08446,26,7.4,12107,1.6,Clothing,Mobile Money,6,9,Occasional Shopper
CUST-08447,46,11.7,585341,18.0,Food,Cash,39,6,Wholesale Buyer
CUST-08448,25,11.1,24681,0.5,Clothing,Mobile Money,3,10,Occasional Shopper
CUST-08449,27,2.0,7500,8.7,Clothing,Cash,18,12,Regular Shopper
CUST-08450,30,1.4,3202,1.9,Tools,Mobile Money,2,8,Occasional Shopper
CUST-08451,26,1.1,85047,6.0,Food,Mobile Money,13,6,Regular Shopper
CUST-08452,46,12.2,282720,17.0,Clothing,Credit,36,13,Wholesale Buyer
CUST-08453,33,6.7,65037,10.4,Food,Mobile Money,15,3,Regular Shopper
CUST-08454,40,1.8,78246,10.7,Tools,Mobile Money,23,10,Regular Shopper
CUST-08455,52,2.0,683524,15.3,Tools,Mobile Money,44,6,Wholesale Buyer
CUST-08456,37,1.5,17935,0.9,Clothing,Credit,1,13,Occasional Shopper
CUST-08457,30,5.4,13385,2.9,Clothing,Credit,2,11,Occasional Shopper
CUST-08458,52,40.0,28979,5.9,Household,Mobile Money,15,5,Regular Shopper
CUST-08459,38,9.4,581274,18.5,Tools,Cash,33,6,Wholesale Buyer
CUST-08460,28,8.1,23085,17.4,Tools,Cash,48,6,Loyal Budget Buyer
CUST-08461,37,7.7,646154,14.5,Electronics,Mobile Money,42,13,Wholesale Buyer
CUST-08462,29,6.3,23419,1.0,Tools,Cash,9,2,Occasional Shopper
CUST-08463,25,5.4,65106,7.7,Tools,Cash,16,11,Regular Shopper
CUST-08464,23,3.7,75523,6.0,Electronics,Mobile Money,20,7,Regular Shopper
CUST-08465,30,2.9,42227,25.8,Clothing,Cash,52,8,Loyal Budget Buyer
CUST-08466,39,3.8,678372,8.0,Food,Credit,28,12,Wholesale Buyer
CUST-08467,27,24.1,25123,2.9,Clothing,Cash,4,13,Occasional Shopper
CUST-08468,30,6.9,314591,15.8,Food,Cash,37,4,Wholesale Buyer
CUST-08469,24,3.9,30911,0.5,Clothing,Mobile Money,5,3,Occasional Shopper
CUST-08470,18,2.2,2287,2.6,Tools,Cash,1,12,Occasional Shopper
CUST-08471,27,3.3,95256,9.9,Food,Credit,18,4,Regular Shopper
CUST-08472,37,6.2,80207,4.7,Food,Cash,18,6,Regular Shopper
CUST-08473,52,1.8,250780,12.6,Tools,Mobile Money,34,9,Wholesale Buyer
CUST-08474,34,3.9,28531,1.1,Clothing,Cash,3,7,Occasional Shopper
CUST-08475,35,4.2,73406,4.2,Food,Cash,19,6,Regular Shopper
CUST-08476,28,1.2,27281,1.4,Clothing,Cash,5,11,Occasional Shopper
CUST-08477,42,0.7,534368,12.2,Tools,Credit,39,14,Wholesale Buyer
CUST-08478,49,2.7,134440,5.0,Tools,Mobile Money,15,7,Regular Shopper
CUST-08479,19,7.1,9784,6.9,Clothing,Cash,25,6,Regular Shopper
CUST-08480,54,2.8,496610,12.4,Food,Credit,28,13,Wholesale Buyer
CUST-08481,39,4.8,29617,16.6,Household,Cash,58,11,Loyal Budget Buyer
CUST-08482,40,6.0,107966,10.3,Household,Mobile Money,15,8,Regular Shopper
CUST-08483,35,1.2,29335,7.0,Household,Cash,10,4,Regular Shopper
CUST-08484,50,13.0,609720,20.5,Clothing,Mobile Money,32,3,Wholesale Buyer
CUST-08485,43,17.7,523767,18.3,Electronics,Mobile Money,30,3,Wholesale Buyer
CUST-08486,20,23.4,21365,1.8,Clothing,Cash,4,4,Occasional Shopper
CUST-08487,37,2.4,79652,6.4,Tools,Mobile Money,16,5,Regular Shopper
CUST-08488,27,0.7,12762,1.7,Household,Cash,2,12,Occasional Shopper
CUST-08489,32,1.7,109632,7.3,Food,Cash,13,13,Regular Shopper
CUST-08490,20,8.8,14537,1.2,Food,Mobile Money,2,10,Occasional Shopper
CUST-08491,31,3.2,663265,19.1,Tools,Mobile Money,43,3,Wholesale Buyer
CUST-08492,33,7.5,427841,13.1,Clothing,Mobile Money,32,14,Wholesale Buyer
CUST-08493,42,7.6,295583,15.0,Electronics,Cash,24,11,Wholesale Buyer
CUST-08494,52,3.9,795532,14.0,Tools,Cash,33,1,Wholesale Buyer
CUST-08495,50,28.7,363245,11.5,Household,Cash,40,6,Wholesale Buyer
CUST-08496,48,3.0,566294,16.5,Food,Cash,32,9,Wholesale Buyer
CUST-08497,32,0.7,54309,4.8,Clothing,Mobile Money,12,3,Regular Shopper
CUST-08498,25,2.4,24151,26.5,Food,Cash,39,2,Loyal Budget Buyer
CUST-08499,26,1.0,79902,4.0,Tools,Cash,23,10,Regular Shopper
CUST-08500,59,0.3,35079,4.3,Electronics,Cash,19,7,Regular Shopper
CUST-08501,42,9.0,63066,6.4,Clothing,Cash,11,3,Regular Shopper
CUST-08502,26,18.9,509135,11.7,Tools,Cash,35,8,Wholesale Buyer
CUST-08503,60,0.6,35865,5.9,Food,Mobile Money,21,8,Regular Shopper
CUST-08504,21,2.8,16720,2.0,Household,Cash,4,3,Occasional Shopper
CUST-08505,43,7.5,99260,7.7,Clothing,Mobile Money,17,11,Regular Shopper
CUST-08506,24,0.4,294038,21.3,Food,Cash,34,9,Wholesale Buyer
CUST-08507,36,5.9,590319,13.4,Tools,Cash,40,2,Wholesale Buyer
CUST-08508,27,4.9,17622,1.0,Clothing,Cash,3,1,Occasional Shopper
CUST-08509,24,1.1,36372,23.0,Food,Cash,26,13,Loyal Budget Buyer
CUST-08510,18,9.8,28013,19.8,Household,Cash,41,11,Loyal Budget Buyer
CUST-08511,37,3.1,507022,13.8,Food,Mobile Money,31,13,Wholesale Buyer
CUST-08512,38,0.9,62139,5.7,Clothing,Cash,23,3,Regular Shopper
CUST-08513,34,4.8,659470,16.5,Tools,Cash,38,13,Wholesale Buyer
CUST-08514,26,7.1,426874,12.8,Food,Credit,37,9,Wholesale Buyer
CUST-08515,23,2.0,12245,1.1,Clothing,Cash,5,10,Occasional Shopper
CUST-08516,20,8.8,101405,6.6,Clothing,Mobile Money,27,12,Regular Shopper
CUST-08517,48,1.5,399410,15.9,Tools,Mobile Money,32,6,Wholesale Buyer
CUST-08518,21,3.0,10322,1.7,Clothing,Cash,3,12,Occasional Shopper
CUST-08519,18,0.3,8202,1.3,Household,Cash,5,3,Occasional Shopper
CUST-08520,43,1.0,605110,13.2,Tools,Cash,29,10,Wholesale Buyer
CUST-08521,31,7.4,27062,0.5,Electronics,Cash,3,10,Occasional Shopper
CUST-08522,43,14.0,571506,15.2,Household,Mobile Money,31,4,Wholesale Buyer
CUST-08523,43,2.0,35262,5.5,Tools,Cash,53,3,Loyal Budget Buyer
CUST-08524,36,3.1,21167,2.0,Clothing,Mobile Money,3,10,Occasional Shopper
CUST-08525,22,1.2,79573,5.3,Tools,Mobile Money,13,10,Regular Shopper
CUST-08526,25,9.7,42801,21.7,Food,Cash,34,12,Loyal Budget Buyer
CUST-08527,21,1.0,32545,7.8,Food,Cash,14,9,Regular Shopper
CUST-08528,39,4.2,19642,18.3,Clothing,Cash,62,2,Loyal Budget Buyer
CUST-08529,36,10.6,108111,5.1,Clothing,Cash,15,14,Regular Shopper
CUST-08530,39,1.1,549272,8.5,Clothing,Mobile Money,36,13,Wholesale Buyer
CUST-08531,43,0.8,414165,10.9,Food,Cash,37,12,Wholesale Buyer
CUST-08532,31,0.4,55250,5.1,Electronics,Mobile Money,18,13,Regular Shopper
CUST-08533,39,4.6,57770,21.1,Food,Cash,51,11,Loyal Budget Buyer
CUST-08534,36,7.0,65240,3.1,Clothing,Mobile Money,18,11,Regular Shopper
CUST-08535,40,1.4,31523,8.7,Food,Credit,17,9,Regular Shopper
CUST-08536,39,0.4,17988,0.5,Clothing,Cash,5,8,Occasional Shopper
CUST-08537,42,11.3,24026,13.8,Food,Cash,50,2,Loyal Budget Buyer
CUST-08538,38,6.9,40473,19.8,Household,Mobile Money,56,1,Loyal Budget Buyer
CUST-08539,34,0.5,42948,20.5,Food,Credit,52,2,Loyal Budget Buyer
CUST-08540,55,3.2,99904,5.1,Food,Credit,19,6,Regular Shopper
CUST-08541,44,0.2,61944,7.1,Household,Credit,18,7,Regular Shopper
CUST-08542,44,0.4,496772,15.4,Food,Cash,34,6,Wholesale Buyer
CUST-08543,28,0.7,57082,19.4,Food,Cash,38,7,Loyal Budget Buyer
CUST-08544,30,4.6,37967,18.2,Food,Cash,53,3,Loyal Budget Buyer
CUST-08545,35,8.2,631025,10.8,Food,Mobile Money,42,13,Wholesale Buyer
CUST-08546,44,7.8,15057,2.1,Electronics,Cash,2,11,Occasional Shopper
CUST-08547,54,3.3,11538,22.2,Food,Mobile Money,44,9,Loyal Budget Buyer
CUST-08548,24,14.8,54793,12.1,Food,Cash,59,7,Loyal Budget Buyer
CUST-08549,21,4.7,46937,21.2,Food,Cash,45,5,Loyal Budget Buyer
CUST-08550,44,4.4,392241,14.3,Household,Cash,37,10,Wholesale Buyer
CUST-08551,42,10.2,672991,15.0,Household,Cash,37,13,Wholesale Buyer
CUST-08552,45,4.2,84442,6.6,Clothing,Mobile Money,21,13,Regular Shopper
CUST-08553,35,3.4,463475,15.6,Food,Cash,27,2,Wholesale Buyer
CUST-08554,40,1.4,9199,1.1,Clothing,Mobile Money,7,2,Occasional Shopper
CUST-08555,28,2.8,38223,4.3,Tools,Mobile Money,13,13,Regular Shopper
CUST-08556,38,2.6,34300,5.2,Clothing,Credit,20,6,Regular Shopper
CUST-08557,32,2.0,18303,1.2,Food,Cash,2,4,Occasional Shopper
CUST-08558,18,0.5,15958,1.4,Tools,Cash,4,6,Occasional Shopper
CUST-08559,44,4.9,326695,17.4,Food,Cash,37,2,Wholesale Buyer
CUST-08560,24,11.1,17006,1.9,Food,Mobile Money,2,5,Occasional Shopper
CUST-08561,40,0.4,35100,5.1,Tools,Cash,15,2,Regular Shopper
CUST-08562,34,0.8,475188,14.8,Electronics,Credit,34,8,Wholesale Buyer
CUST-08563,27,0.9,60237,5.2,Food,Cash,14,1,Regular Shopper
CUST-08564,26,0.2,126101,9.2,Clothing,Credit,19,1,Regular Shopper
CUST-08565,26,2.0,9588,2.0,Clothing,Cash,3,8,Occasional Shopper
CUST-08566,40,5.9,36700,35.0,Clothing,Cash,49,10,Loyal Budget Buyer
CUST-08567,27,5.4,12418,1.0,Electronics,Cash,3,1,Occasional Shopper
CUST-08568,36,8.9,54688,7.2,Electronics,Mobile Money,16,1,Regular Shopper
CUST-08569,32,4.6,713993,10.5,Household,Credit,34,1,Wholesale Buyer
CUST-08570,50,2.8,72028,8.1,Food,Mobile Money,11,13,Regular Shopper
CUST-08571,41,1.2,29433,20.0,Food,Mobile Money,48,10,Loyal Budget Buyer
CUST-08572,29,1.3,4486,0.5,Clothing,Cash,4,7,Occasional Shopper
CUST-08573,29,4.2,35766,26.9,Food,Mobile Money,53,9,Loyal Budget Buyer
CUST-08574,49,2.7,440489,12.0,Tools,Cash,33,14,Wholesale Buyer
CUST-08575,23,2.5,49523,4.5,Food,Credit,13,8,Regular Shopper
CUST-08576,41,3.6,511446,15.2,Food,Cash,34,2,Wholesale Buyer
CUST-08577,18,1.0,163350,9.2,Food,Cash,9,4,Regular Shopper
CUST-08578,40,0.5,726888,15.8,Food,Cash,37,5,Wholesale Buyer
CUST-08579,21,4.7,14911,0.8,Tools,Credit,4,8,Occasional Shopper
CUST-08580,27,8.8,24677,0.9,Clothing,Cash,2,10,Occasional Shopper
CUST-08581,57,1.4,515209,16.5,Food,Credit,30,12,Wholesale Buyer
CUST-08582,28,1.4,52627,6.7,Tools,Mobile Money,13,14,Regular Shopper
CUST-08583,37,12.0,6437,2.5,Household,Cash,2,14,Occasional Shopper
CUST-08584,31,0.6,92556,7.8,Electronics,Mobile Money,19,11,Regular Shopper
CUST-08585,39,1.2,503040,14.1,Clothing,Cash,25,13,Wholesale Buyer
CUST-08586,28,2.2,123776,4.4,Electronics,Cash,13,14,Regular Shopper
CUST-08587,18,2.4,39886,5.9,Food,Mobile Money,14,4,Regular Shopper
CUST-08588,20,1.5,15866,2.2,Electronics,Cash,3,7,Occasional Shopper
CUST-08589,46,10.7,42851,6.5,Tools,Cash,20,4,Regular Shopper
CUST-08590,37,5.0,124963,9.9,Food,Mobile Money,17,6,Regular Shopper
CUST-08591,44,0.5,380775,11.5,Tools,Credit,36,10,Wholesale Buyer
CUST-08592,18,1.2,33618,22.8,Food,Mobile Money,44,12,Loyal Budget Buyer
CUST-08593,49,4.9,695602,12.9,Food,Credit,31,1,Wholesale Buyer
CUST-08594,36,13.3,95056,7.5,Food,Cash,15,4,Regular Shopper
CUST-08595,26,0.2,31407,7.4,Tools,Cash,17,11,Regular Shopper
CUST-08596,25,2.1,584689,15.2,Tools,Credit,30,11,Wholesale Buyer
CUST-08597,28,4.9,5723,1.7,Food,Mobile Money,5,13,Occasional Shopper
CUST-08598,44,2.9,26846,24.8,Food,Cash,50,10,Loyal Budget Buyer
CUST-08599,28,1.2,65939,9.2,Tools,Credit,17,10,Regular Shopper
CUST-08600,22,0.9,19416,1.1,Clothing,Mobile Money,3,9,Occasional Shopper
CUST-08601,30,0.4,37650,15.7,Clothing,Cash,55,12,Loyal Budget Buyer
CUST-08602,38,2.5,37984,21.0,Food,Cash,43,11,Loyal Budget Buyer
CUST-08603,19,2.0,44264,9.1,Household,Mobile Money,17,2,Regular Shopper
CUST-08604,32,2.2,45270,7.9,Clothing,Cash,15,2,Regular Shopper
CUST-08605,27,12.3,83139,3.9,Food,Cash,12,5,Regular Shopper
CUST-08606,21,3.6,61147,6.7,Food,Mobile Money,19,9,Regular Shopper
CUST-08607,45,15.6,26161,27.8,Food,Mobile Money,46,14,Loyal Budget Buyer
CUST-08608,29,3.4,545295,17.6,Food,Cash,32,11,Wholesale Buyer
CUST-08609,42,5.7,58913,5.6,Tools,Cash,16,7,Regular Shopper
CUST-08610,18,8.7,6134,1.3,Tools,Cash,9,3,Occasional Shopper
CUST-08611,24,0.3,54157,8.6,Clothing,Mobile Money,19,9,Regular Shopper
CUST-08612,28,0.4,9108,1.8,Household,Mobile Money,6,6,Occasional Shopper
CUST-08613,37,23.8,90476,8.3,Tools,Cash,23,7,Regular Shopper
CUST-08614,27,6.7,19889,18.9,Tools,Cash,45,4,Loyal Budget Buyer
CUST-08615,23,4.3,96863,8.4,Food,Mobile Money,17,2,Regular Shopper
CUST-08616,33,8.4,35109,22.2,Clothing,Cash,51,12,Loyal Budget Buyer
CUST-08617,38,3.3,580620,14.3,Food,Credit,26,5,Wholesale Buyer
CUST-08618,26,12.4,23682,0.5,Clothing,Cash,1,8,Occasional Shopper
CUST-08619,50,5.1,663063,14.9,Food,Cash,36,8,Wholesale Buyer
CUST-08620,56,7.5,34563,9.0,Food,Cash,50,10,Loyal Budget Buyer
CUST-08621,34,3.3,18407,1.5,Clothing,Mobile Money,1,3,Occasional Shopper
CUST-08622,44,1.1,491167,11.7,Food,Cash,38,5,Wholesale Buyer
CUST-08623,19,3.8,86867,9.2,Food,Credit,15,6,Regular Shopper
CUST-08624,31,1.7,66001,6.5,Tools,Mobile Money,9,12,Regular Shopper
CUST-08625,48,3.2,513853,11.2,Clothing,Cash,28,6,Wholesale Buyer
CUST-08626,40,6.2,489616,16.7,Electronics,Cash,34,4,Wholesale Buyer
CUST-08627,22,5.2,71524,6.8,Household,Cash,16,12,Regular Shopper
CUST-08628,18,1.0,101285,9.5,Tools,Cash,23,3,Regular Shopper
CUST-08629,41,0.4,675741,13.9,Tools,Cash,47,4,Wholesale Buyer
CUST-08630,37,0.5,74389,10.4,Household,Mobile Money,13,10,Regular Shopper
CUST-08631,18,5.8,48347,18.2,Clothing,Cash,52,4,Loyal Budget Buyer
CUST-08632,36,3.5,109795,5.2,Tools,Credit,6,1,Regular Shopper
CUST-08633,35,6.8,431858,11.1,Food,Cash,30,12,Wholesale Buyer
CUST-08634,25,3.8,120115,4.5,Electronics,Cash,16,11,Regular Shopper
CUST-08635,46,14.6,403517,11.0,Tools,Cash,35,10,Wholesale Buyer
CUST-08636,29,5.7,106532,7.9,Electronics,Cash,16,3,Regular Shopper
CUST-08637,24,4.9,101044,11.2,Electronics,Cash,19,7,Regular Shopper
CUST-08638,35,13.2,64673,9.3,Tools,Cash,16,6,Regular Shopper
CUST-08639,35,5.6,25141,19.4,Food,Mobile Money,51,5,Loyal Budget Buyer
CUST-08640,39,11.8,7720,9.3,Clothing,Mobile Money,12,8,Regular Shopper
CUST-08641,42,7.3,35519,24.7,Food,Cash,52,12,Loyal Budget Buyer
CUST-08642,22,5.6,73939,7.0,Tools,Mobile Money,18,7,Regular Shopper
CUST-08643,31,0.6,94989,5.8,Food,Mobile Money,25,1,Regular Shopper
CUST-08644,42,10.4,743850,11.8,Food,Cash,42,7,Wholesale Buyer
CUST-08645,37,5.1,46189,21.8,Food,Cash,45,14,Loyal Budget Buyer
CUST-08646,19,1.9,49246,10.1,Electronics,Credit,15,2,Regular Shopper
CUST-08647,21,1.2,30283,5.9,Food,Mobile Money,21,14,Regular Shopper
CUST-08648,34,3.5,102462,4.4,Electronics,Mobile Money,19,7,Regular Shopper
CUST-08649,35,3.7,45317,6.8,Tools,Mobile Money,15,10,Regular Shopper
CUST-08650,31,8.4,101217,9.0,Food,Mobile Money,24,9,Regular Shopper
CUST-08651,33,0.4,376240,11.0,Food,Mobile Money,37,5,Wholesale Buyer
CUST-08652,32,4.7,13162,1.0,Household,Cash,2,7,Occasional Shopper
CUST-08653,37,2.7,404665,14.8,Tools,Cash,31,4,Wholesale Buyer
CUST-08654,33,8.6,7500,6.6,Tools,Mobile Money,12,9,Regular Shopper
CUST-08655,33,2.1,57794,7.7,Clothing,Mobile Money,26,10,Regular Shopper
CUST-08656,21,1.4,101343,9.9,Tools,Mobile Money,19,8,Regular Shopper
CUST-08657,23,3.1,23012,1.9,Clothing,Cash,2,3,Occasional Shopper
CUST-08658,18,5.5,71521,7.0,Food,Cash,17,1,Regular Shopper
CUST-08659,25,0.2,258288,11.8,Tools,Cash,34,4,Wholesale Buyer
CUST-08660,24,1.1,71886,7.7,Electronics,Mobile Money,12,3,Regular Shopper
CUST-08661,33,11.6,13297,1.3,Food,Cash,7,5,Occasional Shopper
CUST-08662,53,3.1,446855,18.6,Food,Cash,34,8,Wholesale Buyer
CUST-08663,18,4.7,28349,23.6,Electronics,Cash,50,6,Loyal Budget Buyer
CUST-08664,32,1.3,54923,5.1,Clothing,Cash,11,6,Regular Shopper
CUST-08665,41,27.2,72349,10.9,Clothing,Cash,12,9,Regular Shopper
CUST-08666,39,1.7,438043,16.9,Household,Credit,35,14,Wholesale Buyer
CUST-08667,46,2.6,87796,9.6,Tools,Cash,14,2,Regular Shopper
CUST-08668,45,2.0,72531,6.9,Electronics,Cash,20,14,Regular Shopper
CUST-08669,27,0.4,93943,6.2,Food,Cash,16,9,Regular Shopper
CUST-08670,18,9.0,76237,4.4,Electronics,Cash,17,5,Regular Shopper
CUST-08671,18,1.9,6479,12.6,Food,Cash,50,6,Loyal Budget Buyer
CUST-08672,29,0.9,76497,6.8,Electronics,Mobile Money,22,9,Regular Shopper
CUST-08673,45,3.0,45054,7.3,Electronics,Mobile Money,29,9,Regular Shopper
CUST-08674,34,17.8,93077,3.6,Food,Credit,16,10,Regular Shopper
CUST-08675,22,5.6,87463,7.4,Clothing,Credit,14,12,Regular Shopper
CUST-08676,45,9.0,487794,12.4,Electronics,Cash,41,11,Wholesale Buyer
CUST-08677,36,1.1,9319,2.1,Electronics,Credit,3,5,Occasional Shopper
CUST-08678,35,2.7,279877,10.2,Electronics,Credit,45,2,Wholesale Buyer
CUST-08679,32,3.7,28906,21.2,Electronics,Cash,54,13,Loyal Budget Buyer
CUST-08680,38,3.7,50153,7.1,Food,Credit,13,8,Regular Shopper
CUST-08681,35,0.4,37027,17.0,Electronics,Cash,63,8,Loyal Budget Buyer
CUST-08682,42,1.7,16928,2.2,Tools,Mobile Money,5,3,Occasional Shopper
CUST-08683,35,2.2,488572,13.4,Food,Cash,41,2,Wholesale Buyer
CUST-08684,29,12.1,709807,18.5,Tools,Cash,37,7,Wholesale Buyer
CUST-08685,46,3.3,518174,12.4,Tools,Cash,33,9,Wholesale Buyer
CUST-08686,32,11.4,330613,13.8,Clothing,Cash,39,4,Wholesale Buyer
CUST-08687,36,7.7,39663,7.4,Food,Mobile Money,11,8,Regular Shopper
CUST-08688,19,2.4,297056,11.9,Tools,Credit,27,8,Wholesale Buyer
CUST-08689,18,8.5,27458,0.5,Electronics,Cash,2,1,Occasional Shopper
CUST-08690,29,7.4,109269,3.0,Tools,Mobile Money,17,8,Regular Shopper
CUST-08691,18,0.2,14199,3.1,Household,Credit,1,11,Occasional Shopper
CUST-08692,41,1.0,26447,19.3,Food,Cash,52,11,Loyal Budget Buyer
CUST-08693,31,5.7,26029,17.1,Household,Cash,55,14,Loyal Budget Buyer
CUST-08694,40,0.5,77263,7.6,Tools,Mobile Money,30,14,Regular Shopper
CUST-08695,40,0.5,13787,2.1,Electronics,Credit,4,10,Occasional Shopper
CUST-08696,42,5.7,679110,16.1,Food,Mobile Money,38,2,Wholesale Buyer
CUST-08697,34,0.6,102489,4.5,Tools,Mobile Money,14,2,Regular Shopper
CUST-08698,53,0.3,557953,16.8,Clothing,Cash,34,2,Wholesale Buyer
CUST-08699,43,6.2,30153,3.0,Clothing,Mobile Money,4,2,Occasional Shopper
CUST-08700,38,1.3,35105,14.5,Food,Cash,48,7,Loyal Budget Buyer
CUST-08701,46,0.7,728506,14.6,Food,Cash,37,12,Wholesale Buyer
CUST-08702,28,2.6,67656,6.8,Household,Credit,16,14,Regular Shopper
CUST-08703,38,4.6,29360,1.6,Tools,Mobile Money,6,10,Occasional Shopper
CUST-08704,43,0.7,244217,11.3,Tools,Cash,35,10,Wholesale Buyer
CUST-08705,29,27.4,10759,8.7,Clothing,Mobile Money,27,12,Regular Shopper
CUST-08706,38,6.6,349332,11.3,Tools,Cash,33,13,Wholesale Buyer
CUST-08707,21,4.8,24308,1.3,Clothing,Cash,3,14,Occasional Shopper
CUST-08708,40,13.2,364190,19.0,Food,Credit,24,11,Wholesale Buyer
CUST-08709,18,1.2,109153,10.0,Electronics,Credit,18,11,Regular Shopper
CUST-08710,23,4.1,107475,9.0,Electronics,Credit,25,14,Regular Shopper
CUST-08711,40,7.4,15106,2.0,Clothing,Mobile Money,4,1,Occasional Shopper
CUST-08712,31,5.7,21569,1.1,Clothing,Mobile Money,5,3,Occasional Shopper
CUST-08713,27,1.7,27148,2.3,Tools,Mobile Money,4,1,Occasional Shopper
CUST-08714,39,3.0,298244,12.9,Tools,Mobile Money,33,13,Wholesale Buyer
CUST-08715,30,4.6,23811,12.6,Food,Cash,50,11,Loyal Budget Buyer
CUST-08716,18,6.9,27178,2.7,Electronics,Cash,3,13,Occasional Shopper
CUST-08717,46,0.7,333050,18.6,Household,Mobile Money,45,14,Wholesale Buyer
CUST-08718,19,8.6,81858,4.5,Food,Cash,12,1,Regular Shopper
CUST-08719,37,8.7,53066,19.8,Clothing,Cash,58,6,Loyal Budget Buyer
CUST-08720,25,14.2,15538,1.6,Household,Cash,4,7,Occasional Shopper
CUST-08721,51,2.8,28735,18.8,Food,Cash,39,2,Loyal Budget Buyer
CUST-08722,22,5.2,127461,5.3,Tools,Cash,16,4,Regular Shopper
CUST-08723,41,17.5,120039,11.0,Tools,Mobile Money,19,10,Regular Shopper
CUST-08724,29,6.9,39863,20.9,Food,Cash,54,3,Loyal Budget Buyer
CUST-08725,25,0.2,38291,22.2,Food,Mobile Money,48,2,Loyal Budget Buyer
CUST-08726,25,4.4,8182,2.8,Clothing,Cash,6,7,Occasional Shopper
CUST-08727,34,1.3,64432,9.3,Household,Cash,14,3,Regular Shopper
CUST-08728,41,0.2,460183,19.7,Food,Cash,42,7,Wholesale Buyer
CUST-08729,18,0.4,16674,0.7,Household,Mobile Money,5,8,Occasional Shopper
CUST-08730,20,5.8,27618,5.9,Clothing,Cash,19,1,Regular Shopper
CUST-08731,38,5.7,23481,8.3,Clothing,Cash,46,7,Loyal Budget Buyer
CUST-08732,39,6.7,245577,21.2,Tools,Cash,56,7,Wholesale Buyer
CUST-08733,40,0.7,124414,5.3,Clothing,Cash,18,11,Regular Shopper
CUST-08734,28,0.8,115327,7.8,Household,Mobile Money,16,3,Regular Shopper
CUST-08735,41,4.8,68681,9.6,Food,Mobile Money,9,7,Regular Shopper
CUST-08736,58,6.6,44618,10.5,Clothing,Mobile Money,17,4,Regular Shopper
CUST-08737,31,4.6,52917,25.8,Food,Cash,45,6,Loyal Budget Buyer
CUST-08738,28,10.9,28701,13.0,Tools,Cash,51,11,Loyal Budget Buyer
CUST-08739,30,2.7,23771,1.0,Food,Mobile Money,4,3,Occasional Shopper
CUST-08740,32,3.2,36550,6.8,Household,Cash,17,13,Regular Shopper
CUST-08741,41,0.6,491446,12.3,Food,Cash,49,8,Wholesale Buyer
CUST-08742,42,1.1,74062,5.9,Food,Cash,16,6,Regular Shopper
CUST-08743,26,17.4,378397,14.8,Electronics,Credit,42,8,Wholesale Buyer
CUST-08744,51,10.7,58754,19.7,Food,Mobile Money,59,7,Loyal Budget Buyer
CUST-08745,28,5.1,47348,5.4,Clothing,Cash,22,9,Regular Shopper
CUST-08746,38,3.9,20368,22.5,Clothing,Cash,53,13,Loyal Budget Buyer
CUST-08747,36,2.0,104610,5.4,Food,Cash,17,8,Regular Shopper
CUST-08748,28,2.0,89423,6.5,Electronics,Mobile Money,19,2,Regular Shopper
CUST-08749,26,1.5,411809,13.2,Household,Mobile Money,30,3,Wholesale Buyer
CUST-08750,22,0.3,118208,6.6,Tools,Cash,16,4,Regular Shopper
CUST-08751,19,0.4,24244,20.5,Food,Cash,30,12,Loyal Budget Buyer
CUST-08752,22,4.6,61403,14.2,Food,Cash,46,8,Loyal Budget Buyer
CUST-08753,19,4.9,25375,1.2,Clothing,Mobile Money,2,12,Occasional Shopper
CUST-08754,39,1.0,711264,17.9,Tools,Mobile Money,35,13,Wholesale Buyer
CUST-08755,35,0.4,41157,14.2,Food,Cash,49,10,Loyal Budget Buyer
CUST-08756,19,5.4,1800,0.8,Electronics,Cash,2,3,Occasional Shopper
CUST-08757,30,4.0,19721,1.3,Household,Cash,3,13,Occasional Shopper
CUST-08758,58,0.5,26756,12.7,Electronics,Cash,56,4,Loyal Budget Buyer
CUST-08759,22,10.4,6383,0.7,Clothing,Mobile Money,4,3,Occasional Shopper
CUST-08760,30,8.2,40225,5.9,Clothing,Cash,21,5,Regular Shopper
CUST-08761,39,5.6,71093,10.2,Food,Mobile Money,12,9,Regular Shopper
CUST-08762,30,15.8,388565,15.1,Food,Cash,27,6,Wholesale Buyer
CUST-08763,24,2.8,15295,2.6,Household,Cash,6,13,Occasional Shopper
CUST-08764,34,6.2,93074,6.3,Tools,Cash,14,12,Regular Shopper
CUST-08765,29,1.4,20264,1.6,Clothing,Cash,3,13,Occasional Shopper
CUST-08766,37,3.3,104004,6.9,Household,Cash,19,6,Regular Shopper
CUST-08767,18,2.3,13470,1.9,Food,Cash,3,9,Occasional Shopper
CUST-08768,39,2.7,25267,3.3,Clothing,Cash,10,9,Regular Shopper
CUST-08769,25,2.1,578516,17.6,Tools,Cash,34,2,Wholesale Buyer
CUST-08770,24,1.0,47995,14.9,Food,Mobile Money,52,5,Loyal Budget Buyer
CUST-08771,33,1.0,481838,10.7,Clothing,Cash,36,13,Wholesale Buyer
CUST-08772,18,0.4,79438,8.6,Food,Mobile Money,21,1,Regular Shopper
CUST-08773,28,11.6,51040,4.2,Tools,Cash,17,8,Regular Shopper
CUST-08774,32,2.7,34553,9.7,Tools,Mobile Money,16,2,Regular Shopper
CUST-08775,19,1.7,71404,6.7,Clothing,Cash,9,2,Regular Shopper
CUST-08776,43,4.0,53566,6.6,Clothing,Mobile Money,16,9,Regular Shopper
CUST-08777,37,3.6,20912,1.9,Clothing,Mobile Money,5,10,Occasional Shopper
CUST-08778,46,1.8,632608,13.9,Food,Credit,31,2,Wholesale Buyer
CUST-08779,34,2.1,290196,12.1,Food,Cash,44,7,Wholesale Buyer
CUST-08780,41,0.2,37803,22.8,Household,Mobile Money,47,13,Loyal Budget Buyer
CUST-08781,21,2.4,69289,6.6,Tools,Mobile Money,20,6,Regular Shopper
CUST-08782,27,19.1,24844,1.0,Electronics,Cash,7,9,Occasional Shopper
CUST-08783,20,0.8,129792,3.1,Tools,Mobile Money,20,11,Regular Shopper
CUST-08784,48,1.5,493970,12.4,Food,Cash,32,4,Wholesale Buyer
CUST-08785,32,22.0,23561,22.3,Food,Mobile Money,55,7,Loyal Budget Buyer
CUST-08786,26,4.4,24816,3.0,Household,Cash,8,14,Occasional Shopper
CUST-08787,18,1.4,12500,1.8,Clothing,Cash,5,7,Occasional Shopper
CUST-08788,37,1.2,23623,17.5,Food,Cash,44,1,Loyal Budget Buyer
CUST-08789,18,0.8,86975,8.2,Clothing,Cash,16,11,Regular Shopper
CUST-08790,29,3.6,47702,28.4,Household,Cash,45,4,Loyal Budget Buyer
CUST-08791,23,2.5,14440,16.0,Food,Mobile Money,50,12,Loyal Budget Buyer
CUST-08792,40,2.7,39061,20.2,Clothing,Cash,42,3,Loyal Budget Buyer
CUST-08793,46,2.9,33882,22.8,Tools,Cash,53,4,Loyal Budget Buyer
CUST-08794,18,0.6,82595,6.1,Household,Mobile Money,12,11,Regular Shopper
CUST-08795,29,1.3,42857,18.5,Tools,Cash,51,2,Loyal Budget Buyer
CUST-08796,29,6.8,31256,1.0,Clothing,Cash,5,10,Occasional Shopper
CUST-08797,24,1.4,88656,3.3,Clothing,Mobile Money,20,1,Regular Shopper
CUST-08798,27,1.9,26423,1.7,Clothing,Cash,1,1,Occasional Shopper
CUST-08799,20,15.6,80973,13.4,Clothing,Cash,15,5,Regular Shopper
CUST-08800,18,6.5,21919,2.5,Clothing,Cash,3,6,Occasional Shopper
CUST-08801,44,6.8,598961,12.3,Food,Cash,28,1,Wholesale Buyer
CUST-08802,36,2.7,22626,15.4,Electronics,Mobile Money,48,13,Loyal Budget Buyer
CUST-08803,45,2.0,16266,18.9,Food,Cash,47,9,Loyal Budget Buyer
CUST-08804,42,3.0,596150,14.7,Food,Cash,28,8,Wholesale Buyer
CUST-08805,36,1.9,38007,20.9,Tools,Mobile Money,66,4,Loyal Budget Buyer
CUST-08806,30,0.4,504102,14.9,Tools,Credit,40,3,Wholesale Buyer
CUST-08807,50,0.9,22747,15.2,Food,Cash,59,12,Loyal Budget Buyer
CUST-08808,22,1.4,23164,1.5,Food,Cash,5,11,Occasional Shopper
CUST-08809,34,8.0,114715,9.6,Electronics,Mobile Money,28,1,Regular Shopper
CUST-08810,27,2.6,698161,17.6,Clothing,Cash,36,10,Wholesale Buyer
CUST-08811,34,1.2,13313,23.7,Household,Cash,54,10,Loyal Budget Buyer
CUST-08812,34,1.8,34792,6.1,Food,Mobile Money,20,4,Regular Shopper
CUST-08813,25,1.8,20937,2.3,Food,Cash,3,8,Occasional Shopper
CUST-08814,41,1.9,57989,6.3,Food,Cash,14,14,Regular Shopper
CUST-08815,36,3.6,114766,3.9,Household,Cash,11,1,Regular Shopper
CUST-08816,38,20.3,24279,0.8,Food,Mobile Money,7,12,Occasional Shopper
CUST-08817,49,6.1,7584,1.5,Clothing,Mobile Money,4,12,Occasional Shopper
CUST-08818,47,17.1,64552,6.7,Clothing,Cash,15,2,Regular Shopper
CUST-08819,27,9.2,64805,7.7,Clothing,Cash,19,10,Regular Shopper
CUST-08820,24,3.7,57206,19.0,Clothing,Cash,49,2,Loyal Budget Buyer
CUST-08821,38,6.1,79881,9.8,Clothing,Mobile Money,9,13,Regular Shopper
CUST-08822,26,3.4,42460,17.2,Food,Mobile Money,61,10,Loyal Budget Buyer
CUST-08823,43,1.0,37575,14.3,Food,Mobile Money,46,7,Loyal Budget Buyer
CUST-08824,31,5.7,20209,0.5,Clothing,Mobile Money,6,6,Occasional Shopper
CUST-08825,24,2.2,634150,14.7,Tools,Cash,45,12,Wholesale Buyer
CUST-08826,39,1.4,457158,9.9,Food,Mobile Money,45,6,Wholesale Buyer
CUST-08827,30,0.8,404981,12.9,Food,Cash,32,12,Wholesale Buyer
CUST-08828,32,3.2,17912,2.3,Tools,Cash,4,7,Occasional Shopper
CUST-08829,33,1.0,126522,6.8,Electronics,Mobile Money,15,10,Regular Shopper
CUST-08830,35,9.7,77401,6.4,Food,Mobile Money,16,5,Regular Shopper
CUST-08831,42,2.9,58608,8.0,Food,Mobile Money,12,1,Regular Shopper
CUST-08832,32,16.1,438088,20.3,Food,Credit,40,14,Wholesale Buyer
CUST-08833,18,7.3,19860,1.5,Clothing,Cash,4,1,Occasional Shopper
CUST-08834,40,8.5,544654,12.3,Food,Credit,39,10,Wholesale Buyer
CUST-08835,42,7.0,427954,12.3,Tools,Credit,37,7,Wholesale Buyer
CUST-08836,18,4.3,1800,1.4,Clothing,Mobile Money,3,10,Occasional Shopper
CUST-08837,50,1.1,7607,0.6,Electronics,Cash,3,13,Occasional Shopper
CUST-08838,22,0.7,25401,1.2,Clothing,Cash,7,12,Occasional Shopper
CUST-08839,29,4.5,462014,16.3,Household,Credit,29,10,Wholesale Buyer
CUST-08840,29,2.7,24756,1.4,Clothing,Cash,2,9,Occasional Shopper
CUST-08841,18,2.4,50333,17.2,Food,Mobile Money,47,13,Loyal Budget Buyer
CUST-08842,18,1.9,25574,1.2,Clothing,Mobile Money,4,2,Occasional Shopper
CUST-08843,28,10.5,10530,1.2,Clothing,Cash,6,12,Occasional Shopper
CUST-08844,31,6.1,139584,5.4,Household,Mobile Money,18,2,Regular Shopper
CUST-08845,25,0.3,20435,5.9,Tools,Mobile Money,17,8,Regular Shopper
CUST-08846,30,2.7,17307,0.9,Electronics,Cash,2,12,Occasional Shopper
CUST-08847,32,40.0,21806,5.5,Food,Mobile Money,18,3,Regular Shopper
CUST-08848,37,1.8,485774,11.3,Tools,Mobile Money,36,6,Wholesale Buyer
CUST-08849,30,12.5,25417,18.2,Food,Mobile Money,57,9,Loyal Budget Buyer
CUST-08850,37,2.6,37326,20.8,Food,Cash,64,12,Loyal Budget Buyer
CUST-08851,32,4.9,33435,21.0,Food,Cash,62,8,Loyal Budget Buyer
CUST-08852,26,5.6,20807,19.7,Household,Cash,60,11,Loyal Budget Buyer
CUST-08853,27,5.3,62618,5.6,Household,Cash,9,12,Regular Shopper
CUST-08854,31,3.5,24441,18.3,Household,Cash,54,7,Loyal Budget Buyer
CUST-08855,35,8.6,69132,9.0,Tools,Cash,13,10,Regular Shopper
CUST-08856,35,4.8,25711,17.8,Clothing,Cash,56,7,Loyal Budget Buyer
CUST-08857,32,3.2,95389,6.0,Food,Mobile Money,18,5,Regular Shopper
CUST-08858,47,3.9,116542,10.6,Food,Cash,17,9,Regular Shopper
CUST-08859,27,5.2,535309,8.2,Electronics,Cash,31,9,Wholesale Buyer
CUST-08860,34,0.9,7785,1.0,Clothing,Cash,6,4,Occasional Shopper
CUST-08861,49,1.4,55878,9.8,Tools,Mobile Money,21,8,Regular Shopper
CUST-08862,21,6.3,41088,19.0,Food,Cash,50,8,Loyal Budget Buyer
CUST-08863,30,5.8,88690,9.5,Tools,Credit,17,1,Regular Shopper
CUST-08864,36,14.5,40357,16.8,Food,Credit,54,5,Loyal Budget Buyer
CUST-08865,40,1.1,3500,21.5,Food,Mobile Money,47,13,Loyal Budget Buyer
CUST-08866,45,3.8,43868,8.3,Electronics,Credit,17,7,Regular Shopper
CUST-08867,39,7.2,100104,10.8,Tools,Cash,21,14,Regular Shopper
CUST-08868,23,8.7,38811,17.4,Clothing,Cash,53,9,Loyal Budget Buyer
CUST-08869,23,0.4,35662,1.4,Clothing,Mobile Money,6,7,Occasional Shopper
CUST-08870,18,0.3,25937,23.1,Food,Mobile Money,42,12,Loyal Budget Buyer
CUST-08871,38,16.6,67234,7.4,Clothing,Cash,17,9,Regular Shopper
CUST-08872,20,1.8,328610,13.4,Electronics,Credit,32,8,Wholesale Buyer
CUST-08873,30,3.8,44658,18.6,Food,Cash,43,1,Loyal Budget Buyer
CUST-08874,19,7.4,80260,6.1,Food,Mobile Money,10,8,Regular Shopper
CUST-08875,34,4.7,427879,12.7,Tools,Cash,48,10,Wholesale Buyer
CUST-08876,25,0.7,25590,23.0,Food,Mobile Money,54,10,Loyal Budget Buyer
CUST-08877,25,1.4,393324,17.3,Tools,Cash,32,10,Wholesale Buyer
CUST-08878,35,9.9,14242,2.5,Food,Cash,6,9,Occasional Shopper
CUST-08879,27,12.4,15691,2.6,Household,Cash,2,9,Occasional Shopper
CUST-08880,18,9.7,23967,2.2,Clothing,Credit,7,3,Occasional Shopper
CUST-08881,19,21.5,45817,18.9,Food,Cash,55,13,Loyal Budget Buyer
CUST-08882,45,10.6,76724,7.1,Household,Cash,18,8,Regular Shopper
CUST-08883,18,7.4,38359,19.5,Household,Cash,54,3,Loyal Budget Buyer
CUST-08884,27,7.4,598371,16.7,Tools,Cash,28,12,Wholesale Buyer
CUST-08885,28,5.7,31485,19.9,Food,Cash,41,11,Loyal Budget Buyer
CUST-08886,36,3.0,49462,22.7,Household,Credit,44,1,Loyal Budget Buyer
CUST-08887,46,2.0,57709,6.6,Food,Cash,14,11,Regular Shopper
CUST-08888,31,0.7,73079,2.8,Household,Cash,12,9,Regular Shopper
CUST-08889,35,7.4,290920,15.0,Food,Cash,46,13,Wholesale Buyer
CUST-08890,28,18.9,16430,1.0,Tools,Mobile Money,2,12,Occasional Shopper
CUST-08891,23,4.5,4618,1.5,Clothing,Cash,1,9,Occasional Shopper
CUST-08892,35,4.1,384684,10.4,Tools,Credit,22,1,Wholesale Buyer
CUST-08893,18,9.5,54049,17.8,Household,Cash,58,11,Loyal Budget Buyer
CUST-08894,23,11.5,38424,22.4,Food,Cash,60,2,Loyal Budget Buyer
CUST-08895,23,6.6,30817,5.8,Food,Cash,18,4,Regular Shopper
CUST-08896,30,0.3,113587,6.0,Clothing,Mobile Money,15,14,Regular Shopper
CUST-08897,32,1.2,70233,5.9,Food,Cash,14,1,Regular Shopper
CUST-08898,28,17.5,92362,7.9,Household,Mobile Money,20,2,Regular Shopper
CUST-08899,32,0.8,88857,6.3,Electronics,Cash,20,10,Regular Shopper
CUST-08900,26,8.1,89649,6.3,Electronics,Credit,14,14,Regular Shopper
CUST-08901,39,2.2,37675,17.3,Electronics,Mobile Money,52,6,Loyal Budget Buyer
CUST-08902,49,4.2,91304,5.3,Food,Cash,13,12,Regular Shopper
CUST-08903,31,5.0,83785,8.5,Clothing,Mobile Money,12,11,Regular Shopper
CUST-08904,30,1.1,603774,14.2,Tools,Mobile Money,43,9,Wholesale Buyer
CUST-08905,42,1.8,39398,17.4,Electronics,Mobile Money,43,9,Loyal Budget Buyer
CUST-08906,40,4.6,25850,7.1,Food,Mobile Money,43,5,Loyal Budget Buyer
CUST-08907,29,3.2,22649,1.8,Clothing,Mobile Money,5,7,Occasional Shopper
CUST-08908,48,4.1,544018,14.1,Food,Mobile Money,33,12,Wholesale Buyer
CUST-08909,26,5.1,516357,12.7,Household,Credit,37,13,Wholesale Buyer
CUST-08910,41,6.2,227734,12.3,Tools,Mobile Money,33,11,Wholesale Buyer
CUST-08911,18,7.0,43705,15.2,Clothing,Cash,65,9,Loyal Budget Buyer
CUST-08912,30,0.7,44990,7.6,Clothing,Cash,15,1,Regular Shopper
CUST-08913,37,6.6,27390,18.1,Food,Cash,39,1,Loyal Budget Buyer
CUST-08914,23,2.2,99074,1.7,Food,Mobile Money,17,3,Regular Shopper
CUST-08915,30,6.4,55734,6.5,Clothing,Mobile Money,22,12,Regular Shopper
CUST-08916,39,7.4,2182,0.5,Clothing,Cash,2,4,Occasional Shopper
CUST-08917,37,1.3,22664,1.4,Tools,Mobile Money,5,2,Occasional Shopper
CUST-08918,32,6.7,22330,17.7,Food,Cash,41,4,Loyal Budget Buyer
CUST-08919,20,0.2,19762,8.8,Clothing,Cash,19,14,Regular Shopper
CUST-08920,20,0.6,382964,19.8,Food,Cash,36,9,Wholesale Buyer
CUST-08921,28,3.3,24788,7.2,Clothing,Cash,12,5,Regular Shopper
CUST-08922,18,1.3,76652,6.0,Tools,Cash,12,14,Regular Shopper
CUST-08923,35,0.5,43300,8.3,Tools,Mobile Money,24,7,Regular Shopper
CUST-08924,33,4.7,89679,7.2,Food,Credit,13,1,Regular Shopper
CUST-08925,34,7.0,60609,7.4,Household,Mobile Money,14,7,Regular Shopper
CUST-08926,27,9.7,4659,1.3,Food,Mobile Money,1,5,Occasional Shopper
CUST-08927,37,1.9,469410,15.7,Tools,Cash,28,5,Wholesale Buyer
CUST-08928,36,0.8,394320,13.6,Food,Credit,28,2,Wholesale Buyer
CUST-08929,31,11.3,48122,9.0,Electronics,Mobile Money,15,3,Regular Shopper
CUST-08930,32,3.7,6340,0.5,Electronics,Cash,3,4,Occasional Shopper
CUST-08931,27,0.2,48367,11.3,Household,Cash,46,13,Loyal Budget Buyer
CUST-08932,18,1.3,25408,2.6,Clothing,Cash,7,2,Occasional Shopper
CUST-08933,25,1.7,37240,6.7,Electronics,Cash,15,6,Regular Shopper
CUST-08934,30,5.8,76636,12.5,Food,Mobile Money,23,13,Regular Shopper
CUST-08935,23,8.0,111841,8.0,Tools,Mobile Money,18,12,Regular Shopper
CUST-08936,30,1.4,48483,23.6,Electronics,Mobile Money,52,11,Loyal Budget Buyer
CUST-08937,26,7.2,48725,22.2,Household,Cash,43,2,Loyal Budget Buyer
CUST-08938,47,2.1,72023,9.0,Tools,Mobile Money,19,1,Regular Shopper
CUST-08939,37,1.6,101773,10.2,Tools,Credit,17,11,Regular Shopper
CUST-08940,29,0.4,23436,0.8,Clothing,Cash,3,10,Occasional Shopper
CUST-08941,37,1.3,1800,3.1,Electronics,Mobile Money,2,14,Occasional Shopper
CUST-08942,22,6.4,17692,1.7,Household,Mobile Money,2,1,Occasional Shopper
CUST-08943,18,9.5,87626,4.9,Food,Cash,15,11,Regular Shopper
CUST-08944,27,11.7,90857,7.6,Electronics,Cash,18,2,Regular Shopper
CUST-08945,25,2.7,11833,1.1,Household,Cash,7,6,Occasional Shopper
CUST-08946,23,3.9,46027,16.4,Household,Cash,61,3,Loyal Budget Buyer
CUST-08947,32,3.2,11452,1.7,Food,Cash,2,3,Occasional Shopper
CUST-08948,34,7.9,593750,17.3,Household,Cash,34,5,Wholesale Buyer
CUST-08949,30,1.6,40366,8.4,Household,Mobile Money,21,9,Regular Shopper
CUST-08950,20,7.6,22340,1.0,Electronics,Mobile Money,7,2,Occasional Shopper
CUST-08951,39,1.7,506193,14.6,Tools,Credit,24,13,Wholesale Buyer
CUST-08952,21,0.5,78489,6.1,Clothing,Cash,16,2,Regular Shopper
CUST-08953,28,1.8,12037,2.3,Electronics,Cash,2,14,Occasional Shopper
CUST-08954,44,13.9,296237,13.7,Tools,Mobile Money,27,1,Wholesale Buyer
CUST-08955,44,11.5,89086,6.9,Food,Credit,17,7,Regular Shopper
CUST-08956,24,8.1,3500,20.4,Clothing,Mobile Money,52,8,Loyal Budget Buyer
CUST-08957,18,9.9,98935,2.7,Electronics,Mobile Money,19,11,Regular Shopper
CUST-08958,35,1.3,21995,1.6,Electronics,Cash,2,11,Occasional Shopper
CUST-08959,34,7.3,69653,11.4,Clothing,Mobile Money,18,2,Regular Shopper
CUST-08960,38,6.5,30790,2.3,Food,Mobile Money,5,2,Occasional Shopper
CUST-08961,33,2.5,30934,16.0,Food,Mobile Money,65,5,Loyal Budget Buyer
CUST-08962,26,1.0,75699,7.8,Tools,Mobile Money,17,12,Regular Shopper
CUST-08963,28,3.4,5511,2.7,Clothing,Cash,4,1,Occasional Shopper
CUST-08964,18,7.7,73998,5.8,Clothing,Mobile Money,18,8,Regular Shopper
CUST-08965,38,1.8,510244,15.9,Clothing,Cash,35,14,Wholesale Buyer
CUST-08966,26,26.5,72883,8.6,Electronics,Mobile Money,15,2,Regular Shopper
CUST-08967,35,3.4,30090,16.4,Food,Cash,47,11,Loyal Budget Buyer
CUST-08968,37,2.3,10173,2.2,Clothing,Cash,4,12,Occasional Shopper
CUST-08969,41,0.6,40060,16.7,Tools,Cash,39,5,Loyal Budget Buyer
CUST-08970,18,2.0,40469,5.3,Electronics,Cash,16,1,Regular Shopper
CUST-08971,18,3.3,129325,6.4,Food,Cash,11,7,Regular Shopper
CUST-08972,33,19.1,132059,6.4,Tools,Mobile Money,22,12,Regular Shopper
CUST-08973,28,5.7,42527,15.2,Household,Cash,53,9,Loyal Budget Buyer
CUST-08974,41,6.9,604040,14.9,Clothing,Cash,36,6,Wholesale Buyer
CUST-08975,47,4.7,32137,15.7,Food,Credit,46,11,Loyal Budget Buyer
CUST-08976,20,0.8,56836,6.0,Electronics,Mobile Money,19,9,Regular Shopper
CUST-08977,29,4.7,529511,10.8,Tools,Credit,25,4,Wholesale Buyer
CUST-08978,18,13.6,113936,7.9,Electronics,Mobile Money,12,4,Regular Shopper
CUST-08979,39,7.6,23397,3.1,Electronics,Mobile Money,2,3,Occasional Shopper
CUST-08980,27,6.4,72501,7.6,Household,Mobile Money,20,9,Regular Shopper
CUST-08981,31,1.5,17552,19.0,Food,Mobile Money,46,5,Loyal Budget Buyer
CUST-08982,34,1.3,63518,5.6,Electronics,Credit,24,6,Regular Shopper
CUST-08983,20,1.4,28044,6.0,Food,Cash,20,10,Regular Shopper
CUST-08984,35,5.9,578764,15.2,Tools,Cash,45,14,Wholesale Buyer
CUST-08985,42,5.9,44946,7.2,Electronics,Cash,11,13,Regular Shopper
CUST-08986,28,4.2,120888,7.8,Electronics,Mobile Money,18,10,Regular Shopper
CUST-08987,44,16.2,638947,16.9,Household,Mobile Money,39,14,Wholesale Buyer
CUST-08988,35,5.8,47063,25.8,Food,Cash,55,13,Loyal Budget Buyer
CUST-08989,30,3.5,61550,8.9,Clothing,Mobile Money,21,4,Regular Shopper
CUST-08990,41,4.6,131127,5.4,Electronics,Mobile Money,9,1,Regular Shopper
CUST-08991,36,8.3,14334,20.8,Tools,Cash,39,2,Loyal Budget Buyer
CUST-08992,26,5.3,26403,1.3,Clothing,Mobile Money,4,12,Occasional Shopper
CUST-08993,18,2.4,10089,1.8,Electronics,Mobile Money,9,4,Occasional Shopper
CUST-08994,30,3.9,87846,7.4,Clothing,Credit,22,9,Regular Shopper
CUST-08995,29,2.3,69741,5.2,Food,Mobile Money,13,2,Regular Shopper
CUST-08996,43,0.3,298214,18.2,Food,Cash,32,4,Wholesale Buyer
CUST-08997,45,3.9,319207,13.2,Tools,Cash,39,12,Wholesale Buyer
CUST-08998,18,21.6,70727,4.2,Food,Cash,13,2,Regular Shopper
CUST-08999,25,2.1,8126,1.0,Clothing,Cash,8,13,Occasional Shopper
CUST-09000,26,0.3,87751,7.9,Tools,Cash,23,10,Regular Shopper
CUST-09001,25,3.3,20116,2.9,Clothing,Cash,6,7,Occasional Shopper
CUST-09002,28,2.8,20093,19.8,Food,Credit,50,10,Loyal Budget Buyer
CUST-09003,30,1.5,38328,17.9,Clothing,Cash,52,11,Loyal Budget Buyer
CUST-09004,21,1.2,47204,22.8,Clothing,Cash,63,10,Loyal Budget Buyer
CUST-09005,23,0.3,53816,19.1,Food,Cash,52,10,Loyal Budget Buyer
CUST-09006,29,0.5,6587,1.9,Clothing,Mobile Money,4,12,Occasional Shopper
CUST-09007,47,1.7,488764,19.3,Tools,Cash,39,14,Wholesale Buyer
CUST-09008,32,1.6,230493,17.7,Tools,Credit,35,13,Wholesale Buyer
CUST-09009,21,5.8,28126,14.3,Food,Cash,58,6,Loyal Budget Buyer
CUST-09010,33,9.8,21141,1.1,Clothing,Mobile Money,4,7,Occasional Shopper
CUST-09011,23,0.7,60981,8.7,Tools,Cash,16,13,Regular Shopper
CUST-09012,25,10.2,17183,1.4,Clothing,Cash,4,10,Occasional Shopper
CUST-09013,31,16.7,78799,7.4,Food,Credit,21,2,Regular Shopper
CUST-09014,22,5.4,40665,13.9,Food,Cash,37,13,Loyal Budget Buyer
CUST-09015,47,3.1,18224,2.1,Food,Mobile Money,6,9,Occasional Shopper
CUST-09016,31,1.7,38746,4.8,Tools,Mobile Money,19,10,Regular Shopper
CUST-09017,33,6.4,82834,9.4,Clothing,Mobile Money,15,12,Regular Shopper
CUST-09018,22,1.5,23963,0.9,Electronics,Mobile Money,4,12,Occasional Shopper
CUST-09019,40,2.4,88959,5.6,Tools,Cash,19,1,Regular Shopper
CUST-09020,28,6.4,93231,12.7,Food,Cash,11,7,Regular Shopper
CUST-09021,34,9.4,500765,14.7,Food,Cash,31,8,Wholesale Buyer
CUST-09022,37,3.5,21988,24.3,Food,Mobile Money,51,11,Loyal Budget Buyer
CUST-09023,18,16.4,38070,8.4,Food,Mobile Money,27,3,Regular Shopper
CUST-09024,26,3.2,101152,9.8,Tools,Mobile Money,20,13,Regular Shopper
CUST-09025,41,9.9,505870,15.2,Food,Cash,37,4,Wholesale Buyer
CUST-09026,38,10.9,92683,8.6,Tools,Credit,14,2,Regular Shopper
CUST-09027,32,11.0,69219,6.4,Electronics,Cash,14,4,Regular Shopper
CUST-09028,20,4.3,6218,20.9,Food,Mobile Money,62,14,Loyal Budget Buyer
CUST-09029,29,8.1,500421,16.2,Tools,Mobile Money,34,14,Wholesale Buyer
CUST-09030,32,5.3,35666,7.8,Tools,Mobile Money,18,5,Regular Shopper
CUST-09031,28,1.2,15275,8.4,Food,Cash,21,13,Regular Shopper
CUST-09032,18,1.4,10842,1.7,Electronics,Mobile Money,6,6,Occasional Shopper
CUST-09033,45,16.0,38417,24.7,Food,Cash,59,8,Loyal Budget Buyer
CUST-09034,37,1.9,68520,10.0,Clothing,Cash,8,4,Regular Shopper
CUST-09035,21,1.4,12260,2.7,Clothing,Cash,3,13,Occasional Shopper
CUST-09036,39,10.7,29015,19.5,Food,Cash,56,11,Loyal Budget Buyer
CUST-09037,47,4.5,39315,16.9,Household,Cash,50,1,Loyal Budget Buyer
CUST-09038,25,18.4,433479,17.7,Food,Cash,39,11,Wholesale Buyer
CUST-09039,35,0.5,23615,1.9,Clothing,Cash,5,4,Occasional Shopper
CUST-09040,24,3.6,101897,10.0,Food,Cash,10,7,Regular Shopper
CUST-09041,44,6.3,52932,6.4,Food,Mobile Money,17,6,Regular Shopper
CUST-09042,28,7.6,16208,0.5,Household,Cash,8,6,Occasional Shopper
CUST-09043,39,8.6,36210,6.8,Tools,Credit,19,2,Regular Shopper
CUST-09044,46,8.8,314068,9.2,Food,Cash,30,10,Wholesale Buyer
CUST-09045,21,29.9,14358,0.8,Clothing,Mobile Money,5,5,Occasional Shopper
CUST-09046,39,1.5,593654,13.6,Electronics,Mobile Money,29,5,Wholesale Buyer
CUST-09047,28,5.3,7509,0.6,Food,Cash,1,14,Occasional Shopper
CUST-09048,28,1.3,122231,3.3,Food,Mobile Money,15,2,Regular Shopper
CUST-09049,33,2.2,50114,26.5,Food,Cash,39,9,Loyal Budget Buyer
CUST-09050,33,0.4,498193,14.4,Clothing,Credit,32,8,Wholesale Buyer
CUST-09051,24,11.2,609137,11.3,Electronics,Cash,44,14,Wholesale Buyer
CUST-09052,19,4.8,29738,1.8,Clothing,Mobile Money,6,8,Occasional Shopper
CUST-09053,18,0.8,25332,1.1,Clothing,Cash,5,3,Occasional Shopper
CUST-09054,32,3.4,117753,8.6,Clothing,Cash,20,12,Regular Shopper
CUST-09055,60,3.8,761661,13.4,Clothing,Mobile Money,37,6,Wholesale Buyer
CUST-09056,26,0.5,26314,1.6,Tools,Cash,3,13,Occasional Shopper
CUST-09057,31,0.7,100325,5.8,Clothing,Cash,12,11,Regular Shopper
CUST-09058,47,10.7,719272,14.8,Clothing,Cash,34,4,Wholesale Buyer
CUST-09059,25,0.7,90240,7.4,Electronics,Cash,13,9,Regular Shopper
CUST-09060,26,1.3,89384,9.5,Food,Mobile Money,13,7,Regular Shopper
CUST-09061,22,0.2,93869,8.5,Electronics,Mobile Money,25,6,Regular Shopper
CUST-09062,54,3.4,57339,9.3,Food,Mobile Money,18,2,Regular Shopper
CUST-09063,33,5.0,48377,21.1,Household,Cash,38,4,Loyal Budget Buyer
CUST-09064,30,4.4,73004,9.2,Clothing,Credit,14,12,Regular Shopper
CUST-09065,27,14.6,15992,2.2,Clothing,Cash,6,4,Occasional Shopper
CUST-09066,25,8.1,13477,1.7,Clothing,Cash,4,4,Occasional Shopper
CUST-09067,42,6.0,29541,17.0,Household,Cash,48,5,Loyal Budget Buyer
CUST-09068,54,5.1,17394,2.0,Clothing,Cash,3,8,Occasional Shopper
CUST-09069,18,3.8,31028,1.2,Household,Cash,4,7,Occasional Shopper
CUST-09070,36,2.1,751478,10.7,Electronics,Cash,33,10,Wholesale Buyer
CUST-09071,38,7.1,24004,9.3,Electronics,Cash,18,3,Regular Shopper
CUST-09072,29,1.0,121239,7.1,Clothing,Credit,16,11,Regular Shopper
CUST-09073,26,1.4,65808,9.6,Household,Mobile Money,22,7,Regular Shopper
CUST-09074,18,11.2,93538,6.0,Food,Mobile Money,18,8,Regular Shopper
CUST-09075,18,9.9,52150,9.6,Clothing,Mobile Money,14,5,Regular Shopper
CUST-09076,19,2.8,658661,11.4,Electronics,Cash,28,5,Wholesale Buyer
CUST-09077,48,14.6,292547,19.1,Clothing,Mobile Money,34,2,Wholesale Buyer
CUST-09078,47,0.8,85319,5.9,Clothing,Mobile Money,19,2,Regular Shopper
CUST-09079,32,7.8,489334,11.8,Tools,Credit,43,14,Wholesale Buyer
CUST-09080,42,3.7,726440,11.8,Food,Cash,36,7,Wholesale Buyer
CUST-09081,48,1.3,36518,14.5,Electronics,Mobile Money,55,14,Loyal Budget Buyer
CUST-09082,20,3.1,68447,8.2,Clothing,Mobile Money,15,4,Regular Shopper
CUST-09083,18,12.4,6733,1.4,Clothing,Credit,4,2,Occasional Shopper
CUST-09084,20,7.6,41612,1.9,Household,Cash,5,11,Occasional Shopper
CUST-09085,23,4.6,14253,1.7,Electronics,Cash,3,11,Occasional Shopper
CUST-09086,18,2.4,15780,2.6,Clothing,Cash,6,6,Occasional Shopper
CUST-09087,54,9.5,28568,19.9,Household,Cash,43,9,Loyal Budget Buyer
CUST-09088,33,6.3,636724,11.8,Household,Cash,35,7,Wholesale Buyer
CUST-09089,23,0.9,5781,2.1,Clothing,Mobile Money,2,1,Occasional Shopper
CUST-09090,38,19.2,43375,14.8,Food,Mobile Money,43,3,Loyal Budget Buyer
CUST-09091,38,1.7,431173,15.4,Food,Cash,35,1,Wholesale Buyer
CUST-09092,18,3.2,89596,7.2,Clothing,Mobile Money,19,8,Regular Shopper
CUST-09093,32,9.2,7500,6.3,Food,Cash,13,5,Regular Shopper
CUST-09094,44,0.8,451309,14.0,Food,Cash,34,3,Wholesale Buyer
CUST-09095,26,0.9,23139,9.1,Clothing,Mobile Money,21,4,Regular Shopper
CUST-09096,38,3.5,543991,7.4,Tools,Credit,28,6,Wholesale Buyer
CUST-09097,27,8.2,42209,9.0,Tools,Cash,16,3,Regular Shopper
CUST-09098,29,4.1,70138,3.9,Food,Mobile Money,17,10,Regular Shopper
CUST-09099,18,14.7,50291,9.9,Electronics,Mobile Money,21,14,Regular Shopper
CUST-09100,37,1.4,114295,9.4,Tools,Mobile Money,13,14,Regular Shopper
CUST-09101,40,0.5,83128,7.2,Electronics,Credit,19,9,Regular Shopper
CUST-09102,21,1.2,18585,1.2,Electronics,Cash,3,9,Occasional Shopper
CUST-09103,20,1.5,30593,1.8,Clothing,Cash,7,7,Occasional Shopper
CUST-09104,18,0.8,14616,2.3,Clothing,Mobile Money,5,13,Occasional Shopper
CUST-09105,30,4.5,14079,0.5,Electronics,Cash,8,3,Occasional Shopper
CUST-09106,23,1.1,85295,7.2,Tools,Mobile Money,14,14,Regular Shopper
CUST-09107,38,3.9,676218,17.2,Electronics,Cash,53,3,Wholesale Buyer
CUST-09108,61,1.2,621341,13.7,Household,Cash,33,1,Wholesale Buyer
CUST-09109,23,8.3,59957,4.8,Clothing,Mobile Money,18,4,Regular Shopper
CUST-09110,19,5.9,17287,1.4,Clothing,Cash,6,1,Occasional Shopper
CUST-09111,45,1.4,832788,12.3,Food,Mobile Money,44,7,Wholesale Buyer
CUST-09112,18,3.6,25111,0.6,Food,Cash,5,6,Occasional Shopper
CUST-09113,45,1.5,30828,3.6,Clothing,Cash,20,10,Regular Shopper
CUST-09114,36,7.4,55591,10.3,Clothing,Cash,10,13,Regular Shopper
CUST-09115,37,7.2,35810,23.4,Food,Mobile Money,46,6,Loyal Budget Buyer
CUST-09116,26,1.1,11403,1.7,Clothing,Cash,4,8,Occasional Shopper
CUST-09117,36,16.2,33936,20.2,Food,Cash,48,7,Loyal Budget Buyer
CUST-09118,38,8.2,58942,14.5,Food,Cash,36,11,Loyal Budget Buyer
CUST-09119,28,1.0,44620,8.4,Electronics,Mobile Money,21,5,Regular Shopper
CUST-09120,31,4.2,1800,1.4,Clothing,Mobile Money,4,4,Occasional Shopper
CUST-09121,32,12.7,51981,8.9,Clothing,Cash,23,8,Regular Shopper
CUST-09122,32,3.0,64929,7.1,Food,Mobile Money,18,4,Regular Shopper
CUST-09123,49,1.8,57889,6.4,Tools,Mobile Money,21,3,Regular Shopper
CUST-09124,26,0.8,55963,16.7,Household,Cash,49,10,Loyal Budget Buyer
CUST-09125,25,9.0,61029,5.7,Clothing,Mobile Money,18,12,Regular Shopper
CUST-09126,24,9.0,35611,3.1,Electronics,Credit,21,3,Regular Shopper
CUST-09127,28,0.9,62141,9.6,Food,Mobile Money,14,9,Regular Shopper
CUST-09128,31,2.1,32140,24.2,Food,Cash,39,11,Loyal Budget Buyer
CUST-09129,32,7.0,847007,17.2,Food,Mobile Money,36,11,Wholesale Buyer
CUST-09130,28,9.8,654144,11.3,Clothing,Credit,39,5,Wholesale Buyer
CUST-09131,49,6.3,665097,18.1,Tools,Mobile Money,37,4,Wholesale Buyer
CUST-09132,35,7.8,24997,2.5,Clothing,Cash,4,2,Occasional Shopper
CUST-09133,27,2.3,70550,7.4,Electronics,Cash,14,14,Regular Shopper
CUST-09134,33,6.2,514452,11.4,Food,Cash,33,10,Wholesale Buyer
CUST-09135,32,3.1,109723,6.1,Tools,Mobile Money,23,11,Regular Shopper
CUST-09136,21,8.6,32854,14.5,Food,Cash,41,6,Loyal Budget Buyer
CUST-09137,36,0.4,207058,7.2,Tools,Mobile Money,43,1,Wholesale Buyer
CUST-09138,44,2.7,27105,23.0,Food,Cash,44,10,Loyal Budget Buyer
CUST-09139,31,3.1,50000,8.6,Food,Credit,34,9,Wholesale Buyer
CUST-09140,41,1.9,109491,8.7,Food,Cash,19,12,Regular Shopper
CUST-09141,40,2.5,35354,4.1,Clothing,Cash,17,2,Regular Shopper
CUST-09142,36,3.9,46874,18.9,Food,Mobile Money,61,7,Loyal Budget Buyer
CUST-09143,29,0.8,83228,8.6,Tools,Mobile Money,17,11,Regular Shopper
CUST-09144,27,10.6,28304,0.5,Electronics,Mobile Money,6,9,Occasional Shopper
CUST-09145,33,17.0,278093,9.2,Tools,Cash,41,12,Wholesale Buyer
CUST-09146,23,0.3,45236,19.6,Food,Cash,51,1,Loyal Budget Buyer
CUST-09147,45,17.2,18092,27.4,Clothing,Cash,48,2,Loyal Budget Buyer
CUST-09148,35,2.1,87552,6.3,Tools,Mobile Money,18,8,Regular Shopper
CUST-09149,38,6.3,77622,5.5,Food,Credit,16,10,Regular Shopper
CUST-09150,30,0.7,14387,1.2,Electronics,Cash,4,14,Occasional Shopper
CUST-09151,23,5.9,107802,10.3,Food,Mobile Money,22,5,Regular Shopper
CUST-09152,34,3.4,734983,14.2,Electronics,Credit,33,10,Wholesale Buyer
CUST-09153,26,2.2,227311,17.4,Electronics,Mobile Money,23,5,Wholesale Buyer
CUST-09154,25,2.6,31440,0.9,Food,Cash,3,4,Occasional Shopper
CUST-09155,18,1.0,25737,18.2,Food,Cash,42,1,Loyal Budget Buyer
CUST-09156,24,1.8,20372,2.2,Clothing,Cash,2,3,Occasional Shopper
CUST-09157,31,1.3,21249,3.8,Electronics,Cash,14,6,Regular Shopper
CUST-09158,49,11.7,518668,19.3,Household,Mobile Money,39,1,Wholesale Buyer
CUST-09159,39,6.0,39637,16.9,Food,Cash,38,4,Loyal Budget Buyer
CUST-09160,30,3.7,15584,0.8,Clothing,Mobile Money,2,8,Occasional Shopper
CUST-09161,37,6.9,40813,18.7,Food,Mobile Money,56,4,Loyal Budget Buyer
CUST-09162,34,1.5,720370,12.6,Tools,Cash,50,13,Wholesale Buyer
CUST-09163,52,2.4,24888,4.9,Household,Credit,21,6,Regular Shopper
CUST-09164,32,12.7,22962,2.4,Clothing,Mobile Money,6,10,Occasional Shopper
CUST-09165,32,0.6,69525,5.8,Food,Cash,9,3,Regular Shopper
CUST-09166,34,3.9,264887,13.3,Food,Cash,37,7,Wholesale Buyer
CUST-09167,32,4.6,22925,18.0,Clothing,Cash,44,2,Loyal Budget Buyer
CUST-09168,26,5.9,18835,2.0,Clothing,Cash,1,7,Occasional Shopper
CUST-09169,18,2.3,17883,18.8,Electronics,Cash,47,7,Loyal Budget Buyer
CUST-09170,36,4.3,19754,23.7,Food,Cash,47,6,Loyal Budget Buyer
CUST-09171,18,1.0,16442,1.0,Household,Mobile Money,5,2,Occasional Shopper
CUST-09172,42,0.4,234684,13.5,Food,Mobile Money,42,5,Wholesale Buyer
CUST-09173,29,5.2,73951,7.6,Food,Mobile Money,17,10,Regular Shopper
CUST-09174,30,12.2,29182,18.5,Clothing,Cash,46,10,Loyal Budget Buyer
CUST-09175,32,3.6,42540,9.1,Clothing,Credit,14,2,Regular Shopper
CUST-09176,39,1.1,552302,12.4,Tools,Cash,40,8,Wholesale Buyer
CUST-09177,27,7.6,82891,6.6,Food,Cash,17,1,Regular Shopper
CUST-09178,38,1.7,31090,11.5,Electronics,Cash,59,4,Loyal Budget Buyer
CUST-09179,26,8.2,109870,5.2,Electronics,Cash,19,8,Regular Shopper
CUST-09180,41,3.3,53859,6.4,Food,Mobile Money,26,1,Regular Shopper
CUST-09181,18,0.9,34654,2.6,Tools,Cash,1,3,Occasional Shopper
CUST-09182,38,11.9,22569,1.7,Clothing,Cash,3,11,Occasional Shopper
CUST-09183,39,3.8,9127,2.3,Electronics,Mobile Money,4,1,Occasional Shopper
CUST-09184,32,2.9,50000,14.6,Food,Cash,31,11,Wholesale Buyer
CUST-09185,27,3.3,480886,12.4,Tools,Credit,35,8,Wholesale Buyer
CUST-09186,48,4.5,34741,21.6,Clothing,Mobile Money,62,5,Loyal Budget Buyer
CUST-09187,34,13.1,7500,5.5,Tools,Credit,14,10,Regular Shopper
CUST-09188,33,0.3,25320,13.9,Food,Cash,66,13,Loyal Budget Buyer
CUST-09189,34,6.9,309657,9.3,Food,Cash,37,2,Wholesale Buyer
CUST-09190,20,2.9,103556,9.3,Electronics,Cash,22,13,Regular Shopper
CUST-09191,37,2.8,107234,9.0,Food,Mobile Money,9,4,Regular Shopper
CUST-09192,30,0.4,32512,7.6,Food,Cash,21,4,Regular Shopper
CUST-09193,33,3.2,3150,0.9,Clothing,Mobile Money,2,5,Occasional Shopper
CUST-09194,32,6.8,17537,2.7,Clothing,Mobile Money,2,5,Occasional Shopper
CUST-09195,34,5.7,28347,1.2,Electronics,Cash,6,11,Occasional Shopper
CUST-09196,18,1.3,49387,7.0,Food,Credit,12,12,Regular Shopper
CUST-09197,25,0.6,5735,2.3,Household,Mobile Money,7,12,Occasional Shopper
CUST-09198,33,7.1,620730,11.1,Food,Mobile Money,25,10,Wholesale Buyer
CUST-09199,36,0.8,36452,13.6,Food,Cash,51,8,Loyal Budget Buyer
CUST-09200,18,1.5,26919,0.5,Electronics,Cash,1,7,Occasional Shopper
CUST-09201,23,13.2,15628,1.2,Household,Credit,5,7,Occasional Shopper
CUST-09202,29,1.8,69749,8.4,Food,Mobile Money,12,5,Regular Shopper
CUST-09203,26,1.1,14992,1.0,Electronics,Mobile Money,5,3,Occasional Shopper
CUST-09204,32,7.3,99694,6.4,Household,Cash,19,3,Regular Shopper
CUST-09205,44,10.1,636625,12.5,Food,Cash,35,6,Wholesale Buyer
CUST-09206,37,2.2,23951,0.5,Food,Mobile Money,7,5,Occasional Shopper
CUST-09207,48,1.0,18019,0.6,Clothing,Credit,3,12,Occasional Shopper
CUST-09208,36,2.0,424564,8.2,Tools,Cash,34,12,Wholesale Buyer
CUST-09209,35,2.0,548326,12.5,Clothing,Cash,45,7,Wholesale Buyer
CUST-09210,41,1.5,45460,20.5,Food,Cash,40,12,Loyal Budget Buyer
CUST-09211,49,2.5,41786,23.1,Food,Mobile Money,43,2,Loyal Budget Buyer
CUST-09212,36,1.2,14919,0.6,Clothing,Credit,5,9,Occasional Shopper
CUST-09213,35,5.0,42160,20.1,Clothing,Cash,55,4,Loyal Budget Buyer
CUST-09214,32,2.8,65902,3.9,Electronics,Cash,11,9,Regular Shopper
CUST-09215,35,1.9,35008,23.0,Electronics,Mobile Money,49,5,Loyal Budget Buyer
CUST-09216,18,7.2,14819,0.9,Clothing,Mobile Money,1,8,Occasional Shopper
CUST-09217,47,1.3,22135,21.8,Food,Mobile Money,44,14,Loyal Budget Buyer
CUST-09218,21,0.9,27099,1.3,Electronics,Mobile Money,4,8,Occasional Shopper
CUST-09219,34,8.1,84775,8.4,Clothing,Mobile Money,12,4,Regular Shopper
CUST-09220,23,9.4,30358,22.0,Food,Cash,54,6,Loyal Budget Buyer
CUST-09221,22,4.2,35070,22.7,Food,Cash,47,7,Loyal Budget Buyer
CUST-09222,41,4.0,29663,1.1,Clothing,Cash,2,10,Occasional Shopper
CUST-09223,29,3.2,8258,1.1,Clothing,Cash,1,4,Occasional Shopper
CUST-09224,35,4.4,13668,5.8,Tools,Mobile Money,14,1,Regular Shopper
CUST-09225,28,15.7,620129,14.8,Food,Mobile Money,43,5,Wholesale Buyer
CUST-09226,43,2.8,494486,15.3,Clothing,Mobile Money,34,10,Wholesale Buyer
CUST-09227,43,2.1,134053,2.6,Tools,Cash,17,14,Regular Shopper
CUST-09228,29,3.9,39836,9.4,Food,Credit,16,13,Regular Shopper
CUST-09229,38,19.6,94140,9.5,Electronics,Mobile Money,22,6,Regular Shopper
CUST-09230,27,8.2,32754,0.5,Electronics,Cash,2,14,Occasional Shopper
CUST-09231,29,5.9,800395,14.0,Food,Credit,37,1,Wholesale Buyer
CUST-09232,35,1.1,120532,7.1,Clothing,Mobile Money,16,9,Regular Shopper
CUST-09233,33,2.5,17315,23.1,Food,Cash,50,1,Loyal Budget Buyer
CUST-09234,43,2.7,43497,16.8,Food,Cash,69,12,Loyal Budget Buyer
CUST-09235,31,0.7,390759,16.1,Food,Cash,29,14,Wholesale Buyer
CUST-09236,37,2.8,429318,21.7,Clothing,Mobile Money,37,12,Wholesale Buyer
CUST-09237,39,2.5,66661,14.6,Clothing,Cash,27,5,Wholesale Buyer
CUST-09238,24,8.6,24444,0.5,Tools,Mobile Money,4,6,Occasional Shopper
CUST-09239,39,5.6,671942,12.8,Tools,Mobile Money,37,6,Wholesale Buyer
CUST-09240,35,3.3,62291,10.7,Food,Cash,12,10,Regular Shopper
CUST-09241,25,5.3,65786,9.5,Food,Credit,19,13,Regular Shopper
CUST-09242,27,5.0,90099,7.4,Tools,Cash,21,3,Regular Shopper
CUST-09243,39,14.7,74400,8.6,Food,Cash,16,8,Regular Shopper
CUST-09244,22,0.8,16347,2.8,Clothing,Cash,6,1,Occasional Shopper
CUST-09245,24,6.8,95076,10.8,Clothing,Cash,23,2,Regular Shopper
CUST-09246,29,4.3,36540,15.6,Food,Cash,46,10,Loyal Budget Buyer
CUST-09247,18,1.1,27534,1.9,Electronics,Cash,4,1,Occasional Shopper
CUST-09248,25,2.2,11667,1.8,Clothing,Cash,1,3,Occasional Shopper
CUST-09249,26,2.8,69346,8.0,Food,Cash,18,1,Regular Shopper
CUST-09250,39,7.9,63285,8.9,Household,Mobile Money,26,11,Regular Shopper
CUST-09251,30,0.3,396682,10.2,Household,Cash,45,9,Wholesale Buyer
CUST-09252,25,11.3,20598,2.4,Electronics,Cash,2,11,Occasional Shopper
CUST-09253,27,17.2,9440,1.9,Household,Cash,2,8,Occasional Shopper
CUST-09254,18,4.0,21260,2.2,Tools,Cash,7,9,Occasional Shopper
CUST-09255,18,2.5,104908,5.2,Household,Mobile Money,11,1,Regular Shopper
CUST-09256,29,1.5,31782,20.2,Electronics,Cash,41,14,Loyal Budget Buyer
CUST-09257,33,0.9,21455,1.7,Electronics,Cash,3,7,Occasional Shopper
CUST-09258,39,1.7,21623,20.8,Household,Cash,42,10,Loyal Budget Buyer
CUST-09259,30,2.9,30774,1.1,Electronics,Cash,3,3,Occasional Shopper
CUST-09260,29,1.1,25418,1.6,Electronics,Mobile Money,5,3,Occasional Shopper
CUST-09261,35,1.9,21439,2.2,Household,Cash,2,8,Occasional Shopper
CUST-09262,29,0.6,452306,15.0,Electronics,Cash,40,4,Wholesale Buyer
CUST-09263,18,7.1,83008,6.6,Tools,Cash,18,11,Regular Shopper
CUST-09264,32,3.4,578386,14.0,Food,Mobile Money,31,8,Wholesale Buyer
CUST-09265,35,1.5,93748,9.7,Electronics,Cash,12,3,Regular Shopper
CUST-09266,37,20.5,452984,10.3,Food,Credit,45,6,Wholesale Buyer
CUST-09267,43,5.1,31083,20.9,Food,Mobile Money,51,1,Loyal Budget Buyer
CUST-09268,41,2.3,23766,25.1,Food,Mobile Money,57,12,Loyal Budget Buyer
CUST-09269,28,1.1,30449,0.5,Food,Cash,3,2,Occasional Shopper
CUST-09270,29,2.6,21623,2.5,Electronics,Cash,3,6,Occasional Shopper
CUST-09271,24,9.7,20712,2.1,Food,Cash,2,4,Occasional Shopper
CUST-09272,29,6.6,10035,2.2,Clothing,Mobile Money,3,12,Occasional Shopper
CUST-09273,18,1.0,9900,2.6,Clothing,Mobile Money,11,12,Occasional Shopper
CUST-09274,20,5.4,40850,0.6,Food,Cash,3,3,Occasional Shopper
CUST-09275,30,16.3,433834,12.9,Food,Credit,32,6,Wholesale Buyer
CUST-09276,18,0.9,14536,1.4,Tools,Cash,7,14,Occasional Shopper
CUST-09277,38,4.1,98760,14.8,Tools,Mobile Money,38,9,Wholesale Buyer
CUST-09278,47,5.3,90062,10.1,Food,Cash,15,1,Regular Shopper
CUST-09279,31,2.3,27518,0.5,Food,Cash,9,2,Occasional Shopper
CUST-09280,35,4.5,69204,5.7,Clothing,Mobile Money,18,8,Regular Shopper
CUST-09281,32,2.0,11603,0.5,Clothing,Cash,5,3,Occasional Shopper
CUST-09282,25,0.9,21894,1.0,Tools,Mobile Money,6,1,Occasional Shopper
CUST-09283,29,2.6,67530,11.4,Household,Mobile Money,23,13,Regular Shopper
CUST-09284,18,5.5,12357,2.4,Electronics,Cash,2,10,Occasional Shopper
CUST-09285,18,5.7,76196,6.2,Electronics,Mobile Money,14,11,Regular Shopper
CUST-09286,53,0.3,72418,4.9,Clothing,Mobile Money,17,2,Regular Shopper
CUST-09287,27,1.4,119024,6.3,Food,Mobile Money,21,11,Regular Shopper
CUST-09288,34,7.4,32660,10.2,Food,Mobile Money,24,7,Regular Shopper
CUST-09289,18,5.2,16627,2.0,Clothing,Cash,2,9,Occasional Shopper
CUST-09290,51,0.5,613842,15.2,Household,Mobile Money,30,6,Wholesale Buyer
CUST-09291,36,0.3,23740,0.5,Tools,Cash,1,8,Occasional Shopper
CUST-09292,35,4.0,59923,4.8,Electronics,Cash,14,8,Regular Shopper
CUST-09293,24,29.7,106481,2.7,Clothing,Mobile Money,19,8,Regular Shopper
CUST-09294,32,4.8,18951,0.5,Clothing,Cash,3,10,Occasional Shopper
CUST-09295,55,4.2,12127,9.2,Electronics,Credit,17,4,Regular Shopper
CUST-09296,34,4.5,70336,7.2,Food,Mobile Money,20,4,Regular Shopper
CUST-09297,32,3.7,50454,5.7,Household,Cash,24,9,Regular Shopper
CUST-09298,25,3.1,59752,9.8,Food,Credit,14,13,Regular Shopper
CUST-09299,29,6.1,1800,1.0,Household,Mobile Money,5,14,Occasional Shopper
CUST-09300,27,2.4,23776,8.9,Clothing,Cash,19,9,Regular Shopper
CUST-09301,29,8.1,518558,17.4,Household,Cash,41,11,Wholesale Buyer
CUST-09302,28,12.4,12779,1.6,Clothing,Mobile Money,4,1,Occasional Shopper
CUST-09303,33,9.9,22906,2.1,Clothing,Cash,3,13,Occasional Shopper
CUST-09304,31,1.3,38797,19.4,Food,Mobile Money,50,5,Loyal Budget Buyer
CUST-09305,18,6.2,2442,1.4,Household,Credit,4,4,Occasional Shopper
CUST-09306,36,1.5,44297,19.0,Clothing,Mobile Money,42,1,Loyal Budget Buyer
CUST-09307,32,9.6,14468,1.8,Food,Cash,4,3,Occasional Shopper
CUST-09308,24,7.8,35481,9.2,Electronics,Mobile Money,15,1,Regular Shopper
CUST-09309,40,12.1,90824,6.7,Electronics,Mobile Money,21,13,Regular Shopper
CUST-09310,27,4.3,24969,2.6,Clothing,Cash,2,6,Occasional Shopper
CUST-09311,32,27.6,255184,16.3,Household,Mobile Money,36,8,Wholesale Buyer
CUST-09312,49,3.4,86837,8.6,Tools,Cash,22,7,Regular Shopper
CUST-09313,28,2.5,115931,6.5,Clothing,Credit,13,9,Regular Shopper
CUST-09314,51,1.3,7500,7.9,Food,Credit,22,14,Regular Shopper
CUST-09315,18,9.4,13784,0.7,Clothing,Mobile Money,6,5,Occasional Shopper
CUST-09316,20,10.1,94583,10.6,Clothing,Cash,17,6,Regular Shopper
CUST-09317,30,0.6,9948,3.2,Clothing,Cash,2,8,Occasional Shopper
CUST-09318,38,4.1,33537,19.0,Household,Cash,45,12,Loyal Budget Buyer
CUST-09319,44,3.3,33957,16.1,Food,Mobile Money,46,5,Loyal Budget Buyer
CUST-09320,28,5.1,322693,10.0,Food,Cash,44,13,Wholesale Buyer
CUST-09321,31,13.4,98439,10.4,Electronics,Cash,19,4,Regular Shopper
CUST-09322,42,5.3,339020,12.6,Food,Cash,39,11,Wholesale Buyer
CUST-09323,32,3.9,22977,18.5,Food,Mobile Money,59,12,Loyal Budget Buyer
CUST-09324,35,3.5,479224,10.7,Tools,Mobile Money,49,3,Wholesale Buyer
CUST-09325,36,2.1,22724,1.3,Food,Cash,4,3,Occasional Shopper
CUST-09326,41,11.5,97390,5.4,Clothing,Mobile Money,19,4,Regular Shopper
CUST-09327,39,2.6,107474,5.8,Tools,Cash,13,2,Regular Shopper
CUST-09328,39,3.1,48888,5.8,Food,Cash,22,2,Regular Shopper
CUST-09329,29,6.5,37612,0.5,Clothing,Cash,5,14,Occasional Shopper
CUST-09330,28,2.8,25017,1.9,Clothing,Mobile Money,2,12,Occasional Shopper
CUST-09331,28,17.4,760228,16.7,Tools,Credit,41,1,Wholesale Buyer
CUST-09332,42,2.4,48489,19.5,Tools,Mobile Money,49,5,Loyal Budget Buyer
CUST-09333,18,5.4,83589,9.5,Household,Cash,20,7,Regular Shopper
CUST-09334,25,22.5,13431,1.0,Electronics,Cash,4,10,Occasional Shopper
CUST-09335,31,6.6,20535,2.1,Clothing,Mobile Money,4,12,Occasional Shopper
CUST-09336,33,4.0,15565,2.2,Clothing,Mobile Money,2,7,Occasional Shopper
CUST-09337,44,1.7,108595,8.1,Tools,Mobile Money,13,6,Regular Shopper
CUST-09338,37,4.1,38977,8.2,Clothing,Cash,15,5,Regular Shopper
CUST-09339,45,4.5,50814,20.5,Tools,Mobile Money,42,9,Loyal Budget Buyer
CUST-09340,24,3.7,24766,0.9,Tools,Credit,4,4,Occasional Shopper
CUST-09341,28,1.1,7139,0.7,Food,Cash,5,8,Occasional Shopper
CUST-09342,50,1.8,383571,16.0,Food,Mobile Money,31,7,Wholesale Buyer
CUST-09343,38,0.8,28559,2.0,Clothing,Cash,1,14,Occasional Shopper
CUST-09344,35,2.7,61370,8.3,Household,Cash,19,14,Regular Shopper
CUST-09345,49,27.2,58654,22.1,Household,Mobile Money,29,4,Loyal Budget Buyer
CUST-09346,46,0.9,501072,10.5,Clothing,Mobile Money,44,4,Wholesale Buyer
CUST-09347,47,7.6,318200,16.3,Food,Cash,16,7,Wholesale Buyer
CUST-09348,35,1.4,8792,18.0,Clothing,Cash,65,10,Loyal Budget Buyer
CUST-09349,31,5.0,22935,16.0,Food,Cash,51,10,Loyal Budget Buyer
CUST-09350,39,3.6,560483,10.7,Food,Cash,36,2,Wholesale Buyer
CUST-09351,18,5.0,18783,17.0,Tools,Mobile Money,50,8,Loyal Budget Buyer
CUST-09352,37,14.5,115561,6.3,Tools,Mobile Money,22,8,Regular Shopper
CUST-09353,27,11.9,17097,17.4,Household,Cash,49,10,Loyal Budget Buyer
CUST-09354,18,3.3,42313,0.5,Electronics,Cash,1,10,Occasional Shopper
CUST-09355,29,3.8,33465,7.1,Clothing,Cash,18,14,Regular Shopper
CUST-09356,18,12.4,36701,7.4,Tools,Credit,17,6,Regular Shopper
CUST-09357,18,5.6,32731,1.3,Household,Cash,4,5,Occasional Shopper
CUST-09358,42,2.0,25683,21.4,Food,Mobile Money,55,2,Loyal Budget Buyer
CUST-09359,24,5.0,17844,7.0,Tools,Mobile Money,14,8,Regular Shopper
CUST-09360,45,3.6,167677,13.7,Household,Cash,38,12,Wholesale Buyer
CUST-09361,41,9.0,46032,5.0,Food,Mobile Money,23,13,Regular Shopper
CUST-09362,32,8.4,14615,2.5,Food,Cash,4,3,Occasional Shopper
CUST-09363,27,3.2,11888,0.5,Household,Cash,3,1,Occasional Shopper
CUST-09364,28,1.8,51966,18.3,Clothing,Cash,51,9,Loyal Budget Buyer
CUST-09365,36,10.5,78329,7.0,Food,Cash,17,5,Regular Shopper
CUST-09366,49,5.1,361020,11.5,Food,Mobile Money,27,9,Wholesale Buyer
CUST-09367,29,1.8,556285,15.7,Tools,Cash,41,6,Wholesale Buyer
CUST-09368,35,6.3,112128,9.3,Food,Credit,18,11,Regular Shopper
CUST-09369,30,3.7,556137,16.7,Tools,Cash,45,9,Wholesale Buyer
CUST-09370,25,9.5,10774,0.5,Clothing,Mobile Money,4,7,Occasional Shopper
CUST-09371,37,4.5,15605,2.1,Electronics,Cash,3,10,Occasional Shopper
CUST-09372,46,5.8,46975,7.6,Clothing,Mobile Money,17,3,Regular Shopper
CUST-09373,34,2.4,17899,1.9,Clothing,Cash,8,13,Occasional Shopper
CUST-09374,32,4.1,915339,10.4,Food,Mobile Money,33,10,Wholesale Buyer
CUST-09375,37,7.8,595645,6.8,Tools,Mobile Money,43,5,Wholesale Buyer
CUST-09376,25,4.7,56472,8.1,Household,Cash,16,13,Regular Shopper
CUST-09377,34,1.8,36807,2.0,Clothing,Cash,7,7,Occasional Shopper
CUST-09378,20,6.4,14808,1.1,Electronics,Mobile Money,1,14,Occasional Shopper
CUST-09379,18,7.2,7500,8.1,Clothing,Cash,15,11,Regular Shopper
CUST-09380,20,1.1,21681,2.3,Clothing,Mobile Money,2,4,Occasional Shopper
CUST-09381,23,0.6,20684,1.8,Clothing,Cash,1,2,Occasional Shopper
CUST-09382,31,9.1,36342,2.5,Electronics,Cash,7,10,Occasional Shopper
CUST-09383,41,8.4,64714,8.0,Tools,Cash,11,11,Regular Shopper
CUST-09384,39,7.0,61304,9.0,Food,Mobile Money,21,10,Regular Shopper
CUST-09385,29,3.7,52926,7.7,Electronics,Mobile Money,20,7,Regular Shopper
CUST-09386,29,1.5,296612,15.2,Tools,Cash,41,7,Wholesale Buyer
CUST-09387,30,7.8,1800,1.1,Clothing,Cash,3,12,Occasional Shopper
CUST-09388,33,1.7,81591,8.3,Clothing,Credit,24,6,Regular Shopper
CUST-09389,26,17.9,87261,7.6,Household,Cash,20,7,Regular Shopper
CUST-09390,33,2.4,21382,1.6,Food,Cash,2,1,Occasional Shopper
CUST-09391,41,8.5,23560,21.0,Food,Cash,55,13,Loyal Budget Buyer
CUST-09392,30,2.6,31700,7.6,Tools,Cash,22,12,Regular Shopper
CUST-09393,52,1.9,461145,15.8,Food,Cash,29,6,Wholesale Buyer
CUST-09394,34,0.7,13104,1.5,Clothing,Cash,2,10,Occasional Shopper
CUST-09395,40,14.0,37909,12.9,Tools,Cash,46,11,Loyal Budget Buyer
CUST-09396,18,7.8,93354,4.8,Clothing,Mobile Money,15,4,Regular Shopper
CUST-09397,35,9.1,835027,14.2,Food,Cash,38,7,Wholesale Buyer
CUST-09398,24,9.4,29473,2.4,Clothing,Mobile Money,6,2,Occasional Shopper
CUST-09399,43,18.5,34837,24.1,Clothing,Mobile Money,42,11,Loyal Budget Buyer
CUST-09400,20,2.3,38285,17.8,Food,Cash,59,14,Loyal Budget Buyer
CUST-09401,29,12.8,88104,2.9,Tools,Credit,19,4,Regular Shopper
CUST-09402,34,6.5,86767,9.1,Tools,Cash,12,7,Regular Shopper
CUST-09403,35,0.2,46312,23.3,Clothing,Mobile Money,46,2,Loyal Budget Buyer
CUST-09404,29,4.3,35643,6.6,Electronics,Mobile Money,16,3,Regular Shopper
CUST-09405,39,5.4,45882,18.0,Food,Cash,50,3,Loyal Budget Buyer
CUST-09406,37,1.5,16998,1.5,Clothing,Mobile Money,4,3,Occasional Shopper
CUST-09407,32,0.3,88193,7.0,Clothing,Credit,15,4,Regular Shopper
CUST-09408,30,0.6,521617,17.9,Tools,Cash,33,5,Wholesale Buyer
CUST-09409,31,0.8,4453,1.1,Household,Cash,5,1,Occasional Shopper
CUST-09410,32,1.2,127855,4.9,Clothing,Cash,16,6,Regular Shopper
CUST-09411,30,9.3,101349,8.8,Clothing,Cash,13,3,Regular Shopper
CUST-09412,35,1.9,102455,6.6,Household,Credit,20,10,Regular Shopper
CUST-09413,37,5.5,481299,16.9,Electronics,Credit,34,1,Wholesale Buyer
CUST-09414,33,1.2,24919,1.8,Clothing,Cash,2,3,Occasional Shopper
CUST-09415,32,15.7,41042,22.5,Tools,Cash,35,10,Loyal Budget Buyer
CUST-09416,33,3.4,52662,9.1,Electronics,Mobile Money,17,9,Regular Shopper
CUST-09417,34,1.6,476656,11.4,Tools,Cash,34,6,Wholesale Buyer
CUST-09418,29,3.3,35881,7.1,Food,Cash,16,4,Regular Shopper
CUST-09419,39,6.8,532648,13.9,Clothing,Mobile Money,33,12,Wholesale Buyer
CUST-09420,34,0.8,550167,10.1,Clothing,Cash,43,10,Wholesale Buyer
CUST-09421,30,3.9,24144,0.7,Household,Cash,5,5,Occasional Shopper
CUST-09422,34,4.1,558584,15.1,Clothing,Cash,36,14,Wholesale Buyer
CUST-09423,47,2.8,599347,9.0,Food,Mobile Money,42,4,Wholesale Buyer
CUST-09424,39,7.3,769891,16.6,Tools,Mobile Money,38,14,Wholesale Buyer
CUST-09425,24,1.3,9818,0.5,Household,Cash,3,9,Occasional Shopper
CUST-09426,32,6.1,82377,5.0,Tools,Mobile Money,11,12,Regular Shopper
CUST-09427,54,4.5,45618,23.7,Food,Cash,58,12,Loyal Budget Buyer
CUST-09428,27,5.0,8172,23.0,Electronics,Cash,52,1,Loyal Budget Buyer
CUST-09429,36,3.8,31350,1.9,Clothing,Mobile Money,2,8,Occasional Shopper
CUST-09430,18,6.7,23067,22.2,Food,Cash,57,9,Loyal Budget Buyer
CUST-09431,25,2.3,94774,7.4,Electronics,Mobile Money,25,14,Regular Shopper
CUST-09432,35,7.2,89880,4.7,Food,Mobile Money,21,3,Regular Shopper
CUST-09433,20,2.6,116028,8.7,Electronics,Mobile Money,17,9,Regular Shopper
CUST-09434,42,2.7,62049,5.0,Food,Mobile Money,17,13,Regular Shopper
CUST-09435,37,8.1,8731,16.9,Food,Mobile Money,54,8,Loyal Budget Buyer
CUST-09436,32,5.0,40904,23.6,Food,Cash,60,7,Loyal Budget Buyer
CUST-09437,18,2.8,74318,5.4,Clothing,Mobile Money,14,12,Regular Shopper
CUST-09438,18,7.6,34298,7.4,Clothing,Mobile Money,20,6,Regular Shopper
CUST-09439,29,1.5,59365,7.4,Tools,Mobile Money,21,9,Regular Shopper
CUST-09440,30,2.7,11964,1.5,Electronics,Mobile Money,1,5,Occasional Shopper
CUST-09441,52,8.9,768272,14.2,Food,Credit,37,9,Wholesale Buyer
CUST-09442,48,2.3,58833,8.9,Food,Cash,19,9,Regular Shopper
CUST-09443,23,1.8,11468,2.2,Food,Cash,4,10,Occasional Shopper
CUST-09444,30,0.4,89166,6.1,Clothing,Mobile Money,15,11,Regular Shopper
CUST-09445,44,9.4,34019,18.5,Tools,Cash,51,4,Loyal Budget Buyer
CUST-09446,33,10.5,894242,7.1,Clothing,Cash,41,13,Wholesale Buyer
CUST-09447,36,16.8,105388,2.7,Tools,Mobile Money,16,2,Regular Shopper
CUST-09448,38,2.9,12731,1.4,Food,Mobile Money,10,3,Occasional Shopper
CUST-09449,36,1.6,49818,23.3,Clothing,Cash,55,6,Loyal Budget Buyer
CUST-09450,45,20.7,18383,13.9,Food,Cash,43,10,Loyal Budget Buyer
CUST-09451,39,1.2,8083,17.3,Food,Cash,61,14,Loyal Budget Buyer
CUST-09452,22,10.5,31110,1.5,Clothing,Cash,1,14,Occasional Shopper
CUST-09453,26,8.5,10620,0.8,Electronics,Mobile Money,4,13,Occasional Shopper
CUST-09454,42,4.7,412751,6.1,Food,Cash,37,7,Wholesale Buyer
CUST-09455,35,8.8,32955,18.2,Clothing,Cash,48,6,Loyal Budget Buyer
CUST-09456,28,10.0,90097,9.3,Food,Mobile Money,19,4,Regular Shopper
CUST-09457,29,5.6,38500,14.1,Food,Cash,50,11,Loyal Budget Buyer
CUST-09458,18,7.8,19042,1.4,Clothing,Mobile Money,1,3,Occasional Shopper
CUST-09459,33,6.4,413420,14.1,Tools,Cash,32,4,Wholesale Buyer
CUST-09460,31,5.2,95224,6.1,Electronics,Cash,21,3,Regular Shopper
CUST-09461,32,0.7,525217,16.6,Clothing,Cash,30,10,Wholesale Buyer
CUST-09462,31,5.4,20204,2.4,Clothing,Mobile Money,2,6,Occasional Shopper
CUST-09463,31,8.0,39213,8.7,Food,Cash,20,4,Regular Shopper
CUST-09464,52,1.4,526778,19.3,Food,Mobile Money,31,11,Wholesale Buyer
CUST-09465,32,3.3,17425,1.7,Clothing,Mobile Money,3,14,Occasional Shopper
CUST-09466,22,13.5,6271,1.3,Food,Mobile Money,2,9,Occasional Shopper
CUST-09467,25,1.6,73375,4.7,Food,Mobile Money,22,11,Regular Shopper
CUST-09468,26,5.1,14125,1.5,Clothing,Mobile Money,3,12,Occasional Shopper
CUST-09469,53,37.9,37253,10.2,Household,Cash,47,8,Loyal Budget Buyer
CUST-09470,35,34.9,45019,8.5,Tools,Credit,19,10,Regular Shopper
CUST-09471,37,3.7,44035,15.6,Household,Cash,63,8,Loyal Budget Buyer
CUST-09472,44,0.8,98718,9.5,Tools,Cash,20,14,Regular Shopper
CUST-09473,35,1.2,26369,1.4,Food,Mobile Money,5,5,Occasional Shopper
CUST-09474,39,0.2,13836,14.0,Household,Cash,45,10,Loyal Budget Buyer
CUST-09475,27,2.9,54145,5.4,Tools,Cash,13,14,Regular Shopper
CUST-09476,21,10.5,1800,1.5,Food,Cash,7,10,Occasional Shopper
CUST-09477,22,6.7,74633,2.4,Tools,Mobile Money,16,4,Regular Shopper
CUST-09478,41,0.4,46009,4.6,Tools,Mobile Money,19,4,Regular Shopper
CUST-09479,33,4.3,5491,2.1,Food,Cash,3,14,Occasional Shopper
CUST-09480,39,3.2,50788,6.6,Tools,Credit,23,4,Regular Shopper
CUST-09481,37,1.8,468827,11.1,Tools,Cash,32,10,Wholesale Buyer
CUST-09482,29,2.5,713154,17.4,Clothing,Cash,31,7,Wholesale Buyer
CUST-09483,32,2.9,47635,5.7,Food,Cash,15,14,Regular Shopper
CUST-09484,26,1.6,20793,3.5,Electronics,Cash,2,10,Occasional Shopper
CUST-09485,28,5.6,9164,1.4,Clothing,Cash,6,4,Occasional Shopper
CUST-09486,33,2.5,19185,2.2,Household,Mobile Money,1,1,Occasional Shopper
CUST-09487,46,1.1,76543,5.2,Household,Cash,18,10,Regular Shopper
CUST-09488,18,5.1,22963,1.6,Clothing,Mobile Money,6,7,Occasional Shopper
CUST-09489,31,8.6,24279,7.4,Food,Mobile Money,22,7,Regular Shopper
CUST-09490,32,11.6,35336,21.0,Tools,Cash,40,7,Loyal Budget Buyer
CUST-09491,39,2.7,43923,24.1,Food,Cash,41,9,Loyal Budget Buyer
CUST-09492,46,1.6,36560,7.2,Electronics,Mobile Money,18,14,Regular Shopper
CUST-09493,23,3.9,80653,5.6,Tools,Mobile Money,17,12,Regular Shopper
CUST-09494,28,0.7,442633,12.3,Tools,Mobile Money,24,6,Wholesale Buyer
CUST-09495,38,2.6,111595,6.0,Clothing,Cash,18,4,Regular Shopper
CUST-09496,46,3.6,75173,8.2,Electronics,Mobile Money,10,2,Regular Shopper
CUST-09497,49,1.4,96738,6.6,Food,Mobile Money,16,7,Regular Shopper
CUST-09498,38,5.4,51898,18.3,Food,Cash,50,4,Loyal Budget Buyer
CUST-09499,47,6.5,37841,11.6,Food,Cash,47,13,Loyal Budget Buyer
CUST-09500,51,1.3,518705,9.5,Food,Mobile Money,36,5,Wholesale Buyer
CUST-09501,19,3.7,38245,0.7,Clothing,Cash,5,10,Occasional Shopper
CUST-09502,21,2.9,49351,20.6,Food,Cash,63,2,Loyal Budget Buyer
CUST-09503,18,6.6,73048,3.2,Clothing,Cash,15,3,Regular Shopper
CUST-09504,35,3.4,566426,17.6,Tools,Mobile Money,34,13,Wholesale Buyer
CUST-09505,36,5.9,29067,23.6,Food,Cash,46,12,Loyal Budget Buyer
CUST-09506,32,5.8,31151,16.8,Electronics,Cash,57,10,Loyal Budget Buyer
CUST-09507,22,1.1,21712,1.5,Food,Cash,6,3,Occasional Shopper
CUST-09508,19,2.0,119821,5.4,Tools,Cash,25,8,Regular Shopper
CUST-09509,18,2.1,102076,5.5,Tools,Mobile Money,12,5,Regular Shopper
CUST-09510,35,3.5,9942,1.4,Tools,Cash,3,4,Occasional Shopper
CUST-09511,35,4.0,85397,8.1,Food,Credit,19,9,Regular Shopper
CUST-09512,34,2.0,97805,12.6,Clothing,Mobile Money,18,5,Regular Shopper
CUST-09513,47,2.2,21699,1.6,Clothing,Cash,2,9,Occasional Shopper
CUST-09514,34,1.5,9105,2.6,Clothing,Cash,2,3,Occasional Shopper
CUST-09515,25,7.5,92577,4.0,Clothing,Mobile Money,26,9,Regular Shopper
CUST-09516,28,13.6,114805,6.6,Food,Mobile Money,19,1,Regular Shopper
CUST-09517,25,9.8,95968,6.6,Clothing,Cash,15,5,Regular Shopper
CUST-09518,48,0.7,581350,15.6,Food,Credit,27,13,Wholesale Buyer
CUST-09519,42,13.0,164823,8.3,Tools,Mobile Money,16,8,Regular Shopper
CUST-09520,37,5.0,485783,14.1,Tools,Cash,43,10,Wholesale Buyer
CUST-09521,31,3.0,76396,6.9,Food,Mobile Money,14,11,Regular Shopper
CUST-09522,18,0.7,64915,10.2,Food,Cash,18,1,Regular Shopper
CUST-09523,30,1.7,117605,8.0,Tools,Cash,16,1,Regular Shopper
CUST-09524,29,13.3,10176,1.0,Clothing,Cash,3,11,Occasional Shopper
CUST-09525,45,3.4,47125,23.3,Food,Mobile Money,64,8,Loyal Budget Buyer
CUST-09526,26,16.0,1800,1.8,Clothing,Cash,2,6,Occasional Shopper
CUST-09527,24,16.8,556635,11.5,Tools,Credit,34,8,Wholesale Buyer
CUST-09528,20,1.1,9645,1.7,Household,Cash,5,8,Occasional Shopper
CUST-09529,30,6.0,24364,0.5,Electronics,Mobile Money,4,13,Occasional Shopper
CUST-09530,39,21.5,442808,15.1,Food,Cash,35,9,Wholesale Buyer
CUST-09531,21,2.7,16755,2.0,Electronics,Cash,4,4,Occasional Shopper
CUST-09532,36,15.2,14787,2.1,Electronics,Cash,3,5,Occasional Shopper
CUST-09533,40,22.1,404849,13.2,Tools,Cash,39,14,Wholesale Buyer
CUST-09534,31,0.4,12027,5.7,Clothing,Mobile Money,17,12,Regular Shopper
CUST-09535,37,4.5,71028,9.4,Electronics,Cash,26,4,Regular Shopper
CUST-09536,25,9.5,15438,19.1,Clothing,Cash,43,12,Loyal Budget Buyer
CUST-09537,18,3.8,48506,25.2,Electronics,Cash,57,11,Loyal Budget Buyer
CUST-09538,34,1.7,445033,17.0,Tools,Mobile Money,29,6,Wholesale Buyer
CUST-09539,47,10.8,16783,1.2,Electronics,Cash,7,11,Occasional Shopper
CUST-09540,57,1.3,37346,16.7,Food,Cash,52,11,Loyal Budget Buyer
CUST-09541,31,2.8,92296,8.1,Food,Cash,19,3,Regular Shopper
CUST-09542,31,5.7,27416,27.7,Household,Cash,46,2,Loyal Budget Buyer
CUST-09543,30,1.0,68179,7.4,Food,Cash,14,13,Regular Shopper
CUST-09544,26,1.3,20167,0.5,Food,Cash,2,6,Occasional Shopper
CUST-09545,38,3.5,66627,5.7,Electronics,Cash,16,6,Regular Shopper
CUST-09546,31,6.3,78023,8.1,Food,Cash,22,4,Regular Shopper
CUST-09547,22,4.5,19536,0.8,Household,Mobile Money,4,3,Occasional Shopper
CUST-09548,38,1.5,574615,10.4,Tools,Cash,46,11,Wholesale Buyer
CUST-09549,21,0.3,21979,4.8,Household,Mobile Money,16,13,Regular Shopper
CUST-09550,18,1.6,10166,1.6,Clothing,Cash,4,1,Occasional Shopper
CUST-09551,29,8.0,21548,22.7,Household,Cash,54,5,Loyal Budget Buyer
CUST-09552,37,7.5,112805,8.6,Tools,Cash,13,2,Regular Shopper
CUST-09553,33,4.7,9355,1.6,Household,Cash,6,8,Occasional Shopper
CUST-09554,30,0.6,88282,7.0,Food,Cash,21,6,Regular Shopper
CUST-09555,23,4.2,97700,7.7,Clothing,Cash,14,12,Regular Shopper
CUST-09556,29,3.1,28770,7.3,Tools,Cash,21,3,Regular Shopper
CUST-09557,27,0.6,101530,5.7,Food,Mobile Money,11,11,Regular Shopper
CUST-09558,20,3.3,27455,2.8,Household,Mobile Money,4,13,Occasional Shopper
CUST-09559,30,0.6,393815,15.6,Tools,Mobile Money,44,13,Wholesale Buyer
CUST-09560,26,2.9,646356,11.5,Clothing,Cash,39,14,Wholesale Buyer
CUST-09561,18,10.1,4030,1.1,Clothing,Mobile Money,1,5,Occasional Shopper
CUST-09562,34,2.4,59586,17.7,Clothing,Cash,53,8,Loyal Budget Buyer
CUST-09563,22,2.0,16560,1.3,Clothing,Cash,1,9,Occasional Shopper
CUST-09564,44,9.9,24557,20.2,Clothing,Cash,48,14,Loyal Budget Buyer
CUST-09565,25,1.2,60309,8.0,Household,Credit,21,4,Regular Shopper
CUST-09566,19,2.0,37169,8.9,Electronics,Mobile Money,20,7,Regular Shopper
CUST-09567,48,1.2,34338,24.4,Food,Cash,52,7,Loyal Budget Buyer
CUST-09568,37,5.4,31955,22.8,Food,Cash,44,11,Loyal Budget Buyer
CUST-09569,32,3.2,162456,7.8,Tools,Mobile Money,16,13,Regular Shopper
CUST-09570,34,1.2,16684,0.5,Household,Cash,5,8,Occasional Shopper
CUST-09571,25,1.3,21297,0.5,Clothing,Mobile Money,2,2,Occasional Shopper
CUST-09572,47,2.3,64906,8.3,Food,Mobile Money,17,12,Regular Shopper
CUST-09573,35,1.8,20398,1.5,Clothing,Mobile Money,4,13,Occasional Shopper
CUST-09574,42,6.3,16705,0.8,Food,Mobile Money,3,10,Occasional Shopper
CUST-09575,18,8.3,109074,6.0,Tools,Cash,22,4,Regular Shopper
CUST-09576,32,6.1,18020,1.2,Food,Cash,6,13,Occasional Shopper
CUST-09577,33,0.8,25773,1.8,Clothing,Mobile Money,2,2,Occasional Shopper
CUST-09578,26,5.4,7500,8.5,Clothing,Credit,16,13,Regular Shopper
CUST-09579,34,7.8,16038,1.4,Food,Cash,4,2,Occasional Shopper
CUST-09580,26,9.6,122161,9.1,Electronics,Cash,16,14,Regular Shopper
CUST-09581,29,0.4,72083,2.6,Household,Mobile Money,21,1,Regular Shopper
CUST-09582,48,3.1,46300,16.7,Household,Mobile Money,34,1,Loyal Budget Buyer
CUST-09583,30,13.0,46114,9.5,Clothing,Cash,20,2,Regular Shopper
CUST-09584,40,1.4,19781,2.3,Food,Cash,4,7,Occasional Shopper
CUST-09585,57,12.8,49976,4.2,Electronics,Cash,14,9,Regular Shopper
CUST-09586,38,17.7,529895,11.8,Food,Cash,39,4,Wholesale Buyer
CUST-09587,28,1.6,79047,9.9,Clothing,Mobile Money,10,3,Regular Shopper
CUST-09588,18,12.6,84384,6.0,Clothing,Cash,24,11,Regular Shopper
CUST-09589,18,2.2,39141,15.2,Food,Cash,37,10,Loyal Budget Buyer
CUST-09590,33,1.5,1800,2.7,Clothing,Mobile Money,2,12,Occasional Shopper
CUST-09591,23,2.8,329053,16.2,Electronics,Cash,39,4,Wholesale Buyer
CUST-09592,24,20.3,63327,3.7,Food,Cash,18,8,Regular Shopper
CUST-09593,19,0.6,61582,7.0,Clothing,Mobile Money,13,2,Regular Shopper
CUST-09594,37,1.7,4635,1.2,Clothing,Cash,3,12,Occasional Shopper
CUST-09595,33,0.6,56401,4.8,Food,Cash,19,1,Regular Shopper
CUST-09596,46,1.2,430843,14.5,Food,Cash,44,11,Wholesale Buyer
CUST-09597,39,13.2,102911,7.1,Food,Mobile Money,19,8,Regular Shopper
CUST-09598,28,5.8,25275,1.1,Clothing,Mobile Money,2,14,Occasional Shopper
CUST-09599,36,6.4,626813,16.5,Food,Cash,32,9,Wholesale Buyer
CUST-09600,46,0.7,568017,13.9,Household,Cash,37,5,Wholesale Buyer
CUST-09601,37,2.1,489440,12.5,Household,Credit,37,3,Wholesale Buyer
CUST-09602,24,1.6,48982,22.6,Food,Cash,53,9,Loyal Budget Buyer
CUST-09603,36,1.3,534228,14.5,Tools,Cash,36,4,Wholesale Buyer
CUST-09604,24,7.7,12051,22.7,Food,Cash,52,9,Loyal Budget Buyer
CUST-09605,35,7.2,466541,13.0,Food,Cash,42,1,Wholesale Buyer
CUST-09606,32,3.5,91541,3.3,Clothing,Mobile Money,20,6,Regular Shopper
CUST-09607,49,1.4,23500,2.3,Electronics,Cash,4,14,Occasional Shopper
CUST-09608,27,18.0,40024,15.3,Household,Cash,37,1,Loyal Budget Buyer
CUST-09609,37,14.1,49406,23.2,Food,Cash,50,12,Loyal Budget Buyer
CUST-09610,26,6.0,34145,13.6,Food,Cash,51,5,Loyal Budget Buyer
CUST-09611,47,5.4,65156,6.2,Clothing,Cash,32,5,Regular Shopper
CUST-09612,47,2.6,534109,14.3,Tools,Cash,36,4,Wholesale Buyer
CUST-09613,32,2.2,36814,20.6,Food,Mobile Money,56,9,Loyal Budget Buyer
CUST-09614,30,3.9,52137,8.4,Tools,Mobile Money,21,2,Regular Shopper
CUST-09615,25,11.8,36853,17.6,Food,Cash,39,1,Loyal Budget Buyer
CUST-09616,30,6.5,642635,17.2,Tools,Credit,36,5,Wholesale Buyer
CUST-09617,21,11.7,43416,12.9,Tools,Mobile Money,14,13,Regular Shopper
CUST-09618,31,3.8,19653,1.7,Clothing,Cash,4,10,Occasional Shopper
CUST-09619,18,2.9,5320,1.4,Electronics,Cash,1,9,Occasional Shopper
CUST-09620,33,6.3,16921,1.7,Food,Cash,3,7,Occasional Shopper
CUST-09621,18,3.1,4192,2.1,Clothing,Cash,4,4,Occasional Shopper
CUST-09622,45,10.6,101903,7.5,Clothing,Cash,22,13,Regular Shopper
CUST-09623,35,9.0,13965,1.5,Clothing,Cash,4,10,Occasional Shopper
CUST-09624,44,2.5,38387,24.0,Food,Cash,47,7,Loyal Budget Buyer
CUST-09625,25,12.4,585876,14.8,Tools,Mobile Money,38,9,Wholesale Buyer
CUST-09626,24,6.3,81202,7.3,Food,Cash,23,2,Regular Shopper
CUST-09627,22,0.4,80060,13.1,Food,Mobile Money,13,1,Regular Shopper
CUST-09628,18,3.2,96795,5.4,Food,Credit,20,1,Regular Shopper
CUST-09629,45,5.9,636968,13.6,Tools,Cash,43,11,Wholesale Buyer
CUST-09630,31,10.8,71627,5.7,Tools,Mobile Money,18,2,Regular Shopper
CUST-09631,27,1.0,32554,1.8,Food,Mobile Money,4,6,Occasional Shopper
CUST-09632,32,3.0,121602,10.0,Clothing,Cash,18,2,Regular Shopper
CUST-09633,20,8.0,49392,7.3,Clothing,Mobile Money,15,13,Regular Shopper
CUST-09634,31,1.6,72931,9.5,Clothing,Mobile Money,18,4,Regular Shopper
CUST-09635,28,6.7,75524,10.5,Clothing,Mobile Money,14,8,Regular Shopper
CUST-09636,29,1.2,17205,1.7,Electronics,Cash,3,13,Occasional Shopper
CUST-09637,20,2.6,14055,1.1,Household,Cash,8,6,Occasional Shopper
CUST-09638,18,0.6,16055,1.1,Clothing,Cash,3,7,Occasional Shopper
CUST-09639,39,2.6,717469,14.6,Clothing,Cash,28,14,Wholesale Buyer
CUST-09640,51,13.6,559180,20.2,Tools,Mobile Money,32,11,Wholesale Buyer
CUST-09641,46,0.9,83062,7.1,Food,Cash,15,2,Regular Shopper
CUST-09642,39,17.7,47405,6.8,Tools,Mobile Money,16,14,Regular Shopper
CUST-09643,45,8.6,269236,17.0,Clothing,Mobile Money,26,3,Wholesale Buyer
CUST-09644,29,1.6,18116,1.3,Clothing,Mobile Money,2,2,Occasional Shopper
CUST-09645,33,0.9,35375,18.4,Food,Cash,61,10,Loyal Budget Buyer
CUST-09646,31,4.0,26351,2.2,Clothing,Cash,1,7,Occasional Shopper
CUST-09647,32,2.2,12397,2.2,Clothing,Mobile Money,4,10,Occasional Shopper
CUST-09648,37,2.6,22751,21.6,Food,Cash,39,11,Loyal Budget Buyer
CUST-09649,24,0.9,77294,8.8,Food,Cash,15,1,Regular Shopper
CUST-09650,18,3.0,46148,17.1,Food,Cash,49,6,Loyal Budget Buyer
CUST-09651,34,3.3,31435,1.9,Clothing,Credit,2,12,Occasional Shopper
CUST-09652,22,2.6,61006,8.3,Electronics,Credit,18,5,Regular Shopper
CUST-09653,37,3.5,110087,6.1,Food,Credit,16,5,Regular Shopper
CUST-09654,21,9.4,20675,1.2,Electronics,Mobile Money,4,3,Occasional Shopper
CUST-09655,41,2.9,126681,8.6,Food,Cash,19,3,Regular Shopper
CUST-09656,23,1.0,8548,2.0,Clothing,Cash,3,14,Occasional Shopper
CUST-09657,29,0.7,13160,1.1,Food,Mobile Money,6,9,Occasional Shopper
CUST-09658,18,12.2,38794,15.9,Food,Cash,55,7,Loyal Budget Buyer
CUST-09659,36,0.2,427991,11.4,Electronics,Mobile Money,38,3,Wholesale Buyer
CUST-09660,33,1.7,8489,1.3,Clothing,Cash,2,5,Occasional Shopper
CUST-09661,29,2.7,430608,13.8,Food,Cash,33,9,Wholesale Buyer
CUST-09662,40,0.8,61652,3.7,Food,Mobile Money,15,2,Regular Shopper
CUST-09663,43,12.5,11354,2.7,Electronics,Cash,4,9,Occasional Shopper
CUST-09664,36,4.6,24453,2.2,Food,Mobile Money,2,7,Occasional Shopper
CUST-09665,18,1.4,17300,0.5,Tools,Cash,2,2,Occasional Shopper
CUST-09666,35,1.5,27913,1.1,Clothing,Cash,1,2,Occasional Shopper
CUST-09667,39,5.5,19398,2.4,Clothing,Cash,5,3,Occasional Shopper
CUST-09668,36,3.3,30504,19.2,Household,Mobile Money,48,11,Loyal Budget Buyer
CUST-09669,34,0.4,260016,13.0,Tools,Mobile Money,25,12,Wholesale Buyer
CUST-09670,37,17.2,384159,15.7,Tools,Cash,38,2,Wholesale Buyer
CUST-09671,35,8.4,446601,19.1,Tools,Cash,32,3,Wholesale Buyer
CUST-09672,33,1.0,39861,1.8,Household,Mobile Money,3,4,Occasional Shopper
CUST-09673,30,12.3,62437,7.7,Tools,Credit,20,1,Regular Shopper
CUST-09674,42,1.2,535049,10.7,Tools,Cash,29,10,Wholesale Buyer
CUST-09675,20,1.2,106249,6.3,Clothing,Mobile Money,16,7,Regular Shopper
CUST-09676,18,5.8,14219,1.8,Clothing,Cash,2,9,Occasional Shopper
CUST-09677,38,15.2,74519,4.6,Clothing,Mobile Money,18,3,Regular Shopper
CUST-09678,28,3.0,114739,7.5,Food,Credit,22,10,Regular Shopper
CUST-09679,47,23.2,366997,14.3,Tools,Cash,34,8,Wholesale Buyer
CUST-09680,46,7.6,76508,5.6,Tools,Cash,25,1,Regular Shopper
CUST-09681,23,3.9,440764,12.1,Food,Cash,42,7,Wholesale Buyer
CUST-09682,23,1.0,26298,2.5,Clothing,Cash,2,14,Occasional Shopper
CUST-09683,29,9.9,11418,1.7,Clothing,Mobile Money,3,1,Occasional Shopper
CUST-09684,24,10.5,367765,17.8,Food,Credit,37,8,Wholesale Buyer
CUST-09685,29,2.2,41033,18.3,Food,Cash,48,1,Loyal Budget Buyer
CUST-09686,25,2.3,76038,6.6,Food,Cash,25,13,Regular Shopper
CUST-09687,29,12.8,132683,5.0,Electronics,Mobile Money,15,10,Regular Shopper
CUST-09688,20,4.1,15171,20.4,Food,Cash,45,8,Loyal Budget Buyer
CUST-09689,43,4.4,15768,0.5,Food,Cash,2,9,Occasional Shopper
CUST-09690,19,0.9,146531,8.7,Clothing,Mobile Money,18,6,Regular Shopper
CUST-09691,34,3.5,550561,13.2,Household,Cash,38,9,Wholesale Buyer
CUST-09692,18,3.9,322712,14.1,Tools,Credit,33,12,Wholesale Buyer
CUST-09693,34,2.0,45115,19.1,Tools,Mobile Money,56,1,Loyal Budget Buyer
CUST-09694,35,5.6,47584,5.8,Electronics,Mobile Money,15,12,Regular Shopper
CUST-09695,37,3.5,762243,18.6,Household,Cash,35,11,Wholesale Buyer
CUST-09696,36,3.4,22795,15.9,Food,Mobile Money,54,3,Loyal Budget Buyer
CUST-09697,30,6.0,308585,11.0,Food,Cash,30,2,Wholesale Buyer
CUST-09698,31,6.6,631181,14.9,Tools,Credit,32,13,Wholesale Buyer
CUST-09699,31,4.7,65115,7.8,Household,Cash,19,5,Regular Shopper
CUST-09700,18,5.6,34627,18.5,Food,Mobile Money,33,1,Loyal Budget Buyer
CUST-09701,35,18.4,665353,13.2,Clothing,Mobile Money,33,4,Wholesale Buyer
CUST-09702,31,1.6,92978,7.6,Electronics,Mobile Money,16,10,Regular Shopper
CUST-09703,46,8.5,245886,13.5,Clothing,Cash,37,13,Wholesale Buyer
CUST-09704,28,0.3,36249,6.7,Food,Mobile Money,18,4,Regular Shopper
CUST-09705,25,0.9,56833,15.3,Household,Mobile Money,55,8,Loyal Budget Buyer
CUST-09706,23,5.3,22872,2.2,Food,Mobile Money,7,4,Occasional Shopper
CUST-09707,18,1.2,38894,21.8,Food,Cash,56,7,Loyal Budget Buyer
CUST-09708,21,4.5,11496,0.8,Food,Cash,6,7,Occasional Shopper
CUST-09709,57,0.3,77661,9.9,Tools,Mobile Money,16,11,Regular Shopper
CUST-09710,29,1.5,9063,2.6,Clothing,Cash,1,14,Occasional Shopper
CUST-09711,50,3.5,15765,16.1,Food,Mobile Money,42,9,Loyal Budget Buyer
CUST-09712,34,4.5,9820,0.5,Clothing,Credit,4,9,Occasional Shopper
CUST-09713,18,0.5,19583,1.6,Electronics,Cash,7,3,Occasional Shopper
CUST-09714,35,2.3,13271,17.4,Electronics,Cash,57,11,Loyal Budget Buyer
CUST-09715,24,5.8,25664,0.8,Clothing,Cash,4,9,Occasional Shopper
CUST-09716,41,1.1,80478,5.4,Food,Cash,13,5,Regular Shopper
CUST-09717,45,3.8,426583,17.8,Food,Credit,30,14,Wholesale Buyer
CUST-09718,30,3.4,46612,7.5,Tools,Credit,15,4,Regular Shopper
CUST-09719,39,8.5,18773,1.1,Clothing,Mobile Money,3,13,Occasional Shopper
CUST-09720,30,8.3,10058,15.8,Food,Mobile Money,52,14,Loyal Budget Buyer
CUST-09721,43,2.3,63236,7.2,Household,Credit,20,9,Regular Shopper
CUST-09722,27,17.0,489108,14.8,Food,Cash,37,11,Wholesale Buyer
CUST-09723,28,0.9,17830,1.3,Clothing,Cash,4,10,Occasional Shopper
CUST-09724,49,2.4,444617,9.5,Household,Cash,29,11,Wholesale Buyer
CUST-09725,38,1.0,49969,7.8,Food,Cash,13,1,Regular Shopper
CUST-09726,38,1.2,43372,22.0,Clothing,Mobile Money,45,7,Loyal Budget Buyer
CUST-09727,23,0.4,30900,19.6,Food,Cash,54,5,Loyal Budget Buyer
CUST-09728,30,13.4,25404,19.3,Household,Mobile Money,45,6,Loyal Budget Buyer
CUST-09729,36,0.2,69706,12.5,Clothing,Cash,16,6,Regular Shopper
CUST-09730,45,17.6,93221,10.5,Clothing,Mobile Money,18,5,Regular Shopper
CUST-09731,31,7.9,566574,19.5,Tools,Cash,32,14,Wholesale Buyer
CUST-09732,33,3.0,23445,0.5,Food,Mobile Money,2,8,Occasional Shopper
CUST-09733,33,13.8,53529,15.3,Food,Cash,46,1,Loyal Budget Buyer
CUST-09734,19,0.3,83524,5.9,Food,Credit,14,14,Regular Shopper
CUST-09735,35,2.9,53537,5.1,Clothing,Mobile Money,20,6,Regular Shopper
CUST-09736,25,6.9,50330,20.2,Food,Cash,44,5,Loyal Budget Buyer
CUST-09737,18,7.9,102842,7.3,Clothing,Mobile Money,20,3,Regular Shopper
CUST-09738,23,6.8,23556,0.9,Clothing,Credit,3,10,Occasional Shopper
CUST-09739,25,3.5,17728,2.1,Tools,Mobile Money,2,6,Occasional Shopper
CUST-09740,33,0.7,27565,19.8,Clothing,Cash,54,2,Loyal Budget Buyer
CUST-09741,29,2.3,421616,14.5,Clothing,Cash,42,13,Wholesale Buyer
CUST-09742,33,14.0,99576,7.5,Food,Cash,16,5,Regular Shopper
CUST-09743,18,0.9,77822,8.1,Electronics,Mobile Money,13,3,Regular Shopper
CUST-09744,27,2.8,72596,10.5,Food,Mobile Money,16,9,Regular Shopper
CUST-09745,26,5.3,70285,8.5,Tools,Credit,21,12,Regular Shopper
CUST-09746,27,6.5,82583,3.8,Household,Mobile Money,14,2,Regular Shopper
CUST-09747,36,6.7,442228,17.1,Food,Cash,28,5,Wholesale Buyer
CUST-09748,30,8.9,34110,20.9,Household,Mobile Money,51,14,Loyal Budget Buyer
CUST-09749,32,3.6,12581,6.2,Electronics,Mobile Money,18,11,Regular Shopper
CUST-09750,22,17.1,26904,15.9,Electronics,Credit,52,9,Loyal Budget Buyer
CUST-09751,34,9.5,7500,8.0,Tools,Mobile Money,18,11,Regular Shopper
CUST-09752,51,1.7,32470,20.1,Food,Mobile Money,61,1,Loyal Budget Buyer
CUST-09753,24,7.3,14429,0.5,Clothing,Mobile Money,3,8,Occasional Shopper
CUST-09754,40,3.2,303154,8.7,Clothing,Mobile Money,24,2,Wholesale Buyer
CUST-09755,25,3.0,11157,2.5,Household,Cash,5,8,Occasional Shopper
CUST-09756,20,6.6,16315,1.5,Tools,Cash,5,7,Occasional Shopper
CUST-09757,38,4.0,53426,5.2,Food,Mobile Money,17,6,Regular Shopper
CUST-09758,34,2.9,477631,11.5,Clothing,Cash,41,13,Wholesale Buyer
CUST-09759,48,9.8,7500,9.6,Food,Mobile Money,14,2,Regular Shopper
CUST-09760,38,4.1,78403,6.8,Household,Mobile Money,10,3,Regular Shopper
CUST-09761,27,2.6,22978,1.5,Food,Mobile Money,1,11,Occasional Shopper
CUST-09762,28,1.5,15637,1.4,Clothing,Cash,4,10,Occasional Shopper
CUST-09763,30,0.9,43310,7.5,Electronics,Mobile Money,22,11,Regular Shopper
CUST-09764,25,3.2,19247,4.3,Food,Mobile Money,29,6,Regular Shopper
CUST-09765,26,2.2,124552,6.5,Tools,Cash,16,13,Regular Shopper
CUST-09766,34,5.8,99336,11.7,Food,Cash,20,11,Regular Shopper
CUST-09767,33,4.5,44236,22.7,Food,Cash,50,1,Loyal Budget Buyer
CUST-09768,20,3.8,40853,17.3,Clothing,Cash,36,2,Loyal Budget Buyer
CUST-09769,32,2.6,36647,14.4,Food,Cash,49,4,Loyal Budget Buyer
CUST-09770,26,0.3,384403,9.4,Clothing,Mobile Money,31,9,Wholesale Buyer
CUST-09771,35,1.2,81639,8.8,Clothing,Mobile Money,12,1,Regular Shopper
CUST-09772,33,1.8,25977,1.5,Clothing,Cash,3,4,Occasional Shopper
CUST-09773,27,1.0,14642,1.6,Food,Cash,7,8,Occasional Shopper
CUST-09774,18,10.1,41568,18.5,Food,Mobile Money,59,10,Loyal Budget Buyer
CUST-09775,39,1.3,33726,23.0,Household,Cash,52,8,Loyal Budget Buyer
CUST-09776,39,1.1,584124,15.4,Clothing,Cash,38,3,Wholesale Buyer
CUST-09777,37,6.8,16370,7.6,Electronics,Mobile Money,21,1,Regular Shopper
CUST-09778,18,0.9,7500,6.9,Electronics,Mobile Money,19,13,Regular Shopper
CUST-09779,30,3.2,13451,2.1,Clothing,Cash,2,5,Occasional Shopper
CUST-09780,33,8.9,16431,2.0,Food,Cash,6,9,Occasional Shopper
CUST-09781,25,0.3,110603,6.4,Tools,Credit,32,3,Wholesale Buyer
CUST-09782,43,0.4,14140,8.4,Clothing,Cash,17,3,Regular Shopper
CUST-09783,27,4.3,35050,23.4,Food,Mobile Money,66,6,Loyal Budget Buyer
CUST-09784,40,0.4,502064,11.5,Tools,Credit,41,8,Wholesale Buyer
CUST-09785,34,14.0,511468,15.1,Tools,Credit,36,2,Wholesale Buyer
CUST-09786,28,5.2,54950,8.5,Clothing,Credit,20,8,Regular Shopper
CUST-09787,29,13.1,28303,23.9,Tools,Cash,54,4,Loyal Budget Buyer
CUST-09788,43,1.5,670732,11.7,Food,Mobile Money,31,9,Wholesale Buyer
CUST-09789,38,4.7,36117,13.1,Tools,Cash,36,6,Loyal Budget Buyer
CUST-09790,28,1.7,27776,1.0,Household,Cash,5,3,Occasional Shopper
CUST-09791,18,25.7,5572,2.4,Food,Mobile Money,3,2,Occasional Shopper
CUST-09792,44,7.6,96922,7.3,Food,Cash,22,9,Regular Shopper
CUST-09793,45,11.5,590338,14.7,Food,Mobile Money,25,1,Wholesale Buyer
CUST-09794,18,3.8,33683,6.0,Tools,Credit,16,13,Regular Shopper
CUST-09795,40,1.4,66026,9.2,Electronics,Cash,22,1,Regular Shopper
CUST-09796,23,18.2,46340,13.0,Food,Mobile Money,43,14,Loyal Budget Buyer
CUST-09797,42,2.0,22901,19.9,Food,Cash,56,14,Loyal Budget Buyer
CUST-09798,27,4.4,13123,1.5,Household,Mobile Money,7,11,Occasional Shopper
CUST-09799,36,6.5,462862,15.9,Clothing,Cash,33,10,Wholesale Buyer
CUST-09800,28,9.7,21648,2.4,Household,Cash,1,14,Occasional Shopper
CUST-09801,35,1.5,308518,12.0,Food,Cash,43,12,Wholesale Buyer
CUST-09802,27,3.7,19837,1.6,Electronics,Cash,6,10,Occasional Shopper
CUST-09803,18,14.8,58547,6.2,Clothing,Cash,20,2,Regular Shopper
CUST-09804,24,4.5,32434,18.8,Food,Mobile Money,50,7,Loyal Budget Buyer
CUST-09805,26,7.7,81969,6.2,Food,Mobile Money,24,11,Regular Shopper
CUST-09806,53,5.9,83347,4.8,Electronics,Cash,12,2,Regular Shopper
CUST-09807,28,2.9,31174,14.9,Food,Mobile Money,40,11,Loyal Budget Buyer
CUST-09808,36,11.7,92618,9.3,Food,Cash,18,5,Regular Shopper
CUST-09809,32,15.8,430333,13.8,Food,Mobile Money,35,13,Wholesale Buyer
CUST-09810,25,1.2,49344,8.9,Food,Mobile Money,17,2,Regular Shopper
CUST-09811,18,4.2,58010,5.4,Food,Cash,15,14,Regular Shopper
CUST-09812,18,5.5,19470,1.3,Clothing,Credit,2,9,Occasional Shopper
CUST-09813,29,5.6,23818,1.3,Clothing,Cash,5,13,Occasional Shopper
CUST-09814,43,5.2,528802,14.8,Tools,Cash,33,4,Wholesale Buyer
CUST-09815,34,1.9,114404,8.8,Tools,Mobile Money,9,6,Regular Shopper
CUST-09816,23,0.8,55869,7.9,Tools,Mobile Money,11,12,Regular Shopper
CUST-09817,31,2.9,21937,2.7,Clothing,Cash,7,8,Occasional Shopper
CUST-09818,42,4.0,39721,19.4,Food,Cash,45,14,Loyal Budget Buyer
CUST-09819,28,0.3,27372,0.5,Clothing,Mobile Money,5,2,Occasional Shopper
CUST-09820,18,0.5,18545,12.2,Tools,Cash,37,10,Loyal Budget Buyer
CUST-09821,48,2.1,603258,16.1,Food,Cash,37,2,Wholesale Buyer
CUST-09822,35,5.9,89722,7.2,Food,Cash,17,7,Regular Shopper
CUST-09823,47,8.9,234033,11.6,Clothing,Credit,28,7,Wholesale Buyer
CUST-09824,29,2.9,58943,6.1,Tools,Credit,17,5,Regular Shopper
CUST-09825,39,2.0,521161,16.1,Tools,Mobile Money,40,9,Wholesale Buyer
CUST-09826,26,1.8,10782,1.9,Clothing,Cash,5,7,Occasional Shopper
CUST-09827,47,6.0,17214,0.8,Clothing,Cash,2,13,Occasional Shopper
CUST-09828,45,7.2,38396,6.2,Food,Cash,16,12,Regular Shopper
CUST-09829,33,5.1,499062,13.5,Tools,Credit,33,13,Wholesale Buyer
CUST-09830,27,31.0,26360,0.9,Clothing,Credit,4,13,Occasional Shopper
CUST-09831,33,3.4,337738,18.0,Food,Mobile Money,38,1,Wholesale Buyer
CUST-09832,34,7.7,102583,4.7,Electronics,Cash,14,13,Regular Shopper
CUST-09833,20,4.0,78089,8.4,Food,Cash,18,5,Regular Shopper
CUST-09834,31,3.4,24616,6.4,Food,Cash,20,8,Regular Shopper
CUST-09835,36,1.1,551784,14.7,Food,Cash,29,9,Wholesale Buyer
CUST-09836,24,21.4,7080,0.8,Tools,Cash,3,3,Occasional Shopper
CUST-09837,47,5.7,127557,16.0,Electronics,Mobile Money,36,1,Wholesale Buyer
CUST-09838,49,3.0,478104,18.2,Tools,Cash,36,10,Wholesale Buyer
CUST-09839,41,2.3,114923,8.1,Food,Mobile Money,21,7,Regular Shopper
CUST-09840,18,1.4,94313,6.3,Household,Mobile Money,13,4,Regular Shopper
CUST-09841,53,6.5,20285,0.5,Electronics,Mobile Money,7,3,Occasional Shopper
CUST-09842,39,0.5,22601,0.8,Food,Cash,1,1,Occasional Shopper
CUST-09843,34,0.8,40434,22.0,Food,Cash,53,10,Loyal Budget Buyer
CUST-09844,29,5.0,4346,1.3,Electronics,Mobile Money,2,1,Occasional Shopper
CUST-09845,34,0.7,27764,21.3,Food,Mobile Money,59,13,Loyal Budget Buyer
CUST-09846,20,1.1,10322,0.6,Clothing,Cash,4,4,Occasional Shopper
CUST-09847,34,27.2,30737,1.2,Clothing,Cash,3,4,Occasional Shopper
CUST-09848,25,0.6,441771,15.9,Food,Credit,33,6,Wholesale Buyer
CUST-09849,34,0.8,5371,0.5,Clothing,Credit,2,2,Occasional Shopper
CUST-09850,25,3.9,10003,2.2,Food,Cash,6,14,Occasional Shopper
CUST-09851,40,4.9,44830,20.5,Food,Cash,48,3,Loyal Budget Buyer
CUST-09852,37,10.2,368338,15.5,Food,Mobile Money,32,12,Wholesale Buyer
CUST-09853,22,10.2,49465,6.6,Tools,Cash,17,14,Regular Shopper
CUST-09854,29,4.9,33489,21.5,Food,Cash,48,4,Loyal Budget Buyer
CUST-09855,23,24.4,122691,9.5,Food,Credit,15,8,Regular Shopper
CUST-09856,18,8.4,95377,6.4,Food,Mobile Money,16,8,Regular Shopper
CUST-09857,25,1.1,30991,20.0,Food,Cash,52,10,Loyal Budget Buyer
CUST-09858,23,3.3,20386,0.9,Tools,Mobile Money,1,2,Occasional Shopper
CUST-09859,34,5.6,91774,7.6,Clothing,Credit,10,8,Regular Shopper
CUST-09860,31,1.1,10122,1.8,Clothing,Cash,4,7,Occasional Shopper
CUST-09861,38,7.8,551898,8.1,Tools,Mobile Money,26,14,Wholesale Buyer
CUST-09862,28,17.3,71727,5.5,Food,Credit,14,1,Regular Shopper
CUST-09863,36,1.2,77289,8.1,Food,Mobile Money,27,10,Regular Shopper
CUST-09864,35,0.7,482659,9.3,Food,Credit,39,12,Wholesale Buyer
CUST-09865,18,9.2,9448,2.9,Electronics,Cash,1,4,Occasional Shopper
CUST-09866,29,5.9,26075,1.2,Food,Cash,2,13,Occasional Shopper
CUST-09867,18,0.7,1800,0.7,Clothing,Cash,7,13,Occasional Shopper
CUST-09868,32,2.9,326529,12.9,Clothing,Cash,35,4,Wholesale Buyer
CUST-09869,26,9.5,28749,2.1,Electronics,Cash,3,6,Occasional Shopper
CUST-09870,28,0.5,101538,8.1,Food,Mobile Money,11,9,Regular Shopper
CUST-09871,49,2.4,44412,28.1,Food,Mobile Money,39,3,Loyal Budget Buyer
CUST-09872,23,2.1,12577,1.0,Clothing,Cash,4,8,Occasional Shopper
CUST-09873,53,3.2,50491,5.7,Food,Mobile Money,14,12,Regular Shopper
CUST-09874,26,1.1,482630,13.9,Food,Cash,38,11,Wholesale Buyer
CUST-09875,20,1.8,18495,0.7,Food,Cash,6,5,Occasional Shopper
CUST-09876,34,2.4,410886,14.8,Electronics,Mobile Money,19,2,Wholesale Buyer
CUST-09877,21,2.3,6488,1.7,Electronics,Mobile Money,6,3,Occasional Shopper
CUST-09878,23,9.5,1800,2.9,Food,Mobile Money,6,12,Occasional Shopper
CUST-09879,20,6.9,16940,2.0,Clothing,Cash,3,7,Occasional Shopper
CUST-09880,26,1.3,99419,6.4,Electronics,Credit,16,10,Regular Shopper
CUST-09881,37,6.0,482900,8.6,Tools,Credit,28,3,Wholesale Buyer
CUST-09882,33,13.1,83580,7.0,Tools,Cash,23,8,Regular Shopper
CUST-09883,18,2.7,4591,1.7,Food,Cash,3,1,Occasional Shopper
CUST-09884,41,2.1,46692,16.5,Electronics,Cash,46,5,Loyal Budget Buyer
CUST-09885,27,0.2,20124,1.9,Electronics,Mobile Money,5,9,Occasional Shopper
CUST-09886,36,6.9,560484,16.9,Food,Cash,34,4,Wholesale Buyer
CUST-09887,37,1.9,4367,0.6,Clothing,Cash,4,8,Occasional Shopper
CUST-09888,28,5.5,262336,16.1,Food,Mobile Money,26,8,Wholesale Buyer
CUST-09889,24,18.6,50662,4.1,Food,Mobile Money,25,13,Regular Shopper
CUST-09890,18,2.3,20809,16.2,Food,Cash,45,4,Loyal Budget Buyer
CUST-09891,40,0.2,48918,7.0,Clothing,Cash,17,5,Regular Shopper
CUST-09892,18,1.1,17471,19.2,Food,Mobile Money,52,2,Loyal Budget Buyer
CUST-09893,40,2.0,42139,20.6,Clothing,Cash,52,3,Loyal Budget Buyer
CUST-09894,41,3.2,51213,4.0,Electronics,Mobile Money,16,5,Regular Shopper
CUST-09895,30,1.3,35699,24.8,Clothing,Mobile Money,54,1,Loyal Budget Buyer
CUST-09896,47,3.4,140728,5.1,Tools,Mobile Money,16,9,Regular Shopper
CUST-09897,30,2.3,21563,2.3,Clothing,Mobile Money,7,9,Occasional Shopper
CUST-09898,28,9.0,78286,8.1,Tools,Mobile Money,13,12,Regular Shopper
CUST-09899,31,2.0,47853,24.3,Food,Cash,55,4,Loyal Budget Buyer
CUST-09900,32,2.4,19894,1.7,Clothing,Cash,4,11,Occasional Shopper
CUST-09901,41,0.5,88072,8.8,Food,Mobile Money,19,11,Regular Shopper
CUST-09902,25,0.4,16935,1.4,Clothing,Cash,5,14,Occasional Shopper
CUST-09903,52,10.2,98009,7.7,Clothing,Cash,19,1,Regular Shopper
CUST-09904,18,14.6,8796,2.8,Clothing,Cash,3,12,Occasional Shopper
CUST-09905,46,9.5,695428,16.1,Food,Cash,40,14,Wholesale Buyer
CUST-09906,25,2.3,19025,2.7,Clothing,Cash,3,5,Occasional Shopper
CUST-09907,21,1.4,30569,2.4,Clothing,Cash,3,2,Occasional Shopper
CUST-09908,21,18.5,61774,7.4,Clothing,Credit,13,10,Regular Shopper
CUST-09909,35,1.3,26655,17.5,Household,Cash,52,4,Loyal Budget Buyer
CUST-09910,24,4.8,31616,10.7,Electronics,Credit,20,2,Regular Shopper
CUST-09911,32,9.5,69721,7.9,Food,Cash,15,12,Regular Shopper
CUST-09912,24,3.0,117626,8.1,Clothing,Credit,9,3,Regular Shopper
CUST-09913,20,0.5,55371,7.8,Electronics,Mobile Money,27,5,Regular Shopper
CUST-09914,24,6.9,31469,21.1,Food,Cash,56,6,Loyal Budget Buyer
CUST-09915,39,8.3,509328,15.6,Food,Mobile Money,34,3,Wholesale Buyer
CUST-09916,18,12.2,58932,5.2,Clothing,Mobile Money,16,13,Regular Shopper
CUST-09917,52,2.1,35290,8.6,Food,Mobile Money,18,13,Regular Shopper
CUST-09918,22,12.4,13641,1.8,Tools,Mobile Money,3,6,Occasional Shopper
CUST-09919,58,3.5,57580,12.0,Tools,Cash,48,7,Loyal Budget Buyer
CUST-09920,36,1.4,39203,15.1,Food,Cash,43,9,Loyal Budget Buyer
CUST-09921,24,3.5,18751,2.0,Clothing,Cash,3,13,Occasional Shopper
CUST-09922,36,8.0,7500,5.7,Clothing,Cash,14,5,Regular Shopper
CUST-09923,38,10.4,64550,5.2,Clothing,Mobile Money,20,9,Regular Shopper
CUST-09924,33,2.8,45688,18.6,Food,Mobile Money,51,2,Loyal Budget Buyer
CUST-09925,44,4.6,604734,16.5,Clothing,Cash,42,1,Wholesale Buyer
CUST-09926,47,8.3,39316,21.3,Tools,Cash,52,4,Loyal Budget Buyer
CUST-09927,18,2.5,12317,0.5,Tools,Mobile Money,3,10,Occasional Shopper
CUST-09928,24,0.5,3865,2.2,Food,Credit,3,6,Occasional Shopper
CUST-09929,26,8.2,15832,1.6,Clothing,Cash,4,7,Occasional Shopper
CUST-09930,34,7.0,23735,1.5,Clothing,Mobile Money,4,14,Occasional Shopper
CUST-09931,44,1.5,23099,1.7,Clothing,Credit,1,9,Occasional Shopper
CUST-09932,33,1.4,741229,18.0,Tools,Cash,40,5,Wholesale Buyer
CUST-09933,40,13.7,36008,21.2,Household,Cash,50,13,Loyal Budget Buyer
CUST-09934,38,7.7,22683,2.1,Household,Cash,3,14,Occasional Shopper
CUST-09935,34,2.1,287032,12.9,Food,Mobile Money,45,4,Wholesale Buyer
CUST-09936,18,1.0,54839,6.9,Household,Cash,15,7,Regular Shopper
CUST-09937,37,2.9,447936,6.3,Household,Cash,41,12,Wholesale Buyer
CUST-09938,18,1.7,17634,2.2,Household,Mobile Money,9,14,Occasional Shopper
CUST-09939,24,1.5,22836,1.4,Household,Cash,7,1,Occasional Shopper
CUST-09940,36,5.2,22925,17.4,Household,Cash,64,11,Loyal Budget Buyer
CUST-09941,28,5.7,12611,1.3,Clothing,Mobile Money,4,9,Occasional Shopper
CUST-09942,39,33.0,44947,7.7,Food,Cash,22,10,Regular Shopper
CUST-09943,46,14.8,353207,9.6,Tools,Cash,28,6,Wholesale Buyer
CUST-09944,27,1.4,51647,7.0,Tools,Cash,22,5,Regular Shopper
CUST-09945,18,8.9,19970,3.2,Clothing,Cash,2,4,Occasional Shopper
CUST-09946,29,4.7,82683,8.1,Clothing,Mobile Money,12,6,Regular Shopper
CUST-09947,41,0.9,326392,12.8,Tools,Cash,18,13,Wholesale Buyer
CUST-09948,45,0.8,92785,6.4,Electronics,Cash,14,3,Regular Shopper
CUST-09949,30,8.3,52824,25.7,Household,Mobile Money,41,7,Loyal Budget Buyer
CUST-09950,51,2.8,672567,14.1,Household,Cash,32,3,Wholesale Buyer
CUST-09951,32,7.2,45093,19.6,Clothing,Cash,42,8,Loyal Budget Buyer
CUST-09952,18,2.2,20095,1.6,Clothing,Cash,5,4,Occasional Shopper
CUST-09953,25,0.3,47095,6.2,Food,Mobile Money,15,3,Regular Shopper
CUST-09954,28,17.7,35983,2.4,Tools,Mobile Money,5,7,Occasional Shopper
CUST-09955,37,3.4,38502,15.7,Household,Credit,43,11,Loyal Budget Buyer
CUST-09956,50,2.9,20199,1.7,Clothing,Mobile Money,3,7,Occasional Shopper
CUST-09957,46,2.6,78306,8.6,Food,Cash,14,6,Regular Shopper
CUST-09958,25,10.3,2912,2.3,Clothing,Credit,4,7,Occasional Shopper
CUST-09959,31,13.4,44247,17.8,Food,Cash,46,10,Loyal Budget Buyer
CUST-09960,39,2.9,33967,9.6,Food,Cash,58,4,Loyal Budget Buyer
CUST-09961,29,0.4,101082,7.2,Tools,Mobile Money,11,12,Regular Shopper
CUST-09962,32,0.2,21841,15.8,Clothing,Cash,54,5,Loyal Budget Buyer
CUST-09963,41,4.6,75730,7.0,Clothing,Cash,20,7,Regular Shopper
CUST-09964,18,5.8,81486,3.3,Food,Mobile Money,22,9,Regular Shopper
CUST-09965,37,2.8,253644,14.0,Food,Cash,20,9,Wholesale Buyer
CUST-09966,41,4.3,595989,16.2,Clothing,Credit,33,9,Wholesale Buyer
CUST-09967,22,11.9,20819,1.5,Clothing,Cash,7,14,Occasional Shopper
CUST-09968,38,0.8,551808,11.5,Clothing,Cash,30,14,Wholesale Buyer
CUST-09969,27,7.4,72187,6.0,Tools,Cash,21,9,Regular Shopper
CUST-09970,29,2.4,80106,5.9,Clothing,Cash,14,3,Regular Shopper
CUST-09971,18,3.2,82872,4.9,Food,Mobile Money,15,10,Regular Shopper
CUST-09972,30,0.3,432505,16.5,Tools,Mobile Money,28,7,Wholesale Buyer
CUST-09973,35,8.8,42595,18.8,Food,Mobile Money,40,2,Loyal Budget Buyer
CUST-09974,50,1.6,96502,9.1,Clothing,Mobile Money,17,12,Regular Shopper
CUST-09975,18,1.5,79037,8.2,Food,Mobile Money,25,11,Regular Shopper
CUST-09976,26,9.1,20712,2.0,Clothing,Mobile Money,2,8,Occasional Shopper
CUST-09977,20,8.0,42435,6.7,Household,Mobile Money,20,6,Regular Shopper
CUST-09978,39,2.7,25098,23.2,Clothing,Cash,50,9,Loyal Budget Buyer
CUST-09979,45,2.8,41428,21.9,Clothing,Credit,49,1,Loyal Budget Buyer
CUST-09980,31,1.9,21816,0.7,Clothing,Credit,8,8,Occasional Shopper
CUST-09981,21,7.5,65085,8.1,Food,Cash,14,7,Regular Shopper
CUST-09982,38,6.3,129922,4.3,Household,Mobile Money,14,6,Regular Shopper
CUST-09983,30,4.4,533020,15.3,Clothing,Cash,38,12,Wholesale Buyer
CUST-09984,23,8.2,28888,0.5,Clothing,Mobile Money,2,4,Occasional Shopper
CUST-09985,31,9.5,76373,7.2,Clothing,Mobile Money,21,13,Regular Shopper
CUST-09986,33,14.4,92697,9.8,Food,Mobile Money,19,2,Regular Shopper
CUST-09987,18,6.1,36099,7.5,Electronics,Mobile Money,19,3,Regular Shopper
CUST-09988,42,15.2,22052,1.1,Clothing,Cash,6,1,Occasional Shopper
CUST-09989,44,14.8,378471,13.7,Food,Mobile Money,40,5,Wholesale Buyer
CUST-09990,38,3.5,522568,9.8,Clothing,Cash,36,11,Wholesale Buyer
CUST-09991,24,12.6,34604,21.1,Food,Cash,44,12,Loyal Budget Buyer
CUST-09992,28,7.7,5048,1.6,Food,Mobile Money,5,4,Occasional Shopper
CUST-09993,59,12.1,36678,3.6,Household,Cash,16,13,Regular Shopper
CUST-09994,36,4.9,628358,17.5,Tools,Cash,29,5,Wholesale Buyer
CUST-09995,21,7.8,13970,1.2,Electronics,Cash,3,14,Occasional Shopper
CUST-09996,32,0.9,15621,2.0,Clothing,Cash,3,8,Occasional Shopper
CUST-09997,18,2.9,90463,7.4,Tools,Cash,23,11,Regular Shopper
CUST-09998,25,2.2,23306,5.5,Electronics,Mobile Money,26,13,Regular Shopper
CUST-09999,33,7.3,616574,14.6,Clothing,Cash,26,7,Wholesale Buyer
CUST-10000,28,27.0,10087,1.7,Food,Mobile Money,3,13,Occasional Shopper
