Intern_ID,Department,Internship_Duration_Weeks,Feedback_Score,Supervisor_Rating,Commute_Distance_km,Monthly_Stipend_XAF,Remote_Work_Option,Returned
INT-00001,Admin,7,9.4,7.3,2.1,150000,No,Yes
INT-00002,Marketing,21,7.4,7.5,3.1,75000,Yes,Yes
INT-00003,Engineering,8,6.1,7.2,16.7,0,No,No
INT-00004,Engineering,19,6.2,7.2,14.7,0,Yes,No
INT-00005,IT,17,6.8,4.8,13.0,25000,No,No
INT-00006,IT,22,8.4,5.6,7.0,75000,No,Yes
INT-00007,IT,17,7.0,5.4,1.7,25000,No,Yes
INT-00008,Finance,12,5.4,9.0,1.6,50000,Yes,No
INT-00009,Engineering,9,6.4,8.3,1.6,100000,No,Yes
INT-00010,Engineering,20,6.5,7.0,15.9,100000,Yes,No
INT-00011,IT,22,8.0,7.0,1.7,50000,No,Yes
INT-00012,Marketing,15,7.4,8.8,13.7,100000,No,Yes
INT-00013,Finance,7,6.2,9.5,15.4,50000,No,No
INT-00014,IT,19,5.1,7.3,1.4,25000,No,No
INT-00015,IT,14,4.1,8.1,19.1,100000,No,No
INT-00016,IT,7,8.0,6.8,18.7,50000,No,No
INT-00017,Admin,20,9.3,7.2,8.6,150000,No,Yes
INT-00018,Engineering,11,8.3,9.7,6.3,25000,No,Yes
INT-00019,Admin,17,4.8,8.7,8.8,50000,Yes,No
INT-00020,IT,5,4.3,6.5,4.7,25000,No,No
INT-00021,Engineering,14,7.0,6.3,7.6,0,No,Yes
INT-00022,IT,14,9.3,8.3,28.4,25000,No,Yes
INT-00023,IT,9,7.3,6.8,1.5,0,No,Yes
INT-00024,Admin,24,5.8,9.2,2.6,25000,No,Yes
INT-00025,Admin,24,9.4,6.6,6.4,0,No,Yes
INT-00026,Finance,17,7.3,8.4,2.9,25000,No,Yes
INT-00027,IT,13,8.1,5.0,39.9,50000,No,Yes
INT-00028,Engineering,11,8.6,9.0,10.7,25000,Yes,Yes
INT-00029,Engineering,10,6.6,7.9,5.1,50000,Yes,No
INT-00030,IT,11,8.0,5.8,19.1,25000,Yes,No
INT-00031,Engineering,11,6.8,7.0,1.7,150000,No,Yes
INT-00032,IT,5,7.4,7.7,3.2,100000,No,No
INT-00033,IT,19,6.1,5.3,25.5,50000,No,No
INT-00034,Marketing,12,4.4,9.0,7.0,150000,No,Yes
INT-00035,Marketing,16,8.8,8.3,20.8,50000,No,No
INT-00036,Finance,15,9.1,7.0,33.7,25000,Yes,Yes
INT-00037,Admin,20,8.6,5.1,4.1,150000,Yes,Yes
INT-00038,IT,5,9.0,9.7,7.4,50000,No,Yes
INT-00039,Engineering,16,5.4,8.6,15.5,0,Yes,Yes
INT-00040,Admin,4,8.4,6.7,3.0,75000,No,Yes
INT-00041,IT,22,8.9,6.4,5.2,25000,No,Yes
INT-00042,Admin,14,7.7,6.4,1.8,75000,Yes,Yes
INT-00043,IT,8,8.2,7.4,9.0,0,No,Yes
INT-00044,Marketing,4,5.8,7.3,0.5,25000,No,Yes
INT-00045,IT,23,5.3,5.9,5.3,50000,Yes,No
INT-00046,Engineering,16,6.1,7.2,21.7,75000,No,Yes
INT-00047,Admin,11,8.1,7.4,18.7,75000,Yes,No
INT-00048,Engineering,9,7.2,6.2,13.5,75000,No,No
INT-00049,Engineering,20,8.2,9.0,1.7,50000,No,Yes
INT-00050,IT,15,7.6,8.7,6.4,50000,No,Yes
INT-00051,Marketing,4,9.4,8.3,10.7,100000,No,Yes
INT-00052,Finance,6,4.2,8.9,1.4,50000,Yes,No
INT-00053,Marketing,17,8.2,5.8,1.8,100000,No,No
INT-00054,Finance,11,8.1,5.8,0.8,50000,Yes,Yes
INT-00055,Engineering,14,7.7,7.2,3.6,100000,No,Yes
INT-00056,Marketing,17,7.0,7.3,17.3,0,Yes,Yes
INT-00057,IT,11,6.3,4.4,6.2,25000,Yes,No
INT-00058,IT,6,6.2,6.2,15.9,100000,No,Yes
INT-00059,IT,10,7.5,6.9,1.2,75000,Yes,Yes
INT-00060,Admin,22,7.8,8.9,1.0,150000,No,Yes
INT-00061,Admin,7,5.7,7.9,13.5,75000,Yes,No
INT-00062,IT,19,6.9,6.1,6.0,150000,No,Yes
INT-00063,Finance,16,7.3,8.1,5.6,150000,No,Yes
INT-00064,Admin,23,9.3,8.7,5.7,150000,No,No
INT-00065,IT,22,4.8,7.9,4.3,75000,Yes,Yes
INT-00066,Engineering,8,8.9,9.0,17.9,100000,Yes,Yes
INT-00067,IT,8,8.1,8.1,6.4,50000,No,Yes
INT-00068,Finance,23,8.8,6.8,29.7,150000,No,Yes
INT-00069,IT,7,6.8,6.0,15.5,25000,No,No
INT-00070,Marketing,5,8.5,8.9,11.2,25000,No,No
INT-00071,Finance,16,9.4,8.6,8.6,50000,No,Yes
INT-00072,IT,19,7.8,6.4,14.9,150000,Yes,Yes
INT-00073,IT,5,5.1,7.6,17.6,75000,No,No
INT-00074,Finance,22,7.4,7.2,1.6,0,No,Yes
INT-00075,Engineering,20,7.1,8.7,4.1,75000,Yes,Yes
INT-00076,Engineering,8,6.8,6.8,13.6,150000,No,Yes
INT-00077,Finance,21,7.1,3.5,2.5,50000,Yes,No
INT-00078,IT,24,7.0,3.9,7.6,50000,No,No
INT-00079,Admin,21,6.9,6.2,12.6,75000,No,No
INT-00080,IT,11,8.8,5.3,2.5,75000,No,Yes
INT-00081,Finance,18,7.9,4.4,4.6,50000,No,No
INT-00082,Engineering,16,8.3,6.4,20.2,0,No,No
INT-00083,Admin,16,6.7,8.9,4.0,50000,No,Yes
INT-00084,IT,19,5.9,6.9,7.9,50000,No,No
INT-00085,Admin,23,5.8,6.3,5.1,50000,No,Yes
INT-00086,Admin,16,7.8,5.2,17.3,75000,Yes,No
INT-00087,Engineering,23,6.4,2.7,4.9,0,Yes,No
INT-00088,Engineering,5,7.7,8.4,4.1,100000,No,Yes
INT-00089,Finance,6,5.8,7.8,2.0,75000,No,Yes
INT-00090,Admin,18,8.5,8.2,3.9,50000,Yes,Yes
INT-00091,IT,22,10.0,8.9,9.4,25000,No,Yes
INT-00092,Engineering,16,6.1,6.1,2.0,25000,Yes,Yes
INT-00093,Finance,8,6.1,2.5,10.3,75000,No,No
INT-00094,Engineering,9,8.2,7.9,0.6,75000,No,Yes
INT-00095,Finance,17,8.6,8.3,4.2,100000,No,Yes
INT-00096,Admin,7,5.4,8.4,5.5,75000,Yes,Yes
INT-00097,Engineering,22,6.1,8.5,1.3,50000,Yes,Yes
INT-00098,Admin,10,6.4,8.1,9.7,25000,Yes,Yes
INT-00099,IT,7,7.7,7.4,1.4,75000,Yes,Yes
INT-00100,IT,5,4.9,8.2,1.3,50000,No,Yes
INT-00101,IT,10,6.7,6.5,4.2,100000,No,Yes
INT-00102,Engineering,6,8.5,4.8,11.2,50000,Yes,Yes
INT-00103,Admin,18,4.3,8.9,27.0,25000,No,No
INT-00104,Engineering,4,8.8,7.9,12.5,100000,Yes,Yes
INT-00105,Marketing,5,4.3,4.0,5.5,150000,No,No
INT-00106,IT,13,6.8,4.5,3.0,25000,No,Yes
INT-00107,Admin,19,7.5,5.6,3.4,75000,Yes,No
INT-00108,Finance,18,6.8,5.4,3.2,100000,No,No
INT-00109,IT,18,7.6,5.9,3.1,100000,No,Yes
INT-00110,IT,17,5.8,7.7,1.1,75000,Yes,Yes
INT-00111,IT,17,8.7,8.8,2.5,50000,No,Yes
INT-00112,IT,9,5.8,6.6,1.4,0,No,Yes
INT-00113,Marketing,17,6.1,2.0,0.6,75000,No,Yes
INT-00114,Finance,20,6.5,4.7,3.2,25000,Yes,Yes
INT-00115,Engineering,21,9.2,8.5,4.0,100000,No,Yes
INT-00116,Finance,23,7.3,9.1,21.5,100000,No,Yes
INT-00117,Finance,22,7.5,7.6,42.6,150000,No,Yes
INT-00118,IT,20,7.3,6.8,7.4,50000,Yes,Yes
INT-00119,Finance,19,8.2,5.5,19.0,50000,No,No
INT-00120,Engineering,11,7.1,5.9,8.2,50000,Yes,No
INT-00121,Finance,10,7.5,4.8,6.0,0,No,Yes
INT-00122,Finance,23,5.4,7.6,0.8,75000,No,No
INT-00123,Admin,15,7.9,8.5,0.9,150000,No,Yes
INT-00124,IT,12,7.9,9.2,0.8,50000,No,Yes
INT-00125,IT,17,6.3,5.4,1.8,25000,Yes,Yes
INT-00126,Admin,23,8.9,8.9,1.1,75000,Yes,Yes
INT-00127,Finance,4,8.5,6.8,2.2,75000,Yes,Yes
INT-00128,Finance,13,3.9,6.4,6.4,75000,No,No
INT-00129,IT,20,8.6,7.0,6.1,150000,Yes,Yes
INT-00130,Engineering,20,7.7,7.6,3.9,25000,Yes,Yes
INT-00131,Admin,20,7.6,8.4,9.3,100000,No,Yes
INT-00132,IT,7,6.8,6.0,4.5,0,No,Yes
INT-00133,IT,20,7.1,4.8,2.5,75000,No,Yes
INT-00134,Admin,21,3.3,7.4,9.9,100000,No,No
INT-00135,Marketing,23,6.3,5.7,31.9,50000,Yes,No
INT-00136,Admin,5,8.2,1.8,13.8,75000,No,No
INT-00137,Engineering,11,8.9,7.4,4.8,25000,No,Yes
INT-00138,Engineering,16,7.8,6.9,4.3,0,No,Yes
INT-00139,Admin,23,6.6,5.8,0.8,25000,No,No
INT-00140,Marketing,18,5.4,4.4,9.1,25000,Yes,No
INT-00141,Marketing,23,7.9,5.2,2.5,100000,No,Yes
INT-00142,IT,12,8.3,3.8,9.7,25000,No,Yes
INT-00143,Admin,6,7.1,8.8,11.9,75000,No,Yes
INT-00144,Admin,6,6.8,4.8,17.4,100000,No,No
INT-00145,IT,5,8.6,8.8,6.9,150000,No,Yes
INT-00146,IT,4,7.8,7.9,14.7,100000,No,No
INT-00147,Engineering,17,8.4,9.5,10.8,100000,Yes,Yes
INT-00148,Engineering,20,8.6,6.0,4.0,50000,Yes,Yes
INT-00149,IT,16,7.6,7.3,1.4,25000,Yes,Yes
INT-00150,IT,22,8.3,8.6,2.7,50000,Yes,Yes
INT-00151,Marketing,18,7.8,6.7,15.4,75000,No,No
INT-00152,IT,17,6.3,5.0,6.6,50000,No,No
INT-00153,IT,5,4.1,4.5,9.3,0,Yes,No
INT-00154,Admin,10,8.9,7.2,13.6,50000,Yes,Yes
INT-00155,Marketing,20,8.8,8.5,9.3,0,No,Yes
INT-00156,IT,21,8.2,7.4,16.0,100000,No,Yes
INT-00157,Engineering,9,4.8,7.5,1.2,25000,No,No
INT-00158,Finance,24,8.7,7.4,19.2,150000,Yes,Yes
INT-00159,IT,11,6.0,8.5,13.9,50000,Yes,Yes
INT-00160,Engineering,5,7.2,6.0,19.2,75000,No,No
INT-00161,Admin,4,5.8,4.2,11.0,50000,Yes,No
INT-00162,Engineering,19,5.8,8.9,3.1,75000,No,Yes
INT-00163,Engineering,10,8.1,6.9,1.5,25000,No,Yes
INT-00164,Engineering,14,5.2,6.7,1.6,100000,No,Yes
INT-00165,IT,18,8.6,6.7,6.0,50000,No,Yes
INT-00166,Finance,16,5.1,6.5,4.5,75000,Yes,Yes
INT-00167,Admin,5,7.5,8.5,9.0,75000,No,Yes
INT-00168,IT,17,7.6,5.7,6.1,50000,No,No
INT-00169,IT,9,7.3,8.9,1.6,75000,Yes,Yes
INT-00170,Engineering,12,4.8,6.3,0.5,50000,No,No
INT-00171,Engineering,10,8.2,7.6,1.6,50000,Yes,Yes
INT-00172,IT,21,8.2,8.0,1.8,100000,No,Yes
INT-00173,Engineering,12,7.7,9.2,10.7,75000,No,Yes
INT-00174,IT,7,8.5,8.5,3.2,25000,No,Yes
INT-00175,Engineering,12,6.5,7.9,1.3,75000,No,Yes
INT-00176,IT,7,5.1,6.7,11.8,100000,No,No
INT-00177,Engineering,15,8.1,8.5,23.1,25000,No,Yes
INT-00178,Admin,7,8.7,6.0,1.3,0,Yes,Yes
INT-00179,Marketing,23,9.0,8.3,26.9,50000,Yes,No
INT-00180,IT,17,7.7,6.3,24.5,25000,No,Yes
INT-00181,Admin,10,8.4,5.9,6.4,0,No,Yes
INT-00182,IT,16,6.0,6.9,3.3,100000,No,Yes
INT-00183,Marketing,11,6.2,9.1,1.7,0,No,Yes
INT-00184,Finance,8,8.6,6.5,14.4,50000,No,Yes
INT-00185,IT,15,4.4,5.7,7.9,100000,No,No
INT-00186,Engineering,16,6.1,6.6,8.9,0,Yes,No
INT-00187,Finance,23,9.0,3.7,16.3,25000,Yes,No
INT-00188,Engineering,17,5.3,7.3,5.2,75000,No,Yes
INT-00189,Engineering,21,8.0,6.9,4.2,50000,No,Yes
INT-00190,IT,23,5.8,7.3,12.0,0,No,No
INT-00191,IT,7,8.0,7.0,3.3,50000,Yes,Yes
INT-00192,Finance,24,6.9,6.4,3.7,50000,Yes,Yes
INT-00193,Marketing,21,8.5,8.5,4.3,75000,No,Yes
INT-00194,Engineering,10,6.0,5.8,16.0,75000,Yes,No
INT-00195,Admin,18,6.8,9.3,12.6,50000,No,Yes
INT-00196,Admin,24,6.6,9.1,3.3,100000,Yes,Yes
INT-00197,Engineering,9,6.7,3.6,1.7,25000,Yes,No
INT-00198,Finance,19,7.8,7.2,4.5,75000,Yes,Yes
INT-00199,Finance,23,6.7,6.9,8.3,25000,No,No
INT-00200,Finance,11,8.9,8.1,9.5,50000,No,Yes
INT-00201,Engineering,24,7.7,7.3,2.3,75000,Yes,Yes
INT-00202,IT,19,4.9,5.0,2.8,75000,No,Yes
INT-00203,IT,19,8.5,8.6,21.8,50000,Yes,No
INT-00204,Finance,6,8.2,8.3,4.4,25000,No,Yes
INT-00205,Engineering,20,5.7,7.9,3.5,0,No,Yes
INT-00206,IT,12,5.1,7.2,10.0,50000,Yes,Yes
INT-00207,IT,6,8.4,5.3,5.5,75000,No,Yes
INT-00208,Engineering,23,6.8,7.2,2.8,25000,Yes,Yes
INT-00209,IT,10,6.6,6.9,4.7,100000,Yes,Yes
INT-00210,IT,21,9.0,7.8,1.7,100000,No,Yes
INT-00211,Engineering,15,5.6,7.4,3.1,50000,Yes,No
INT-00212,Engineering,22,8.8,4.2,4.8,50000,No,Yes
INT-00213,Engineering,19,9.5,7.6,6.3,25000,Yes,Yes
INT-00214,IT,20,7.8,8.5,11.3,25000,No,Yes
INT-00215,Engineering,23,8.8,9.5,4.4,25000,No,Yes
INT-00216,IT,18,7.4,5.4,6.8,50000,No,Yes
INT-00217,Admin,4,8.4,6.5,24.6,150000,Yes,No
INT-00218,Engineering,5,5.2,6.1,14.1,75000,Yes,No
INT-00219,Engineering,11,8.2,6.0,2.7,50000,No,Yes
INT-00220,Finance,5,8.4,5.1,2.4,25000,Yes,Yes
INT-00221,Engineering,22,7.2,6.1,9.2,100000,No,Yes
INT-00222,Engineering,12,8.5,6.2,7.7,75000,No,Yes
INT-00223,IT,12,8.5,6.7,6.8,50000,No,Yes
INT-00224,Admin,16,6.5,4.3,1.8,75000,No,No
INT-00225,IT,9,8.9,9.1,4.1,75000,No,Yes
INT-00226,IT,18,7.8,9.0,11.9,75000,No,Yes
INT-00227,Marketing,22,8.5,7.5,10.8,0,No,Yes
INT-00228,Admin,24,7.4,5.2,1.9,150000,No,No
INT-00229,Finance,18,9.2,5.7,5.0,100000,No,Yes
INT-00230,Engineering,21,7.7,6.8,5.2,0,Yes,Yes
INT-00231,Finance,10,8.5,8.3,6.2,75000,No,No
INT-00232,Engineering,14,9.8,8.3,5.4,50000,No,Yes
INT-00233,Engineering,11,9.7,9.0,6.1,75000,No,Yes
INT-00234,Admin,9,5.0,3.4,13.9,50000,No,No
INT-00235,IT,11,6.9,7.6,4.4,150000,No,Yes
INT-00236,Engineering,5,9.3,8.6,6.9,150000,Yes,Yes
INT-00237,IT,22,6.4,6.0,8.0,0,Yes,Yes
INT-00238,IT,19,8.7,5.8,23.3,50000,No,Yes
INT-00239,Engineering,10,9.4,6.3,9.0,25000,Yes,Yes
INT-00240,IT,13,7.2,8.8,1.6,50000,No,Yes
INT-00241,Marketing,15,7.2,5.5,7.5,50000,No,No
INT-00242,Marketing,20,7.6,7.4,9.2,25000,Yes,Yes
INT-00243,Marketing,10,8.7,5.5,0.6,75000,No,Yes
INT-00244,Admin,11,7.3,6.5,1.1,75000,No,No
INT-00245,IT,10,7.3,7.7,0.7,25000,No,Yes
INT-00246,Marketing,7,8.3,6.9,0.9,75000,Yes,Yes
INT-00247,Admin,6,8.2,7.1,1.3,75000,No,Yes
INT-00248,Marketing,22,8.6,7.7,25.8,100000,No,No
INT-00249,Marketing,18,9.4,5.5,2.4,25000,No,Yes
INT-00250,Finance,7,8.4,7.9,2.3,75000,No,Yes
INT-00251,IT,12,4.9,4.2,16.1,100000,No,No
INT-00252,Admin,16,9.1,8.6,11.7,25000,No,Yes
INT-00253,Finance,21,7.2,8.0,9.5,25000,No,No
INT-00254,Admin,24,5.4,7.4,4.9,25000,Yes,Yes
INT-00255,IT,19,7.7,8.0,0.8,100000,No,Yes
INT-00256,Engineering,4,5.6,4.5,14.5,100000,No,No
INT-00257,Marketing,7,8.2,9.0,16.3,0,No,No
INT-00258,Engineering,21,7.8,7.6,5.8,50000,Yes,Yes
INT-00259,Engineering,11,5.2,9.3,8.8,25000,Yes,Yes
INT-00260,IT,23,8.1,4.6,5.7,25000,No,No
INT-00261,Engineering,19,5.6,9.7,3.3,100000,No,Yes
INT-00262,Marketing,24,3.9,7.6,6.7,150000,No,Yes
INT-00263,IT,14,7.8,5.3,9.8,50000,No,No
INT-00264,Engineering,23,7.4,7.0,1.8,150000,No,Yes
INT-00265,Finance,24,6.3,7.4,6.6,50000,No,No
INT-00266,Engineering,24,7.0,7.0,12.5,75000,No,No
INT-00267,Engineering,24,8.5,5.1,5.7,50000,No,Yes
INT-00268,Engineering,22,8.0,8.3,1.9,50000,No,Yes
INT-00269,Admin,22,9.0,5.2,16.8,75000,No,Yes
INT-00270,IT,21,8.9,7.1,9.5,100000,No,Yes
INT-00271,Finance,22,5.7,5.9,8.5,75000,Yes,Yes
INT-00272,Finance,14,6.8,5.9,8.9,75000,Yes,Yes
INT-00273,Finance,6,8.8,6.8,2.7,50000,Yes,Yes
INT-00274,Marketing,11,7.8,8.4,5.9,150000,Yes,Yes
INT-00275,Engineering,23,8.8,5.2,3.7,100000,No,Yes
INT-00276,Engineering,22,8.2,7.5,14.8,50000,Yes,Yes
INT-00277,Finance,13,8.1,9.6,7.6,100000,Yes,Yes
INT-00278,Engineering,19,7.3,9.4,10.6,25000,Yes,Yes
INT-00279,Engineering,8,8.1,7.7,9.1,50000,No,Yes
INT-00280,Finance,23,6.9,4.3,5.8,25000,No,No
INT-00281,Finance,12,3.1,8.1,13.6,150000,Yes,No
INT-00282,Admin,11,6.3,6.6,8.1,0,No,Yes
INT-00283,Admin,14,5.0,3.1,2.6,150000,Yes,Yes
INT-00284,IT,19,9.4,7.7,3.2,150000,Yes,Yes
INT-00285,Engineering,10,8.9,5.5,14.5,25000,No,Yes
INT-00286,IT,18,5.9,9.0,23.2,150000,No,Yes
INT-00287,Admin,24,9.1,4.1,6.9,50000,No,Yes
INT-00288,Engineering,23,8.0,5.6,4.4,150000,Yes,Yes
INT-00289,IT,20,7.1,7.4,8.3,50000,No,Yes
INT-00290,Engineering,9,5.1,6.7,5.8,50000,No,Yes
INT-00291,IT,18,3.5,6.2,15.2,100000,No,No
INT-00292,IT,11,5.6,9.1,14.8,25000,No,Yes
INT-00293,Finance,10,7.1,6.0,5.4,150000,Yes,Yes
INT-00294,Admin,5,6.4,6.0,13.6,100000,Yes,No
INT-00295,IT,16,8.2,9.9,2.2,25000,No,Yes
INT-00296,Engineering,9,7.2,7.3,4.2,0,No,Yes
INT-00297,Finance,8,3.9,7.4,1.2,75000,No,No
INT-00298,IT,23,7.5,5.8,13.7,50000,No,No
INT-00299,Engineering,4,5.6,6.9,30.1,25000,Yes,No
INT-00300,IT,21,6.0,6.8,7.4,100000,No,No
INT-00301,IT,18,8.8,5.3,12.1,150000,No,Yes
INT-00302,Engineering,13,6.5,2.9,4.6,50000,Yes,Yes
INT-00303,Engineering,6,8.4,6.3,7.1,25000,No,Yes
INT-00304,Engineering,8,5.7,7.7,3.9,100000,No,No
INT-00305,Engineering,16,8.2,9.1,10.0,50000,No,Yes
INT-00306,Marketing,11,3.9,8.9,2.8,150000,Yes,No
INT-00307,Engineering,24,7.3,3.6,1.8,75000,No,Yes
INT-00308,Admin,5,8.2,8.8,18.8,75000,No,No
INT-00309,Finance,12,6.0,4.9,16.5,150000,Yes,Yes
INT-00310,IT,20,9.2,8.1,14.9,100000,No,Yes
INT-00311,Admin,21,9.0,7.5,14.3,50000,Yes,Yes
INT-00312,IT,16,8.7,6.1,11.0,0,No,Yes
INT-00313,IT,4,7.8,6.4,17.1,100000,No,No
INT-00314,Marketing,15,6.4,9.4,2.4,100000,No,Yes
INT-00315,Finance,23,8.6,9.3,16.8,25000,No,Yes
INT-00316,Engineering,23,8.1,7.6,20.5,100000,No,No
INT-00317,Admin,24,9.6,5.3,10.6,100000,Yes,No
INT-00318,IT,8,9.1,7.0,7.8,0,No,Yes
INT-00319,IT,11,6.9,7.9,2.7,75000,No,Yes
INT-00320,IT,18,6.9,7.7,16.6,50000,No,Yes
INT-00321,Engineering,6,7.8,7.3,7.4,0,Yes,No
INT-00322,Engineering,9,7.5,8.5,8.0,50000,Yes,Yes
INT-00323,Engineering,16,6.1,7.1,8.0,75000,Yes,Yes
INT-00324,IT,15,7.1,9.3,16.6,50000,No,Yes
INT-00325,Marketing,22,8.5,4.4,1.7,100000,Yes,Yes
INT-00326,Engineering,21,8.8,6.7,1.0,50000,No,Yes
INT-00327,Engineering,4,8.1,4.8,2.5,0,Yes,Yes
INT-00328,Engineering,10,7.8,7.0,5.9,75000,No,Yes
INT-00329,Admin,15,4.4,8.1,5.6,50000,Yes,Yes
INT-00330,IT,13,7.4,9.4,6.2,0,No,Yes
INT-00331,Admin,15,6.4,7.8,1.5,50000,Yes,Yes
INT-00332,Finance,14,9.2,4.6,13.1,100000,Yes,Yes
INT-00333,IT,7,8.2,7.1,3.4,25000,No,Yes
INT-00334,IT,22,7.4,7.6,20.1,25000,Yes,Yes
INT-00335,IT,9,7.5,9.1,15.2,150000,No,Yes
INT-00336,IT,12,6.8,6.0,1.0,50000,No,Yes
INT-00337,Finance,23,6.2,9.2,0.9,100000,Yes,Yes
INT-00338,Engineering,13,7.2,6.5,8.4,50000,No,Yes
INT-00339,Admin,8,5.4,7.9,1.1,25000,Yes,Yes
INT-00340,IT,16,7.9,2.8,7.3,0,No,Yes
INT-00341,Admin,12,6.3,8.6,1.2,75000,No,Yes
INT-00342,Admin,5,4.3,7.2,5.7,50000,No,No
INT-00343,IT,21,7.1,8.3,4.8,150000,No,Yes
INT-00344,Admin,24,7.9,4.4,7.7,150000,No,Yes
INT-00345,Admin,4,8.7,6.3,4.0,25000,No,Yes
INT-00346,Engineering,24,7.2,8.1,1.7,75000,No,Yes
INT-00347,Engineering,15,6.8,8.0,15.3,25000,No,Yes
INT-00348,IT,13,9.7,8.7,3.3,50000,No,Yes
INT-00349,Admin,5,6.3,6.3,1.1,50000,No,No
INT-00350,Engineering,12,8.5,9.2,6.1,50000,No,Yes
INT-00351,Engineering,5,8.0,7.6,17.3,100000,No,Yes
INT-00352,Finance,17,8.2,4.6,3.1,100000,No,Yes
INT-00353,Engineering,14,4.9,8.9,5.3,75000,No,No
INT-00354,IT,14,7.7,7.7,4.6,75000,No,Yes
INT-00355,IT,20,6.9,6.6,0.9,150000,Yes,Yes
INT-00356,Engineering,7,7.6,4.2,16.7,25000,Yes,Yes
INT-00357,IT,16,7.8,8.3,11.9,50000,No,No
INT-00358,Engineering,10,5.2,6.6,1.3,25000,No,Yes
INT-00359,Marketing,19,9.1,5.2,1.6,25000,No,Yes
INT-00360,Engineering,4,8.4,4.6,0.6,75000,No,Yes
INT-00361,Admin,16,7.9,7.7,34.5,25000,No,No
INT-00362,Engineering,4,4.6,6.3,4.8,150000,No,No
INT-00363,Admin,14,7.5,8.1,21.8,50000,No,No
INT-00364,Engineering,9,7.2,9.5,4.9,50000,Yes,Yes
INT-00365,Marketing,23,8.2,8.5,1.4,50000,No,No
INT-00366,Admin,6,7.3,5.9,3.9,25000,Yes,No
INT-00367,Marketing,15,8.5,7.4,4.8,150000,No,Yes
INT-00368,Marketing,8,4.7,6.3,2.1,75000,No,Yes
INT-00369,IT,12,8.4,7.5,0.9,25000,No,Yes
INT-00370,IT,15,7.3,9.4,3.5,75000,No,Yes
INT-00371,IT,13,5.8,7.1,6.7,25000,No,Yes
INT-00372,IT,22,7.0,7.5,2.9,100000,Yes,Yes
INT-00373,IT,8,6.0,6.5,26.0,75000,No,No
INT-00374,Engineering,8,6.0,8.2,5.8,50000,No,Yes
INT-00375,IT,12,5.0,4.4,1.6,75000,No,No
INT-00376,Admin,23,7.7,8.7,4.8,100000,No,Yes
INT-00377,Finance,20,4.8,9.5,10.3,50000,No,No
INT-00378,IT,13,8.2,5.7,5.8,75000,No,No
INT-00379,Finance,24,5.3,8.0,3.7,50000,No,Yes
INT-00380,IT,4,7.3,6.7,1.4,50000,Yes,Yes
INT-00381,IT,19,7.9,8.5,5.4,100000,No,Yes
INT-00382,Engineering,18,9.4,4.7,1.3,50000,No,Yes
INT-00383,Engineering,20,8.5,6.3,4.2,50000,No,Yes
INT-00384,Finance,23,4.2,7.1,1.5,25000,Yes,Yes
INT-00385,Engineering,16,7.5,5.1,9.5,100000,No,Yes
INT-00386,Finance,4,7.3,8.6,12.3,75000,Yes,Yes
INT-00387,IT,11,8.6,8.2,2.7,75000,No,Yes
INT-00388,IT,8,4.5,4.2,1.1,50000,Yes,No
INT-00389,Finance,9,4.1,6.9,3.9,50000,No,No
INT-00390,Finance,23,8.0,7.5,7.1,75000,Yes,Yes
INT-00391,Marketing,17,6.1,7.9,12.2,0,No,Yes
INT-00392,Admin,14,6.3,4.9,4.6,75000,Yes,Yes
INT-00393,Admin,9,8.6,6.4,4.1,150000,No,Yes
INT-00394,Finance,14,9.8,5.0,19.6,100000,No,Yes
INT-00395,Admin,16,7.4,5.9,5.3,75000,No,Yes
INT-00396,Marketing,15,5.6,9.1,5.2,50000,Yes,Yes
INT-00397,Finance,5,9.6,6.9,4.7,0,No,Yes
INT-00398,Admin,24,9.1,8.6,4.1,150000,No,Yes
INT-00399,Finance,6,8.0,7.1,10.9,150000,No,Yes
INT-00400,Finance,7,5.8,6.8,3.1,50000,No,No
INT-00401,IT,20,8.0,5.9,4.3,75000,No,Yes
INT-00402,Marketing,9,8.7,6.9,3.2,75000,No,Yes
INT-00403,Engineering,10,7.4,7.8,7.3,75000,Yes,Yes
INT-00404,Finance,18,9.0,6.8,26.3,0,No,No
INT-00405,Admin,14,7.2,7.9,4.5,150000,Yes,Yes
INT-00406,Finance,6,6.0,9.2,28.1,100000,Yes,No
INT-00407,Admin,9,7.4,7.9,9.1,25000,No,No
INT-00408,IT,5,7.6,8.0,13.2,50000,No,No
INT-00409,Marketing,17,4.1,8.2,3.7,50000,No,No
INT-00410,IT,12,5.2,8.2,2.5,50000,Yes,Yes
INT-00411,Admin,21,7.9,5.3,7.4,50000,Yes,Yes
INT-00412,Marketing,22,7.8,9.2,38.0,75000,No,No
INT-00413,Marketing,15,9.6,9.2,10.4,50000,No,Yes
INT-00414,Engineering,16,7.5,6.0,9.7,100000,Yes,No
INT-00415,Engineering,15,7.2,8.6,5.3,25000,No,Yes
INT-00416,Admin,15,6.9,4.8,17.4,0,Yes,No
INT-00417,IT,21,6.5,6.8,10.1,50000,No,Yes
INT-00418,Admin,12,9.0,8.1,9.5,50000,No,Yes
INT-00419,Engineering,20,7.3,8.0,3.3,75000,No,Yes
INT-00420,Finance,24,8.6,8.8,25.8,25000,Yes,Yes
INT-00421,Finance,19,7.2,5.6,2.8,0,Yes,No
INT-00422,Finance,20,8.8,2.8,6.4,100000,Yes,Yes
INT-00423,IT,24,7.1,7.1,3.8,50000,Yes,Yes
INT-00424,Admin,11,8.8,7.2,2.1,25000,No,Yes
INT-00425,IT,14,6.9,5.8,1.7,150000,No,Yes
INT-00426,Engineering,5,6.7,5.1,3.3,150000,Yes,No
INT-00427,Admin,11,7.1,9.5,9.8,25000,No,Yes
INT-00428,Finance,15,7.9,8.2,29.9,100000,No,No
INT-00429,Admin,24,8.9,5.8,15.9,50000,No,No
INT-00430,IT,4,8.1,4.8,2.5,25000,No,Yes
INT-00431,IT,16,9.7,7.8,1.2,50000,Yes,No
INT-00432,Finance,24,8.0,8.4,9.8,150000,No,Yes
INT-00433,Engineering,20,5.8,7.2,0.7,50000,No,No
INT-00434,IT,17,8.3,5.1,16.2,25000,No,No
INT-00435,IT,17,6.8,5.6,14.5,50000,No,No
INT-00436,Engineering,19,7.4,6.5,13.1,75000,No,Yes
INT-00437,IT,20,5.0,9.1,6.9,25000,No,No
INT-00438,Finance,9,7.5,8.3,29.6,100000,No,No
INT-00439,Engineering,10,8.9,8.5,5.4,75000,Yes,No
INT-00440,IT,4,8.6,9.6,35.0,150000,Yes,No
INT-00441,IT,18,9.2,7.4,17.6,50000,Yes,Yes
INT-00442,Marketing,23,7.6,8.2,1.6,75000,Yes,Yes
INT-00443,Admin,24,4.7,2.9,18.5,100000,No,No
INT-00444,Admin,21,8.9,5.5,3.4,0,No,Yes
INT-00445,Finance,16,8.0,5.3,12.2,50000,No,No
INT-00446,Marketing,5,6.5,8.2,0.5,75000,Yes,Yes
INT-00447,Marketing,22,8.6,7.8,3.1,50000,Yes,Yes
INT-00448,Finance,18,6.5,6.9,11.9,25000,No,Yes
INT-00449,Admin,15,8.2,4.6,29.2,0,No,No
INT-00450,IT,18,9.6,7.4,2.0,100000,No,Yes
INT-00451,Finance,21,8.3,7.9,5.4,50000,Yes,Yes
INT-00452,Engineering,17,6.9,8.4,7.6,0,Yes,Yes
INT-00453,Admin,9,9.3,8.2,24.9,50000,No,No
INT-00454,Marketing,15,6.7,7.3,5.3,25000,No,Yes
INT-00455,IT,23,6.6,5.9,22.2,50000,No,Yes
INT-00456,Admin,9,7.8,9.3,31.1,100000,Yes,No
INT-00457,IT,12,3.3,7.9,23.2,50000,Yes,No
INT-00458,Admin,7,7.7,8.4,11.5,25000,No,Yes
INT-00459,IT,20,8.2,7.5,1.6,100000,Yes,Yes
INT-00460,IT,5,8.7,8.2,7.9,25000,Yes,Yes
INT-00461,IT,19,8.3,8.1,11.7,50000,Yes,Yes
INT-00462,Engineering,17,9.7,7.2,25.3,0,No,No
INT-00463,Engineering,11,5.5,3.2,12.5,150000,No,No
INT-00464,Engineering,17,4.0,9.2,6.7,50000,No,Yes
INT-00465,Marketing,5,4.7,9.4,2.3,25000,No,Yes
INT-00466,Admin,19,9.0,7.8,5.4,50000,No,Yes
INT-00467,IT,7,5.3,6.9,8.6,25000,No,No
INT-00468,Finance,4,7.7,8.7,3.6,100000,No,Yes
INT-00469,IT,23,8.6,6.3,5.4,0,Yes,Yes
INT-00470,Marketing,17,7.8,5.0,0.6,75000,Yes,Yes
INT-00471,IT,11,6.8,9.2,17.4,100000,No,No
INT-00472,Marketing,6,7.8,7.8,0.8,25000,Yes,Yes
INT-00473,IT,8,6.8,6.3,4.7,0,Yes,Yes
INT-00474,Finance,9,5.0,4.5,6.2,50000,No,No
INT-00475,Engineering,11,9.4,6.8,29.2,75000,No,No
INT-00476,Marketing,9,9.2,9.1,22.4,25000,No,Yes
INT-00477,IT,9,4.8,7.8,8.8,50000,No,No
INT-00478,Engineering,7,9.6,7.5,7.5,75000,No,Yes
INT-00479,Marketing,10,9.0,6.2,4.2,150000,No,Yes
INT-00480,Engineering,22,6.1,4.3,0.8,50000,No,No
INT-00481,Engineering,10,9.3,2.5,3.0,50000,No,Yes
INT-00482,Engineering,6,8.1,8.6,15.6,100000,Yes,Yes
INT-00483,Admin,11,9.9,7.6,8.9,50000,No,Yes
INT-00484,Engineering,4,8.8,8.2,14.0,50000,No,Yes
INT-00485,Engineering,4,7.5,7.5,15.0,50000,Yes,Yes
INT-00486,Marketing,17,5.5,6.5,1.0,0,No,Yes
INT-00487,IT,9,7.2,4.7,3.8,150000,Yes,Yes
INT-00488,IT,13,9.4,5.7,9.5,0,No,Yes
INT-00489,Marketing,17,6.5,8.2,15.8,150000,No,Yes
INT-00490,Finance,7,8.2,4.5,13.4,150000,Yes,No
INT-00491,Admin,9,7.7,8.9,4.9,100000,No,Yes
INT-00492,Engineering,19,5.7,2.8,22.0,0,No,Yes
INT-00493,IT,24,8.1,7.5,3.4,50000,No,Yes
INT-00494,IT,4,6.4,9.6,4.3,50000,No,Yes
INT-00495,Admin,9,7.4,4.8,2.1,25000,No,No
INT-00496,Admin,12,5.7,7.8,2.6,50000,No,Yes
INT-00497,Engineering,18,5.4,6.6,0.6,0,No,Yes
INT-00498,IT,15,8.8,7.5,3.5,50000,No,Yes
INT-00499,Marketing,6,4.6,7.7,3.4,50000,No,No
INT-00500,Marketing,14,8.8,7.2,1.1,150000,Yes,Yes
INT-00501,Engineering,18,8.4,9.8,3.8,50000,No,Yes
INT-00502,Engineering,6,7.8,9.7,3.4,50000,Yes,Yes
INT-00503,Admin,17,8.5,8.7,13.3,75000,No,Yes
INT-00504,Finance,5,7.8,7.9,1.9,0,No,Yes
INT-00505,Engineering,7,5.5,8.7,10.8,100000,Yes,Yes
INT-00506,IT,22,8.0,4.8,1.6,150000,Yes,Yes
INT-00507,Marketing,15,6.9,9.3,6.0,0,No,Yes
INT-00508,Finance,5,7.8,5.0,11.2,25000,No,Yes
INT-00509,Marketing,20,6.7,7.5,8.0,0,No,Yes
INT-00510,Engineering,6,8.4,4.7,8.8,150000,No,Yes
INT-00511,Engineering,13,6.5,6.3,2.3,0,No,No
INT-00512,Admin,19,9.5,7.3,14.6,0,No,No
INT-00513,Marketing,12,8.0,6.6,24.8,75000,No,Yes
INT-00514,Finance,14,8.1,9.8,1.8,25000,Yes,Yes
INT-00515,IT,24,9.1,7.7,18.0,150000,Yes,Yes
INT-00516,IT,18,5.8,5.9,4.6,100000,No,No
INT-00517,Admin,6,8.2,8.1,10.1,25000,No,Yes
INT-00518,Finance,19,7.7,5.2,6.2,50000,Yes,Yes
INT-00519,Marketing,24,4.8,9.7,13.1,100000,No,No
INT-00520,IT,24,7.8,6.1,0.9,0,No,Yes
INT-00521,Engineering,24,8.0,6.5,3.6,50000,No,Yes
INT-00522,Admin,15,8.8,8.8,0.9,50000,No,No
INT-00523,Marketing,8,9.1,9.9,23.2,150000,No,Yes
INT-00524,Finance,10,6.4,3.7,2.0,50000,Yes,Yes
INT-00525,Finance,12,8.8,6.4,4.9,25000,No,Yes
INT-00526,Admin,24,8.8,3.9,8.7,50000,Yes,No
INT-00527,Admin,21,8.8,9.3,5.5,25000,Yes,Yes
INT-00528,IT,24,7.7,6.8,6.7,100000,Yes,Yes
INT-00529,IT,11,8.9,8.1,2.3,75000,Yes,Yes
INT-00530,Finance,15,6.3,8.1,1.1,50000,Yes,Yes
INT-00531,Finance,23,7.1,3.8,2.9,100000,Yes,No
INT-00532,Marketing,5,9.2,9.2,3.6,75000,Yes,Yes
INT-00533,Marketing,13,9.4,9.2,4.8,25000,Yes,Yes
INT-00534,Engineering,22,7.1,6.7,3.3,75000,No,No
INT-00535,Finance,12,6.7,7.8,0.8,25000,No,Yes
INT-00536,Marketing,11,8.5,8.9,1.3,75000,Yes,Yes
INT-00537,Finance,4,9.7,4.2,9.5,50000,Yes,Yes
INT-00538,IT,9,6.1,6.9,1.0,100000,No,Yes
INT-00539,Admin,15,8.2,8.4,0.9,50000,No,Yes
INT-00540,IT,22,8.2,7.6,13.9,100000,No,Yes
INT-00541,Marketing,20,7.2,9.1,0.8,50000,No,Yes
INT-00542,Engineering,5,7.7,7.1,1.1,25000,No,Yes
INT-00543,IT,14,5.5,8.8,6.9,25000,No,Yes
INT-00544,Engineering,21,6.9,6.9,5.2,50000,Yes,Yes
INT-00545,Engineering,14,8.8,5.9,27.2,25000,No,No
INT-00546,Admin,21,8.0,8.2,22.6,75000,No,Yes
INT-00547,IT,11,6.2,7.6,9.1,25000,No,Yes
INT-00548,Engineering,18,7.4,8.9,1.1,50000,No,Yes
INT-00549,Engineering,12,8.3,9.1,6.1,75000,No,Yes
INT-00550,Finance,18,5.8,9.9,0.9,50000,No,Yes
INT-00551,Engineering,10,8.1,3.9,19.6,0,No,Yes
INT-00552,Finance,23,7.4,7.7,9.1,50000,Yes,Yes
INT-00553,Engineering,16,7.7,5.3,7.3,100000,No,Yes
INT-00554,Engineering,16,4.9,8.8,5.0,75000,No,No
INT-00555,Finance,4,4.1,7.3,6.2,150000,No,No
INT-00556,Admin,23,6.9,7.1,4.6,25000,No,Yes
INT-00557,IT,7,5.5,6.2,1.3,150000,No,Yes
INT-00558,IT,7,7.1,6.8,9.2,50000,No,No
INT-00559,Finance,7,6.9,8.6,45.5,0,No,No
INT-00560,Engineering,16,7.0,8.4,1.5,50000,No,Yes
INT-00561,Engineering,5,7.8,7.1,41.7,25000,Yes,No
INT-00562,IT,18,8.6,5.9,18.9,25000,Yes,Yes
INT-00563,IT,7,7.5,5.0,18.5,50000,No,No
INT-00564,IT,9,8.1,6.7,14.7,50000,Yes,Yes
INT-00565,Admin,6,7.6,8.6,21.1,0,No,No
INT-00566,Engineering,10,6.2,4.9,2.8,25000,Yes,No
INT-00567,Admin,9,7.9,7.2,5.1,75000,No,Yes
INT-00568,Admin,6,8.6,8.4,5.7,100000,Yes,Yes
INT-00569,Marketing,7,7.9,9.4,1.1,0,Yes,Yes
INT-00570,Admin,13,6.7,8.0,32.2,0,No,No
INT-00571,Engineering,24,5.4,4.9,9.9,75000,No,Yes
INT-00572,Finance,12,5.2,6.4,5.3,0,Yes,No
INT-00573,Admin,9,7.4,6.8,39.4,0,Yes,No
INT-00574,Engineering,23,9.4,4.0,3.0,50000,No,No
INT-00575,Finance,14,3.5,6.4,3.8,75000,No,No
INT-00576,Marketing,10,7.9,5.1,2.2,100000,No,No
INT-00577,IT,21,8.5,7.6,2.2,50000,No,Yes
INT-00578,Marketing,7,8.0,6.3,2.2,50000,No,Yes
INT-00579,Admin,8,8.5,6.8,8.1,50000,No,Yes
INT-00580,IT,7,9.7,6.5,3.3,50000,No,Yes
INT-00581,Admin,7,5.6,7.2,24.7,100000,No,No
INT-00582,Marketing,16,9.1,8.3,14.1,75000,No,No
INT-00583,Admin,19,6.4,5.9,1.9,25000,No,Yes
INT-00584,Admin,17,5.4,7.5,14.9,150000,Yes,No
INT-00585,Engineering,14,6.3,7.8,3.9,25000,No,Yes
INT-00586,IT,5,9.3,7.3,2.6,25000,No,Yes
INT-00587,IT,17,7.7,3.0,12.7,50000,No,No
INT-00588,IT,10,6.2,4.4,16.1,50000,Yes,No
INT-00589,IT,14,6.6,7.6,26.3,0,No,No
INT-00590,IT,7,7.5,6.9,4.9,0,Yes,No
INT-00591,IT,10,7.6,5.7,7.1,150000,Yes,Yes
INT-00592,Engineering,19,7.2,8.6,8.1,25000,No,Yes
INT-00593,IT,9,7.0,8.7,8.4,150000,No,Yes
INT-00594,Admin,9,6.7,6.7,4.6,75000,Yes,Yes
INT-00595,Finance,5,6.6,3.5,1.8,25000,No,No
INT-00596,Admin,11,4.4,7.1,1.1,50000,Yes,No
INT-00597,Engineering,10,8.0,5.8,19.4,25000,Yes,No
INT-00598,IT,17,4.3,8.7,4.2,25000,Yes,Yes
INT-00599,IT,12,8.9,7.8,2.1,75000,Yes,Yes
INT-00600,IT,18,6.8,7.5,33.4,50000,No,No
INT-00601,IT,21,6.5,6.9,13.5,100000,No,No
INT-00602,IT,15,8.8,7.6,32.3,50000,No,Yes
INT-00603,IT,22,6.4,8.3,3.1,25000,No,Yes
INT-00604,IT,16,6.8,7.5,5.5,0,No,Yes
INT-00605,IT,10,9.2,7.7,13.7,75000,Yes,Yes
INT-00606,Admin,13,8.1,8.9,6.9,150000,No,Yes
INT-00607,IT,13,6.7,7.5,4.0,50000,No,Yes
INT-00608,Admin,5,8.3,5.9,1.9,50000,No,Yes
INT-00609,Engineering,17,4.6,3.5,7.1,25000,Yes,No
INT-00610,Engineering,16,7.3,8.2,7.8,75000,Yes,Yes
INT-00611,IT,9,3.8,6.2,10.7,50000,No,No
INT-00612,Finance,12,6.5,5.1,13.0,75000,Yes,Yes
INT-00613,Engineering,16,8.6,8.4,1.5,25000,Yes,Yes
INT-00614,IT,12,6.8,8.6,8.4,25000,No,Yes
INT-00615,Finance,16,8.9,5.3,12.7,100000,No,Yes
INT-00616,Marketing,8,7.1,8.6,4.4,150000,No,Yes
INT-00617,IT,17,8.7,4.5,3.1,100000,No,Yes
INT-00618,IT,8,3.7,6.5,5.7,50000,No,No
INT-00619,Finance,12,7.2,6.9,3.5,0,No,Yes
INT-00620,Engineering,11,9.4,7.8,6.2,100000,No,Yes
INT-00621,IT,10,9.5,3.6,3.5,100000,No,Yes
INT-00622,IT,11,8.5,8.0,4.9,150000,Yes,No
INT-00623,Admin,6,7.3,7.5,20.2,50000,Yes,No
INT-00624,Admin,18,9.1,6.4,20.4,75000,No,Yes
INT-00625,Engineering,11,8.1,3.8,39.3,25000,No,No
INT-00626,Admin,4,8.3,6.8,5.8,150000,No,Yes
INT-00627,Admin,10,8.9,9.4,2.0,75000,No,Yes
INT-00628,Engineering,22,6.2,9.5,18.1,75000,Yes,Yes
INT-00629,IT,5,9.5,7.0,7.8,75000,No,Yes
INT-00630,IT,17,9.1,8.2,11.5,75000,No,Yes
INT-00631,Engineering,21,8.6,7.3,1.9,25000,No,Yes
INT-00632,Finance,18,4.8,5.8,3.6,75000,No,No
INT-00633,Engineering,17,8.7,6.7,3.1,50000,No,Yes
INT-00634,Engineering,22,9.5,4.6,7.1,50000,No,Yes
INT-00635,IT,22,9.9,6.3,47.5,25000,No,No
INT-00636,Admin,20,9.6,4.8,8.1,100000,No,Yes
INT-00637,Engineering,22,8.4,5.5,7.3,75000,No,Yes
INT-00638,IT,19,7.8,7.3,11.9,25000,No,Yes
INT-00639,IT,23,8.2,6.1,3.7,25000,Yes,Yes
INT-00640,Admin,22,9.5,7.6,2.8,50000,Yes,Yes
INT-00641,IT,4,8.0,5.0,15.1,75000,No,Yes
INT-00642,Admin,22,6.2,9.2,26.4,0,No,No
INT-00643,IT,10,7.7,8.6,4.9,50000,No,Yes
INT-00644,Admin,14,7.2,8.8,0.8,25000,Yes,Yes
INT-00645,IT,8,8.5,6.1,2.1,100000,No,Yes
INT-00646,Finance,20,7.0,5.2,16.1,75000,No,No
INT-00647,Engineering,14,7.0,7.6,1.5,50000,No,Yes
INT-00648,Engineering,11,7.0,5.5,12.0,25000,No,Yes
INT-00649,Finance,13,5.4,4.6,8.2,50000,No,No
INT-00650,Admin,15,6.4,5.7,10.9,100000,No,Yes
INT-00651,IT,13,6.7,5.9,2.9,0,Yes,Yes
INT-00652,Engineering,16,7.6,6.6,0.6,150000,Yes,Yes
INT-00653,Engineering,21,7.1,6.8,0.8,0,No,Yes
INT-00654,Engineering,13,5.1,5.5,10.8,0,No,No
INT-00655,Admin,22,9.3,9.3,8.1,25000,Yes,Yes
INT-00656,IT,23,9.7,5.5,15.2,25000,No,Yes
INT-00657,IT,20,6.5,5.7,4.6,150000,No,No
INT-00658,Admin,23,4.5,8.4,7.0,25000,Yes,No
INT-00659,Engineering,19,8.1,8.3,12.7,100000,Yes,Yes
INT-00660,Engineering,8,4.8,3.8,6.0,50000,Yes,No
INT-00661,Admin,6,8.4,5.1,40.6,25000,Yes,No
INT-00662,Marketing,18,6.2,8.2,11.4,50000,No,No
INT-00663,Engineering,5,5.3,8.9,9.7,0,Yes,No
INT-00664,IT,16,8.4,8.3,13.4,75000,Yes,Yes
INT-00665,IT,11,4.5,7.3,12.5,25000,No,No
INT-00666,IT,20,8.7,7.8,2.5,75000,Yes,Yes
INT-00667,IT,7,6.0,5.5,2.4,25000,No,No
INT-00668,IT,22,5.6,4.0,8.0,150000,Yes,Yes
INT-00669,IT,12,7.0,8.6,5.1,25000,No,No
INT-00670,IT,18,7.9,6.5,16.9,50000,Yes,Yes
INT-00671,IT,12,8.2,9.8,3.2,0,No,Yes
INT-00672,Finance,24,5.4,3.8,3.7,25000,No,Yes
INT-00673,IT,12,6.6,7.6,2.0,25000,No,Yes
INT-00674,Engineering,17,9.4,5.7,32.5,100000,Yes,No
INT-00675,Admin,24,7.9,6.3,1.5,75000,No,Yes
INT-00676,Marketing,19,8.4,3.8,33.0,0,No,No
INT-00677,IT,20,6.7,9.4,10.3,25000,Yes,Yes
INT-00678,Admin,16,5.4,5.3,1.2,100000,No,No
INT-00679,Marketing,12,8.2,8.3,1.8,50000,No,Yes
INT-00680,Finance,18,8.9,9.2,3.7,25000,No,Yes
INT-00681,Finance,10,9.2,8.6,2.9,100000,No,Yes
INT-00682,IT,4,7.2,8.3,29.4,50000,Yes,No
INT-00683,IT,4,7.3,7.5,8.1,50000,No,No
INT-00684,Engineering,8,9.2,8.8,1.1,75000,No,Yes
INT-00685,Marketing,12,8.5,6.4,6.5,150000,Yes,Yes
INT-00686,Engineering,15,5.9,6.6,18.7,75000,No,No
INT-00687,Engineering,9,7.8,4.0,4.8,50000,Yes,Yes
INT-00688,IT,16,9.4,6.7,9.3,150000,No,Yes
INT-00689,Finance,11,7.3,7.7,12.4,50000,No,Yes
INT-00690,IT,18,5.9,6.3,2.1,150000,No,Yes
INT-00691,Admin,9,7.9,8.8,16.0,100000,Yes,No
INT-00692,Admin,9,6.8,6.3,5.3,50000,Yes,Yes
INT-00693,Engineering,7,6.2,7.8,1.0,25000,Yes,Yes
INT-00694,IT,14,9.7,6.9,17.4,50000,Yes,Yes
INT-00695,IT,24,7.2,9.0,7.1,25000,No,Yes
INT-00696,Engineering,21,7.5,5.3,2.3,25000,Yes,Yes
INT-00697,IT,6,9.5,7.8,3.6,100000,No,Yes
INT-00698,Engineering,6,9.9,8.8,7.2,25000,No,Yes
INT-00699,IT,15,5.9,8.0,4.2,150000,No,Yes
INT-00700,Admin,24,9.8,4.5,2.6,25000,Yes,Yes
INT-00701,Engineering,24,6.8,5.0,5.7,50000,No,Yes
INT-00702,IT,9,8.2,9.4,2.1,25000,Yes,Yes
INT-00703,Admin,24,8.1,7.7,2.8,50000,Yes,Yes
INT-00704,IT,9,8.7,3.8,14.5,75000,No,No
INT-00705,IT,11,8.6,4.8,2.6,150000,No,No
INT-00706,Marketing,18,7.2,7.0,10.0,150000,Yes,Yes
INT-00707,Admin,21,2.9,5.4,2.8,0,No,No
INT-00708,Finance,23,8.3,5.5,2.4,50000,Yes,Yes
INT-00709,IT,19,7.4,2.8,2.8,25000,No,No
INT-00710,Engineering,9,8.4,9.0,5.6,25000,No,Yes
INT-00711,Finance,24,8.3,5.3,1.8,100000,No,Yes
INT-00712,Engineering,20,7.0,7.5,1.4,50000,No,Yes
INT-00713,Admin,12,9.2,3.1,11.8,150000,No,Yes
INT-00714,Admin,22,6.7,8.2,0.7,100000,No,Yes
INT-00715,Admin,21,3.9,8.2,4.4,50000,Yes,Yes
INT-00716,Marketing,8,7.1,6.1,4.5,0,No,Yes
INT-00717,Finance,9,9.0,8.1,18.4,0,Yes,Yes
INT-00718,Marketing,15,8.6,7.7,12.4,75000,Yes,Yes
INT-00719,IT,14,6.8,9.3,6.2,100000,No,Yes
INT-00720,Engineering,19,8.0,5.2,5.7,50000,No,No
INT-00721,Marketing,23,8.7,8.6,7.2,100000,No,Yes
INT-00722,IT,20,4.2,7.6,4.0,50000,No,Yes
INT-00723,IT,23,6.0,4.7,10.2,150000,Yes,Yes
INT-00724,Engineering,12,5.6,4.0,9.8,100000,No,No
INT-00725,Engineering,4,7.9,6.5,7.3,75000,Yes,Yes
INT-00726,Finance,6,8.6,4.7,1.0,100000,No,Yes
INT-00727,IT,24,7.9,6.6,1.6,50000,Yes,Yes
INT-00728,Finance,12,5.9,5.3,0.8,25000,Yes,No
INT-00729,IT,22,8.0,5.6,10.6,75000,Yes,No
INT-00730,IT,16,6.9,6.8,5.7,75000,No,Yes
INT-00731,IT,17,7.9,7.5,25.3,75000,Yes,No
INT-00732,Finance,23,7.2,7.2,24.8,0,Yes,No
INT-00733,Engineering,22,9.6,9.4,13.3,25000,Yes,Yes
INT-00734,Engineering,10,7.5,7.9,5.2,150000,No,Yes
INT-00735,Admin,7,7.5,7.2,3.5,100000,No,Yes
INT-00736,Finance,15,8.1,4.7,2.3,50000,No,Yes
INT-00737,Admin,17,6.5,4.8,2.6,75000,Yes,Yes
INT-00738,Finance,5,6.4,7.5,37.6,100000,Yes,No
INT-00739,Admin,4,4.8,7.2,6.5,150000,No,Yes
INT-00740,Admin,21,8.1,5.4,0.6,100000,Yes,Yes
INT-00741,Admin,23,9.7,7.4,0.9,50000,No,No
INT-00742,Admin,11,8.9,9.4,5.4,150000,No,Yes
INT-00743,Engineering,6,8.5,4.1,5.2,100000,No,Yes
INT-00744,Engineering,9,4.7,8.1,4.7,0,Yes,Yes
INT-00745,IT,16,9.1,7.8,14.4,25000,Yes,Yes
INT-00746,Finance,12,7.8,7.8,10.2,75000,No,Yes
INT-00747,Admin,12,9.9,7.7,1.4,100000,Yes,Yes
INT-00748,Engineering,23,7.9,8.0,4.1,50000,Yes,No
INT-00749,Marketing,12,9.2,7.8,7.8,100000,Yes,Yes
INT-00750,Engineering,18,9.1,8.8,4.4,75000,No,Yes
INT-00751,IT,16,7.6,7.8,2.4,50000,Yes,Yes
INT-00752,Marketing,19,8.0,7.1,8.4,50000,No,Yes
INT-00753,Engineering,5,9.0,7.7,7.9,0,No,Yes
INT-00754,Admin,17,6.9,6.5,29.9,150000,Yes,No
INT-00755,IT,9,9.2,6.6,7.1,25000,No,Yes
INT-00756,Finance,5,4.7,7.3,17.1,25000,Yes,No
INT-00757,Engineering,11,4.4,7.2,24.3,0,No,No
INT-00758,Engineering,7,9.2,6.8,5.1,50000,No,No
INT-00759,Finance,24,5.8,6.8,0.9,0,No,Yes
INT-00760,Finance,17,8.5,7.1,1.7,100000,Yes,Yes
INT-00761,IT,14,6.7,5.0,6.1,25000,No,Yes
INT-00762,Admin,17,4.6,9.3,18.4,150000,Yes,Yes
INT-00763,IT,15,9.7,9.2,9.0,100000,Yes,Yes
INT-00764,Engineering,19,7.9,4.0,2.3,0,No,No
INT-00765,IT,9,5.5,7.1,10.2,75000,Yes,Yes
INT-00766,Engineering,23,7.6,6.7,18.5,25000,No,Yes
INT-00767,Finance,4,8.4,5.9,0.7,25000,Yes,Yes
INT-00768,Finance,15,9.3,2.2,2.7,50000,No,Yes
INT-00769,Admin,10,5.9,5.7,1.8,25000,Yes,No
INT-00770,Finance,11,4.1,3.9,12.8,50000,No,No
INT-00771,IT,12,7.6,9.6,18.3,0,No,No
INT-00772,Finance,5,8.1,7.1,7.0,50000,Yes,Yes
INT-00773,IT,20,7.6,8.3,15.6,25000,Yes,Yes
INT-00774,Admin,23,7.9,8.0,9.1,25000,No,Yes
INT-00775,Finance,16,8.7,5.1,9.1,0,No,Yes
INT-00776,IT,8,6.6,6.1,7.4,75000,Yes,No
INT-00777,IT,13,8.3,6.5,0.9,0,No,Yes
INT-00778,Engineering,15,9.0,3.9,22.6,75000,No,No
INT-00779,Engineering,20,6.2,7.0,4.0,0,No,No
INT-00780,Engineering,24,9.8,8.2,13.5,50000,No,Yes
INT-00781,Engineering,9,7.1,5.7,13.8,25000,No,No
INT-00782,Engineering,6,8.3,5.0,27.5,25000,Yes,No
INT-00783,IT,18,5.0,3.3,3.7,150000,No,Yes
INT-00784,Admin,10,9.1,6.1,48.1,50000,Yes,No
INT-00785,IT,9,8.1,6.9,3.4,50000,No,Yes
INT-00786,Marketing,7,9.6,6.3,5.3,150000,Yes,Yes
INT-00787,Engineering,22,7.2,5.6,10.3,100000,No,Yes
INT-00788,Admin,8,9.2,6.3,1.8,75000,No,Yes
INT-00789,Admin,6,8.5,2.6,3.0,25000,No,No
INT-00790,Marketing,12,8.7,6.9,10.9,75000,No,Yes
INT-00791,IT,9,8.1,6.8,29.8,100000,No,No
INT-00792,Engineering,16,8.9,7.0,11.1,100000,No,Yes
INT-00793,Engineering,23,9.0,7.5,16.4,100000,No,Yes
INT-00794,Engineering,7,6.2,5.2,0.8,0,Yes,Yes
INT-00795,IT,5,8.3,9.3,7.4,25000,No,Yes
INT-00796,Finance,7,8.3,4.7,20.1,50000,No,No
INT-00797,Marketing,11,8.4,8.6,9.7,50000,No,No
INT-00798,Engineering,16,4.0,4.4,9.5,50000,No,No
INT-00799,Engineering,13,5.6,9.3,2.3,150000,No,Yes
INT-00800,Marketing,21,7.9,6.6,16.3,50000,No,Yes
INT-00801,Engineering,12,6.9,5.2,16.5,100000,Yes,Yes
INT-00802,IT,4,8.7,7.5,8.1,50000,No,Yes
INT-00803,Engineering,16,8.2,7.9,4.9,50000,Yes,Yes
INT-00804,Engineering,21,8.8,8.5,14.4,150000,No,Yes
INT-00805,Admin,18,6.7,6.6,5.5,25000,No,Yes
INT-00806,Engineering,5,6.8,8.1,14.3,50000,No,Yes
INT-00807,Marketing,14,8.8,4.8,5.8,100000,Yes,Yes
INT-00808,Marketing,17,6.1,9.8,7.4,50000,Yes,Yes
INT-00809,Admin,18,8.0,5.3,11.5,75000,No,No
INT-00810,IT,17,7.6,6.0,3.0,0,Yes,Yes
INT-00811,Marketing,19,7.8,7.2,2.8,50000,Yes,Yes
INT-00812,Finance,18,5.4,7.5,9.3,50000,Yes,Yes
INT-00813,IT,22,7.7,6.0,25.1,75000,Yes,Yes
INT-00814,Marketing,12,6.2,8.7,5.2,0,Yes,No
INT-00815,Finance,8,6.3,8.0,18.8,100000,No,No
INT-00816,Engineering,8,7.4,8.8,6.3,50000,No,Yes
INT-00817,Engineering,14,9.0,8.6,29.7,25000,No,No
INT-00818,Admin,23,8.6,4.1,13.1,75000,No,No
INT-00819,IT,7,7.1,6.2,16.2,50000,No,No
INT-00820,Admin,23,7.5,8.3,9.6,25000,No,Yes
INT-00821,Finance,21,7.3,8.8,16.7,50000,No,Yes
INT-00822,IT,6,8.6,4.0,7.7,75000,No,Yes
INT-00823,Admin,7,5.0,8.4,7.2,25000,Yes,No
INT-00824,Admin,17,5.2,5.5,17.1,50000,No,No
INT-00825,Engineering,10,8.5,8.5,0.6,100000,No,Yes
INT-00826,Marketing,11,8.2,8.6,5.7,0,No,Yes
INT-00827,Admin,19,6.4,6.8,16.8,100000,No,No
INT-00828,Admin,23,7.2,7.9,2.2,100000,No,Yes
INT-00829,Engineering,18,7.1,6.1,25.9,75000,Yes,No
INT-00830,Admin,10,9.2,6.4,11.3,75000,No,Yes
INT-00831,IT,20,7.1,7.2,12.0,50000,No,Yes
INT-00832,Admin,15,6.1,6.9,9.3,75000,No,Yes
INT-00833,IT,21,8.8,8.8,5.2,100000,Yes,Yes
INT-00834,IT,17,8.4,8.9,5.4,25000,Yes,Yes
INT-00835,Admin,18,8.4,5.0,15.1,150000,No,Yes
INT-00836,Admin,18,9.0,8.1,1.7,25000,No,Yes
INT-00837,Marketing,8,7.8,8.8,6.4,0,No,Yes
INT-00838,Admin,19,5.0,6.9,3.5,75000,No,Yes
INT-00839,Engineering,8,8.2,6.3,33.7,150000,No,No
INT-00840,Engineering,5,8.3,3.5,0.5,100000,Yes,Yes
INT-00841,IT,23,7.7,7.2,1.0,25000,No,Yes
INT-00842,Engineering,12,6.1,4.6,27.9,150000,No,No
INT-00843,IT,12,9.6,8.5,6.8,150000,No,Yes
INT-00844,Marketing,7,8.6,6.5,1.7,75000,No,Yes
INT-00845,IT,18,8.2,9.4,5.3,25000,No,Yes
INT-00846,Admin,14,6.6,6.3,3.6,50000,No,No
INT-00847,IT,4,9.0,5.9,19.9,50000,Yes,No
INT-00848,Marketing,21,5.7,5.8,9.8,50000,Yes,No
INT-00849,Engineering,4,7.5,6.8,1.6,75000,Yes,No
INT-00850,Engineering,11,8.0,5.9,6.7,25000,Yes,No
INT-00851,IT,19,7.1,5.9,1.7,25000,Yes,Yes
INT-00852,Engineering,21,7.4,5.4,9.3,150000,No,Yes
INT-00853,IT,12,6.7,8.1,10.9,25000,No,Yes
INT-00854,Finance,15,6.2,7.7,7.1,50000,No,Yes
INT-00855,IT,22,8.5,6.5,27.5,150000,Yes,No
INT-00856,IT,21,5.0,8.6,23.6,75000,Yes,No
INT-00857,IT,8,4.3,8.5,2.3,75000,Yes,No
INT-00858,Admin,5,8.2,7.4,0.5,0,No,No
INT-00859,Engineering,10,7.7,6.5,9.2,100000,Yes,Yes
INT-00860,IT,13,8.0,9.4,5.7,100000,No,Yes
INT-00861,Finance,18,5.6,3.6,3.8,25000,Yes,Yes
INT-00862,Admin,10,8.9,8.5,20.4,100000,No,Yes
INT-00863,Engineering,8,8.4,5.9,31.2,25000,No,No
INT-00864,Admin,18,9.0,7.1,21.8,100000,No,Yes
INT-00865,Admin,23,6.3,7.5,6.0,100000,No,Yes
INT-00866,Engineering,23,6.9,8.2,10.2,50000,No,No
INT-00867,IT,18,5.6,9.5,2.0,0,Yes,No
INT-00868,IT,13,8.0,7.3,24.6,75000,No,Yes
INT-00869,Finance,17,6.9,8.4,3.2,75000,No,Yes
INT-00870,Marketing,13,6.7,6.7,2.2,100000,Yes,No
INT-00871,Admin,20,6.1,8.2,1.0,0,Yes,Yes
INT-00872,IT,24,7.1,7.8,6.9,75000,No,Yes
INT-00873,Engineering,17,8.6,8.7,24.2,100000,No,No
INT-00874,Admin,5,5.7,7.6,1.7,50000,No,No
INT-00875,IT,19,7.6,9.0,1.5,50000,Yes,Yes
INT-00876,IT,16,7.7,7.2,3.0,25000,No,Yes
INT-00877,Engineering,12,7.7,7.5,9.3,50000,Yes,Yes
INT-00878,Engineering,10,8.1,5.8,6.8,100000,Yes,Yes
INT-00879,IT,19,6.3,7.1,1.3,75000,No,Yes
INT-00880,IT,13,8.9,7.9,5.2,75000,No,Yes
INT-00881,IT,12,8.2,8.6,1.1,0,No,Yes
INT-00882,Engineering,10,8.5,5.9,15.8,75000,Yes,Yes
INT-00883,IT,19,5.8,8.9,1.4,100000,Yes,Yes
INT-00884,IT,12,5.1,7.9,5.6,25000,Yes,No
INT-00885,Finance,20,8.7,6.7,6.2,25000,No,Yes
INT-00886,IT,23,9.0,6.1,6.5,150000,No,Yes
INT-00887,Engineering,10,5.9,7.8,8.0,50000,No,Yes
INT-00888,IT,14,6.3,8.3,10.2,75000,No,No
INT-00889,IT,11,7.8,6.7,0.5,50000,No,Yes
INT-00890,IT,10,3.2,7.6,0.8,25000,No,No
INT-00891,Engineering,22,4.6,9.9,8.1,0,No,Yes
INT-00892,Finance,23,7.4,6.8,2.1,25000,Yes,Yes
INT-00893,Finance,15,8.3,6.5,14.8,75000,No,Yes
INT-00894,Admin,10,7.8,5.4,8.4,50000,No,Yes
INT-00895,Engineering,11,6.3,8.2,32.0,25000,No,No
INT-00896,IT,10,7.6,8.5,10.9,0,No,Yes
INT-00897,IT,9,6.3,6.2,1.3,100000,Yes,Yes
INT-00898,Finance,12,7.2,6.4,2.0,50000,No,Yes
INT-00899,IT,16,5.7,7.4,0.9,50000,No,Yes
INT-00900,IT,10,7.4,7.8,11.3,25000,Yes,Yes
INT-00901,IT,11,6.7,8.8,1.6,50000,No,Yes
INT-00902,IT,20,6.4,7.3,9.2,150000,No,No
INT-00903,IT,20,5.6,7.2,7.0,50000,No,No
INT-00904,Engineering,19,8.4,7.7,8.5,0,No,Yes
INT-00905,Admin,5,8.4,8.5,6.2,100000,No,Yes
INT-00906,Finance,11,9.1,9.1,0.6,25000,No,Yes
INT-00907,Finance,20,7.7,7.3,2.8,75000,No,Yes
INT-00908,Admin,16,6.0,7.6,17.8,75000,No,No
INT-00909,IT,21,9.6,9.5,21.7,100000,No,Yes
INT-00910,Admin,13,8.6,3.8,1.3,25000,No,Yes
INT-00911,Engineering,5,5.7,5.4,24.9,25000,No,No
INT-00912,IT,5,5.2,5.8,9.4,50000,Yes,Yes
INT-00913,Engineering,17,8.6,7.7,21.0,75000,No,Yes
INT-00914,Admin,19,5.9,6.1,4.6,150000,No,Yes
INT-00915,Engineering,10,4.8,9.4,1.4,75000,Yes,Yes
INT-00916,Admin,24,8.0,7.2,3.4,150000,No,No
INT-00917,IT,24,7.7,5.9,9.9,75000,No,Yes
INT-00918,Marketing,15,9.1,7.9,13.2,150000,No,Yes
INT-00919,Finance,17,9.0,6.3,0.9,75000,No,Yes
INT-00920,IT,7,9.6,7.8,5.8,50000,No,Yes
INT-00921,Finance,7,5.9,7.9,1.0,75000,No,Yes
INT-00922,Admin,21,7.4,9.1,16.4,25000,No,Yes
INT-00923,Finance,6,5.9,8.6,5.7,50000,No,No
INT-00924,Finance,4,5.2,6.1,20.2,50000,Yes,No
INT-00925,Admin,20,4.1,6.1,1.2,100000,No,No
INT-00926,IT,10,8.5,7.9,3.7,100000,No,Yes
INT-00927,IT,19,5.1,9.5,9.5,100000,Yes,Yes
INT-00928,Engineering,8,4.2,5.3,3.3,100000,Yes,Yes
INT-00929,Engineering,22,7.3,3.8,15.2,0,No,No
INT-00930,IT,10,5.9,4.6,35.1,100000,Yes,No
INT-00931,IT,17,6.8,6.2,3.1,25000,No,No
INT-00932,Finance,5,6.5,7.8,4.1,100000,No,Yes
INT-00933,Marketing,6,7.3,9.1,27.9,50000,No,Yes
INT-00934,Engineering,20,6.5,8.9,4.0,25000,No,Yes
INT-00935,IT,19,7.4,8.3,7.0,100000,Yes,Yes
INT-00936,IT,11,7.2,4.7,12.2,0,No,No
INT-00937,IT,21,9.2,4.1,5.1,150000,Yes,Yes
INT-00938,Marketing,18,4.1,5.7,4.2,50000,Yes,No
INT-00939,IT,10,7.4,3.5,6.0,50000,Yes,Yes
INT-00940,Engineering,12,7.3,7.9,12.6,75000,No,Yes
INT-00941,IT,9,9.2,8.7,3.5,100000,No,Yes
INT-00942,Engineering,21,7.9,5.6,4.0,25000,No,Yes
INT-00943,Engineering,21,8.5,6.7,2.2,25000,Yes,Yes
INT-00944,Finance,17,7.9,5.3,10.2,75000,No,No
INT-00945,IT,17,7.3,5.6,18.9,50000,No,No
INT-00946,IT,17,7.9,6.8,2.1,50000,No,Yes
INT-00947,IT,7,8.6,6.0,0.8,50000,No,Yes
INT-00948,Marketing,7,9.5,8.1,4.3,100000,No,No
INT-00949,Finance,18,8.0,4.5,4.7,25000,No,Yes
INT-00950,Engineering,18,9.4,6.8,8.8,50000,No,Yes
INT-00951,Engineering,21,9.2,6.6,1.2,50000,Yes,Yes
INT-00952,Engineering,17,9.1,7.0,14.3,25000,No,No
INT-00953,IT,4,7.8,8.2,7.3,25000,Yes,Yes
INT-00954,Marketing,13,8.2,8.7,6.8,100000,Yes,Yes
INT-00955,Admin,23,7.9,7.0,3.5,50000,No,Yes
INT-00956,Admin,13,7.1,6.4,4.1,75000,No,Yes
INT-00957,Engineering,13,9.1,8.5,1.0,50000,No,Yes
INT-00958,IT,5,6.0,9.1,11.7,75000,Yes,Yes
INT-00959,IT,11,8.2,7.6,7.9,50000,No,Yes
INT-00960,Engineering,4,9.5,6.6,30.5,25000,No,No
INT-00961,IT,4,9.3,6.1,4.0,50000,No,No
INT-00962,Engineering,7,6.5,3.7,9.3,150000,No,Yes
INT-00963,IT,10,7.3,6.4,20.7,75000,No,No
INT-00964,Admin,12,7.8,8.8,10.4,50000,No,No
INT-00965,IT,19,8.3,8.3,0.8,100000,Yes,Yes
INT-00966,Admin,8,9.0,5.3,8.5,25000,No,Yes
INT-00967,Engineering,5,8.3,8.3,6.8,75000,Yes,Yes
INT-00968,IT,14,8.3,6.5,6.0,50000,Yes,Yes
INT-00969,Engineering,21,9.3,6.9,6.9,50000,No,Yes
INT-00970,Admin,22,6.6,3.9,5.4,50000,No,No
INT-00971,Engineering,16,8.2,6.8,9.9,75000,No,Yes
INT-00972,Marketing,14,6.8,7.3,0.6,100000,No,Yes
INT-00973,Engineering,23,6.1,3.2,2.2,150000,Yes,Yes
INT-00974,IT,22,3.9,6.9,4.1,50000,Yes,Yes
INT-00975,IT,20,9.3,8.4,5.3,50000,No,Yes
INT-00976,IT,8,5.3,7.2,1.6,150000,No,Yes
INT-00977,Engineering,16,5.5,9.2,14.2,50000,Yes,Yes
INT-00978,IT,23,9.2,8.6,21.7,50000,No,Yes
INT-00979,Admin,4,8.4,6.0,11.6,75000,Yes,Yes
INT-00980,Engineering,13,9.7,6.2,21.6,100000,Yes,Yes
INT-00981,Admin,11,5.9,9.0,11.4,50000,No,No
INT-00982,Finance,11,9.4,6.3,5.2,25000,No,Yes
INT-00983,IT,22,6.0,6.9,4.5,25000,Yes,Yes
INT-00984,IT,9,9.6,9.1,2.0,100000,Yes,Yes
INT-00985,Engineering,15,5.9,8.7,1.2,0,No,Yes
INT-00986,Admin,10,7.7,5.5,2.5,25000,No,Yes
INT-00987,Engineering,19,6.0,2.6,6.6,25000,No,No
INT-00988,Admin,12,8.4,8.5,1.7,0,Yes,Yes
INT-00989,IT,24,4.7,4.7,24.7,100000,Yes,No
INT-00990,Finance,13,8.7,7.1,2.5,100000,Yes,Yes
INT-00991,Finance,13,8.2,8.0,14.8,25000,No,Yes
INT-00992,Engineering,13,6.3,5.6,14.2,100000,No,Yes
INT-00993,IT,23,8.9,6.3,1.7,50000,Yes,Yes
INT-00994,Engineering,19,6.8,7.1,10.4,0,No,No
INT-00995,Admin,4,7.2,7.7,14.4,50000,Yes,No
INT-00996,IT,20,6.6,8.4,17.8,25000,No,Yes
INT-00997,Marketing,24,7.0,6.9,25.1,25000,Yes,No
INT-00998,IT,17,8.8,6.9,21.8,25000,No,Yes
INT-00999,Marketing,22,9.2,6.8,3.5,25000,Yes,Yes
INT-01000,Admin,24,7.4,7.3,3.0,75000,No,Yes
INT-01001,IT,24,9.7,8.6,4.6,75000,No,Yes
INT-01002,Engineering,20,4.5,9.1,5.5,25000,No,No
INT-01003,Finance,17,8.3,8.7,2.6,100000,No,No
INT-01004,Engineering,11,8.2,7.2,1.2,150000,No,Yes
INT-01005,Finance,24,6.4,8.5,9.1,25000,Yes,Yes
INT-01006,Engineering,24,7.9,4.8,2.0,0,No,Yes
INT-01007,Engineering,12,7.6,5.8,20.2,100000,No,No
INT-01008,Finance,11,8.0,4.9,3.2,75000,No,Yes
INT-01009,IT,16,7.1,6.1,2.3,25000,Yes,Yes
INT-01010,Admin,20,9.7,8.2,2.2,50000,No,Yes
INT-01011,IT,22,5.0,7.0,3.2,75000,No,Yes
INT-01012,Marketing,10,6.3,7.1,8.1,25000,No,Yes
INT-01013,Marketing,20,7.6,6.5,31.1,25000,Yes,No
INT-01014,IT,4,7.8,5.5,5.8,75000,Yes,Yes
INT-01015,Engineering,8,6.6,7.6,7.8,50000,No,No
INT-01016,Marketing,9,8.7,8.5,15.3,0,No,No
INT-01017,IT,5,6.7,6.6,3.8,50000,Yes,Yes
INT-01018,Engineering,19,8.7,7.0,2.1,100000,No,Yes
INT-01019,Marketing,8,7.8,5.8,5.0,50000,Yes,No
INT-01020,IT,8,6.8,8.9,3.6,50000,No,Yes
INT-01021,Engineering,15,7.2,6.9,16.6,0,No,No
INT-01022,IT,6,9.4,8.2,31.0,25000,No,No
INT-01023,Marketing,19,8.2,7.8,9.8,0,No,No
INT-01024,Marketing,9,9.5,7.5,9.0,75000,No,No
INT-01025,Marketing,18,5.3,5.6,10.5,50000,No,No
INT-01026,Admin,18,9.9,7.9,5.5,50000,No,Yes
INT-01027,Finance,19,9.0,6.4,8.4,100000,No,Yes
INT-01028,Finance,23,8.9,7.0,1.1,150000,Yes,Yes
INT-01029,Admin,16,6.9,8.7,5.9,150000,No,Yes
INT-01030,Finance,15,6.3,7.9,3.7,25000,No,Yes
INT-01031,IT,13,5.8,9.0,0.9,75000,No,Yes
INT-01032,Engineering,17,5.9,8.3,6.8,50000,No,Yes
INT-01033,IT,5,5.1,5.3,4.1,0,Yes,No
INT-01034,IT,6,8.0,7.2,7.6,75000,Yes,Yes
INT-01035,IT,12,8.3,9.1,6.3,50000,Yes,Yes
INT-01036,Engineering,14,8.3,7.7,3.1,75000,No,Yes
INT-01037,Admin,14,6.8,9.4,6.7,50000,No,Yes
INT-01038,Engineering,13,7.1,8.9,4.3,25000,No,No
INT-01039,IT,17,5.5,4.0,20.8,50000,No,No
INT-01040,Admin,12,8.0,3.4,4.3,100000,Yes,Yes
INT-01041,Engineering,23,7.8,7.7,0.8,100000,Yes,Yes
INT-01042,Finance,24,7.5,4.3,12.0,50000,No,Yes
INT-01043,Admin,13,5.8,5.8,27.0,75000,Yes,No
INT-01044,Engineering,12,6.7,7.3,2.0,100000,Yes,Yes
INT-01045,Finance,8,7.5,8.8,29.3,100000,Yes,Yes
INT-01046,Engineering,11,8.3,7.8,8.2,50000,No,Yes
INT-01047,IT,14,7.9,8.2,15.5,25000,No,Yes
INT-01048,IT,4,6.3,8.8,5.6,75000,Yes,Yes
INT-01049,Finance,24,8.4,8.3,8.3,0,Yes,Yes
INT-01050,IT,13,6.9,7.7,15.2,100000,No,Yes
INT-01051,Finance,4,7.0,7.9,33.0,50000,Yes,Yes
INT-01052,Engineering,10,9.0,4.5,2.1,75000,No,Yes
INT-01053,Marketing,17,3.2,6.8,18.8,25000,Yes,No
INT-01054,Finance,8,4.5,5.4,9.3,25000,No,No
INT-01055,Marketing,20,7.5,8.2,24.0,25000,Yes,No
INT-01056,Admin,24,6.3,7.5,3.6,100000,No,Yes
INT-01057,Finance,9,3.3,8.3,2.7,25000,Yes,No
INT-01058,Admin,19,5.8,7.2,4.1,150000,No,Yes
INT-01059,Admin,14,7.2,7.2,17.8,0,Yes,No
INT-01060,Engineering,13,7.9,7.0,5.4,75000,Yes,Yes
INT-01061,Finance,18,7.4,7.7,24.7,100000,No,No
INT-01062,Marketing,10,7.2,9.4,2.7,75000,Yes,No
INT-01063,Finance,5,8.3,6.6,2.5,0,No,Yes
INT-01064,Admin,15,6.8,5.3,9.6,150000,Yes,Yes
INT-01065,Admin,22,7.6,2.8,3.3,75000,Yes,Yes
INT-01066,Engineering,15,7.1,6.9,1.6,150000,No,No
INT-01067,IT,19,7.6,8.1,4.3,25000,No,Yes
INT-01068,IT,9,8.3,4.5,3.0,50000,No,Yes
INT-01069,Admin,6,7.7,8.1,4.8,50000,No,No
INT-01070,IT,5,6.7,6.5,2.2,100000,No,Yes
INT-01071,IT,23,8.0,5.3,25.7,50000,No,No
INT-01072,IT,8,7.2,6.5,13.4,50000,No,Yes
INT-01073,IT,14,8.2,5.1,15.2,25000,No,Yes
INT-01074,IT,6,5.6,7.4,3.3,50000,Yes,Yes
INT-01075,Marketing,6,8.1,8.7,16.0,150000,No,Yes
INT-01076,Admin,8,7.2,4.0,7.6,50000,No,No
INT-01077,Admin,14,5.4,4.9,1.0,0,Yes,No
INT-01078,Engineering,6,8.8,7.2,1.8,75000,Yes,No
INT-01079,IT,16,6.2,7.4,5.2,75000,No,Yes
INT-01080,Marketing,24,7.1,8.6,4.5,0,No,Yes
INT-01081,Finance,11,5.4,7.8,13.2,75000,No,No
INT-01082,IT,23,8.9,8.8,17.1,150000,No,Yes
INT-01083,Admin,13,8.5,9.0,16.5,100000,No,Yes
INT-01084,Finance,5,7.9,6.2,4.3,150000,No,Yes
INT-01085,Marketing,7,7.4,7.4,8.6,25000,No,Yes
INT-01086,Admin,21,7.7,7.2,6.0,25000,Yes,Yes
INT-01087,Engineering,22,7.2,6.2,18.1,25000,Yes,Yes
INT-01088,IT,7,8.9,7.0,18.1,150000,Yes,Yes
INT-01089,Marketing,23,7.1,6.6,0.9,50000,No,Yes
INT-01090,IT,12,4.1,6.5,7.3,50000,No,Yes
INT-01091,Marketing,19,9.4,7.7,6.1,100000,Yes,Yes
INT-01092,Engineering,9,7.9,9.2,12.3,75000,No,Yes
INT-01093,Engineering,7,7.9,5.3,2.2,50000,No,Yes
INT-01094,Engineering,12,8.0,7.8,10.0,0,Yes,Yes
INT-01095,IT,16,7.3,6.6,11.2,0,No,No
INT-01096,IT,12,7.6,7.7,0.7,50000,No,Yes
INT-01097,IT,9,7.7,9.0,5.0,25000,No,No
INT-01098,IT,24,4.9,8.0,31.4,75000,Yes,No
INT-01099,Finance,22,8.4,7.0,3.4,50000,No,Yes
INT-01100,Admin,17,7.6,8.2,17.8,75000,No,No
INT-01101,IT,24,7.7,7.0,7.6,50000,Yes,Yes
INT-01102,Marketing,18,7.9,5.9,3.3,150000,Yes,Yes
INT-01103,Finance,6,9.5,7.1,15.0,0,Yes,No
INT-01104,Marketing,8,8.9,2.7,37.9,50000,Yes,No
INT-01105,Marketing,24,9.6,5.7,11.3,150000,Yes,Yes
INT-01106,IT,21,5.7,8.8,1.0,75000,Yes,Yes
INT-01107,Admin,17,6.3,6.0,0.9,0,No,No
INT-01108,Finance,19,7.6,6.5,5.9,100000,Yes,Yes
INT-01109,Engineering,17,6.4,6.3,0.5,25000,Yes,Yes
INT-01110,IT,12,6.7,5.1,9.5,50000,No,No
INT-01111,Finance,18,4.0,5.7,0.6,50000,No,No
INT-01112,IT,10,9.5,6.0,29.4,50000,No,No
INT-01113,IT,17,5.8,8.3,17.5,150000,No,No
INT-01114,Engineering,9,4.8,6.8,14.0,25000,No,No
INT-01115,Engineering,24,9.2,7.3,13.9,25000,No,Yes
INT-01116,Engineering,18,4.7,8.8,14.9,50000,No,No
INT-01117,IT,23,7.9,7.0,5.1,75000,No,Yes
INT-01118,Finance,11,6.6,4.5,13.1,100000,No,Yes
INT-01119,IT,5,7.3,8.9,4.2,50000,Yes,Yes
INT-01120,IT,11,6.7,5.7,15.6,75000,No,Yes
INT-01121,Finance,4,6.5,8.1,8.2,50000,No,No
INT-01122,Marketing,20,5.3,7.9,4.0,25000,Yes,Yes
INT-01123,Finance,22,5.5,8.2,11.4,75000,Yes,Yes
INT-01124,Finance,8,3.7,7.1,2.7,50000,No,No
INT-01125,Engineering,23,5.1,8.2,27.2,50000,No,Yes
INT-01126,Engineering,19,6.8,8.5,9.2,100000,No,Yes
INT-01127,IT,10,6.9,8.3,4.6,150000,Yes,Yes
INT-01128,Admin,10,7.3,5.4,6.9,25000,No,Yes
INT-01129,Admin,21,4.5,7.0,11.2,50000,Yes,Yes
INT-01130,IT,21,5.3,9.2,13.3,100000,Yes,Yes
INT-01131,Engineering,5,5.7,5.6,30.0,150000,Yes,Yes
INT-01132,Admin,18,9.3,8.7,2.4,150000,No,Yes
INT-01133,IT,17,5.5,5.8,6.1,50000,No,No
INT-01134,IT,21,5.5,8.3,1.3,50000,Yes,No
INT-01135,Engineering,12,8.8,7.5,1.2,75000,No,Yes
INT-01136,IT,17,8.6,9.3,1.4,25000,No,Yes
INT-01137,Finance,8,5.3,6.5,2.9,75000,No,No
INT-01138,Admin,14,7.0,6.6,10.0,100000,Yes,Yes
INT-01139,Admin,11,9.0,8.6,16.3,100000,Yes,Yes
INT-01140,Engineering,8,7.0,8.5,5.1,0,No,No
INT-01141,Finance,14,5.8,6.2,7.0,150000,Yes,Yes
INT-01142,Admin,8,5.0,5.7,2.3,75000,No,No
INT-01143,Engineering,20,8.6,7.4,13.0,0,No,Yes
INT-01144,Engineering,7,6.5,6.8,18.0,75000,Yes,Yes
INT-01145,IT,18,6.0,7.7,5.8,25000,No,No
INT-01146,Finance,22,4.4,5.1,1.9,25000,No,No
INT-01147,Finance,5,8.0,8.5,0.5,150000,Yes,Yes
INT-01148,Engineering,20,7.9,3.5,6.7,0,No,No
INT-01149,Finance,15,7.0,9.4,6.0,100000,No,Yes
INT-01150,Finance,20,8.5,4.7,21.3,150000,No,Yes
INT-01151,Engineering,13,6.9,6.3,0.8,50000,Yes,Yes
INT-01152,Finance,21,8.0,9.5,1.8,50000,Yes,Yes
INT-01153,Engineering,22,8.3,6.4,2.3,75000,Yes,Yes
INT-01154,Engineering,21,5.6,6.1,6.8,0,Yes,Yes
INT-01155,Engineering,16,5.8,8.6,3.2,75000,No,Yes
INT-01156,Finance,17,7.6,8.2,2.3,25000,No,No
INT-01157,IT,19,8.8,6.8,6.3,0,Yes,No
INT-01158,Finance,21,9.3,6.6,0.8,0,No,Yes
INT-01159,Finance,21,5.9,8.4,30.1,25000,No,Yes
INT-01160,IT,19,8.6,4.6,16.3,50000,No,Yes
INT-01161,Finance,20,8.7,9.2,3.0,100000,Yes,Yes
INT-01162,IT,10,8.9,4.6,3.8,50000,No,Yes
INT-01163,Admin,15,8.1,8.8,2.8,50000,Yes,Yes
INT-01164,Engineering,5,8.1,7.1,21.6,25000,Yes,Yes
INT-01165,IT,13,9.4,3.4,9.0,150000,No,No
INT-01166,Finance,8,7.1,7.3,6.4,75000,No,Yes
INT-01167,Finance,24,8.3,4.1,6.2,50000,Yes,Yes
INT-01168,Engineering,6,8.6,7.8,2.0,50000,No,Yes
INT-01169,IT,22,7.1,6.1,26.8,50000,Yes,No
INT-01170,IT,16,7.6,4.5,20.2,100000,No,No
INT-01171,Engineering,15,7.6,5.9,24.9,50000,Yes,No
INT-01172,Marketing,6,8.6,8.1,3.3,25000,Yes,Yes
INT-01173,Engineering,9,6.3,5.7,5.7,25000,No,No
INT-01174,IT,17,9.2,2.7,6.4,50000,No,Yes
INT-01175,Engineering,7,8.4,7.5,5.9,0,Yes,No
INT-01176,Engineering,16,8.7,5.8,0.7,75000,No,Yes
INT-01177,Finance,22,8.3,8.2,14.8,150000,Yes,Yes
INT-01178,IT,21,9.6,6.5,11.5,150000,No,Yes
INT-01179,Finance,6,6.6,5.6,5.7,100000,Yes,Yes
INT-01180,Engineering,23,3.3,6.4,3.0,75000,No,Yes
INT-01181,Marketing,9,4.5,8.3,8.6,25000,Yes,No
INT-01182,Admin,19,6.0,6.9,1.7,25000,Yes,No
INT-01183,Engineering,23,6.5,5.9,47.8,50000,No,No
INT-01184,Marketing,6,8.4,8.7,1.6,100000,No,Yes
INT-01185,IT,15,6.0,8.6,1.0,50000,Yes,No
INT-01186,Marketing,22,6.5,7.0,8.1,75000,Yes,No
INT-01187,Engineering,22,7.3,7.1,5.5,150000,No,Yes
INT-01188,IT,7,7.8,8.7,10.7,75000,No,Yes
INT-01189,Admin,4,9.5,8.8,1.6,0,No,Yes
INT-01190,Engineering,5,6.7,7.2,4.1,0,No,No
INT-01191,IT,16,5.6,8.8,6.1,0,No,No
INT-01192,Engineering,16,7.1,7.2,5.2,50000,No,Yes
INT-01193,Admin,5,8.4,2.5,7.5,25000,Yes,Yes
INT-01194,Engineering,22,8.4,8.4,1.4,25000,Yes,Yes
INT-01195,IT,19,8.6,8.8,6.1,50000,No,Yes
INT-01196,Finance,15,7.7,8.0,7.0,25000,No,Yes
INT-01197,Marketing,4,3.7,8.1,17.5,50000,No,No
INT-01198,Marketing,12,9.5,3.8,7.3,50000,Yes,Yes
INT-01199,Engineering,20,7.2,6.6,6.8,0,Yes,Yes
INT-01200,IT,13,8.1,6.4,13.9,75000,No,No
INT-01201,Finance,21,9.0,7.0,1.0,50000,No,Yes
INT-01202,IT,22,4.6,7.9,8.9,100000,No,Yes
INT-01203,IT,10,8.3,8.2,13.9,25000,Yes,Yes
INT-01204,Admin,22,5.5,9.3,1.3,25000,No,No
INT-01205,Admin,18,5.7,7.7,13.9,25000,No,Yes
INT-01206,Finance,12,6.4,8.5,12.9,0,Yes,No
INT-01207,Engineering,13,9.0,6.6,0.5,50000,Yes,Yes
INT-01208,Admin,23,6.9,5.6,2.8,150000,No,Yes
INT-01209,IT,23,7.1,4.8,1.8,0,No,Yes
INT-01210,Marketing,7,7.8,5.6,6.2,75000,No,Yes
INT-01211,Admin,9,7.3,9.0,20.1,100000,No,No
INT-01212,Admin,7,9.2,8.5,7.9,100000,Yes,Yes
INT-01213,IT,8,7.4,8.8,7.9,25000,No,No
INT-01214,Finance,12,5.2,7.2,1.5,25000,No,No
INT-01215,Engineering,15,9.1,6.5,9.3,25000,No,Yes
INT-01216,IT,11,9.6,5.8,18.0,50000,No,Yes
INT-01217,IT,24,7.5,7.1,5.0,25000,No,Yes
INT-01218,Engineering,8,8.4,6.4,9.7,25000,No,Yes
INT-01219,Engineering,14,7.2,7.3,3.3,25000,No,Yes
INT-01220,IT,14,6.5,7.4,3.0,150000,No,Yes
INT-01221,Marketing,16,9.4,7.7,2.1,75000,Yes,Yes
INT-01222,IT,17,8.3,6.3,2.7,75000,No,Yes
INT-01223,Admin,11,4.9,8.5,3.9,100000,No,Yes
INT-01224,Marketing,21,6.2,6.9,7.2,25000,No,Yes
INT-01225,Admin,22,7.3,8.6,12.6,0,Yes,Yes
INT-01226,Engineering,15,5.7,6.1,3.2,100000,No,No
INT-01227,Admin,15,6.2,7.9,2.0,50000,No,Yes
INT-01228,IT,21,8.3,7.0,5.3,50000,No,Yes
INT-01229,Marketing,13,4.3,7.5,13.0,0,No,No
INT-01230,Admin,10,7.2,5.4,4.4,0,No,No
INT-01231,Finance,21,8.9,7.5,20.1,75000,No,Yes
INT-01232,IT,15,9.1,9.1,2.8,75000,No,Yes
INT-01233,IT,17,9.2,8.1,11.9,25000,No,No
INT-01234,IT,18,6.3,4.0,5.5,25000,Yes,Yes
INT-01235,Engineering,19,9.7,9.5,1.4,100000,No,Yes
INT-01236,Admin,5,7.2,6.5,3.1,0,No,No
INT-01237,Finance,21,9.9,5.4,16.1,75000,No,Yes
INT-01238,Admin,15,4.9,4.7,0.5,25000,No,No
INT-01239,Marketing,19,7.5,8.0,11.8,150000,No,Yes
INT-01240,IT,16,6.2,7.9,13.8,150000,No,Yes
INT-01241,Finance,23,6.8,6.1,1.5,25000,Yes,Yes
INT-01242,Finance,20,6.2,5.3,26.7,75000,No,Yes
INT-01243,Finance,21,7.8,6.4,17.0,0,No,No
INT-01244,Finance,6,7.7,4.9,2.1,50000,No,Yes
INT-01245,Finance,13,7.5,6.0,2.7,25000,No,Yes
INT-01246,Engineering,4,3.8,8.1,14.2,25000,No,No
INT-01247,IT,9,5.1,8.2,6.8,50000,No,Yes
INT-01248,IT,6,9.6,9.0,21.0,50000,No,Yes
INT-01249,Marketing,22,7.8,6.6,31.5,50000,No,No
INT-01250,Engineering,7,6.7,5.1,3.9,100000,No,Yes
INT-01251,Finance,23,7.7,3.7,1.3,0,Yes,Yes
INT-01252,Admin,6,7.3,7.7,10.2,50000,No,Yes
INT-01253,IT,11,5.7,5.0,21.0,0,No,No
INT-01254,IT,11,5.5,9.0,1.9,0,No,Yes
INT-01255,Engineering,10,5.3,2.1,34.3,100000,Yes,No
INT-01256,Admin,5,9.0,9.2,2.2,25000,Yes,Yes
INT-01257,IT,24,7.8,8.3,1.2,50000,No,Yes
INT-01258,Admin,9,7.5,8.3,6.0,100000,No,No
INT-01259,IT,19,8.3,3.2,13.6,75000,No,Yes
INT-01260,Engineering,13,9.6,4.5,4.0,25000,No,Yes
INT-01261,IT,7,5.5,8.6,3.7,150000,Yes,Yes
INT-01262,Finance,16,6.8,9.4,2.3,25000,Yes,Yes
INT-01263,Admin,13,5.7,6.1,34.7,25000,No,Yes
INT-01264,Admin,24,8.8,6.4,3.8,75000,No,Yes
INT-01265,IT,17,6.2,6.6,9.3,75000,Yes,Yes
INT-01266,IT,12,6.1,7.3,1.6,75000,Yes,Yes
INT-01267,Admin,14,8.2,6.7,5.3,25000,No,Yes
INT-01268,Admin,21,7.3,8.2,13.2,0,Yes,No
INT-01269,Engineering,14,4.0,6.9,28.6,150000,No,No
INT-01270,IT,20,8.1,6.8,2.1,50000,No,Yes
INT-01271,Engineering,5,8.9,7.3,1.3,100000,Yes,Yes
INT-01272,Finance,6,7.3,8.4,35.6,25000,No,No
INT-01273,Finance,14,5.4,7.1,7.0,50000,No,No
INT-01274,IT,21,5.8,8.1,3.9,100000,Yes,No
INT-01275,Admin,6,6.3,8.0,26.3,50000,No,No
INT-01276,IT,18,6.9,6.4,4.5,0,No,No
INT-01277,IT,14,6.7,9.8,2.6,150000,No,Yes
INT-01278,Marketing,14,8.5,8.3,13.5,75000,Yes,Yes
INT-01279,IT,23,8.6,7.3,3.5,25000,Yes,Yes
INT-01280,Admin,14,8.7,7.9,3.6,100000,Yes,Yes
INT-01281,Engineering,22,7.9,7.0,5.2,25000,No,Yes
INT-01282,Engineering,4,9.0,8.0,9.9,0,No,Yes
INT-01283,Engineering,8,6.4,5.6,15.2,0,Yes,No
INT-01284,IT,13,7.7,6.1,2.6,0,No,Yes
INT-01285,Admin,13,8.4,4.5,4.1,25000,Yes,Yes
INT-01286,Engineering,17,8.8,8.3,6.0,50000,Yes,Yes
INT-01287,IT,5,8.4,8.9,0.7,150000,No,No
INT-01288,Admin,7,9.3,9.2,10.1,50000,No,Yes
INT-01289,IT,5,7.2,5.0,7.2,25000,Yes,Yes
INT-01290,IT,21,8.8,7.2,1.6,100000,Yes,Yes
INT-01291,Admin,16,5.2,8.1,1.6,100000,No,Yes
INT-01292,IT,22,7.2,5.0,18.5,75000,No,No
INT-01293,Engineering,8,9.4,7.7,9.7,50000,No,Yes
INT-01294,Engineering,23,8.7,7.1,4.4,50000,No,Yes
INT-01295,Finance,5,9.3,7.0,3.8,75000,Yes,Yes
INT-01296,IT,14,7.7,6.4,3.5,25000,Yes,Yes
INT-01297,IT,21,6.0,9.7,9.0,25000,No,No
INT-01298,IT,9,8.5,8.2,2.1,25000,No,Yes
INT-01299,Engineering,13,8.1,8.9,35.5,75000,No,No
INT-01300,Engineering,20,7.7,5.4,9.8,50000,Yes,No
INT-01301,IT,14,4.9,4.1,1.6,25000,No,No
INT-01302,Marketing,22,8.2,6.1,1.7,75000,No,Yes
INT-01303,IT,20,8.8,4.3,8.9,50000,No,No
INT-01304,Engineering,7,8.3,7.5,4.4,75000,No,Yes
INT-01305,Engineering,17,5.2,7.4,9.1,75000,Yes,No
INT-01306,Finance,23,6.3,9.2,10.8,150000,No,Yes
INT-01307,Engineering,7,7.6,4.3,6.7,75000,No,Yes
INT-01308,Finance,17,9.5,9.4,2.9,75000,Yes,No
INT-01309,Admin,7,5.4,7.3,6.9,25000,No,No
INT-01310,Finance,9,8.1,4.9,4.9,25000,Yes,Yes
INT-01311,IT,12,5.2,9.7,18.2,100000,No,No
INT-01312,Finance,24,8.2,5.4,11.3,75000,No,Yes
INT-01313,Engineering,15,9.2,9.5,8.2,25000,No,Yes
INT-01314,Finance,11,8.6,6.8,0.8,25000,No,Yes
INT-01315,Admin,7,7.7,4.8,37.5,25000,No,No
INT-01316,Engineering,8,8.4,7.9,7.2,25000,Yes,Yes
INT-01317,Engineering,9,8.9,3.1,2.9,0,Yes,Yes
INT-01318,Engineering,8,4.4,2.7,7.7,75000,No,No
INT-01319,IT,22,8.0,7.0,14.1,50000,No,Yes
INT-01320,IT,11,7.8,8.2,6.7,0,No,Yes
INT-01321,IT,12,8.0,8.0,12.5,50000,No,Yes
INT-01322,IT,18,7.5,7.8,4.8,0,No,Yes
INT-01323,Finance,7,7.6,8.8,7.6,75000,No,Yes
INT-01324,IT,12,8.4,8.8,4.9,75000,No,Yes
INT-01325,Marketing,10,4.9,8.3,6.5,75000,Yes,No
INT-01326,Admin,11,8.2,7.0,2.0,50000,No,Yes
INT-01327,IT,18,5.3,6.6,7.8,75000,Yes,No
INT-01328,Finance,22,7.9,7.9,31.4,75000,No,Yes
INT-01329,Engineering,18,8.8,5.0,12.1,100000,Yes,Yes
INT-01330,Admin,8,8.2,7.6,3.6,75000,No,Yes
INT-01331,Engineering,22,8.2,9.2,16.5,0,No,Yes
INT-01332,Engineering,10,7.7,8.5,18.6,25000,No,No
INT-01333,IT,9,8.4,5.6,2.1,50000,Yes,Yes
INT-01334,Marketing,22,7.3,7.3,0.9,25000,No,Yes
INT-01335,Marketing,20,8.1,5.0,7.3,75000,No,Yes
INT-01336,Engineering,13,6.8,3.8,5.7,25000,No,Yes
INT-01337,IT,22,8.8,6.7,10.5,50000,No,Yes
INT-01338,Engineering,14,7.7,8.7,3.3,50000,No,Yes
INT-01339,IT,18,9.3,7.3,4.3,75000,Yes,Yes
INT-01340,IT,13,8.3,8.7,3.0,75000,No,Yes
INT-01341,IT,14,8.0,3.4,3.3,150000,No,Yes
INT-01342,Admin,6,9.1,7.9,0.6,75000,No,Yes
INT-01343,Finance,6,6.6,8.7,6.2,100000,No,Yes
INT-01344,Engineering,21,6.5,5.5,5.6,75000,No,Yes
INT-01345,Engineering,14,7.3,8.5,4.0,0,No,Yes
INT-01346,Admin,23,8.7,5.6,6.7,25000,No,Yes
INT-01347,Admin,21,9.6,8.8,4.5,0,Yes,Yes
INT-01348,Admin,18,8.6,6.7,5.0,0,No,Yes
INT-01349,Marketing,10,6.6,9.7,0.5,75000,Yes,Yes
INT-01350,IT,13,6.9,7.3,1.0,25000,No,Yes
INT-01351,Finance,24,6.4,7.5,1.8,75000,No,Yes
INT-01352,Engineering,23,6.9,7.4,2.1,50000,No,Yes
INT-01353,Admin,13,6.5,7.0,5.3,150000,Yes,Yes
INT-01354,Engineering,16,8.7,7.5,17.1,25000,Yes,Yes
INT-01355,Admin,18,3.4,7.7,4.7,50000,No,No
INT-01356,Finance,21,8.5,7.9,8.4,50000,No,Yes
INT-01357,Marketing,7,4.3,7.6,0.7,25000,No,No
INT-01358,Admin,23,5.6,6.0,15.9,50000,Yes,Yes
INT-01359,IT,20,8.0,8.4,1.5,0,No,Yes
INT-01360,Engineering,6,7.7,4.2,3.2,0,Yes,No
INT-01361,Marketing,24,8.9,8.7,14.1,0,No,Yes
INT-01362,IT,24,8.0,6.6,3.0,75000,Yes,Yes
INT-01363,Engineering,5,9.1,2.7,2.9,25000,No,No
INT-01364,Engineering,7,7.8,6.3,7.9,50000,No,Yes
INT-01365,Engineering,4,5.7,6.9,19.2,50000,No,No
INT-01366,IT,18,6.8,6.5,2.4,50000,No,Yes
INT-01367,Engineering,4,9.1,8.4,8.3,0,No,No
INT-01368,Marketing,9,7.5,5.0,7.8,50000,Yes,Yes
INT-01369,IT,10,6.7,8.7,9.1,150000,No,Yes
INT-01370,IT,22,7.7,4.0,24.0,75000,Yes,No
INT-01371,Marketing,15,7.5,4.9,2.0,50000,No,Yes
INT-01372,IT,4,4.8,8.0,9.0,75000,No,No
INT-01373,Finance,10,6.2,8.1,2.1,50000,No,No
INT-01374,Admin,22,8.7,8.2,3.5,100000,No,Yes
INT-01375,IT,16,7.9,5.6,4.5,50000,No,Yes
INT-01376,Finance,15,8.9,6.5,14.9,100000,No,Yes
INT-01377,Admin,15,6.5,4.3,0.9,100000,No,No
INT-01378,Engineering,16,9.1,4.2,11.1,50000,No,Yes
INT-01379,Admin,17,4.7,8.1,20.0,50000,Yes,No
INT-01380,Engineering,15,8.2,8.6,1.2,50000,No,Yes
INT-01381,IT,23,8.5,6.1,13.0,75000,No,Yes
INT-01382,Admin,15,7.3,8.4,1.4,150000,No,Yes
INT-01383,Marketing,9,8.7,6.3,26.8,75000,No,No
INT-01384,IT,13,8.6,6.7,14.0,50000,Yes,Yes
INT-01385,Engineering,23,8.2,5.9,10.0,75000,No,Yes
INT-01386,Admin,12,4.5,5.7,6.9,25000,No,No
INT-01387,Finance,5,7.9,8.2,20.8,50000,Yes,No
INT-01388,IT,10,7.3,9.0,1.5,50000,No,Yes
INT-01389,Marketing,12,9.1,8.4,1.5,25000,No,Yes
INT-01390,Admin,15,4.8,9.3,14.3,50000,No,No
INT-01391,IT,8,7.6,7.1,5.8,75000,No,Yes
INT-01392,IT,4,7.3,6.9,15.4,50000,No,Yes
INT-01393,IT,18,5.8,7.4,4.5,50000,No,Yes
INT-01394,Engineering,11,9.0,9.3,5.3,75000,No,Yes
INT-01395,Admin,4,7.9,5.5,3.7,50000,No,Yes
INT-01396,Finance,21,8.7,9.4,24.6,50000,No,Yes
INT-01397,Admin,16,7.1,5.6,5.5,50000,No,Yes
INT-01398,IT,4,6.3,6.3,11.8,0,No,No
INT-01399,Engineering,8,5.6,6.7,10.0,100000,No,Yes
INT-01400,Engineering,21,7.1,4.5,2.6,50000,Yes,Yes
INT-01401,IT,19,7.6,8.4,20.1,75000,No,Yes
INT-01402,IT,13,8.9,8.0,6.8,75000,Yes,Yes
INT-01403,IT,7,6.9,5.3,16.0,25000,No,No
INT-01404,Engineering,4,6.7,8.8,14.8,50000,No,No
INT-01405,Engineering,11,8.2,7.4,1.0,150000,No,Yes
INT-01406,Admin,8,4.0,5.3,8.2,75000,Yes,No
INT-01407,Finance,5,8.1,7.8,12.9,50000,No,Yes
INT-01408,Finance,20,8.1,6.0,19.5,100000,No,Yes
INT-01409,Engineering,10,8.4,8.8,6.1,75000,Yes,Yes
INT-01410,Finance,20,8.5,7.3,11.6,100000,No,Yes
INT-01411,IT,9,8.6,5.2,28.5,50000,No,No
INT-01412,IT,18,7.4,7.5,14.6,150000,Yes,Yes
INT-01413,IT,8,7.9,7.5,15.9,100000,Yes,Yes
INT-01414,IT,18,5.5,7.3,4.7,0,Yes,Yes
INT-01415,Engineering,21,7.3,5.7,1.3,75000,No,Yes
INT-01416,Marketing,21,7.5,5.4,27.6,50000,Yes,No
INT-01417,IT,24,6.1,6.1,10.0,25000,Yes,Yes
INT-01418,IT,24,4.8,8.3,2.0,100000,No,Yes
INT-01419,Admin,9,7.8,5.4,29.6,50000,No,No
INT-01420,Marketing,5,9.2,5.7,10.6,25000,No,Yes
INT-01421,Admin,20,6.7,4.8,1.3,50000,Yes,Yes
INT-01422,Engineering,24,9.1,5.7,2.0,25000,Yes,Yes
INT-01423,IT,7,5.5,8.5,16.5,75000,No,No
INT-01424,IT,15,7.6,8.6,25.1,75000,No,No
INT-01425,Marketing,22,9.3,4.5,4.1,25000,Yes,No
INT-01426,Marketing,5,7.9,9.0,4.8,25000,No,Yes
INT-01427,IT,5,7.5,5.3,4.5,25000,No,Yes
INT-01428,Marketing,17,8.0,7.5,14.9,150000,No,Yes
INT-01429,Engineering,18,8.8,6.7,5.3,50000,No,Yes
INT-01430,Finance,23,8.3,8.6,4.3,75000,No,Yes
INT-01431,Admin,5,6.2,8.9,8.3,25000,No,No
INT-01432,Engineering,7,9.1,5.7,5.9,75000,Yes,Yes
INT-01433,Admin,22,8.0,3.5,6.6,75000,Yes,Yes
INT-01434,Engineering,12,7.1,7.5,4.7,25000,No,Yes
INT-01435,IT,10,6.6,5.3,5.4,0,Yes,No
INT-01436,IT,16,6.9,6.8,0.8,0,No,Yes
INT-01437,Admin,15,7.6,7.0,21.3,25000,No,No
INT-01438,Engineering,6,4.8,9.3,0.7,50000,No,Yes
INT-01439,IT,16,9.0,8.8,12.4,150000,Yes,Yes
INT-01440,Engineering,18,9.6,3.7,3.3,150000,No,Yes
INT-01441,Marketing,17,8.4,5.5,1.5,25000,No,Yes
INT-01442,IT,12,5.9,3.7,8.0,75000,Yes,No
INT-01443,Engineering,16,8.6,4.7,10.3,25000,No,No
INT-01444,Admin,7,7.1,6.2,8.5,0,Yes,No
INT-01445,Finance,24,7.0,6.8,7.4,75000,No,Yes
INT-01446,IT,11,7.1,8.6,6.6,25000,Yes,Yes
INT-01447,Engineering,6,8.5,6.9,6.7,50000,No,Yes
INT-01448,Finance,5,6.3,6.2,16.5,25000,No,No
INT-01449,Marketing,22,7.8,9.5,1.3,25000,No,Yes
INT-01450,Engineering,11,9.4,7.6,1.9,0,No,Yes
INT-01451,Admin,20,8.2,6.9,13.9,100000,No,No
INT-01452,Engineering,16,6.2,6.2,3.4,25000,No,Yes
INT-01453,Finance,10,7.4,9.4,12.3,150000,No,Yes
INT-01454,Engineering,12,5.9,8.7,4.0,150000,Yes,Yes
INT-01455,IT,15,5.7,8.6,21.3,100000,Yes,No
INT-01456,Marketing,17,6.1,9.7,3.1,150000,No,Yes
INT-01457,Engineering,17,6.4,7.9,5.0,0,Yes,Yes
INT-01458,Engineering,18,5.5,5.7,1.9,75000,No,No
INT-01459,IT,6,8.5,8.1,9.3,25000,No,Yes
INT-01460,Engineering,18,8.9,5.6,4.6,50000,Yes,Yes
INT-01461,Admin,22,8.3,4.2,23.2,50000,No,No
INT-01462,Engineering,23,7.2,6.6,0.6,0,Yes,Yes
INT-01463,IT,17,8.6,7.9,4.4,50000,No,Yes
INT-01464,Engineering,11,6.8,5.3,0.7,25000,No,No
INT-01465,Marketing,8,6.7,5.8,3.7,75000,No,Yes
INT-01466,IT,22,9.1,8.9,4.3,50000,Yes,Yes
INT-01467,Marketing,7,9.2,7.1,2.9,75000,No,Yes
INT-01468,Admin,17,7.5,6.1,2.9,0,No,No
INT-01469,Finance,19,5.8,7.7,2.9,100000,No,No
INT-01470,Finance,23,8.3,8.1,3.0,50000,No,Yes
INT-01471,Engineering,9,8.0,7.8,3.2,25000,No,Yes
INT-01472,Engineering,9,6.2,9.4,15.7,50000,Yes,No
INT-01473,Finance,6,7.4,3.6,0.8,50000,Yes,Yes
INT-01474,Admin,18,8.1,9.8,36.5,100000,No,No
INT-01475,Admin,6,7.5,8.6,3.1,100000,No,Yes
INT-01476,Engineering,14,9.8,4.8,0.7,25000,No,Yes
INT-01477,Finance,6,5.4,5.9,2.0,100000,Yes,No
INT-01478,Finance,13,9.0,8.4,23.3,75000,No,Yes
INT-01479,Finance,21,4.5,9.8,48.5,25000,No,No
INT-01480,Admin,4,7.4,6.8,2.8,150000,Yes,Yes
INT-01481,Finance,19,9.6,5.9,2.5,50000,No,Yes
INT-01482,IT,19,8.9,7.2,15.0,100000,Yes,Yes
INT-01483,Engineering,13,5.9,6.2,20.1,75000,No,No
INT-01484,IT,4,8.4,9.2,8.9,100000,Yes,Yes
INT-01485,Admin,7,9.6,8.9,22.5,0,Yes,Yes
INT-01486,Admin,6,7.9,7.8,24.5,25000,Yes,Yes
INT-01487,Admin,8,7.1,7.7,11.9,75000,Yes,Yes
INT-01488,Engineering,15,6.8,6.1,3.9,25000,No,Yes
INT-01489,Admin,15,8.2,9.5,1.8,100000,Yes,Yes
INT-01490,Admin,16,6.5,5.8,6.3,50000,No,No
INT-01491,IT,15,4.1,5.2,3.2,75000,No,No
INT-01492,Admin,19,8.2,6.2,1.5,50000,No,Yes
INT-01493,IT,16,5.6,8.7,4.5,75000,No,Yes
INT-01494,IT,8,6.6,4.4,5.7,75000,No,Yes
INT-01495,Engineering,7,5.4,4.9,9.2,50000,No,No
INT-01496,Engineering,24,9.3,9.0,2.5,150000,No,Yes
INT-01497,Engineering,18,6.4,5.6,16.7,150000,No,Yes
INT-01498,Admin,15,9.7,6.4,2.1,150000,No,Yes
INT-01499,Admin,22,8.6,9.3,47.6,75000,No,No
INT-01500,Finance,24,6.6,8.5,7.0,25000,Yes,Yes
INT-01501,Engineering,22,5.8,8.9,1.8,150000,No,Yes
INT-01502,Admin,24,7.0,4.0,14.9,75000,Yes,No
INT-01503,IT,14,8.0,6.0,2.8,0,Yes,No
INT-01504,Admin,24,6.6,8.2,2.2,75000,Yes,Yes
INT-01505,Admin,9,7.1,7.6,1.7,50000,Yes,Yes
INT-01506,Admin,12,7.8,6.8,6.9,150000,No,No
INT-01507,Engineering,4,9.4,9.2,17.4,75000,No,No
INT-01508,Engineering,15,8.9,8.1,18.7,75000,No,No
INT-01509,Engineering,17,8.6,7.3,12.8,25000,Yes,Yes
INT-01510,Finance,9,5.8,6.6,7.5,100000,No,Yes
INT-01511,Finance,4,8.6,9.6,6.5,150000,No,Yes
INT-01512,Engineering,5,7.7,6.6,4.2,75000,No,Yes
INT-01513,Marketing,14,6.9,9.3,0.9,100000,No,Yes
INT-01514,IT,6,3.2,6.9,15.0,25000,No,No
INT-01515,IT,13,5.9,8.3,60.0,50000,No,No
INT-01516,IT,9,5.5,4.2,20.8,25000,No,No
INT-01517,Engineering,9,7.0,7.7,22.1,100000,Yes,No
INT-01518,Finance,23,5.9,9.2,3.7,50000,Yes,Yes
INT-01519,IT,24,7.8,6.7,1.3,150000,Yes,Yes
INT-01520,Marketing,5,4.7,6.0,16.9,150000,No,No
INT-01521,IT,13,9.1,9.1,12.0,50000,Yes,Yes
INT-01522,Marketing,9,7.8,8.2,4.5,25000,Yes,Yes
INT-01523,Admin,20,4.4,6.2,14.8,50000,No,No
INT-01524,IT,17,7.3,7.6,1.7,150000,No,Yes
INT-01525,Admin,8,8.9,6.9,8.9,50000,Yes,Yes
INT-01526,IT,20,5.9,6.1,25.0,25000,Yes,No
INT-01527,IT,5,9.2,8.5,19.8,0,Yes,Yes
INT-01528,Admin,12,6.6,4.1,11.9,150000,No,No
INT-01529,Finance,15,8.8,8.9,3.0,75000,No,Yes
INT-01530,Engineering,22,7.5,8.3,1.4,75000,No,Yes
INT-01531,Admin,10,7.4,8.9,3.6,0,No,Yes
INT-01532,Engineering,12,6.7,6.9,8.2,75000,No,Yes
INT-01533,Engineering,24,9.1,5.5,3.5,150000,No,Yes
INT-01534,IT,19,7.2,7.2,4.8,50000,No,Yes
INT-01535,Admin,23,6.8,4.6,4.6,100000,Yes,Yes
INT-01536,IT,14,6.9,9.0,3.8,100000,No,Yes
INT-01537,IT,15,6.1,5.8,21.1,100000,No,Yes
INT-01538,Engineering,18,8.6,5.0,3.6,50000,No,Yes
INT-01539,IT,21,6.8,5.4,40.8,75000,No,Yes
INT-01540,Engineering,22,6.5,7.3,2.4,0,No,Yes
INT-01541,Engineering,19,6.9,7.5,17.0,25000,No,Yes
INT-01542,IT,18,6.7,7.2,11.0,50000,No,Yes
INT-01543,Engineering,8,8.5,6.2,9.3,100000,No,Yes
INT-01544,IT,14,6.4,9.7,5.2,75000,No,Yes
INT-01545,Marketing,18,9.0,6.8,14.1,50000,Yes,Yes
INT-01546,Admin,21,5.9,8.2,5.9,50000,Yes,Yes
INT-01547,Finance,16,6.9,8.2,1.7,50000,No,Yes
INT-01548,Engineering,7,4.5,3.2,3.1,50000,No,No
INT-01549,IT,20,8.6,4.6,2.1,50000,No,Yes
INT-01550,Engineering,7,6.9,7.6,7.2,50000,No,No
INT-01551,Marketing,19,6.8,8.4,9.0,75000,No,Yes
INT-01552,Engineering,18,7.5,6.8,3.8,25000,No,Yes
INT-01553,Finance,17,8.2,5.6,0.8,75000,No,Yes
INT-01554,Finance,15,8.1,3.6,9.1,150000,No,Yes
INT-01555,IT,6,7.0,7.2,1.0,50000,Yes,Yes
INT-01556,IT,13,8.6,7.6,27.5,0,No,No
INT-01557,Engineering,11,7.1,7.8,18.0,100000,Yes,No
INT-01558,Admin,9,7.4,9.5,14.7,75000,Yes,Yes
INT-01559,Finance,17,7.4,7.0,4.2,150000,No,Yes
INT-01560,Marketing,20,9.3,3.5,11.4,100000,No,Yes
INT-01561,Admin,24,7.2,5.6,0.9,100000,No,Yes
INT-01562,IT,22,4.6,7.3,1.3,0,No,Yes
INT-01563,Finance,19,8.1,5.3,6.0,100000,No,Yes
INT-01564,IT,18,5.9,9.4,7.6,25000,No,Yes
INT-01565,Finance,18,5.6,8.7,12.2,0,No,Yes
INT-01566,Admin,4,8.3,8.4,3.3,25000,Yes,Yes
INT-01567,Engineering,15,6.8,5.6,6.8,100000,No,Yes
INT-01568,IT,13,9.3,8.1,1.0,100000,No,Yes
INT-01569,Engineering,17,8.7,4.8,5.6,50000,Yes,No
INT-01570,Admin,13,9.3,9.1,9.4,75000,No,Yes
INT-01571,Engineering,13,8.9,7.4,37.1,75000,Yes,No
INT-01572,IT,23,6.1,8.4,12.2,75000,Yes,Yes
INT-01573,Engineering,14,7.1,6.0,43.7,75000,Yes,No
INT-01574,Finance,19,8.6,7.5,6.0,100000,No,Yes
INT-01575,IT,12,7.7,5.0,5.0,50000,No,Yes
INT-01576,IT,18,8.9,8.3,14.9,50000,Yes,Yes
INT-01577,IT,17,5.1,3.8,5.5,50000,No,No
INT-01578,Engineering,22,8.0,9.2,11.8,25000,Yes,Yes
INT-01579,Engineering,12,6.4,8.1,42.1,150000,Yes,No
INT-01580,Engineering,7,4.2,5.0,10.8,25000,No,No
INT-01581,IT,24,3.5,8.7,0.6,75000,Yes,Yes
INT-01582,Admin,10,5.6,5.9,2.1,75000,No,No
INT-01583,Engineering,11,7.6,5.6,3.1,100000,No,Yes
INT-01584,Admin,11,7.5,5.5,14.3,75000,No,No
INT-01585,Marketing,22,6.7,8.5,22.0,0,No,No
INT-01586,IT,18,7.9,6.6,8.9,25000,Yes,Yes
INT-01587,Engineering,19,9.6,8.5,1.2,150000,No,No
INT-01588,Admin,12,6.9,7.2,6.0,25000,Yes,Yes
INT-01589,Admin,15,5.3,3.7,16.2,50000,No,No
INT-01590,Engineering,19,9.3,6.0,4.1,150000,No,Yes
INT-01591,Engineering,7,8.9,6.6,1.0,150000,Yes,No
INT-01592,Marketing,8,7.8,8.0,12.6,25000,No,No
INT-01593,IT,11,7.4,7.4,9.1,50000,No,Yes
INT-01594,IT,4,8.9,7.2,5.5,25000,No,Yes
INT-01595,Engineering,9,5.6,5.3,15.7,75000,No,No
INT-01596,Engineering,18,6.1,9.9,15.7,25000,Yes,Yes
INT-01597,IT,7,8.0,5.8,10.2,75000,No,Yes
INT-01598,IT,24,6.6,6.3,23.3,25000,No,No
INT-01599,IT,14,6.1,8.5,5.3,50000,Yes,No
INT-01600,Finance,8,6.3,6.6,10.9,100000,Yes,Yes
INT-01601,IT,21,9.0,7.7,14.7,50000,Yes,Yes
INT-01602,Admin,18,8.9,5.5,8.6,150000,No,Yes
INT-01603,IT,21,8.0,7.8,6.9,50000,Yes,Yes
INT-01604,Admin,23,5.9,4.6,11.0,150000,Yes,No
INT-01605,IT,16,5.5,5.9,4.0,100000,No,No
INT-01606,Engineering,8,8.5,7.0,4.2,100000,Yes,Yes
INT-01607,IT,4,5.5,7.7,30.5,50000,No,No
INT-01608,Finance,21,6.9,6.9,1.5,50000,No,Yes
INT-01609,IT,17,6.6,8.8,15.3,50000,No,Yes
INT-01610,Engineering,8,6.5,6.3,12.9,150000,Yes,No
INT-01611,Finance,9,6.9,6.6,0.9,25000,No,Yes
INT-01612,Engineering,19,4.6,4.2,10.2,50000,Yes,No
INT-01613,Engineering,24,8.3,6.4,1.3,75000,No,Yes
INT-01614,Admin,15,8.6,8.4,2.4,25000,No,Yes
INT-01615,Admin,23,8.7,6.8,25.9,25000,Yes,No
INT-01616,Engineering,21,7.3,8.6,4.1,50000,Yes,No
INT-01617,Marketing,5,8.4,6.0,1.0,100000,No,Yes
INT-01618,Engineering,24,6.7,5.3,6.4,25000,No,No
INT-01619,Engineering,16,7.1,8.9,2.3,75000,Yes,Yes
INT-01620,Engineering,20,7.9,6.8,4.9,150000,Yes,Yes
INT-01621,Admin,20,8.8,6.8,1.4,75000,No,Yes
INT-01622,IT,19,7.8,7.5,1.3,50000,No,Yes
INT-01623,Engineering,24,7.0,7.0,6.1,75000,No,Yes
INT-01624,Marketing,21,5.3,6.1,3.8,0,No,Yes
INT-01625,IT,11,7.7,5.4,1.8,50000,No,Yes
INT-01626,Engineering,6,9.1,7.4,7.4,25000,No,Yes
INT-01627,IT,20,7.0,7.6,1.0,50000,No,Yes
INT-01628,Engineering,21,6.0,7.8,11.7,50000,Yes,No
INT-01629,IT,9,7.8,7.6,0.9,100000,No,Yes
INT-01630,Admin,11,5.2,7.6,28.7,50000,No,No
INT-01631,Finance,16,7.9,8.4,11.1,25000,Yes,Yes
INT-01632,Admin,11,8.1,5.4,18.7,75000,No,No
INT-01633,Engineering,22,7.0,6.8,5.1,75000,Yes,No
INT-01634,Finance,9,8.8,7.6,1.0,50000,No,Yes
INT-01635,Marketing,18,7.0,6.2,2.6,50000,No,No
INT-01636,IT,13,6.1,8.4,28.8,100000,No,No
INT-01637,Admin,20,8.1,9.5,8.2,50000,No,Yes
INT-01638,IT,4,7.5,6.9,2.6,100000,No,Yes
INT-01639,Marketing,10,6.8,9.1,5.8,25000,No,Yes
INT-01640,Marketing,16,7.5,8.1,3.6,50000,No,Yes
INT-01641,Engineering,6,7.9,8.1,5.9,25000,No,Yes
INT-01642,Finance,22,9.2,5.9,15.0,0,No,Yes
INT-01643,Engineering,18,8.3,6.7,2.5,75000,Yes,Yes
INT-01644,Engineering,8,5.5,7.9,4.6,25000,No,No
INT-01645,IT,14,7.0,8.6,5.2,75000,No,Yes
INT-01646,Finance,21,6.4,9.1,7.6,50000,Yes,Yes
INT-01647,IT,6,8.4,8.3,1.1,100000,No,Yes
INT-01648,Finance,9,8.9,8.3,2.4,100000,No,No
INT-01649,Finance,6,6.3,8.5,4.6,50000,Yes,No
INT-01650,Engineering,8,8.8,5.2,13.8,50000,Yes,No
INT-01651,IT,12,5.6,6.8,2.2,25000,No,No
INT-01652,Admin,22,7.6,7.9,17.6,50000,No,No
INT-01653,IT,16,8.4,7.7,3.8,50000,No,Yes
INT-01654,Admin,9,5.2,8.0,2.8,75000,No,No
INT-01655,IT,14,9.2,6.7,4.7,150000,No,Yes
INT-01656,Marketing,24,7.9,8.0,7.0,25000,No,No
INT-01657,Engineering,24,8.7,6.6,11.1,100000,No,No
INT-01658,Admin,17,8.6,9.0,5.7,50000,Yes,No
INT-01659,Admin,9,8.4,8.1,14.1,50000,Yes,Yes
INT-01660,Admin,9,8.3,7.3,14.2,50000,Yes,Yes
INT-01661,Engineering,20,5.7,9.7,0.5,50000,Yes,Yes
INT-01662,Engineering,14,6.4,9.2,13.0,50000,No,Yes
INT-01663,Marketing,18,4.8,6.8,5.2,0,No,Yes
INT-01664,Admin,12,6.9,6.1,27.8,100000,No,No
INT-01665,Marketing,24,7.1,9.3,14.2,50000,No,Yes
INT-01666,Finance,20,6.4,7.0,4.4,25000,No,Yes
INT-01667,IT,10,9.1,7.3,8.6,75000,Yes,Yes
INT-01668,Marketing,10,8.9,6.4,2.2,100000,No,Yes
INT-01669,IT,24,6.1,6.7,3.2,75000,Yes,No
INT-01670,Finance,4,8.7,9.3,2.3,75000,Yes,Yes
INT-01671,Admin,11,7.8,9.7,11.6,25000,Yes,Yes
INT-01672,Finance,8,6.7,8.6,0.6,25000,No,Yes
INT-01673,Finance,22,7.5,6.9,4.7,25000,Yes,Yes
INT-01674,Finance,11,7.8,6.0,15.0,25000,No,Yes
INT-01675,Finance,20,8.1,7.3,10.4,25000,Yes,Yes
INT-01676,Admin,22,6.8,4.6,4.9,150000,No,Yes
INT-01677,IT,15,6.4,5.8,8.5,25000,Yes,Yes
INT-01678,Admin,18,9.4,8.5,5.0,150000,No,Yes
INT-01679,IT,7,5.5,4.9,15.4,25000,No,No
INT-01680,Engineering,15,9.3,8.3,7.3,75000,Yes,Yes
INT-01681,Admin,16,8.9,9.2,8.5,25000,No,Yes
INT-01682,Marketing,17,6.1,9.6,36.3,75000,No,No
INT-01683,Engineering,8,7.2,4.9,12.3,100000,No,No
INT-01684,Finance,19,8.3,8.7,3.2,0,Yes,Yes
INT-01685,IT,10,6.4,4.0,12.4,150000,Yes,No
INT-01686,Finance,18,7.5,7.0,21.6,25000,No,No
INT-01687,Marketing,16,7.6,4.8,3.3,50000,No,Yes
INT-01688,Admin,19,9.0,7.9,14.1,150000,No,Yes
INT-01689,Engineering,15,5.7,9.4,2.7,100000,No,Yes
INT-01690,Finance,10,8.7,6.0,5.1,25000,No,Yes
INT-01691,IT,19,8.8,7.2,9.9,75000,No,Yes
INT-01692,Engineering,16,7.7,5.7,2.7,100000,No,Yes
INT-01693,Admin,6,8.0,4.5,2.2,75000,No,No
INT-01694,IT,18,8.9,8.0,5.5,25000,No,Yes
INT-01695,Admin,6,6.9,6.3,12.7,50000,No,No
INT-01696,IT,10,6.0,9.3,7.7,25000,No,Yes
INT-01697,IT,21,8.6,8.5,10.2,75000,No,Yes
INT-01698,IT,17,9.1,7.0,9.9,50000,No,Yes
INT-01699,Marketing,21,9.2,8.2,6.8,150000,No,Yes
INT-01700,Engineering,22,8.8,6.8,3.5,25000,Yes,Yes
INT-01701,Marketing,17,8.5,7.8,4.9,100000,No,Yes
INT-01702,Admin,23,6.2,6.8,4.3,25000,No,No
INT-01703,Admin,9,6.1,7.3,1.2,50000,No,Yes
INT-01704,Engineering,11,8.2,7.4,18.8,50000,No,No
INT-01705,Admin,10,9.4,4.3,8.7,25000,No,Yes
INT-01706,IT,23,5.9,4.1,16.1,100000,Yes,Yes
INT-01707,Engineering,21,8.6,6.3,12.5,75000,No,No
INT-01708,IT,21,8.7,9.6,1.1,100000,Yes,Yes
INT-01709,Engineering,18,9.1,9.6,2.4,75000,No,Yes
INT-01710,Engineering,23,4.8,4.9,24.6,50000,No,No
INT-01711,IT,22,7.3,4.8,5.5,25000,No,Yes
INT-01712,IT,24,5.4,8.2,13.9,100000,Yes,Yes
INT-01713,Finance,24,9.1,4.3,7.4,75000,No,Yes
INT-01714,Admin,5,8.3,7.3,14.4,0,Yes,Yes
INT-01715,IT,11,7.4,5.3,11.1,25000,Yes,Yes
INT-01716,Marketing,24,8.9,7.2,3.1,25000,Yes,Yes
INT-01717,IT,14,9.2,7.4,38.4,100000,Yes,Yes
INT-01718,Engineering,21,8.8,6.5,5.9,150000,No,Yes
INT-01719,Marketing,16,7.8,8.5,7.5,100000,No,Yes
INT-01720,IT,12,5.2,8.9,6.7,100000,No,Yes
INT-01721,IT,12,7.7,8.2,17.8,50000,Yes,Yes
INT-01722,IT,20,9.3,7.2,3.1,50000,No,Yes
INT-01723,Admin,10,4.9,6.6,1.0,100000,No,Yes
INT-01724,IT,12,7.8,7.0,5.0,50000,Yes,Yes
INT-01725,Engineering,4,7.2,5.7,20.5,100000,No,Yes
INT-01726,IT,5,7.6,4.2,5.1,75000,No,Yes
INT-01727,Engineering,7,8.5,10.0,3.1,50000,No,Yes
INT-01728,Marketing,17,7.2,5.9,8.2,50000,No,No
INT-01729,Finance,7,4.0,8.2,11.2,0,No,No
INT-01730,Engineering,5,6.9,5.4,5.5,150000,No,Yes
INT-01731,Admin,11,8.1,9.7,4.3,100000,No,Yes
INT-01732,Engineering,21,7.7,9.9,4.1,0,No,Yes
INT-01733,Engineering,22,3.9,5.1,4.9,25000,Yes,No
INT-01734,Admin,17,9.6,6.2,15.3,50000,Yes,Yes
INT-01735,IT,23,4.8,4.6,5.8,50000,Yes,Yes
INT-01736,Finance,13,6.4,8.9,3.5,25000,No,Yes
INT-01737,Admin,20,4.7,5.8,2.1,150000,Yes,Yes
INT-01738,IT,11,9.2,9.0,3.2,75000,Yes,Yes
INT-01739,Admin,17,9.2,6.1,5.5,75000,Yes,Yes
INT-01740,Admin,24,7.5,5.8,6.8,50000,No,Yes
INT-01741,Finance,11,7.8,9.3,8.3,75000,No,Yes
INT-01742,Engineering,8,7.9,7.4,1.1,75000,No,Yes
INT-01743,Finance,19,9.4,9.5,8.1,25000,Yes,Yes
INT-01744,IT,11,6.6,5.6,4.0,50000,No,Yes
INT-01745,Admin,13,6.4,7.9,2.9,150000,No,Yes
INT-01746,Admin,11,7.5,7.4,3.7,150000,No,Yes
INT-01747,IT,12,8.0,6.5,12.8,0,Yes,Yes
INT-01748,IT,21,6.5,8.3,13.5,50000,No,Yes
INT-01749,Finance,6,7.6,6.0,1.4,150000,Yes,Yes
INT-01750,IT,20,4.4,6.9,6.0,0,No,Yes
INT-01751,Engineering,23,8.2,7.0,6.5,150000,No,Yes
INT-01752,IT,18,9.1,7.2,0.7,75000,Yes,No
INT-01753,IT,24,7.1,4.0,10.6,75000,No,Yes
INT-01754,IT,20,4.8,5.6,4.2,100000,Yes,Yes
INT-01755,Marketing,11,6.4,4.9,4.8,150000,No,Yes
INT-01756,Finance,5,8.2,5.4,8.0,50000,No,No
INT-01757,Marketing,20,8.1,6.5,5.6,100000,No,Yes
INT-01758,Admin,21,8.8,5.2,11.5,50000,Yes,Yes
INT-01759,IT,8,6.9,1.9,7.7,75000,No,Yes
INT-01760,Engineering,12,9.1,9.2,2.5,100000,No,Yes
INT-01761,Admin,12,7.8,6.7,16.9,25000,Yes,No
INT-01762,Finance,5,9.6,7.5,2.4,25000,No,Yes
INT-01763,IT,5,7.0,9.5,10.5,0,No,Yes
INT-01764,Admin,22,7.0,3.8,13.1,50000,No,No
INT-01765,IT,6,8.2,9.5,9.8,50000,No,Yes
INT-01766,Admin,20,6.9,5.6,4.9,50000,No,No
INT-01767,Engineering,17,6.0,7.1,17.3,100000,No,Yes
INT-01768,Admin,17,8.8,6.1,3.7,25000,No,Yes
INT-01769,Admin,17,8.3,6.6,9.8,100000,Yes,No
INT-01770,Admin,9,7.2,8.6,17.3,0,Yes,No
INT-01771,Admin,6,6.7,8.8,1.9,25000,No,Yes
INT-01772,Finance,4,9.5,5.5,9.0,25000,Yes,Yes
INT-01773,Finance,19,7.2,8.3,19.0,25000,No,No
INT-01774,Marketing,7,6.1,8.8,1.4,150000,Yes,Yes
INT-01775,Finance,4,9.6,7.7,1.8,100000,No,Yes
INT-01776,Admin,20,9.1,9.4,4.3,25000,No,Yes
INT-01777,Engineering,21,9.2,5.4,41.9,150000,Yes,Yes
INT-01778,Admin,11,9.5,7.5,2.5,50000,Yes,Yes
INT-01779,IT,5,7.7,6.3,3.6,75000,Yes,Yes
INT-01780,Finance,21,7.3,8.6,14.9,0,No,Yes
INT-01781,IT,19,7.4,6.0,1.6,75000,Yes,Yes
INT-01782,Marketing,13,6.4,8.0,45.1,0,No,No
INT-01783,Admin,11,8.3,3.6,11.2,75000,Yes,No
INT-01784,Engineering,15,8.0,8.6,26.1,75000,No,Yes
INT-01785,Engineering,19,7.5,5.9,1.7,75000,No,Yes
INT-01786,Finance,15,5.6,6.6,2.6,0,No,Yes
INT-01787,Engineering,14,8.9,6.2,4.2,150000,No,Yes
INT-01788,Engineering,23,9.3,9.8,0.9,50000,Yes,Yes
INT-01789,IT,22,6.6,7.2,1.0,75000,No,Yes
INT-01790,Engineering,4,8.8,6.9,19.2,50000,Yes,Yes
INT-01791,IT,6,8.2,8.8,0.8,100000,Yes,Yes
INT-01792,Engineering,15,9.2,6.2,11.6,25000,No,No
INT-01793,Engineering,12,9.6,9.0,10.6,75000,No,Yes
INT-01794,Engineering,24,7.7,9.9,1.1,75000,No,Yes
INT-01795,IT,8,8.4,7.8,2.2,75000,No,No
INT-01796,IT,4,8.7,4.5,5.4,75000,No,Yes
INT-01797,Engineering,13,9.3,8.1,8.7,0,No,Yes
INT-01798,IT,20,8.5,8.4,18.6,75000,No,Yes
INT-01799,IT,7,5.8,8.0,6.5,100000,No,No
INT-01800,IT,18,9.2,3.1,22.5,75000,Yes,Yes
INT-01801,Marketing,22,7.2,5.6,2.2,150000,No,Yes
INT-01802,Engineering,11,9.1,7.5,8.3,0,No,Yes
INT-01803,Admin,18,6.1,8.6,15.4,50000,Yes,No
INT-01804,IT,10,9.6,7.5,2.6,50000,No,Yes
INT-01805,Admin,18,8.3,5.1,12.9,25000,Yes,Yes
INT-01806,Finance,11,8.7,6.2,4.6,50000,No,Yes
INT-01807,Engineering,13,9.2,4.8,60.0,0,Yes,Yes
INT-01808,IT,21,5.2,7.4,1.3,0,No,Yes
INT-01809,IT,7,5.9,7.3,6.9,75000,No,No
INT-01810,IT,18,4.7,3.8,12.7,0,No,No
INT-01811,Engineering,14,9.4,7.1,9.5,100000,No,Yes
INT-01812,Finance,6,8.2,6.5,6.1,75000,Yes,Yes
INT-01813,IT,18,7.5,3.4,6.3,75000,No,Yes
INT-01814,IT,6,7.9,8.6,4.7,75000,Yes,Yes
INT-01815,IT,18,8.9,5.9,3.9,150000,No,Yes
INT-01816,Marketing,9,8.0,8.4,7.7,50000,No,Yes
INT-01817,IT,4,7.6,6.6,11.5,25000,Yes,Yes
INT-01818,Finance,17,8.4,9.5,3.1,75000,No,Yes
INT-01819,Engineering,19,7.4,8.5,23.9,50000,No,No
INT-01820,Admin,4,5.7,8.8,4.1,150000,Yes,No
INT-01821,IT,24,8.7,7.2,5.1,0,No,Yes
INT-01822,IT,20,8.5,9.0,4.7,75000,No,Yes
INT-01823,Engineering,11,7.4,9.2,1.4,100000,No,Yes
INT-01824,Finance,21,7.3,4.1,1.5,25000,Yes,Yes
INT-01825,Engineering,19,3.9,7.5,13.2,100000,No,No
INT-01826,Engineering,9,7.8,8.3,4.3,75000,Yes,Yes
INT-01827,IT,13,8.0,5.3,2.4,150000,Yes,Yes
INT-01828,Marketing,13,8.0,7.1,10.3,50000,No,Yes
INT-01829,Finance,8,6.6,6.6,26.2,25000,No,No
INT-01830,IT,15,7.6,7.6,22.6,75000,Yes,No
INT-01831,Marketing,23,9.3,9.4,10.8,50000,No,No
INT-01832,Engineering,20,9.1,8.6,2.2,25000,Yes,Yes
INT-01833,Engineering,17,9.0,4.4,1.8,75000,No,Yes
INT-01834,Engineering,17,7.2,9.4,16.9,100000,No,Yes
INT-01835,Finance,6,7.8,7.4,26.8,150000,No,No
INT-01836,Engineering,15,8.2,9.0,8.3,25000,Yes,Yes
INT-01837,IT,23,9.3,5.5,19.0,50000,No,Yes
INT-01838,Admin,21,5.1,9.3,14.0,25000,Yes,No
INT-01839,Marketing,15,8.8,8.9,1.8,150000,Yes,Yes
INT-01840,IT,5,8.1,8.8,2.5,100000,No,Yes
INT-01841,Admin,5,8.7,4.5,1.1,75000,No,Yes
INT-01842,Admin,20,8.5,4.5,5.6,150000,No,Yes
INT-01843,Admin,13,9.5,8.8,3.6,100000,No,Yes
INT-01844,Engineering,21,8.2,6.8,4.9,0,Yes,Yes
INT-01845,Marketing,22,8.7,7.6,0.6,100000,No,Yes
INT-01846,IT,24,7.3,5.6,10.7,25000,No,Yes
INT-01847,IT,4,8.7,8.3,2.3,50000,No,Yes
INT-01848,IT,7,8.2,9.1,4.2,25000,No,Yes
INT-01849,Finance,7,8.5,7.3,4.6,0,Yes,Yes
INT-01850,Engineering,5,8.3,6.0,1.0,75000,Yes,Yes
INT-01851,IT,22,8.8,3.1,4.1,150000,Yes,Yes
INT-01852,Finance,24,8.9,5.7,18.9,0,No,Yes
INT-01853,Finance,15,7.5,8.7,18.4,75000,Yes,Yes
INT-01854,Finance,13,7.2,8.7,0.7,25000,No,Yes
INT-01855,Marketing,16,9.3,7.3,0.7,0,Yes,Yes
INT-01856,IT,23,7.2,8.3,7.7,150000,No,No
INT-01857,Finance,18,6.5,9.6,2.3,0,No,Yes
INT-01858,Admin,6,7.9,6.4,18.8,25000,Yes,No
INT-01859,Finance,23,6.7,8.1,5.8,25000,No,Yes
INT-01860,Engineering,16,7.3,6.5,3.7,150000,No,Yes
INT-01861,Finance,11,7.4,7.2,25.0,50000,Yes,No
INT-01862,Engineering,10,8.6,8.9,3.6,0,No,Yes
INT-01863,IT,11,6.0,7.1,3.6,25000,No,No
INT-01864,Engineering,21,8.8,6.4,1.6,50000,Yes,Yes
INT-01865,Marketing,12,7.6,8.0,2.5,100000,Yes,Yes
INT-01866,Marketing,9,9.5,9.5,11.9,25000,No,Yes
INT-01867,IT,7,7.7,6.7,11.9,50000,No,Yes
INT-01868,IT,18,8.2,7.1,4.4,50000,Yes,Yes
INT-01869,IT,8,7.7,7.7,3.9,75000,No,Yes
INT-01870,Engineering,8,6.9,8.2,4.8,0,No,No
INT-01871,Finance,10,5.7,9.4,3.4,50000,No,Yes
INT-01872,IT,12,6.6,8.6,8.0,0,No,No
INT-01873,Engineering,10,6.7,5.9,15.0,150000,No,Yes
INT-01874,Finance,12,7.6,7.0,0.6,150000,No,Yes
INT-01875,Engineering,23,8.5,7.8,22.5,75000,No,Yes
INT-01876,Engineering,13,7.1,7.1,1.5,150000,Yes,Yes
INT-01877,Engineering,7,8.5,8.9,18.9,75000,No,Yes
INT-01878,Engineering,9,8.3,6.9,2.6,50000,No,Yes
INT-01879,IT,17,9.3,6.7,20.4,25000,No,No
INT-01880,Engineering,12,6.2,9.1,12.9,150000,No,No
INT-01881,Engineering,4,9.0,2.9,3.0,25000,Yes,Yes
INT-01882,Finance,20,6.9,8.8,0.7,100000,Yes,Yes
INT-01883,Engineering,16,7.5,9.4,10.6,50000,Yes,Yes
INT-01884,Finance,10,8.9,6.3,14.3,50000,Yes,Yes
INT-01885,IT,12,8.9,6.5,9.6,25000,No,Yes
INT-01886,Admin,14,5.6,6.8,4.3,100000,No,Yes
INT-01887,IT,6,7.9,7.6,1.6,100000,No,Yes
INT-01888,IT,15,9.1,7.0,3.9,100000,Yes,Yes
INT-01889,Engineering,24,7.5,5.5,3.0,75000,No,Yes
INT-01890,Marketing,6,7.4,5.5,10.8,0,No,No
INT-01891,IT,18,6.4,5.7,1.9,50000,Yes,Yes
INT-01892,Admin,24,9.6,7.1,14.2,100000,Yes,No
INT-01893,Finance,13,6.6,6.1,8.1,150000,Yes,Yes
INT-01894,IT,4,8.9,4.0,5.8,100000,No,Yes
INT-01895,Engineering,17,7.8,7.7,4.1,75000,Yes,Yes
INT-01896,Engineering,23,8.7,7.4,6.2,100000,No,Yes
INT-01897,Engineering,9,6.9,9.0,6.7,50000,No,Yes
INT-01898,IT,5,7.6,7.8,2.7,75000,Yes,Yes
INT-01899,Admin,11,6.9,9.5,36.4,100000,No,No
INT-01900,Finance,4,6.2,6.6,19.7,50000,No,No
INT-01901,Engineering,7,8.5,7.5,4.5,25000,Yes,Yes
INT-01902,IT,7,9.6,6.4,2.8,150000,Yes,Yes
INT-01903,Finance,8,7.8,6.2,3.4,100000,No,Yes
INT-01904,IT,23,7.2,7.3,31.9,25000,No,No
INT-01905,Engineering,12,7.3,8.6,4.7,25000,Yes,Yes
INT-01906,IT,16,4.7,7.9,19.9,75000,No,No
INT-01907,Marketing,21,5.2,8.9,1.0,75000,No,Yes
INT-01908,Admin,20,4.1,8.0,12.5,75000,No,No
INT-01909,Admin,4,8.7,9.1,12.0,150000,Yes,Yes
INT-01910,IT,18,7.0,5.7,8.9,50000,No,Yes
INT-01911,Admin,5,6.5,5.2,1.5,25000,No,Yes
INT-01912,Finance,19,9.4,5.1,32.4,25000,No,No
INT-01913,Marketing,23,7.1,9.1,2.4,75000,No,Yes
INT-01914,Admin,8,7.0,6.4,10.4,150000,Yes,Yes
INT-01915,Admin,22,9.2,7.4,11.6,75000,Yes,Yes
INT-01916,Engineering,8,9.1,7.9,11.9,25000,Yes,No
INT-01917,Finance,5,5.1,5.2,14.5,75000,No,No
INT-01918,Engineering,10,8.2,6.7,36.7,50000,No,No
INT-01919,Admin,6,9.1,6.9,1.3,50000,No,Yes
INT-01920,Admin,20,5.0,5.0,5.6,75000,No,No
INT-01921,Engineering,6,5.3,6.1,30.0,50000,No,No
INT-01922,IT,16,6.1,6.4,17.6,150000,Yes,No
INT-01923,Engineering,10,5.2,6.9,37.9,100000,No,No
INT-01924,Admin,6,7.8,5.1,7.5,50000,No,No
INT-01925,Finance,18,5.5,6.4,9.4,50000,No,No
INT-01926,IT,21,5.9,3.7,3.0,50000,No,Yes
INT-01927,Engineering,13,6.6,5.7,5.4,50000,No,No
INT-01928,Admin,10,8.7,7.3,0.7,75000,Yes,Yes
INT-01929,Engineering,12,8.4,7.4,10.7,100000,No,Yes
INT-01930,IT,8,8.5,9.6,21.3,25000,No,Yes
INT-01931,Engineering,23,8.6,8.1,1.5,150000,No,Yes
INT-01932,Engineering,11,6.2,8.4,5.3,50000,Yes,Yes
INT-01933,Engineering,17,8.9,8.4,8.3,75000,No,Yes
INT-01934,Engineering,7,5.4,7.3,8.5,100000,No,No
INT-01935,Engineering,23,7.3,9.0,3.4,100000,No,Yes
INT-01936,Finance,17,5.9,6.7,0.7,50000,Yes,No
INT-01937,IT,15,7.2,8.0,18.0,50000,No,Yes
INT-01938,Finance,5,4.6,8.1,1.3,75000,No,Yes
INT-01939,Admin,16,7.9,8.8,2.1,150000,Yes,Yes
INT-01940,IT,4,9.6,5.3,26.8,150000,No,No
INT-01941,IT,23,8.1,4.4,6.1,75000,No,Yes
INT-01942,Admin,10,3.9,2.4,17.1,25000,No,No
INT-01943,Finance,12,8.6,9.3,18.7,75000,No,Yes
INT-01944,Engineering,20,8.6,7.1,36.9,100000,Yes,No
INT-01945,Finance,24,5.4,5.6,0.8,150000,No,No
INT-01946,Engineering,16,6.3,7.7,0.9,50000,No,Yes
INT-01947,Admin,13,5.4,8.2,2.2,75000,No,Yes
INT-01948,IT,19,6.9,6.3,9.0,150000,No,Yes
INT-01949,Admin,9,6.4,3.3,2.9,100000,No,Yes
INT-01950,Admin,19,8.4,4.5,6.0,0,No,Yes
INT-01951,IT,14,7.3,7.1,12.8,150000,Yes,Yes
INT-01952,IT,23,6.4,7.5,2.1,25000,No,No
INT-01953,Engineering,6,8.1,8.8,3.2,100000,No,Yes
INT-01954,Engineering,12,8.1,8.2,10.9,50000,No,Yes
INT-01955,Marketing,18,7.7,6.5,0.6,25000,Yes,Yes
INT-01956,Marketing,16,8.0,7.0,11.8,100000,No,No
INT-01957,Engineering,13,7.3,8.4,9.5,0,Yes,No
INT-01958,Admin,23,6.5,4.7,1.6,75000,No,No
INT-01959,Engineering,16,6.9,5.0,2.7,25000,No,No
INT-01960,Finance,20,6.0,8.5,0.6,25000,No,No
INT-01961,IT,10,9.4,8.1,7.5,50000,Yes,Yes
INT-01962,Admin,9,6.1,8.2,4.5,150000,No,Yes
INT-01963,Finance,16,9.3,8.1,4.9,150000,No,Yes
INT-01964,Admin,20,9.4,9.3,1.4,25000,Yes,Yes
INT-01965,Engineering,18,9.5,7.0,4.0,100000,No,Yes
INT-01966,Engineering,7,6.9,7.3,20.6,75000,No,No
INT-01967,IT,18,8.6,5.6,1.0,50000,Yes,Yes
INT-01968,Admin,17,3.6,3.8,30.0,0,Yes,Yes
INT-01969,Admin,24,9.5,7.7,15.6,50000,No,Yes
INT-01970,IT,14,6.1,4.4,2.3,100000,No,No
INT-01971,IT,7,9.4,8.7,10.3,0,No,Yes
INT-01972,Finance,6,9.1,6.5,1.3,50000,Yes,Yes
INT-01973,IT,5,7.6,7.6,1.9,0,Yes,Yes
INT-01974,Engineering,23,9.3,8.7,5.9,0,No,Yes
INT-01975,IT,13,6.0,8.9,4.6,25000,No,No
INT-01976,Marketing,16,6.4,7.1,14.0,100000,No,No
INT-01977,IT,23,6.4,5.5,22.9,50000,No,Yes
INT-01978,Admin,24,5.7,8.8,23.4,75000,No,No
INT-01979,Finance,21,3.5,7.8,1.8,150000,No,Yes
INT-01980,Finance,24,7.0,7.7,9.8,0,Yes,No
INT-01981,IT,19,9.1,8.0,7.3,100000,No,Yes
INT-01982,Finance,14,8.6,7.4,4.2,25000,No,Yes
INT-01983,Admin,13,4.8,8.0,42.6,0,No,No
INT-01984,Admin,12,5.8,7.9,5.4,75000,No,No
INT-01985,IT,15,8.1,6.1,9.3,75000,Yes,Yes
INT-01986,IT,22,6.4,7.1,6.1,75000,Yes,Yes
INT-01987,Engineering,4,7.1,7.9,1.4,25000,Yes,Yes
INT-01988,Admin,21,8.8,4.5,1.7,25000,No,No
INT-01989,Admin,17,7.0,9.0,11.6,25000,No,Yes
INT-01990,Engineering,24,8.5,7.9,13.4,25000,No,Yes
INT-01991,Finance,4,5.9,7.1,4.1,50000,No,Yes
INT-01992,IT,20,8.3,5.8,1.1,150000,No,Yes
INT-01993,Engineering,14,6.6,5.1,25.7,150000,Yes,Yes
INT-01994,IT,23,6.5,9.1,6.0,0,No,Yes
INT-01995,Finance,18,7.6,3.8,1.7,0,No,No
INT-01996,Engineering,7,8.5,6.0,2.3,75000,Yes,Yes
INT-01997,Marketing,18,4.8,9.1,0.9,50000,Yes,Yes
INT-01998,IT,17,8.3,8.2,10.4,50000,No,Yes
INT-01999,IT,4,5.7,4.7,10.2,150000,Yes,No
INT-02000,IT,12,4.4,3.9,7.9,75000,No,No
INT-02001,IT,10,8.9,8.1,6.8,25000,No,Yes
INT-02002,IT,14,8.7,8.0,4.3,150000,Yes,Yes
INT-02003,Marketing,5,7.9,7.6,24.6,50000,Yes,No
INT-02004,IT,5,6.7,7.0,13.4,75000,No,No
INT-02005,IT,9,6.5,6.9,19.6,150000,Yes,No
INT-02006,Finance,22,6.9,7.1,3.5,25000,No,No
INT-02007,Admin,23,8.7,7.4,31.1,0,No,No
INT-02008,Finance,17,8.5,9.0,1.9,25000,No,Yes
INT-02009,IT,6,9.2,9.2,1.0,25000,No,Yes
INT-02010,Admin,10,5.9,8.8,3.6,50000,No,Yes
INT-02011,IT,10,7.6,7.0,2.3,50000,No,No
INT-02012,IT,7,4.9,9.4,6.3,75000,No,No
INT-02013,Marketing,8,7.7,7.8,3.9,50000,No,Yes
INT-02014,IT,20,6.6,9.3,2.0,75000,Yes,Yes
INT-02015,Engineering,7,6.7,7.9,15.4,25000,No,No
INT-02016,Admin,16,5.5,5.8,6.2,75000,No,Yes
INT-02017,Admin,19,8.6,9.8,1.4,150000,No,Yes
INT-02018,Finance,19,9.5,5.7,1.1,0,No,No
INT-02019,IT,5,6.8,9.6,4.4,50000,Yes,Yes
INT-02020,Engineering,21,8.1,8.3,19.6,75000,No,Yes
INT-02021,Marketing,4,7.5,8.3,6.2,25000,Yes,Yes
INT-02022,Engineering,21,5.8,8.8,1.7,25000,Yes,Yes
INT-02023,Marketing,11,5.8,8.3,2.8,150000,No,Yes
INT-02024,IT,14,8.6,8.7,0.9,75000,Yes,Yes
INT-02025,Admin,18,8.2,3.4,14.8,150000,Yes,Yes
INT-02026,IT,19,9.6,5.4,23.9,150000,No,Yes
INT-02027,Engineering,20,7.5,8.2,1.1,25000,No,Yes
INT-02028,Marketing,20,8.0,7.6,2.0,100000,No,Yes
INT-02029,IT,15,9.0,7.7,2.0,25000,No,No
INT-02030,Engineering,13,8.6,5.6,13.5,100000,Yes,Yes
INT-02031,IT,23,6.3,5.0,15.1,100000,Yes,No
INT-02032,Engineering,9,7.8,9.0,4.8,150000,No,Yes
INT-02033,Admin,11,9.0,7.2,28.4,150000,No,Yes
INT-02034,Marketing,16,7.6,6.6,2.9,75000,Yes,Yes
INT-02035,Engineering,5,8.1,7.2,6.5,75000,No,Yes
INT-02036,Admin,22,5.7,7.5,45.3,100000,No,No
INT-02037,IT,13,8.8,7.3,14.5,100000,No,Yes
INT-02038,IT,7,4.9,6.3,5.8,50000,No,No
INT-02039,IT,15,8.7,9.2,1.4,25000,No,Yes
INT-02040,IT,21,7.8,9.1,19.3,100000,No,Yes
INT-02041,Finance,10,6.2,9.3,6.7,75000,Yes,Yes
INT-02042,Engineering,23,9.2,7.6,3.4,75000,No,Yes
INT-02043,Engineering,7,8.1,4.4,5.3,50000,Yes,Yes
INT-02044,IT,10,7.8,4.1,3.5,150000,No,Yes
INT-02045,Finance,13,7.7,8.3,6.9,100000,No,Yes
INT-02046,Engineering,18,8.5,5.4,3.0,25000,Yes,Yes
INT-02047,IT,15,6.9,6.8,5.2,25000,Yes,Yes
INT-02048,Engineering,4,9.4,3.7,4.9,50000,No,Yes
INT-02049,Engineering,23,9.1,6.5,8.2,75000,No,Yes
INT-02050,IT,21,6.0,8.0,0.6,25000,No,Yes
INT-02051,Admin,19,5.5,9.4,7.8,50000,No,No
INT-02052,Admin,8,7.2,9.4,7.7,25000,Yes,No
INT-02053,IT,22,8.2,8.7,4.5,50000,Yes,Yes
INT-02054,Marketing,7,7.2,4.4,2.8,75000,No,Yes
INT-02055,Finance,9,8.8,7.8,15.1,25000,Yes,Yes
INT-02056,Engineering,20,5.1,8.4,3.9,150000,No,Yes
INT-02057,Admin,10,7.6,8.3,3.5,150000,No,Yes
INT-02058,Admin,10,8.4,7.5,5.5,75000,No,Yes
INT-02059,Engineering,12,9.2,4.4,3.1,25000,No,No
INT-02060,Engineering,16,7.3,9.0,14.7,50000,No,Yes
INT-02061,IT,23,6.7,8.4,7.2,75000,No,Yes
INT-02062,Engineering,17,8.8,7.4,11.7,25000,No,Yes
INT-02063,Finance,19,9.6,3.6,11.4,100000,No,Yes
INT-02064,Admin,12,8.5,7.6,12.9,0,Yes,Yes
INT-02065,IT,18,7.8,7.8,16.8,25000,Yes,Yes
INT-02066,Finance,8,8.1,7.3,20.7,50000,No,Yes
INT-02067,IT,21,6.5,8.4,4.4,150000,No,Yes
INT-02068,IT,24,7.8,5.9,5.2,100000,No,Yes
INT-02069,IT,23,9.2,6.4,0.9,0,No,Yes
INT-02070,Admin,11,6.2,8.4,21.3,50000,No,No
INT-02071,Finance,18,9.6,9.0,7.6,75000,No,Yes
INT-02072,Engineering,24,5.0,7.6,10.5,75000,Yes,Yes
INT-02073,IT,12,8.4,8.7,5.1,50000,No,Yes
INT-02074,Finance,22,5.5,7.3,5.6,25000,Yes,No
INT-02075,Finance,9,6.1,8.1,6.8,50000,No,No
INT-02076,Finance,7,5.1,8.6,13.2,75000,Yes,Yes
INT-02077,IT,14,9.8,5.6,8.1,100000,No,Yes
INT-02078,Admin,13,8.4,7.5,13.8,50000,No,Yes
INT-02079,Marketing,6,7.0,9.0,2.5,150000,No,Yes
INT-02080,Finance,4,6.5,5.5,2.3,150000,No,Yes
INT-02081,IT,15,9.9,4.6,2.4,100000,Yes,Yes
INT-02082,IT,18,6.7,5.5,0.5,25000,Yes,Yes
INT-02083,Admin,18,7.7,8.3,2.1,100000,Yes,Yes
INT-02084,Marketing,24,6.7,7.9,1.5,50000,Yes,Yes
INT-02085,Engineering,17,8.9,8.9,5.3,25000,Yes,Yes
INT-02086,Admin,10,6.5,9.2,1.6,100000,No,Yes
INT-02087,IT,20,6.5,9.1,4.8,50000,No,Yes
INT-02088,Engineering,22,7.0,5.3,60.0,25000,Yes,No
INT-02089,Finance,10,5.9,7.7,6.1,75000,Yes,Yes
INT-02090,Admin,6,6.4,6.4,21.2,25000,No,No
INT-02091,Finance,6,6.1,8.9,10.2,50000,No,No
INT-02092,Marketing,21,9.0,8.8,18.5,50000,No,Yes
INT-02093,IT,23,8.5,9.7,8.4,50000,No,Yes
INT-02094,Engineering,17,7.3,7.3,13.8,50000,Yes,No
INT-02095,IT,6,7.1,5.9,3.4,75000,No,No
INT-02096,Finance,10,5.0,6.1,4.2,0,Yes,No
INT-02097,Engineering,10,4.3,5.9,26.3,50000,No,No
INT-02098,Engineering,8,9.1,8.2,3.0,50000,No,Yes
INT-02099,Finance,6,8.4,8.8,4.9,50000,No,Yes
INT-02100,Admin,21,7.1,7.5,8.9,75000,No,No
INT-02101,Marketing,18,6.5,8.5,4.5,75000,Yes,Yes
INT-02102,Engineering,23,8.6,8.2,0.7,50000,No,Yes
INT-02103,IT,17,9.2,6.4,13.1,100000,No,Yes
INT-02104,Engineering,7,9.8,9.2,3.8,25000,No,No
INT-02105,Finance,11,7.5,4.1,2.6,50000,Yes,No
INT-02106,Admin,24,7.0,8.8,6.1,75000,Yes,Yes
INT-02107,Finance,16,7.8,7.8,0.6,150000,No,Yes
INT-02108,Marketing,11,7.4,3.2,16.5,100000,No,No
INT-02109,IT,18,9.5,6.8,2.9,25000,Yes,Yes
INT-02110,Marketing,20,9.1,7.4,21.0,0,Yes,No
INT-02111,IT,8,8.1,9.8,9.6,75000,No,Yes
INT-02112,IT,23,8.7,5.8,6.9,50000,Yes,Yes
INT-02113,IT,7,5.7,8.2,13.6,50000,No,No
INT-02114,Finance,14,5.6,9.3,40.5,25000,No,No
INT-02115,Engineering,21,8.5,8.5,2.8,50000,No,Yes
INT-02116,IT,13,7.1,7.6,4.0,50000,Yes,Yes
INT-02117,Admin,20,8.8,5.9,5.8,25000,Yes,Yes
INT-02118,Engineering,18,6.8,8.8,6.7,0,No,Yes
INT-02119,IT,9,6.9,8.5,6.9,75000,No,Yes
INT-02120,Finance,24,9.1,7.2,6.9,150000,No,Yes
INT-02121,Finance,19,6.3,4.6,14.6,50000,No,No
INT-02122,Engineering,18,6.1,5.1,4.6,100000,No,No
INT-02123,Marketing,11,7.3,7.0,0.6,100000,No,Yes
INT-02124,Admin,12,6.4,9.5,17.2,50000,No,Yes
INT-02125,Marketing,14,7.7,7.7,9.2,50000,No,Yes
INT-02126,Engineering,5,6.7,5.4,2.2,100000,Yes,Yes
INT-02127,Engineering,16,7.9,7.6,0.7,25000,Yes,No
INT-02128,IT,7,7.1,6.5,3.5,50000,Yes,Yes
INT-02129,Finance,12,5.3,6.2,1.6,75000,No,Yes
INT-02130,Admin,8,8.1,8.5,18.7,75000,No,No
INT-02131,IT,22,7.0,7.8,3.1,25000,Yes,Yes
INT-02132,IT,6,7.4,7.2,10.3,25000,No,Yes
INT-02133,Engineering,24,4.9,8.6,9.1,25000,No,Yes
INT-02134,Engineering,6,4.5,8.4,10.5,100000,No,No
INT-02135,Engineering,9,9.4,5.8,6.5,150000,No,Yes
INT-02136,Finance,13,9.2,7.4,11.0,75000,No,Yes
INT-02137,IT,8,7.9,7.9,6.2,75000,No,No
INT-02138,Engineering,6,6.9,5.1,4.3,150000,No,Yes
INT-02139,IT,10,7.3,8.9,16.1,25000,Yes,No
INT-02140,Finance,21,8.1,7.0,5.4,0,Yes,Yes
INT-02141,Finance,11,9.6,8.3,7.2,25000,No,Yes
INT-02142,Engineering,4,7.9,4.0,5.5,50000,No,Yes
INT-02143,Engineering,7,7.9,7.3,12.5,75000,No,Yes
INT-02144,Admin,10,8.3,4.2,6.7,50000,Yes,No
INT-02145,Admin,17,6.6,2.8,5.6,50000,Yes,No
INT-02146,Finance,16,8.1,8.9,2.9,0,Yes,Yes
INT-02147,Admin,13,5.1,8.7,19.9,150000,No,No
INT-02148,Admin,21,7.2,6.2,16.4,75000,No,No
INT-02149,Admin,4,5.0,7.7,5.0,50000,No,No
INT-02150,Finance,7,7.3,8.7,9.1,75000,No,No
INT-02151,Admin,19,7.4,4.6,6.2,150000,No,No
INT-02152,IT,19,6.5,8.3,2.1,75000,No,Yes
INT-02153,Engineering,21,8.1,5.9,4.3,75000,No,Yes
INT-02154,Finance,11,7.3,8.2,15.9,25000,No,No
INT-02155,IT,13,6.7,8.0,13.3,100000,No,No
INT-02156,IT,19,8.9,8.5,1.4,100000,Yes,Yes
INT-02157,IT,14,6.9,7.1,1.1,0,No,Yes
INT-02158,Admin,9,7.3,8.2,15.9,100000,Yes,No
INT-02159,Admin,4,5.6,6.7,18.9,25000,Yes,No
INT-02160,Engineering,15,6.4,5.9,3.3,25000,No,Yes
INT-02161,Engineering,9,4.7,9.7,3.9,50000,No,Yes
INT-02162,Engineering,16,7.8,7.0,3.8,150000,Yes,Yes
INT-02163,Admin,20,5.7,8.3,1.6,75000,No,Yes
INT-02164,Finance,4,7.7,8.8,11.4,150000,Yes,Yes
INT-02165,Admin,11,5.3,8.9,4.2,0,No,Yes
INT-02166,Marketing,11,7.6,8.5,15.0,50000,Yes,No
INT-02167,Engineering,14,8.5,5.4,17.4,50000,No,Yes
INT-02168,IT,17,8.6,7.0,20.0,50000,Yes,Yes
INT-02169,Engineering,13,7.6,7.6,14.1,150000,No,Yes
INT-02170,Admin,18,6.0,5.8,12.9,50000,No,No
INT-02171,Engineering,10,7.6,8.1,5.3,25000,No,Yes
INT-02172,IT,10,5.2,5.9,0.7,75000,No,Yes
INT-02173,IT,13,7.8,5.7,1.5,25000,No,Yes
INT-02174,Finance,7,4.7,7.7,6.6,25000,Yes,No
INT-02175,IT,21,9.0,5.9,4.1,75000,Yes,Yes
INT-02176,Finance,13,8.9,7.0,14.6,75000,No,Yes
INT-02177,IT,22,7.5,7.2,7.1,50000,No,Yes
INT-02178,Engineering,17,8.3,6.3,1.3,50000,Yes,Yes
INT-02179,Engineering,16,7.0,9.5,5.7,25000,No,Yes
INT-02180,Engineering,18,9.6,5.3,14.3,100000,No,Yes
INT-02181,Admin,19,8.1,8.2,16.4,100000,No,Yes
INT-02182,IT,5,9.3,8.6,2.0,25000,Yes,Yes
INT-02183,IT,7,8.1,8.9,1.3,50000,No,Yes
INT-02184,Admin,24,8.1,8.6,4.4,50000,Yes,No
INT-02185,Engineering,21,5.8,7.6,1.0,100000,No,No
INT-02186,Marketing,20,9.0,9.7,10.9,150000,Yes,Yes
INT-02187,Finance,13,7.9,3.4,5.2,25000,Yes,No
INT-02188,Finance,24,8.1,6.0,2.3,0,No,No
INT-02189,Finance,12,8.3,7.2,1.4,0,No,Yes
INT-02190,Engineering,18,4.6,5.8,21.5,25000,No,No
INT-02191,IT,15,9.4,6.9,0.9,75000,No,Yes
INT-02192,Marketing,24,7.4,9.4,1.3,50000,Yes,Yes
INT-02193,Engineering,12,6.7,4.4,2.6,150000,Yes,Yes
INT-02194,Engineering,17,7.6,8.7,1.3,0,No,Yes
INT-02195,IT,16,8.1,8.9,8.8,75000,No,Yes
INT-02196,Admin,9,4.0,8.4,2.5,50000,Yes,No
INT-02197,Admin,22,8.8,8.5,5.7,50000,No,Yes
INT-02198,Finance,7,8.8,7.9,16.2,75000,No,No
INT-02199,Engineering,23,6.7,8.6,14.4,25000,No,Yes
INT-02200,Admin,20,4.3,7.7,1.8,75000,No,Yes
INT-02201,Marketing,22,8.0,7.4,1.2,150000,No,Yes
INT-02202,IT,6,7.7,9.3,9.2,50000,No,No
INT-02203,Admin,17,9.0,7.2,2.4,50000,No,Yes
INT-02204,IT,20,7.0,9.5,12.7,100000,No,Yes
INT-02205,Engineering,16,5.9,8.2,5.1,50000,Yes,Yes
INT-02206,Marketing,12,5.8,8.9,1.8,150000,Yes,No
INT-02207,IT,4,8.3,5.8,29.8,75000,No,No
INT-02208,Finance,20,5.4,5.4,1.0,0,Yes,Yes
INT-02209,IT,19,9.4,5.8,1.6,50000,Yes,Yes
INT-02210,Marketing,21,7.7,4.0,13.9,50000,Yes,Yes
INT-02211,Finance,5,6.7,3.5,5.3,25000,No,No
INT-02212,Finance,17,9.3,7.7,22.8,75000,No,Yes
INT-02213,IT,20,7.4,8.0,1.5,0,No,Yes
INT-02214,Marketing,6,9.4,8.9,1.9,75000,No,Yes
INT-02215,Engineering,5,5.5,6.0,0.5,75000,Yes,Yes
INT-02216,Admin,11,8.7,8.9,2.5,75000,No,Yes
INT-02217,Finance,5,9.4,4.9,9.1,50000,No,No
INT-02218,IT,5,5.5,9.0,10.8,50000,Yes,No
INT-02219,Finance,12,7.9,8.8,5.0,150000,No,Yes
INT-02220,IT,23,9.2,8.2,2.9,25000,No,Yes
INT-02221,Engineering,24,4.7,8.6,10.6,75000,No,Yes
INT-02222,Engineering,9,9.1,6.9,2.0,25000,No,Yes
INT-02223,IT,15,7.2,9.1,12.2,0,Yes,Yes
INT-02224,IT,12,7.0,8.1,12.9,100000,No,Yes
INT-02225,IT,10,8.1,7.0,5.2,100000,No,Yes
INT-02226,Admin,15,8.3,7.8,2.2,25000,No,Yes
INT-02227,Admin,8,8.5,9.1,8.5,50000,No,Yes
INT-02228,Engineering,19,8.8,8.4,15.9,75000,Yes,Yes
INT-02229,IT,8,8.5,8.8,6.5,50000,Yes,Yes
INT-02230,IT,15,6.3,4.4,5.4,50000,No,Yes
INT-02231,Engineering,23,5.9,7.4,31.5,150000,No,No
INT-02232,IT,12,8.5,8.6,6.7,75000,No,Yes
INT-02233,Marketing,10,7.4,7.1,0.8,150000,Yes,Yes
INT-02234,Finance,22,8.9,8.7,6.1,50000,No,Yes
INT-02235,Engineering,23,9.7,5.7,5.2,50000,Yes,Yes
INT-02236,Engineering,14,4.4,6.1,3.3,150000,Yes,Yes
INT-02237,Finance,24,8.0,7.3,3.6,50000,Yes,Yes
INT-02238,IT,15,8.8,8.0,21.9,50000,No,Yes
INT-02239,IT,6,5.6,8.8,1.6,75000,Yes,Yes
INT-02240,IT,20,9.3,9.4,12.1,0,No,Yes
INT-02241,Finance,10,6.1,4.1,19.1,50000,No,No
INT-02242,IT,13,7.0,6.2,2.9,150000,No,Yes
INT-02243,Engineering,18,5.1,7.3,1.1,100000,No,Yes
INT-02244,Marketing,5,8.4,8.3,3.4,75000,Yes,Yes
INT-02245,Finance,16,7.6,8.5,5.0,50000,No,Yes
INT-02246,Engineering,7,6.0,3.8,24.7,50000,No,No
INT-02247,IT,21,7.6,7.6,5.0,25000,No,Yes
INT-02248,Finance,4,6.5,7.3,1.3,25000,No,Yes
INT-02249,Engineering,5,8.8,6.6,1.8,25000,No,Yes
INT-02250,IT,5,6.7,6.3,4.0,150000,Yes,Yes
INT-02251,IT,7,5.7,5.3,2.1,25000,No,No
INT-02252,Marketing,6,9.3,6.6,1.0,50000,No,No
INT-02253,Engineering,20,9.0,7.8,2.0,75000,Yes,Yes
INT-02254,Finance,17,6.0,4.4,1.4,75000,No,No
INT-02255,Finance,5,4.1,9.1,2.3,50000,Yes,Yes
INT-02256,Engineering,19,8.4,7.9,45.6,25000,No,No
INT-02257,Engineering,14,5.2,5.6,5.2,50000,Yes,No
INT-02258,Admin,16,7.3,8.5,9.1,25000,No,Yes
INT-02259,Admin,4,7.9,4.6,1.9,50000,No,No
INT-02260,Admin,5,7.2,8.7,15.6,75000,Yes,Yes
INT-02261,Finance,5,8.8,7.6,3.0,25000,No,Yes
INT-02262,Engineering,24,4.5,8.5,32.9,0,Yes,No
INT-02263,Finance,8,8.0,2.1,15.0,100000,No,No
INT-02264,Admin,7,9.5,8.0,24.6,100000,Yes,No
INT-02265,Engineering,15,9.0,7.6,9.3,100000,No,Yes
INT-02266,Engineering,6,4.3,3.6,9.1,50000,No,No
INT-02267,Engineering,23,8.9,8.6,15.2,25000,No,Yes
INT-02268,Engineering,13,9.5,6.1,10.6,75000,Yes,Yes
INT-02269,IT,23,8.9,3.0,8.0,25000,Yes,Yes
INT-02270,Engineering,21,7.3,6.2,4.0,75000,No,No
INT-02271,IT,24,6.4,6.8,2.5,25000,No,Yes
INT-02272,Admin,24,5.6,9.6,12.7,25000,No,No
INT-02273,Admin,24,9.1,6.2,4.4,0,No,Yes
INT-02274,Engineering,13,7.8,6.5,1.0,50000,Yes,Yes
INT-02275,Marketing,4,8.2,8.3,5.7,100000,No,Yes
INT-02276,Engineering,9,8.9,6.1,9.1,75000,Yes,No
INT-02277,Engineering,14,6.8,3.2,0.7,25000,No,No
INT-02278,Engineering,5,8.5,5.4,10.3,25000,Yes,No
INT-02279,Engineering,10,8.5,7.8,2.5,150000,Yes,No
INT-02280,IT,23,3.0,8.7,2.5,100000,No,No
INT-02281,IT,24,9.4,9.4,7.1,75000,No,Yes
INT-02282,Admin,24,8.7,7.0,3.8,50000,No,Yes
INT-02283,Admin,24,5.2,4.9,5.3,100000,Yes,No
INT-02284,IT,21,9.2,9.2,6.3,50000,Yes,Yes
INT-02285,IT,24,5.8,9.4,20.8,75000,Yes,Yes
INT-02286,IT,22,7.1,7.9,2.3,50000,Yes,Yes
INT-02287,Marketing,7,8.0,9.0,5.5,75000,Yes,Yes
INT-02288,Admin,16,7.5,5.6,12.8,50000,Yes,No
INT-02289,Admin,21,9.9,9.5,2.3,150000,Yes,Yes
INT-02290,IT,23,9.0,5.0,1.2,150000,Yes,Yes
INT-02291,Engineering,16,9.6,6.9,0.6,50000,Yes,Yes
INT-02292,IT,22,5.4,6.1,1.4,150000,No,No
INT-02293,IT,20,8.9,8.1,3.1,75000,No,Yes
INT-02294,Engineering,4,5.2,9.1,4.7,100000,No,Yes
INT-02295,IT,9,5.5,8.2,7.7,100000,Yes,No
INT-02296,IT,22,7.3,9.8,2.3,150000,No,Yes
INT-02297,IT,23,7.8,7.7,3.0,25000,Yes,Yes
INT-02298,IT,4,8.3,8.5,10.1,75000,No,Yes
INT-02299,IT,11,7.5,9.7,19.7,150000,No,No
INT-02300,Admin,20,5.3,7.3,1.7,0,No,Yes
INT-02301,Finance,24,7.3,9.4,5.6,150000,No,Yes
INT-02302,Engineering,18,8.6,3.8,3.3,150000,No,Yes
INT-02303,Engineering,21,5.2,8.7,6.5,50000,No,Yes
INT-02304,IT,10,7.7,5.6,1.5,75000,No,No
INT-02305,Marketing,19,6.0,9.1,3.0,0,No,Yes
INT-02306,Admin,10,8.9,7.6,10.4,0,No,Yes
INT-02307,IT,20,7.1,4.6,14.2,0,No,Yes
INT-02308,Engineering,7,9.1,5.0,8.3,50000,No,Yes
INT-02309,IT,15,6.5,7.6,23.6,25000,No,No
INT-02310,Admin,16,5.2,4.3,9.0,100000,No,Yes
INT-02311,Engineering,7,7.8,9.4,11.5,25000,No,Yes
INT-02312,Finance,24,9.2,7.1,4.0,25000,No,Yes
INT-02313,Admin,4,6.8,8.7,2.0,50000,No,No
INT-02314,Engineering,4,9.5,7.1,9.1,25000,No,No
INT-02315,Marketing,10,9.1,5.4,20.6,75000,No,Yes
INT-02316,IT,12,8.9,5.9,32.6,50000,Yes,No
INT-02317,IT,4,7.6,5.9,5.3,100000,No,No
INT-02318,Admin,19,8.3,9.1,6.7,100000,Yes,Yes
INT-02319,Admin,21,8.9,8.8,3.5,75000,Yes,Yes
INT-02320,Admin,18,5.5,6.6,9.4,75000,Yes,No
INT-02321,Marketing,9,6.6,7.5,12.1,25000,Yes,Yes
INT-02322,Engineering,5,7.1,6.1,0.8,75000,No,Yes
INT-02323,Engineering,12,4.5,9.2,15.5,50000,No,No
INT-02324,Admin,7,7.3,7.5,6.3,75000,Yes,Yes
INT-02325,Finance,16,6.5,4.7,7.4,75000,Yes,Yes
INT-02326,Marketing,14,9.2,5.6,2.3,75000,No,Yes
INT-02327,Finance,16,8.3,4.4,0.6,100000,Yes,Yes
INT-02328,IT,14,7.7,9.1,24.8,75000,No,Yes
INT-02329,Engineering,22,7.8,6.3,21.6,100000,Yes,No
INT-02330,IT,11,4.3,7.8,12.4,50000,No,No
INT-02331,IT,10,6.3,7.5,5.6,100000,Yes,Yes
INT-02332,IT,19,8.9,9.3,3.6,50000,No,No
INT-02333,Engineering,6,8.1,6.7,1.9,50000,No,Yes
INT-02334,Engineering,20,8.1,9.1,1.2,100000,No,Yes
INT-02335,IT,21,6.7,9.5,5.4,25000,No,Yes
INT-02336,Admin,18,9.6,8.8,13.1,75000,Yes,Yes
INT-02337,Admin,20,6.0,7.1,10.9,25000,No,No
INT-02338,Admin,14,5.8,7.4,11.8,25000,Yes,No
INT-02339,IT,8,9.4,7.7,1.5,75000,Yes,Yes
INT-02340,Admin,19,9.8,6.0,16.4,0,No,Yes
INT-02341,Finance,18,7.0,6.2,13.5,75000,No,Yes
INT-02342,IT,13,7.5,8.2,1.3,75000,No,Yes
INT-02343,IT,17,7.0,6.9,4.0,150000,No,Yes
INT-02344,Admin,5,6.6,5.3,4.3,100000,No,No
INT-02345,Marketing,19,9.9,5.0,11.1,100000,Yes,Yes
INT-02346,Engineering,22,6.5,9.6,16.3,25000,Yes,No
INT-02347,Engineering,11,8.1,4.8,4.3,50000,No,Yes
INT-02348,Admin,18,9.6,4.2,1.6,150000,No,Yes
INT-02349,Engineering,13,8.2,9.5,1.2,75000,Yes,Yes
INT-02350,IT,8,5.9,8.3,8.6,75000,No,Yes
INT-02351,Engineering,23,8.9,8.3,6.0,75000,No,Yes
INT-02352,Marketing,19,8.4,7.8,19.1,150000,No,Yes
INT-02353,Engineering,24,6.9,9.1,25.1,75000,No,Yes
INT-02354,Finance,15,7.4,6.5,18.8,100000,No,Yes
INT-02355,Engineering,16,6.9,9.4,1.1,150000,No,Yes
INT-02356,IT,12,8.8,9.4,3.2,50000,No,Yes
INT-02357,Marketing,20,6.5,9.2,2.7,100000,No,Yes
INT-02358,IT,23,5.8,6.5,1.1,0,No,Yes
INT-02359,Engineering,15,6.2,6.8,20.5,25000,No,No
INT-02360,IT,8,9.3,5.3,18.5,25000,No,Yes
INT-02361,IT,15,5.6,3.5,4.5,0,Yes,No
INT-02362,Admin,4,5.1,9.2,26.0,50000,No,No
INT-02363,IT,23,8.9,5.2,7.1,150000,No,Yes
INT-02364,Admin,19,8.4,5.8,5.1,25000,No,Yes
INT-02365,Engineering,15,9.1,9.5,6.9,25000,No,Yes
INT-02366,IT,12,5.4,8.1,4.9,50000,No,Yes
INT-02367,IT,16,7.5,6.9,3.3,75000,No,Yes
INT-02368,Engineering,20,5.3,6.2,2.1,0,Yes,Yes
INT-02369,Admin,20,9.6,8.9,5.4,50000,Yes,Yes
INT-02370,Engineering,7,8.6,8.8,6.6,50000,No,Yes
INT-02371,Engineering,17,8.2,5.3,14.3,75000,No,Yes
INT-02372,Finance,22,6.9,7.3,5.6,75000,No,Yes
INT-02373,Engineering,10,8.3,8.8,14.6,25000,No,Yes
INT-02374,Admin,6,8.1,8.1,25.2,50000,No,Yes
INT-02375,Engineering,4,7.2,6.5,10.7,50000,No,No
INT-02376,IT,15,7.7,6.5,1.5,150000,Yes,Yes
INT-02377,Admin,18,6.7,9.4,5.4,75000,Yes,Yes
INT-02378,Finance,14,7.6,7.7,16.0,25000,No,Yes
INT-02379,Admin,13,9.6,7.0,5.9,25000,Yes,Yes
INT-02380,Finance,5,7.6,4.4,13.8,75000,No,No
INT-02381,Finance,7,6.3,6.9,12.5,50000,No,No
INT-02382,Finance,20,9.5,4.1,1.9,100000,No,Yes
INT-02383,Marketing,20,7.4,7.3,3.7,50000,No,Yes
INT-02384,Admin,11,8.3,8.2,12.0,0,Yes,Yes
INT-02385,Admin,17,3.9,6.7,1.9,75000,No,Yes
INT-02386,Engineering,7,7.0,7.9,4.9,25000,No,Yes
INT-02387,Admin,9,8.2,7.1,1.7,150000,Yes,Yes
INT-02388,Engineering,22,9.6,3.0,2.7,0,No,Yes
INT-02389,Engineering,7,7.9,7.4,3.2,25000,No,Yes
INT-02390,Engineering,6,5.8,7.4,6.5,75000,No,No
INT-02391,Admin,23,7.8,6.9,19.9,25000,No,Yes
INT-02392,IT,9,8.1,7.4,4.4,75000,Yes,Yes
INT-02393,Admin,10,9.1,8.0,15.7,50000,No,Yes
INT-02394,IT,17,8.8,6.8,10.0,25000,No,Yes
INT-02395,Finance,15,7.6,7.0,12.6,50000,No,No
INT-02396,Admin,19,7.7,7.0,12.0,75000,Yes,Yes
INT-02397,IT,23,8.7,9.4,3.4,75000,Yes,Yes
INT-02398,IT,11,7.5,7.5,2.7,50000,No,Yes
INT-02399,Engineering,5,9.3,7.7,30.9,75000,No,No
INT-02400,Engineering,16,8.6,8.3,11.2,50000,No,No
INT-02401,Admin,11,6.6,4.7,4.1,75000,No,No
INT-02402,IT,24,8.2,6.7,7.0,25000,No,No
INT-02403,Admin,23,8.3,4.1,12.5,150000,No,Yes
INT-02404,Admin,19,7.3,7.2,1.0,25000,Yes,Yes
INT-02405,Engineering,7,6.2,7.3,1.3,100000,Yes,Yes
INT-02406,Engineering,19,8.6,7.4,0.7,25000,No,Yes
INT-02407,Admin,23,8.7,4.5,1.9,150000,No,Yes
INT-02408,IT,9,7.2,9.4,1.5,150000,Yes,Yes
INT-02409,Marketing,7,8.6,8.2,5.5,25000,Yes,Yes
INT-02410,Admin,19,6.2,6.4,3.2,25000,Yes,Yes
INT-02411,Engineering,24,8.5,8.9,0.9,75000,Yes,Yes
INT-02412,IT,16,7.4,5.0,5.3,75000,No,Yes
INT-02413,Admin,8,9.5,2.6,7.4,75000,No,No
INT-02414,IT,18,6.4,8.1,4.2,0,No,Yes
INT-02415,Engineering,11,6.0,7.1,2.9,75000,No,Yes
INT-02416,Marketing,10,5.2,6.2,4.5,75000,No,No
INT-02417,Admin,17,9.2,6.1,6.4,50000,Yes,Yes
INT-02418,IT,10,8.4,6.1,5.1,75000,No,Yes
INT-02419,IT,10,5.6,4.4,1.3,50000,No,Yes
INT-02420,Admin,21,8.1,7.5,5.4,50000,No,Yes
INT-02421,IT,13,7.2,7.4,10.7,100000,Yes,Yes
INT-02422,IT,21,6.5,6.7,14.2,25000,No,Yes
INT-02423,Finance,17,6.6,7.6,5.1,0,Yes,Yes
INT-02424,Admin,13,9.1,6.0,41.2,100000,Yes,No
INT-02425,IT,10,7.6,6.3,15.3,150000,Yes,Yes
INT-02426,Marketing,10,8.2,9.0,2.4,50000,No,Yes
INT-02427,IT,10,7.2,5.2,5.4,50000,No,Yes
INT-02428,Marketing,8,7.1,6.7,3.3,150000,No,Yes
INT-02429,Admin,4,5.0,7.1,6.9,25000,No,No
INT-02430,Finance,17,9.6,8.6,2.5,100000,No,Yes
INT-02431,Engineering,21,6.8,8.2,0.8,0,Yes,Yes
INT-02432,Finance,16,6.9,9.1,19.3,150000,No,Yes
INT-02433,Marketing,11,5.9,5.4,6.4,75000,Yes,No
INT-02434,IT,11,9.0,8.1,20.2,25000,No,Yes
INT-02435,Marketing,13,7.3,7.3,1.5,75000,No,Yes
INT-02436,Admin,20,5.7,7.6,1.8,100000,No,No
INT-02437,Admin,9,4.8,7.6,2.6,25000,No,Yes
INT-02438,Admin,18,6.5,7.3,5.4,100000,No,Yes
INT-02439,Engineering,18,6.7,7.3,17.5,150000,No,Yes
INT-02440,IT,19,9.5,8.2,8.9,150000,Yes,Yes
INT-02441,Engineering,11,8.0,7.9,1.0,50000,No,Yes
INT-02442,Engineering,22,7.8,9.0,4.7,75000,No,Yes
INT-02443,Finance,23,6.4,6.3,10.8,50000,Yes,No
INT-02444,Finance,18,7.6,4.6,3.6,0,Yes,No
INT-02445,Admin,6,6.6,8.1,5.9,25000,No,No
INT-02446,Admin,9,6.6,8.6,10.4,50000,No,Yes
INT-02447,IT,11,8.0,6.7,27.3,75000,No,No
INT-02448,IT,19,6.8,4.5,3.7,25000,Yes,No
INT-02449,IT,18,8.7,7.5,11.4,75000,No,No
INT-02450,Admin,16,7.8,9.2,11.5,150000,Yes,Yes
INT-02451,IT,23,4.9,7.8,6.8,50000,No,No
INT-02452,Marketing,18,9.2,6.0,13.9,75000,Yes,Yes
INT-02453,Engineering,21,9.0,3.7,6.6,100000,Yes,Yes
INT-02454,Admin,16,7.9,8.8,8.3,25000,Yes,Yes
INT-02455,Engineering,11,6.6,8.0,15.0,0,No,No
INT-02456,IT,17,8.5,8.6,5.7,75000,Yes,Yes
INT-02457,Admin,14,7.1,8.9,5.7,50000,No,Yes
INT-02458,Engineering,9,8.7,4.9,7.7,100000,No,Yes
INT-02459,Admin,4,9.3,7.7,13.5,75000,No,Yes
INT-02460,Admin,5,5.8,8.6,1.6,50000,No,No
INT-02461,Marketing,16,8.1,5.3,12.3,25000,No,Yes
INT-02462,Finance,4,8.2,6.0,3.3,75000,No,Yes
INT-02463,Engineering,7,6.0,4.2,1.1,0,Yes,No
INT-02464,Engineering,5,7.4,4.6,13.1,50000,Yes,Yes
INT-02465,Engineering,24,9.0,6.1,1.8,150000,Yes,Yes
INT-02466,IT,23,8.2,4.7,2.4,0,No,Yes
INT-02467,Admin,19,7.0,9.0,10.3,150000,No,Yes
INT-02468,IT,6,5.9,8.1,7.2,50000,Yes,Yes
INT-02469,Admin,20,7.1,6.4,20.8,100000,No,No
INT-02470,Engineering,8,8.9,8.4,25.2,75000,No,No
INT-02471,IT,11,8.6,6.9,3.5,0,No,Yes
INT-02472,Marketing,15,8.4,8.8,3.6,100000,No,No
INT-02473,Marketing,15,4.9,5.8,2.4,100000,Yes,Yes
INT-02474,Engineering,4,8.7,7.3,6.3,100000,No,Yes
INT-02475,Engineering,4,6.6,8.3,4.3,75000,No,No
INT-02476,Finance,18,7.9,7.6,0.6,50000,No,Yes
INT-02477,IT,20,3.1,6.6,4.5,150000,No,No
INT-02478,Finance,5,8.4,8.3,1.0,150000,No,Yes
INT-02479,IT,20,6.6,9.1,13.3,75000,No,Yes
INT-02480,Finance,23,8.7,4.9,21.6,25000,Yes,No
INT-02481,IT,12,7.3,7.1,3.3,25000,Yes,Yes
INT-02482,Finance,15,8.5,4.2,8.9,100000,No,Yes
INT-02483,Marketing,7,5.7,7.6,1.2,25000,No,No
INT-02484,IT,16,7.7,9.8,4.1,25000,Yes,Yes
INT-02485,Admin,7,6.9,6.7,7.4,0,No,Yes
INT-02486,Marketing,10,7.6,7.2,1.4,75000,No,No
INT-02487,Admin,17,7.3,9.2,4.3,50000,Yes,Yes
INT-02488,Finance,12,7.8,6.4,25.4,25000,No,No
INT-02489,Engineering,4,8.0,8.1,2.0,50000,No,Yes
INT-02490,Admin,4,6.9,8.5,8.2,50000,No,No
INT-02491,IT,23,6.3,9.2,14.8,25000,Yes,Yes
INT-02492,IT,7,6.8,7.8,12.3,0,Yes,Yes
INT-02493,Finance,4,9.2,7.3,12.3,100000,No,Yes
INT-02494,Admin,13,7.8,9.3,1.0,25000,No,Yes
INT-02495,Engineering,5,8.2,6.0,29.6,100000,No,No
INT-02496,Admin,24,8.9,9.2,10.9,50000,No,Yes
INT-02497,Engineering,18,6.4,7.5,25.2,75000,No,No
INT-02498,Finance,6,7.0,6.6,31.5,50000,No,No
INT-02499,Marketing,12,6.4,7.0,4.0,75000,Yes,No
INT-02500,Admin,20,9.0,6.4,6.8,25000,No,Yes
INT-02501,Finance,24,4.4,9.2,11.0,25000,No,No
INT-02502,Finance,16,8.5,5.5,15.6,50000,No,Yes
INT-02503,Engineering,6,6.9,7.7,28.8,50000,No,No
INT-02504,Marketing,7,8.4,6.6,29.8,25000,No,No
INT-02505,IT,7,7.9,5.5,3.7,100000,Yes,Yes
INT-02506,IT,14,7.0,9.5,9.6,50000,Yes,Yes
INT-02507,Finance,10,7.6,6.7,1.8,100000,Yes,Yes
INT-02508,Admin,14,8.1,5.1,13.8,50000,No,No
INT-02509,Finance,14,8.8,8.4,1.9,50000,No,Yes
INT-02510,Finance,13,8.5,8.5,18.2,100000,No,No
INT-02511,IT,8,8.5,8.2,31.4,25000,No,No
INT-02512,Finance,16,8.9,5.6,1.2,0,No,Yes
INT-02513,Admin,15,9.7,8.6,6.2,25000,No,Yes
INT-02514,Engineering,13,9.0,5.6,3.0,0,Yes,Yes
INT-02515,Engineering,10,7.9,8.5,5.6,50000,No,No
INT-02516,Marketing,22,6.9,6.7,3.3,75000,No,Yes
INT-02517,IT,22,5.1,8.0,1.0,50000,Yes,Yes
INT-02518,Admin,22,8.4,6.7,4.5,150000,Yes,Yes
INT-02519,Engineering,15,5.8,6.4,2.3,0,Yes,Yes
INT-02520,Engineering,23,7.5,7.5,6.9,25000,No,Yes
INT-02521,Engineering,18,5.1,7.0,9.6,25000,No,No
INT-02522,IT,8,9.7,7.6,4.7,25000,No,Yes
INT-02523,IT,17,7.3,9.1,2.3,25000,No,Yes
INT-02524,Admin,15,7.8,8.9,2.2,25000,Yes,Yes
INT-02525,Finance,24,7.5,8.1,0.5,50000,No,Yes
INT-02526,IT,14,8.3,5.2,10.2,75000,No,Yes
INT-02527,IT,8,5.8,7.4,2.8,50000,No,No
INT-02528,Marketing,19,9.7,6.1,28.8,75000,No,Yes
INT-02529,IT,21,8.2,9.4,11.5,50000,Yes,Yes
INT-02530,Marketing,15,6.3,7.5,3.3,50000,No,No
INT-02531,Engineering,8,9.5,6.5,1.9,100000,No,Yes
INT-02532,Finance,19,6.8,6.8,8.3,50000,No,Yes
INT-02533,IT,15,7.7,8.2,16.5,50000,No,Yes
INT-02534,IT,5,9.2,9.0,7.5,100000,No,Yes
INT-02535,Engineering,9,9.7,6.4,0.6,50000,No,Yes
INT-02536,Finance,24,5.6,6.5,12.8,0,No,Yes
INT-02537,Engineering,7,8.2,9.0,27.1,25000,No,No
INT-02538,IT,16,4.5,7.1,0.9,150000,Yes,Yes
INT-02539,Finance,13,9.4,6.1,13.7,50000,No,Yes
INT-02540,Finance,20,6.1,8.6,10.7,100000,No,No
INT-02541,Engineering,17,7.2,4.5,4.6,25000,No,Yes
INT-02542,Finance,18,7.8,8.4,8.5,100000,Yes,Yes
INT-02543,Finance,11,9.7,7.1,1.9,100000,No,Yes
INT-02544,Engineering,21,8.0,6.8,10.7,25000,Yes,Yes
INT-02545,IT,6,8.3,7.6,7.5,75000,Yes,Yes
INT-02546,Admin,20,6.6,6.3,1.2,50000,No,No
INT-02547,IT,10,5.2,6.3,16.7,50000,No,No
INT-02548,Admin,16,8.7,9.7,1.6,100000,No,Yes
INT-02549,Admin,19,5.6,8.0,5.1,75000,No,No
INT-02550,IT,8,5.8,9.5,1.6,25000,No,Yes
INT-02551,Admin,7,9.7,8.4,8.8,100000,No,No
INT-02552,IT,13,9.1,7.4,11.2,50000,Yes,Yes
INT-02553,Finance,16,9.2,5.5,24.0,150000,No,Yes
INT-02554,Marketing,13,6.1,9.3,2.8,25000,No,Yes
INT-02555,IT,17,8.7,7.5,4.1,150000,Yes,Yes
INT-02556,Marketing,15,9.2,7.9,4.4,25000,Yes,Yes
INT-02557,Engineering,4,4.0,7.7,1.3,100000,Yes,Yes
INT-02558,IT,24,8.6,6.7,13.7,25000,No,Yes
INT-02559,IT,23,6.1,6.0,1.2,150000,Yes,Yes
INT-02560,Engineering,23,8.2,3.5,3.8,100000,No,No
INT-02561,Finance,10,8.7,9.3,2.2,25000,No,Yes
INT-02562,Engineering,12,8.7,5.8,9.2,75000,Yes,Yes
INT-02563,IT,11,9.1,8.2,19.4,25000,No,No
INT-02564,IT,16,7.9,9.5,11.5,25000,No,Yes
INT-02565,Admin,17,6.3,9.1,12.4,100000,No,Yes
INT-02566,IT,15,8.4,6.7,1.2,0,No,No
INT-02567,IT,11,2.8,8.1,11.2,75000,No,No
INT-02568,IT,24,7.6,6.3,1.0,50000,Yes,Yes
INT-02569,Finance,21,7.6,6.0,5.8,100000,No,Yes
INT-02570,Marketing,19,6.9,8.1,9.9,0,Yes,No
INT-02571,Admin,14,7.1,6.5,2.9,50000,No,Yes
INT-02572,Marketing,19,8.7,4.2,9.7,25000,No,No
INT-02573,Admin,17,7.0,6.0,17.5,75000,No,No
INT-02574,Admin,6,9.8,7.5,17.3,75000,No,Yes
INT-02575,IT,24,7.6,5.7,2.2,0,No,Yes
INT-02576,Engineering,5,8.2,8.6,3.1,75000,No,Yes
INT-02577,Marketing,6,7.5,8.1,9.3,50000,No,Yes
INT-02578,Engineering,7,9.5,6.4,15.2,100000,No,Yes
INT-02579,Admin,8,7.6,6.2,5.4,75000,No,Yes
INT-02580,Engineering,13,8.4,8.0,20.9,50000,Yes,No
INT-02581,IT,23,8.3,6.5,7.3,75000,Yes,Yes
INT-02582,Finance,5,8.2,5.3,2.9,75000,No,Yes
INT-02583,Engineering,15,5.8,8.4,0.7,75000,Yes,Yes
INT-02584,Admin,8,8.8,7.9,13.7,50000,No,Yes
INT-02585,Engineering,8,5.8,6.1,1.3,75000,Yes,Yes
INT-02586,Engineering,4,6.0,7.2,1.2,100000,Yes,Yes
INT-02587,IT,7,9.4,5.8,12.5,50000,No,Yes
INT-02588,Engineering,24,5.8,7.4,0.8,150000,No,Yes
INT-02589,IT,15,8.5,9.6,15.3,100000,No,Yes
INT-02590,Engineering,15,7.1,7.8,7.8,50000,Yes,Yes
INT-02591,Finance,19,5.8,8.4,8.6,0,No,Yes
INT-02592,Finance,20,6.9,8.7,22.8,150000,Yes,No
INT-02593,Engineering,24,8.2,6.2,16.6,50000,No,No
INT-02594,Engineering,13,7.4,2.9,1.1,50000,No,Yes
INT-02595,IT,20,6.5,8.4,15.8,100000,Yes,Yes
INT-02596,Finance,20,7.6,5.4,9.3,25000,No,Yes
INT-02597,IT,21,7.3,9.0,3.5,25000,Yes,Yes
INT-02598,Admin,5,5.3,7.4,15.9,100000,Yes,No
INT-02599,IT,7,5.9,6.5,0.7,50000,Yes,Yes
INT-02600,IT,22,9.0,9.2,15.0,75000,Yes,Yes
INT-02601,Engineering,14,6.2,7.4,8.2,50000,No,Yes
INT-02602,IT,20,7.5,7.7,2.9,25000,No,Yes
INT-02603,Engineering,15,7.9,6.7,0.5,150000,Yes,Yes
INT-02604,Admin,5,7.0,8.0,6.4,50000,No,No
INT-02605,IT,9,9.1,3.9,4.9,50000,No,Yes
INT-02606,Engineering,12,7.3,5.6,16.4,150000,No,No
INT-02607,IT,8,7.8,6.7,12.9,25000,Yes,Yes
INT-02608,IT,23,5.5,8.5,7.6,0,Yes,Yes
INT-02609,Engineering,24,7.3,8.7,1.8,50000,No,Yes
INT-02610,IT,12,7.5,7.9,10.9,100000,No,Yes
INT-02611,Finance,11,8.6,9.0,7.7,0,Yes,Yes
INT-02612,IT,23,9.7,8.1,0.7,100000,No,Yes
INT-02613,IT,11,5.0,8.4,12.0,25000,No,No
INT-02614,Engineering,24,8.7,5.2,14.8,75000,Yes,Yes
INT-02615,Admin,9,9.4,7.6,12.4,50000,No,Yes
INT-02616,IT,6,9.4,6.4,2.1,25000,No,Yes
INT-02617,Admin,8,8.8,7.0,6.1,50000,Yes,Yes
INT-02618,IT,12,4.8,9.3,6.5,25000,Yes,Yes
INT-02619,Finance,10,8.9,3.7,22.3,25000,Yes,No
INT-02620,Admin,7,9.3,9.0,21.3,100000,No,Yes
INT-02621,Finance,10,8.3,9.2,1.0,100000,No,Yes
INT-02622,Finance,8,5.6,6.0,57.5,75000,No,No
INT-02623,Admin,14,9.4,6.5,12.9,100000,No,Yes
INT-02624,Marketing,18,8.2,5.0,4.3,75000,No,Yes
INT-02625,Admin,5,5.0,4.9,11.4,25000,No,No
INT-02626,Marketing,16,8.5,5.8,4.3,100000,No,Yes
INT-02627,IT,19,6.8,5.6,22.5,25000,No,No
INT-02628,Engineering,10,5.7,6.8,4.3,50000,No,Yes
INT-02629,Admin,11,4.6,8.6,12.1,50000,Yes,Yes
INT-02630,Admin,9,7.9,4.9,1.8,50000,Yes,Yes
INT-02631,Engineering,10,7.2,9.8,15.8,75000,No,Yes
INT-02632,Engineering,21,8.3,8.2,8.3,25000,No,Yes
INT-02633,IT,23,6.7,8.3,13.7,75000,No,Yes
INT-02634,IT,10,6.6,5.0,4.8,50000,No,Yes
INT-02635,Engineering,6,8.1,7.9,3.9,25000,No,Yes
INT-02636,Engineering,8,5.7,5.6,6.6,100000,No,No
INT-02637,Marketing,4,7.5,5.4,4.4,50000,No,Yes
INT-02638,Finance,18,9.6,8.2,6.3,100000,No,Yes
INT-02639,Marketing,6,7.1,7.0,5.0,25000,No,Yes
INT-02640,Engineering,11,7.5,7.7,2.3,100000,No,No
INT-02641,IT,12,9.7,9.3,30.6,25000,Yes,Yes
INT-02642,IT,18,9.1,5.9,0.6,150000,Yes,Yes
INT-02643,Finance,13,4.9,6.6,21.3,100000,No,Yes
INT-02644,Engineering,5,6.6,5.7,14.6,75000,Yes,No
INT-02645,IT,23,9.2,6.3,4.9,50000,No,Yes
INT-02646,Admin,8,4.4,7.9,3.6,75000,No,No
INT-02647,Marketing,22,6.9,6.7,1.9,150000,Yes,Yes
INT-02648,Engineering,16,7.9,4.3,1.6,25000,No,Yes
INT-02649,Admin,14,5.7,6.0,6.9,50000,Yes,No
INT-02650,Admin,4,6.0,5.4,1.4,25000,No,No
INT-02651,IT,18,9.1,7.5,5.7,75000,Yes,Yes
INT-02652,Admin,21,9.5,9.3,14.0,50000,Yes,Yes
INT-02653,Admin,19,7.8,5.6,11.8,100000,Yes,Yes
INT-02654,IT,12,8.9,4.8,1.6,25000,No,Yes
INT-02655,Finance,4,6.5,4.3,26.5,25000,Yes,No
INT-02656,Admin,14,8.4,9.5,3.2,50000,No,Yes
INT-02657,Finance,12,5.6,6.3,10.3,50000,No,Yes
INT-02658,Finance,14,9.4,6.8,3.4,75000,Yes,Yes
INT-02659,IT,16,5.0,6.4,8.2,50000,Yes,No
INT-02660,Engineering,5,8.9,6.4,7.3,75000,No,Yes
INT-02661,Admin,17,8.0,9.8,2.1,75000,Yes,Yes
INT-02662,Finance,9,7.4,7.4,9.0,25000,No,Yes
INT-02663,IT,11,8.0,5.1,3.7,150000,No,Yes
INT-02664,Engineering,21,7.8,6.3,8.1,25000,Yes,Yes
INT-02665,Engineering,19,6.5,9.6,6.7,75000,Yes,Yes
INT-02666,IT,24,7.0,7.8,15.3,50000,No,Yes
INT-02667,IT,15,8.2,8.7,2.4,50000,No,Yes
INT-02668,Engineering,14,6.2,8.4,1.8,75000,No,Yes
INT-02669,Engineering,9,8.7,8.3,15.9,150000,No,Yes
INT-02670,Admin,6,8.3,7.3,5.2,0,No,No
INT-02671,Engineering,17,7.5,6.3,12.7,75000,No,Yes
INT-02672,Admin,5,7.9,7.3,26.2,25000,Yes,No
INT-02673,Engineering,14,9.5,7.3,6.8,100000,No,Yes
INT-02674,IT,6,4.9,9.8,3.4,100000,No,No
INT-02675,Finance,21,7.1,6.9,13.1,50000,Yes,Yes
INT-02676,IT,4,7.3,8.1,21.9,50000,No,No
INT-02677,Admin,4,9.9,7.7,2.7,0,Yes,Yes
INT-02678,IT,15,8.3,7.8,9.8,100000,No,Yes
INT-02679,IT,18,5.8,7.8,12.6,150000,Yes,Yes
INT-02680,Engineering,8,6.5,4.5,0.7,75000,No,Yes
INT-02681,IT,9,8.8,8.5,7.7,25000,No,Yes
INT-02682,Finance,19,7.7,5.6,8.5,25000,No,No
INT-02683,IT,15,6.1,8.1,8.6,100000,No,Yes
INT-02684,Admin,15,8.2,7.9,1.2,0,No,Yes
INT-02685,Admin,6,9.0,5.3,0.7,0,No,Yes
INT-02686,IT,5,7.4,5.0,3.3,75000,Yes,Yes
INT-02687,IT,10,6.8,8.1,4.0,50000,Yes,Yes
INT-02688,Admin,5,8.3,5.3,1.7,0,Yes,No
INT-02689,Admin,24,5.4,4.2,6.2,100000,No,No
INT-02690,Admin,10,8.8,7.5,2.6,50000,No,Yes
INT-02691,Engineering,14,6.1,7.6,3.8,25000,Yes,Yes
INT-02692,Engineering,14,7.9,8.9,3.3,100000,No,Yes
INT-02693,IT,17,5.3,4.2,12.3,75000,Yes,Yes
INT-02694,Admin,6,6.4,8.4,17.3,50000,No,No
INT-02695,Marketing,17,6.3,8.9,3.3,50000,Yes,Yes
INT-02696,Engineering,14,8.8,6.7,4.3,50000,Yes,Yes
INT-02697,Engineering,7,5.5,9.4,14.0,50000,No,No
INT-02698,Admin,20,7.8,8.6,11.9,0,No,Yes
INT-02699,Finance,19,8.0,8.6,10.4,150000,No,Yes
INT-02700,Finance,6,8.0,7.3,10.3,25000,No,No
INT-02701,Engineering,13,7.1,8.8,3.3,0,No,Yes
INT-02702,Marketing,24,8.3,4.7,22.6,0,Yes,No
INT-02703,IT,18,7.9,8.2,13.8,75000,Yes,Yes
INT-02704,IT,11,8.4,5.3,2.4,100000,Yes,Yes
INT-02705,Finance,21,6.7,9.1,9.2,75000,Yes,Yes
INT-02706,Finance,6,7.5,6.3,1.8,50000,No,Yes
INT-02707,IT,10,7.7,8.3,7.4,50000,No,Yes
INT-02708,IT,13,5.4,5.9,3.2,25000,No,No
INT-02709,IT,23,4.8,7.3,1.4,25000,Yes,No
INT-02710,IT,12,8.1,8.9,7.9,0,Yes,Yes
INT-02711,Finance,17,9.1,8.2,17.8,75000,No,No
INT-02712,Engineering,17,7.4,8.2,1.7,50000,Yes,Yes
INT-02713,Admin,14,4.7,6.2,18.8,75000,No,No
INT-02714,Admin,4,5.8,7.6,1.6,75000,No,Yes
INT-02715,IT,7,8.9,4.4,11.3,150000,No,No
INT-02716,IT,9,9.2,6.1,37.0,50000,Yes,No
INT-02717,Engineering,8,6.7,7.5,1.3,25000,Yes,Yes
INT-02718,Marketing,6,8.0,4.6,2.4,25000,Yes,No
INT-02719,Finance,5,7.8,5.8,5.5,0,No,No
INT-02720,IT,6,9.3,6.8,11.2,25000,Yes,Yes
INT-02721,Finance,12,6.7,8.7,18.8,75000,No,No
INT-02722,Finance,22,8.4,7.6,10.9,50000,Yes,Yes
INT-02723,Finance,22,8.2,6.4,12.3,100000,No,Yes
INT-02724,Admin,20,6.7,7.4,5.3,0,No,Yes
INT-02725,Admin,21,7.3,8.2,4.0,150000,No,Yes
INT-02726,Admin,14,7.9,6.3,6.2,0,Yes,Yes
INT-02727,IT,15,9.0,9.0,8.9,150000,No,Yes
INT-02728,IT,6,6.4,7.9,6.1,25000,Yes,Yes
INT-02729,IT,21,5.8,3.3,13.0,25000,Yes,No
INT-02730,Admin,9,8.9,6.1,1.9,75000,No,Yes
INT-02731,Engineering,10,5.4,4.8,4.5,50000,No,No
INT-02732,Admin,4,8.7,8.7,1.1,150000,No,Yes
INT-02733,IT,9,8.7,6.3,9.4,25000,No,Yes
INT-02734,Marketing,21,6.4,6.9,11.8,75000,No,Yes
INT-02735,Marketing,16,7.1,6.8,9.3,50000,Yes,Yes
INT-02736,Finance,22,8.9,8.1,25.3,100000,No,Yes
INT-02737,Marketing,10,9.0,7.7,22.0,25000,No,No
INT-02738,Engineering,22,6.7,8.4,3.0,150000,No,Yes
INT-02739,Marketing,12,5.9,9.0,2.7,0,Yes,Yes
INT-02740,IT,6,6.6,4.1,0.7,100000,Yes,Yes
INT-02741,Admin,15,7.8,5.8,6.1,150000,Yes,Yes
INT-02742,IT,23,8.1,4.9,16.3,0,No,Yes
INT-02743,IT,21,7.5,6.8,1.9,50000,No,Yes
INT-02744,IT,11,8.7,8.2,7.7,100000,No,Yes
INT-02745,Engineering,12,5.1,8.1,10.7,50000,No,Yes
INT-02746,Finance,16,9.0,7.2,4.2,25000,Yes,Yes
INT-02747,Engineering,11,8.0,7.7,10.2,25000,No,Yes
INT-02748,IT,13,7.4,6.8,15.0,75000,Yes,No
INT-02749,Finance,20,8.0,8.8,0.6,25000,Yes,No
INT-02750,Engineering,10,6.3,9.6,11.1,25000,No,Yes
INT-02751,Admin,20,8.1,9.5,7.8,25000,No,Yes
INT-02752,Engineering,21,7.8,5.8,15.4,75000,No,Yes
INT-02753,IT,5,9.2,3.9,1.7,100000,No,Yes
INT-02754,Admin,6,8.5,3.8,13.7,100000,No,Yes
INT-02755,Marketing,22,7.7,5.1,1.7,100000,No,Yes
INT-02756,IT,4,7.6,7.2,7.5,50000,No,No
INT-02757,Admin,24,7.9,7.5,3.0,0,No,Yes
INT-02758,Finance,24,9.7,7.5,2.7,75000,Yes,Yes
INT-02759,Engineering,13,6.2,6.9,6.0,100000,Yes,Yes
INT-02760,IT,24,7.8,5.9,11.8,100000,No,Yes
INT-02761,IT,17,7.3,8.4,8.8,100000,No,Yes
INT-02762,IT,16,6.8,8.2,36.3,75000,No,No
INT-02763,Engineering,12,7.5,8.1,1.5,100000,No,Yes
INT-02764,Admin,9,6.2,6.8,10.7,75000,No,Yes
INT-02765,IT,9,9.1,2.9,1.0,0,Yes,No
INT-02766,Marketing,22,8.9,6.7,4.0,25000,Yes,Yes
INT-02767,Engineering,24,9.3,8.7,3.9,50000,Yes,Yes
INT-02768,IT,13,9.4,6.2,2.9,25000,No,Yes
INT-02769,Engineering,6,8.6,6.2,6.6,75000,No,Yes
INT-02770,Engineering,21,9.2,8.8,2.7,0,Yes,Yes
INT-02771,IT,24,8.7,7.2,4.2,50000,Yes,Yes
INT-02772,IT,22,9.6,7.6,16.2,75000,No,Yes
INT-02773,Finance,8,5.5,7.4,3.6,25000,No,Yes
INT-02774,Admin,14,7.1,6.3,34.6,75000,Yes,No
INT-02775,Engineering,13,4.0,6.0,3.1,50000,Yes,No
INT-02776,Admin,20,9.3,7.1,19.2,75000,Yes,Yes
INT-02777,IT,7,7.9,6.2,5.0,100000,No,Yes
INT-02778,IT,24,8.6,5.9,19.5,50000,No,No
INT-02779,Admin,21,5.3,5.7,5.0,150000,Yes,No
INT-02780,IT,21,8.9,3.1,12.3,25000,Yes,No
INT-02781,IT,4,3.0,6.8,4.6,150000,No,No
INT-02782,Finance,17,6.4,9.1,8.3,50000,No,Yes
INT-02783,Marketing,11,6.8,7.3,0.9,100000,No,Yes
INT-02784,Finance,5,9.5,2.6,7.8,100000,Yes,No
INT-02785,Finance,22,9.3,5.6,3.5,50000,Yes,Yes
INT-02786,IT,18,8.1,6.4,45.3,75000,No,No
INT-02787,Marketing,5,8.0,5.4,13.8,25000,No,No
INT-02788,IT,7,6.4,4.9,1.2,75000,Yes,Yes
INT-02789,Marketing,4,6.1,4.1,2.3,50000,No,No
INT-02790,Marketing,22,8.6,8.4,8.2,25000,No,Yes
INT-02791,Engineering,24,6.0,8.0,3.4,25000,No,Yes
INT-02792,Marketing,13,7.0,8.2,2.4,25000,No,Yes
INT-02793,Engineering,4,8.7,8.0,4.0,75000,No,Yes
INT-02794,IT,23,7.6,9.0,1.4,50000,Yes,Yes
INT-02795,Admin,18,8.2,8.2,7.0,100000,No,Yes
INT-02796,Engineering,7,8.8,7.9,3.2,75000,Yes,Yes
INT-02797,IT,10,8.9,4.6,16.6,50000,No,Yes
INT-02798,Engineering,10,8.3,9.2,0.8,75000,No,Yes
INT-02799,Marketing,21,9.4,7.1,4.0,100000,No,Yes
INT-02800,IT,16,5.9,9.2,6.9,100000,No,Yes
INT-02801,Finance,13,5.3,4.4,2.6,50000,No,Yes
INT-02802,Marketing,11,6.0,4.3,1.0,75000,No,Yes
INT-02803,Marketing,13,9.0,7.4,1.1,50000,No,Yes
INT-02804,Marketing,17,6.3,8.0,1.9,100000,No,Yes
INT-02805,Engineering,17,7.4,5.0,3.0,0,Yes,Yes
INT-02806,Marketing,23,4.5,7.7,10.3,50000,Yes,No
INT-02807,Finance,14,6.9,6.2,5.6,100000,Yes,Yes
INT-02808,IT,9,3.7,8.2,0.8,50000,No,No
INT-02809,Admin,24,3.8,9.0,1.8,100000,Yes,No
INT-02810,Engineering,4,7.4,7.3,4.2,100000,Yes,Yes
INT-02811,IT,22,6.7,9.4,4.9,75000,No,Yes
INT-02812,Engineering,10,9.4,6.2,1.0,25000,No,Yes
INT-02813,Engineering,21,6.3,7.1,1.5,0,Yes,Yes
INT-02814,IT,6,8.7,8.3,2.9,50000,Yes,Yes
INT-02815,Engineering,23,8.1,9.3,15.0,0,No,Yes
INT-02816,Finance,14,5.8,5.7,2.4,75000,No,Yes
INT-02817,Admin,8,6.8,4.8,2.6,75000,No,Yes
INT-02818,IT,22,7.6,8.3,6.0,100000,No,Yes
INT-02819,IT,24,6.5,8.4,18.3,25000,Yes,Yes
INT-02820,Admin,5,8.5,7.9,6.5,0,No,Yes
INT-02821,Marketing,7,8.4,5.1,1.2,0,No,No
INT-02822,IT,13,8.2,7.7,2.2,50000,No,Yes
INT-02823,Engineering,5,8.0,8.0,16.0,0,No,No
INT-02824,IT,11,6.7,8.6,17.2,50000,No,No
INT-02825,Admin,4,6.7,5.7,13.2,50000,Yes,Yes
INT-02826,Finance,9,8.4,7.3,6.7,100000,No,No
INT-02827,Engineering,14,4.1,7.6,5.1,0,Yes,No
INT-02828,IT,13,5.6,7.8,3.0,150000,Yes,Yes
INT-02829,Admin,16,9.6,6.2,6.8,75000,No,No
INT-02830,IT,4,9.0,5.5,9.7,150000,No,Yes
INT-02831,Admin,5,8.0,5.2,7.8,100000,No,Yes
INT-02832,Engineering,6,7.6,3.4,2.5,0,No,No
INT-02833,IT,12,8.3,8.7,19.2,100000,Yes,Yes
INT-02834,IT,8,9.0,6.5,4.5,100000,No,Yes
INT-02835,Admin,13,7.9,7.0,17.8,150000,No,No
INT-02836,Marketing,13,6.7,6.7,4.6,25000,No,No
INT-02837,Marketing,15,6.3,8.6,0.8,100000,No,Yes
INT-02838,IT,21,8.9,6.4,11.2,0,Yes,Yes
INT-02839,Finance,24,8.3,8.7,20.7,100000,No,Yes
INT-02840,Admin,24,6.4,6.4,2.9,50000,No,Yes
INT-02841,Admin,4,9.6,7.0,6.8,150000,No,Yes
INT-02842,Finance,6,7.5,6.9,13.7,25000,Yes,Yes
INT-02843,Marketing,8,9.4,8.9,3.6,75000,No,Yes
INT-02844,Marketing,20,7.9,7.1,3.2,25000,No,Yes
INT-02845,Engineering,11,5.6,8.2,4.7,150000,No,No
INT-02846,Admin,20,9.0,6.8,6.9,75000,Yes,Yes
INT-02847,Finance,12,5.8,5.5,6.9,50000,No,Yes
INT-02848,IT,9,7.8,6.8,5.8,50000,No,No
INT-02849,Engineering,20,6.6,6.7,14.2,150000,No,Yes
INT-02850,Admin,11,8.8,5.2,1.8,50000,No,Yes
INT-02851,Engineering,24,4.7,4.6,1.2,0,Yes,Yes
INT-02852,IT,10,9.0,9.0,2.0,150000,Yes,Yes
INT-02853,IT,10,7.5,9.6,10.2,150000,No,Yes
INT-02854,Marketing,18,7.9,6.3,1.8,75000,Yes,Yes
INT-02855,IT,10,6.6,8.8,3.6,50000,No,Yes
INT-02856,Engineering,11,6.3,6.2,17.4,100000,No,No
INT-02857,IT,12,6.8,9.0,1.7,150000,No,Yes
INT-02858,IT,18,10.0,6.2,6.5,150000,No,Yes
INT-02859,IT,5,7.3,9.1,6.1,75000,No,Yes
INT-02860,IT,10,7.2,8.2,0.8,25000,No,Yes
INT-02861,Finance,18,7.1,6.2,1.5,75000,No,Yes
INT-02862,IT,21,6.1,4.9,24.5,0,No,No
INT-02863,Marketing,21,8.0,6.2,26.5,75000,No,No
INT-02864,Engineering,13,7.6,6.5,17.1,25000,No,No
INT-02865,Admin,21,9.5,4.8,5.0,50000,Yes,No
INT-02866,Engineering,4,7.2,7.0,7.7,150000,No,Yes
INT-02867,Engineering,10,9.3,5.3,14.4,75000,Yes,Yes
INT-02868,Finance,6,7.6,7.1,9.5,75000,No,Yes
INT-02869,IT,17,8.7,9.2,18.5,25000,Yes,No
INT-02870,Admin,15,6.6,6.7,3.5,75000,No,Yes
INT-02871,Finance,17,7.0,7.9,8.3,100000,Yes,Yes
INT-02872,Marketing,7,7.0,3.6,7.2,150000,No,Yes
INT-02873,Finance,16,8.9,4.4,33.9,75000,No,Yes
INT-02874,Admin,19,7.4,5.0,17.3,100000,No,Yes
INT-02875,Finance,19,8.5,9.3,1.9,100000,Yes,Yes
INT-02876,Admin,8,8.9,8.2,1.0,50000,No,Yes
INT-02877,Admin,23,9.1,8.9,5.2,25000,Yes,Yes
INT-02878,IT,9,8.4,6.5,6.8,150000,No,Yes
INT-02879,Engineering,9,6.1,8.9,13.0,150000,No,Yes
INT-02880,IT,21,7.9,9.5,1.9,25000,Yes,Yes
INT-02881,Admin,9,8.1,5.8,20.7,150000,No,No
INT-02882,Finance,10,8.1,4.6,7.3,75000,Yes,Yes
INT-02883,IT,19,6.9,3.8,15.3,25000,No,Yes
INT-02884,IT,12,6.2,6.8,15.0,100000,Yes,Yes
INT-02885,IT,16,5.9,5.5,24.8,75000,Yes,Yes
INT-02886,Marketing,15,9.2,5.4,9.1,50000,No,Yes
INT-02887,Engineering,22,9.6,8.4,12.8,50000,No,Yes
INT-02888,Admin,4,8.7,7.6,14.2,150000,No,Yes
INT-02889,Finance,11,9.1,8.0,5.6,50000,No,Yes
INT-02890,Finance,7,9.1,6.7,5.0,50000,Yes,Yes
INT-02891,Admin,24,8.6,8.2,23.9,50000,No,Yes
INT-02892,Engineering,22,6.0,8.1,1.1,150000,No,Yes
INT-02893,Finance,24,5.7,6.5,25.0,75000,Yes,No
INT-02894,Engineering,8,9.1,4.4,7.4,150000,Yes,Yes
INT-02895,IT,20,7.5,8.1,3.3,75000,Yes,No
INT-02896,Finance,6,9.1,5.0,7.0,100000,Yes,No
INT-02897,Engineering,22,6.8,6.4,8.6,50000,Yes,Yes
INT-02898,IT,4,9.6,4.5,1.4,75000,No,Yes
INT-02899,Admin,4,7.1,6.7,9.4,25000,No,Yes
INT-02900,IT,23,6.1,6.1,19.1,0,No,No
INT-02901,IT,12,7.9,9.4,28.9,25000,No,Yes
INT-02902,Finance,8,8.6,7.8,7.8,150000,Yes,Yes
INT-02903,IT,10,8.8,8.0,3.7,0,Yes,Yes
INT-02904,Admin,9,5.2,8.9,7.1,50000,No,Yes
INT-02905,Engineering,20,4.8,7.4,0.5,150000,Yes,Yes
INT-02906,IT,20,8.8,6.0,20.6,50000,Yes,Yes
INT-02907,Marketing,16,9.0,6.5,12.8,100000,No,Yes
INT-02908,IT,15,5.9,5.8,2.0,25000,Yes,Yes
INT-02909,Admin,7,7.2,7.8,8.0,50000,No,No
INT-02910,Admin,11,7.4,4.9,0.7,50000,No,No
INT-02911,IT,8,9.3,7.4,2.4,75000,Yes,Yes
INT-02912,IT,8,8.2,8.1,2.0,0,No,Yes
INT-02913,Engineering,16,8.7,9.4,1.9,100000,No,Yes
INT-02914,Marketing,14,8.7,8.6,6.9,25000,Yes,Yes
INT-02915,IT,11,6.6,9.0,27.2,100000,No,Yes
INT-02916,Engineering,11,5.5,7.4,1.6,50000,No,No
INT-02917,Engineering,4,4.7,7.0,17.0,0,Yes,No
INT-02918,Finance,16,7.8,7.0,1.2,0,No,Yes
INT-02919,Admin,8,6.4,5.6,1.2,100000,No,No
INT-02920,Admin,24,7.9,8.6,8.4,150000,No,Yes
INT-02921,Admin,11,9.9,3.5,7.3,50000,No,Yes
INT-02922,Engineering,20,5.9,7.1,3.9,50000,Yes,No
INT-02923,Finance,16,8.1,4.0,6.6,150000,No,Yes
INT-02924,IT,12,9.7,5.9,11.7,50000,Yes,No
INT-02925,Admin,5,7.9,6.5,12.4,75000,No,Yes
INT-02926,Marketing,22,8.8,7.2,0.6,50000,Yes,Yes
INT-02927,Finance,23,7.3,5.1,1.2,100000,No,Yes
INT-02928,Marketing,20,7.4,9.7,0.5,150000,No,Yes
INT-02929,Finance,10,7.0,6.8,0.6,75000,No,Yes
INT-02930,Admin,6,7.6,8.4,15.1,25000,Yes,Yes
INT-02931,Engineering,22,8.0,6.5,1.2,25000,No,Yes
INT-02932,Engineering,22,8.4,8.5,10.4,0,No,Yes
INT-02933,IT,12,8.1,7.1,31.8,75000,Yes,No
INT-02934,Engineering,13,7.3,6.3,14.3,100000,Yes,Yes
INT-02935,Engineering,17,7.1,7.1,1.0,75000,Yes,Yes
INT-02936,IT,21,6.3,9.4,18.4,25000,No,Yes
INT-02937,Finance,18,9.2,6.1,25.9,25000,Yes,Yes
INT-02938,Engineering,4,9.4,6.4,10.3,75000,Yes,No
INT-02939,Marketing,9,7.4,5.2,8.2,75000,No,No
INT-02940,IT,18,8.2,7.7,7.9,25000,No,Yes
INT-02941,IT,9,7.7,7.0,14.2,50000,Yes,No
INT-02942,Engineering,21,6.6,4.2,6.9,150000,No,Yes
INT-02943,IT,4,8.6,7.7,3.7,0,No,Yes
INT-02944,Engineering,6,7.2,6.0,28.7,25000,No,No
INT-02945,Finance,20,8.1,6.3,0.9,100000,Yes,No
INT-02946,IT,19,7.4,5.1,9.3,75000,Yes,Yes
INT-02947,Engineering,11,8.8,6.2,7.5,50000,No,Yes
INT-02948,Engineering,20,8.1,3.2,8.7,75000,No,No
INT-02949,Admin,11,7.5,6.9,8.7,25000,No,No
INT-02950,Marketing,20,7.5,4.3,1.6,75000,No,No
INT-02951,Finance,12,6.6,3.6,1.6,50000,No,Yes
INT-02952,Engineering,15,9.4,5.2,1.1,150000,No,Yes
INT-02953,Engineering,22,7.1,7.9,22.8,0,No,No
INT-02954,Admin,7,6.3,7.1,8.0,150000,Yes,Yes
INT-02955,Marketing,24,9.2,5.3,1.1,25000,No,Yes
INT-02956,Engineering,14,7.1,5.1,5.0,50000,Yes,Yes
INT-02957,Engineering,7,6.5,8.9,4.1,0,No,Yes
INT-02958,Finance,17,6.3,4.2,1.8,75000,Yes,Yes
INT-02959,IT,17,6.1,5.7,14.3,75000,Yes,No
INT-02960,Finance,9,6.5,9.3,12.5,100000,Yes,No
INT-02961,IT,20,9.0,8.4,5.5,50000,No,Yes
INT-02962,Admin,5,9.9,7.5,6.4,75000,No,No
INT-02963,Admin,11,7.3,6.4,5.1,150000,No,Yes
INT-02964,Marketing,7,9.3,6.2,6.9,50000,No,Yes
INT-02965,Finance,13,7.5,7.3,11.1,50000,No,Yes
INT-02966,Engineering,10,6.8,5.7,17.2,50000,No,No
INT-02967,Engineering,7,5.9,7.7,7.7,50000,Yes,Yes
INT-02968,Engineering,19,7.7,7.1,1.6,25000,No,Yes
INT-02969,Marketing,17,5.5,8.2,12.3,25000,No,No
INT-02970,Admin,19,6.7,7.0,4.2,50000,No,Yes
INT-02971,Admin,12,7.7,7.0,8.5,100000,Yes,No
INT-02972,IT,7,8.0,8.3,2.3,100000,No,Yes
INT-02973,Finance,9,8.1,7.9,1.9,0,Yes,Yes
INT-02974,Engineering,4,9.4,6.2,0.9,100000,No,Yes
INT-02975,Admin,10,9.1,8.0,3.5,25000,Yes,No
INT-02976,IT,4,7.5,8.5,7.8,0,No,No
INT-02977,Finance,22,8.5,5.0,3.6,50000,Yes,Yes
INT-02978,IT,11,8.3,8.6,2.7,0,Yes,Yes
INT-02979,Engineering,6,6.5,8.7,42.7,25000,No,No
INT-02980,Marketing,4,7.8,5.9,54.6,75000,No,No
INT-02981,Admin,4,7.1,8.5,7.9,0,Yes,Yes
INT-02982,IT,10,7.1,6.5,3.6,50000,Yes,Yes
INT-02983,Engineering,24,6.5,6.2,16.3,25000,No,Yes
INT-02984,Finance,16,7.6,6.5,11.2,50000,No,Yes
INT-02985,Engineering,4,5.5,9.1,8.2,100000,No,Yes
INT-02986,Marketing,19,5.9,6.9,19.6,100000,No,No
INT-02987,IT,17,6.8,7.2,5.2,50000,No,Yes
INT-02988,Engineering,7,6.8,4.8,2.9,25000,No,No
INT-02989,Engineering,15,6.4,8.4,27.8,150000,No,No
INT-02990,Finance,15,7.4,6.4,16.2,50000,No,No
INT-02991,IT,20,9.8,4.1,19.9,25000,Yes,Yes
INT-02992,Finance,24,8.6,7.3,20.5,25000,No,No
INT-02993,Engineering,18,9.0,8.1,4.4,100000,No,No
INT-02994,Admin,13,6.9,8.2,16.3,25000,No,No
INT-02995,IT,6,7.0,7.3,18.1,0,No,No
INT-02996,Finance,23,6.7,8.6,6.8,50000,No,Yes
INT-02997,IT,23,6.9,8.5,8.4,75000,Yes,Yes
INT-02998,Admin,15,7.6,5.7,7.4,50000,No,Yes
INT-02999,IT,4,9.4,4.5,0.6,25000,Yes,Yes
INT-03000,Finance,4,7.9,8.6,6.6,100000,No,No
INT-03001,Engineering,13,4.1,9.1,0.8,50000,No,Yes
INT-03002,Finance,21,7.2,7.6,5.3,150000,Yes,No
INT-03003,IT,18,9.1,9.9,0.9,150000,No,Yes
INT-03004,Engineering,5,7.1,4.7,5.4,75000,Yes,No
INT-03005,Engineering,20,5.5,7.8,3.4,50000,No,No
INT-03006,Finance,11,6.6,2.8,12.4,50000,No,No
INT-03007,Marketing,12,7.5,7.1,5.7,50000,No,Yes
INT-03008,IT,24,5.5,7.7,6.2,0,Yes,Yes
INT-03009,Engineering,23,7.2,8.6,19.2,75000,No,No
INT-03010,IT,14,5.2,8.8,5.8,50000,No,Yes
INT-03011,Engineering,9,8.6,8.0,1.9,50000,No,Yes
INT-03012,IT,17,6.3,8.3,1.5,100000,Yes,Yes
INT-03013,Admin,4,5.8,5.0,3.4,150000,No,Yes
INT-03014,Admin,10,7.2,5.6,3.0,25000,Yes,Yes
INT-03015,Engineering,12,8.7,8.3,14.2,25000,Yes,Yes
INT-03016,Admin,14,8.1,5.6,11.9,0,Yes,Yes
INT-03017,Engineering,19,7.9,8.9,1.0,100000,No,Yes
INT-03018,Admin,22,6.8,9.3,2.3,75000,Yes,Yes
INT-03019,IT,5,8.8,6.3,5.3,75000,Yes,Yes
INT-03020,Finance,18,8.7,6.1,1.2,25000,No,Yes
INT-03021,IT,6,8.8,8.7,2.0,50000,Yes,Yes
INT-03022,Admin,7,4.8,7.5,19.6,75000,No,No
INT-03023,Engineering,23,9.5,5.7,6.7,150000,No,Yes
INT-03024,Admin,10,7.2,5.4,13.2,75000,No,No
INT-03025,IT,15,8.0,8.7,3.7,100000,No,Yes
INT-03026,Admin,7,9.1,9.1,4.3,100000,Yes,Yes
INT-03027,Marketing,13,7.2,7.3,16.1,100000,No,No
INT-03028,Engineering,9,5.6,4.2,9.1,50000,No,No
INT-03029,Engineering,17,7.9,5.1,9.6,100000,No,Yes
INT-03030,Engineering,6,4.8,8.3,8.6,100000,No,No
INT-03031,IT,20,5.7,5.2,6.7,75000,Yes,Yes
INT-03032,Admin,14,9.4,7.0,38.3,25000,No,No
INT-03033,Finance,13,6.1,7.3,18.5,150000,No,Yes
INT-03034,IT,24,3.0,9.3,10.4,0,No,No
INT-03035,IT,13,9.2,3.2,9.6,50000,No,Yes
INT-03036,IT,13,8.8,7.1,1.2,75000,No,Yes
INT-03037,Admin,6,7.6,8.2,5.8,25000,No,No
INT-03038,Marketing,18,7.7,9.0,6.0,100000,No,Yes
INT-03039,IT,20,2.8,8.8,0.9,25000,Yes,Yes
INT-03040,Engineering,21,7.2,4.1,11.8,0,Yes,Yes
INT-03041,IT,22,7.5,7.3,0.5,0,Yes,Yes
INT-03042,Marketing,22,8.9,7.5,4.9,25000,Yes,Yes
INT-03043,IT,15,9.1,7.1,19.2,50000,Yes,Yes
INT-03044,Admin,8,7.8,9.0,3.8,0,No,No
INT-03045,Engineering,19,6.9,6.4,7.5,50000,No,No
INT-03046,Engineering,18,7.1,8.3,3.4,25000,Yes,Yes
INT-03047,Admin,18,7.2,9.1,2.1,100000,No,No
INT-03048,Admin,9,5.2,9.1,11.0,25000,No,Yes
INT-03049,Admin,15,7.9,5.9,2.3,75000,Yes,Yes
INT-03050,IT,5,9.1,3.5,1.1,75000,Yes,Yes
INT-03051,IT,23,4.5,6.4,5.1,25000,No,Yes
INT-03052,Admin,12,8.5,5.3,10.4,25000,No,Yes
INT-03053,IT,7,6.3,8.4,7.4,150000,Yes,Yes
INT-03054,IT,8,9.4,7.9,2.7,25000,No,Yes
INT-03055,Engineering,24,7.5,8.1,14.1,75000,Yes,Yes
INT-03056,Marketing,11,6.9,9.2,1.3,75000,No,Yes
INT-03057,Engineering,13,7.0,7.6,9.4,50000,Yes,Yes
INT-03058,IT,10,7.9,6.0,8.0,50000,No,Yes
INT-03059,IT,17,4.9,7.2,18.8,50000,No,No
INT-03060,Marketing,8,4.9,7.8,6.5,100000,No,No
INT-03061,IT,19,6.1,6.2,14.2,25000,Yes,No
INT-03062,IT,18,8.2,8.5,2.4,50000,Yes,Yes
INT-03063,Engineering,8,9.0,8.4,6.8,50000,No,Yes
INT-03064,Engineering,6,6.4,9.1,6.6,50000,Yes,Yes
INT-03065,Engineering,13,6.9,6.6,3.3,100000,No,Yes
INT-03066,IT,8,4.8,3.4,0.5,100000,No,No
INT-03067,IT,18,6.7,8.6,11.4,100000,Yes,Yes
INT-03068,Marketing,21,5.1,5.6,4.5,100000,Yes,No
INT-03069,IT,11,5.3,6.0,3.4,50000,Yes,No
INT-03070,Engineering,24,7.5,8.6,2.2,50000,No,Yes
INT-03071,Engineering,5,5.7,5.2,15.8,75000,No,No
INT-03072,Engineering,11,6.4,8.1,3.8,100000,No,No
INT-03073,Admin,11,7.8,7.6,2.3,50000,Yes,Yes
INT-03074,IT,7,8.0,8.0,6.4,0,No,Yes
INT-03075,Engineering,22,8.6,5.8,12.7,100000,No,Yes
INT-03076,Finance,21,7.2,8.3,7.9,100000,Yes,Yes
INT-03077,Marketing,24,4.2,7.4,26.3,50000,No,No
INT-03078,IT,4,8.6,7.2,25.6,0,No,No
INT-03079,IT,23,9.2,8.4,19.1,50000,No,Yes
INT-03080,Marketing,18,7.3,5.9,7.2,0,Yes,No
INT-03081,Engineering,21,8.0,9.4,12.2,50000,No,Yes
INT-03082,Finance,15,7.2,8.0,3.2,0,Yes,Yes
INT-03083,IT,4,6.6,8.7,7.4,75000,No,Yes
INT-03084,Engineering,10,7.5,8.3,1.1,25000,No,Yes
INT-03085,Engineering,22,8.6,8.6,2.9,50000,No,Yes
INT-03086,Engineering,4,7.7,6.6,3.6,50000,No,Yes
INT-03087,Admin,10,6.0,5.6,4.1,25000,Yes,No
INT-03088,IT,5,6.7,5.6,1.9,150000,Yes,No
INT-03089,Engineering,10,5.7,4.6,1.2,100000,No,No
INT-03090,IT,22,8.0,7.7,7.4,100000,Yes,Yes
INT-03091,Admin,16,9.8,7.9,5.9,50000,Yes,Yes
INT-03092,Marketing,8,6.2,6.8,7.5,75000,Yes,Yes
INT-03093,Admin,22,9.1,7.1,1.6,50000,No,Yes
INT-03094,Finance,4,6.7,8.1,24.1,50000,No,No
INT-03095,IT,4,6.8,8.4,4.8,100000,No,Yes
INT-03096,Engineering,21,7.3,7.1,5.3,50000,No,No
INT-03097,Marketing,4,7.7,7.2,6.8,0,Yes,No
INT-03098,IT,8,6.5,9.0,9.9,0,No,Yes
INT-03099,IT,12,6.6,4.7,4.4,100000,No,Yes
INT-03100,Admin,15,8.1,7.3,1.7,100000,No,Yes
INT-03101,IT,12,7.6,7.1,12.7,75000,Yes,Yes
INT-03102,Engineering,21,6.9,5.8,2.9,50000,Yes,No
INT-03103,Marketing,14,7.8,6.9,5.2,25000,Yes,Yes
INT-03104,Admin,4,5.8,7.5,8.5,100000,No,No
INT-03105,IT,22,2.8,7.0,27.4,25000,Yes,No
INT-03106,Admin,13,4.5,7.0,0.8,100000,Yes,Yes
INT-03107,Engineering,5,8.8,7.9,6.4,50000,Yes,Yes
INT-03108,IT,10,4.1,5.3,22.5,25000,No,No
INT-03109,Engineering,23,7.8,6.7,2.9,150000,No,Yes
INT-03110,Engineering,5,8.0,6.3,1.5,50000,Yes,Yes
INT-03111,Engineering,22,5.4,6.7,7.8,150000,No,Yes
INT-03112,IT,9,6.7,8.6,1.8,75000,Yes,Yes
INT-03113,Engineering,13,7.4,7.5,17.4,75000,No,Yes
INT-03114,IT,12,6.5,6.9,10.8,50000,No,Yes
INT-03115,IT,11,7.0,9.8,1.5,25000,No,No
INT-03116,Finance,14,6.9,2.6,7.4,25000,Yes,Yes
INT-03117,Engineering,12,8.8,7.2,0.7,75000,Yes,Yes
INT-03118,IT,23,7.9,9.0,15.4,0,No,Yes
INT-03119,IT,23,6.0,6.6,2.3,50000,Yes,Yes
INT-03120,IT,12,8.3,7.9,11.0,100000,No,Yes
INT-03121,IT,11,7.6,8.7,1.4,150000,Yes,Yes
INT-03122,IT,18,5.6,6.6,5.6,50000,Yes,No
INT-03123,IT,5,8.8,5.8,21.7,50000,No,No
INT-03124,Admin,4,6.6,6.7,1.1,50000,No,No
INT-03125,Engineering,12,8.1,5.9,3.3,25000,No,Yes
INT-03126,Engineering,12,7.6,5.7,12.7,25000,No,No
INT-03127,Engineering,16,7.3,7.6,5.5,0,No,Yes
INT-03128,IT,11,7.3,7.2,8.9,100000,No,Yes
INT-03129,Marketing,24,8.8,5.9,13.9,100000,Yes,Yes
INT-03130,Finance,8,8.1,6.2,12.8,25000,No,No
INT-03131,Finance,6,8.3,9.0,4.5,75000,No,Yes
INT-03132,Finance,24,9.2,8.8,5.0,100000,No,Yes
INT-03133,Marketing,7,7.1,8.7,7.3,100000,Yes,Yes
INT-03134,Engineering,20,7.2,9.0,1.5,25000,No,Yes
INT-03135,IT,19,5.7,4.2,16.8,25000,No,No
INT-03136,Engineering,19,7.4,8.1,1.3,25000,Yes,Yes
INT-03137,Engineering,23,7.1,9.4,2.1,50000,No,Yes
INT-03138,Engineering,6,6.9,9.3,23.7,50000,No,No
INT-03139,Engineering,9,7.3,4.4,3.1,25000,No,No
INT-03140,IT,4,8.2,6.3,2.7,100000,No,Yes
INT-03141,Admin,24,8.6,8.6,4.9,0,Yes,Yes
INT-03142,Marketing,19,8.2,6.4,10.8,50000,No,Yes
INT-03143,Engineering,18,8.3,6.0,4.1,50000,No,Yes
INT-03144,Engineering,10,6.6,8.8,17.1,100000,No,Yes
INT-03145,IT,5,7.2,10.0,1.8,150000,No,Yes
INT-03146,Admin,13,8.1,4.9,1.5,25000,No,Yes
INT-03147,Finance,18,8.3,9.3,1.1,50000,Yes,Yes
INT-03148,Engineering,9,9.0,9.3,3.3,50000,Yes,Yes
INT-03149,Finance,5,8.3,7.7,2.3,0,No,Yes
INT-03150,Admin,20,8.1,6.4,5.4,100000,No,Yes
INT-03151,Engineering,4,8.1,5.0,44.1,25000,No,No
INT-03152,IT,4,7.0,3.7,16.7,0,No,No
INT-03153,Engineering,7,6.8,6.2,18.5,150000,Yes,Yes
INT-03154,Admin,23,8.2,8.1,14.7,25000,Yes,Yes
INT-03155,Admin,19,7.8,8.2,3.0,75000,Yes,Yes
INT-03156,Engineering,11,9.0,7.5,2.6,75000,Yes,Yes
INT-03157,Marketing,4,8.8,4.5,11.0,150000,No,No
INT-03158,IT,22,7.5,9.1,7.8,100000,Yes,Yes
INT-03159,Finance,14,7.6,7.6,2.3,25000,Yes,Yes
INT-03160,IT,20,8.2,7.8,27.9,75000,Yes,Yes
INT-03161,Admin,13,5.7,8.2,4.9,0,No,No
INT-03162,IT,15,8.2,7.2,14.0,75000,No,Yes
INT-03163,Admin,12,6.7,6.7,1.1,150000,No,Yes
INT-03164,Engineering,10,8.9,6.1,0.8,0,No,Yes
INT-03165,IT,15,2.5,6.5,5.4,25000,No,No
INT-03166,Admin,18,7.0,6.1,1.5,0,No,No
INT-03167,Marketing,11,8.5,5.3,31.5,75000,No,No
INT-03168,IT,20,8.7,4.0,13.9,50000,No,Yes
INT-03169,Finance,8,7.6,8.3,5.3,0,No,Yes
INT-03170,Admin,17,5.2,7.5,31.6,25000,No,No
INT-03171,Engineering,5,8.9,8.9,2.7,150000,No,Yes
INT-03172,IT,19,5.7,6.9,9.6,50000,Yes,Yes
INT-03173,IT,20,6.5,7.4,0.6,25000,Yes,No
INT-03174,IT,6,6.7,5.8,4.2,50000,No,Yes
INT-03175,IT,4,8.8,5.7,1.2,50000,Yes,Yes
INT-03176,IT,21,8.4,7.1,4.2,75000,No,Yes
INT-03177,Engineering,21,7.6,8.7,4.3,25000,Yes,Yes
INT-03178,Finance,7,8.3,8.2,4.3,0,Yes,Yes
INT-03179,Finance,18,7.3,3.9,4.8,75000,No,Yes
INT-03180,Engineering,22,3.8,5.8,8.2,50000,Yes,No
INT-03181,IT,22,9.8,5.0,2.2,25000,No,Yes
INT-03182,IT,13,8.9,4.3,2.6,50000,Yes,Yes
INT-03183,Admin,8,8.6,8.0,8.8,50000,Yes,No
INT-03184,IT,22,9.2,7.6,5.5,150000,Yes,Yes
INT-03185,Engineering,14,7.0,5.2,1.9,0,No,No
INT-03186,Engineering,10,5.9,9.5,12.9,150000,Yes,Yes
INT-03187,Admin,8,3.1,5.6,21.9,0,No,No
INT-03188,Admin,23,8.8,9.5,5.5,150000,No,Yes
INT-03189,Finance,15,8.1,7.3,8.1,50000,No,Yes
INT-03190,Finance,22,7.8,6.1,14.0,50000,No,Yes
INT-03191,Admin,18,7.0,8.6,27.0,75000,Yes,Yes
INT-03192,Marketing,15,8.9,9.3,28.3,0,No,No
INT-03193,Marketing,7,8.8,8.6,21.0,100000,Yes,Yes
INT-03194,Admin,15,8.8,6.9,14.0,150000,Yes,Yes
INT-03195,Admin,21,7.8,6.0,4.9,0,No,No
INT-03196,Engineering,20,4.9,8.9,9.4,50000,Yes,Yes
INT-03197,Marketing,22,9.4,3.6,12.0,50000,No,Yes
INT-03198,Finance,19,8.5,6.2,1.3,75000,No,Yes
INT-03199,IT,14,8.6,8.3,1.5,100000,Yes,Yes
INT-03200,Admin,5,9.3,6.4,10.3,75000,Yes,Yes
INT-03201,Engineering,19,6.9,6.1,9.3,100000,No,Yes
INT-03202,Engineering,4,8.7,7.7,13.5,75000,No,Yes
INT-03203,IT,20,5.8,3.2,2.1,50000,Yes,No
INT-03204,Finance,21,9.7,3.2,22.6,75000,No,Yes
INT-03205,Engineering,16,9.2,7.6,2.7,50000,No,Yes
INT-03206,Finance,8,7.9,8.4,1.7,50000,Yes,No
INT-03207,Finance,9,8.2,8.5,3.6,150000,No,Yes
INT-03208,Engineering,4,8.2,7.5,13.7,75000,Yes,No
INT-03209,Admin,13,4.6,6.7,0.7,25000,Yes,Yes
INT-03210,Engineering,8,9.4,7.6,2.6,0,No,No
INT-03211,IT,4,9.1,9.8,25.4,0,Yes,Yes
INT-03212,Engineering,14,9.2,4.9,0.6,100000,No,Yes
INT-03213,IT,10,8.3,5.3,3.1,100000,Yes,No
INT-03214,Engineering,21,7.6,6.6,3.7,50000,No,Yes
INT-03215,IT,24,8.7,9.4,21.1,0,No,Yes
INT-03216,IT,23,8.8,9.2,15.7,50000,No,Yes
INT-03217,IT,24,5.6,5.4,5.4,50000,No,No
INT-03218,IT,13,9.7,5.5,3.6,25000,No,Yes
INT-03219,Engineering,18,7.1,9.0,23.6,25000,No,Yes
INT-03220,Engineering,7,6.4,8.7,2.2,75000,No,Yes
INT-03221,Engineering,19,9.0,3.7,5.7,75000,No,No
INT-03222,IT,18,8.1,9.5,4.8,75000,No,Yes
INT-03223,IT,18,9.5,6.5,22.4,25000,Yes,Yes
INT-03224,IT,15,8.7,6.3,11.8,50000,No,Yes
INT-03225,IT,11,7.3,5.9,5.5,75000,Yes,Yes
INT-03226,Finance,11,5.4,4.9,8.0,0,Yes,No
INT-03227,IT,21,8.3,7.3,19.5,75000,No,No
INT-03228,Admin,9,6.1,8.2,14.7,100000,No,Yes
INT-03229,IT,8,8.7,6.8,8.1,100000,Yes,Yes
INT-03230,IT,5,6.7,8.4,20.3,75000,Yes,Yes
INT-03231,Engineering,15,8.0,8.2,4.3,100000,No,Yes
INT-03232,Engineering,7,8.3,7.0,11.1,0,No,No
INT-03233,IT,16,6.1,8.5,0.6,50000,No,Yes
INT-03234,IT,20,5.9,6.9,7.5,100000,No,Yes
INT-03235,Admin,19,6.8,8.9,1.7,50000,Yes,Yes
INT-03236,IT,12,7.6,5.8,6.4,150000,Yes,Yes
INT-03237,IT,4,9.4,6.6,2.8,0,Yes,Yes
INT-03238,Marketing,18,6.7,8.3,4.3,50000,No,Yes
INT-03239,Engineering,15,9.0,3.9,13.1,100000,Yes,Yes
INT-03240,Engineering,8,5.9,7.6,1.0,25000,Yes,Yes
INT-03241,Admin,21,6.8,5.4,6.7,50000,No,No
INT-03242,Admin,23,7.3,7.8,1.8,75000,Yes,Yes
INT-03243,Engineering,5,7.8,8.6,7.3,50000,Yes,Yes
INT-03244,Engineering,7,8.4,8.9,8.5,50000,No,Yes
INT-03245,Engineering,18,6.5,7.9,2.1,0,No,Yes
INT-03246,IT,9,8.9,7.0,0.5,100000,No,Yes
INT-03247,Engineering,15,8.4,5.5,1.2,75000,No,Yes
INT-03248,Admin,21,6.3,7.1,9.9,150000,Yes,Yes
INT-03249,Finance,23,8.4,6.1,4.3,150000,No,Yes
INT-03250,Engineering,7,8.6,7.0,4.2,100000,Yes,No
INT-03251,Engineering,4,8.5,7.7,9.9,50000,Yes,Yes
INT-03252,IT,18,7.9,6.6,6.0,50000,No,Yes
INT-03253,Engineering,21,8.7,4.0,8.6,150000,Yes,Yes
INT-03254,IT,17,3.7,4.6,20.6,25000,No,No
INT-03255,Admin,6,9.5,8.1,6.2,0,No,Yes
INT-03256,IT,18,3.9,7.7,8.6,75000,No,Yes
INT-03257,Engineering,8,9.2,9.5,8.7,50000,No,Yes
INT-03258,IT,6,4.7,7.5,6.6,25000,Yes,Yes
INT-03259,Admin,10,7.4,5.7,9.2,50000,Yes,Yes
INT-03260,Finance,9,8.8,7.8,14.9,25000,Yes,Yes
INT-03261,IT,4,5.7,8.8,13.7,25000,No,Yes
INT-03262,Engineering,22,6.1,8.8,1.0,25000,Yes,Yes
INT-03263,Admin,10,6.9,7.6,24.8,100000,No,No
INT-03264,IT,7,6.1,7.2,15.5,150000,No,No
INT-03265,Finance,15,4.7,6.2,28.7,75000,No,No
INT-03266,IT,23,5.5,7.2,2.2,75000,No,Yes
INT-03267,Admin,21,8.8,5.9,6.7,100000,No,No
INT-03268,Engineering,12,5.4,9.4,5.1,0,No,Yes
INT-03269,Engineering,22,8.4,5.8,4.3,25000,Yes,Yes
INT-03270,Engineering,7,6.1,8.5,4.7,50000,No,Yes
INT-03271,IT,4,8.6,8.1,19.2,25000,No,No
INT-03272,IT,12,8.3,7.7,10.1,50000,No,No
INT-03273,Engineering,18,7.4,6.8,3.6,50000,Yes,Yes
INT-03274,Engineering,11,4.3,7.2,4.3,150000,No,Yes
INT-03275,Finance,18,6.4,5.6,5.6,25000,Yes,Yes
INT-03276,Finance,18,7.9,4.5,4.2,50000,No,Yes
INT-03277,Finance,21,6.3,9.2,2.4,25000,Yes,Yes
INT-03278,Admin,10,5.5,8.8,5.1,100000,No,Yes
INT-03279,Admin,21,5.8,6.7,1.2,75000,Yes,Yes
INT-03280,Finance,19,7.6,8.2,15.9,150000,Yes,No
INT-03281,Admin,5,8.4,7.9,14.4,50000,No,Yes
INT-03282,IT,7,6.7,8.3,18.3,150000,No,No
INT-03283,Finance,23,6.3,4.5,5.2,75000,Yes,Yes
INT-03284,Finance,19,8.1,6.4,8.9,0,Yes,Yes
INT-03285,Admin,6,8.4,6.6,13.8,0,Yes,Yes
INT-03286,IT,5,9.6,8.1,3.5,25000,No,Yes
INT-03287,Admin,6,8.9,7.5,8.5,0,Yes,Yes
INT-03288,Finance,8,9.0,7.0,5.1,75000,No,Yes
INT-03289,Marketing,5,6.2,5.5,4.2,150000,No,Yes
INT-03290,IT,22,5.7,8.3,16.2,0,No,No
INT-03291,IT,23,9.7,8.0,8.3,25000,No,Yes
INT-03292,Finance,5,4.4,8.8,8.3,150000,No,Yes
INT-03293,Admin,5,8.8,4.9,1.9,25000,No,Yes
INT-03294,Engineering,23,7.3,6.3,3.9,100000,No,Yes
INT-03295,Marketing,21,6.2,5.5,15.2,25000,No,No
INT-03296,IT,23,7.6,7.8,2.4,150000,No,Yes
INT-03297,Engineering,24,7.5,4.3,28.7,50000,No,No
INT-03298,IT,17,8.4,8.4,14.8,75000,Yes,Yes
INT-03299,Admin,18,9.7,8.3,3.0,150000,No,Yes
INT-03300,Finance,15,8.7,6.2,1.4,25000,No,Yes
INT-03301,Admin,14,4.1,8.0,2.0,50000,Yes,Yes
INT-03302,Marketing,14,8.0,6.4,2.7,25000,No,Yes
INT-03303,Engineering,10,6.2,5.3,2.7,50000,Yes,Yes
INT-03304,Admin,15,9.1,8.1,0.6,150000,No,Yes
INT-03305,IT,19,5.4,8.9,10.6,25000,No,Yes
INT-03306,Admin,8,5.1,8.4,30.7,50000,Yes,No
INT-03307,Admin,5,9.1,5.6,3.2,25000,No,Yes
INT-03308,IT,19,6.4,6.3,0.6,50000,Yes,Yes
INT-03309,Admin,18,9.0,7.2,20.5,25000,Yes,No
INT-03310,Admin,14,8.9,8.6,2.3,25000,No,Yes
INT-03311,Engineering,9,6.5,7.6,0.6,50000,Yes,Yes
INT-03312,Engineering,16,8.8,6.0,2.5,75000,No,No
INT-03313,Engineering,22,7.0,9.2,1.4,25000,No,No
INT-03314,IT,13,9.5,7.5,10.9,100000,Yes,Yes
INT-03315,IT,22,6.3,4.7,0.5,150000,Yes,Yes
INT-03316,Engineering,8,7.0,8.0,5.2,50000,Yes,Yes
INT-03317,Admin,24,8.7,8.5,5.9,25000,Yes,Yes
INT-03318,IT,10,9.4,9.6,12.8,0,No,Yes
INT-03319,Finance,14,4.9,7.3,6.4,25000,No,No
INT-03320,Finance,17,8.4,9.7,1.6,75000,Yes,Yes
INT-03321,Engineering,24,5.6,5.0,4.9,100000,No,Yes
INT-03322,IT,19,8.0,7.0,22.3,0,No,Yes
INT-03323,Finance,21,5.4,5.2,2.7,75000,No,Yes
INT-03324,Engineering,24,5.7,6.5,3.3,25000,No,Yes
INT-03325,Finance,7,9.2,7.3,17.0,100000,No,Yes
INT-03326,Finance,4,7.6,6.7,12.8,25000,Yes,No
INT-03327,Finance,18,3.2,3.2,3.3,0,No,No
INT-03328,Engineering,17,5.1,8.5,10.4,150000,No,Yes
INT-03329,IT,22,8.5,6.5,1.2,50000,No,Yes
INT-03330,Engineering,8,9.6,8.9,6.8,50000,Yes,Yes
INT-03331,Engineering,7,5.8,7.9,16.9,75000,No,No
INT-03332,Engineering,16,5.2,5.8,15.3,75000,No,No
INT-03333,IT,21,7.3,5.2,2.3,0,No,Yes
INT-03334,IT,15,7.1,8.1,6.6,50000,Yes,Yes
INT-03335,Finance,24,8.7,8.5,4.6,75000,No,Yes
INT-03336,Engineering,18,9.3,7.6,7.1,150000,No,Yes
INT-03337,Marketing,12,9.3,6.1,1.1,75000,Yes,No
INT-03338,Finance,7,8.2,4.2,32.4,25000,Yes,No
INT-03339,Engineering,8,8.9,6.5,7.1,0,No,Yes
INT-03340,Engineering,12,7.2,4.3,1.5,100000,No,Yes
INT-03341,Finance,16,7.9,8.2,8.7,100000,Yes,No
INT-03342,Engineering,13,7.0,7.3,0.6,25000,No,Yes
INT-03343,Engineering,19,9.5,9.3,0.6,50000,Yes,Yes
INT-03344,IT,16,6.2,9.0,2.1,100000,Yes,Yes
INT-03345,Admin,7,8.6,8.7,3.0,75000,Yes,Yes
INT-03346,Engineering,24,7.8,5.5,2.9,25000,No,Yes
INT-03347,IT,16,4.9,6.8,5.2,75000,No,Yes
INT-03348,IT,24,7.0,4.2,6.3,75000,Yes,Yes
INT-03349,Admin,11,8.9,7.4,4.9,150000,Yes,Yes
INT-03350,IT,16,7.8,8.7,4.2,100000,Yes,Yes
INT-03351,IT,18,6.9,7.9,9.4,0,No,Yes
INT-03352,Admin,23,8.5,8.9,2.8,25000,No,Yes
INT-03353,Marketing,23,5.4,8.4,8.4,50000,No,Yes
INT-03354,Engineering,16,9.7,5.9,25.6,50000,No,No
INT-03355,IT,8,9.1,9.7,5.6,25000,No,Yes
INT-03356,IT,9,7.1,5.0,6.2,100000,No,No
INT-03357,Engineering,8,7.9,7.8,10.9,25000,No,No
INT-03358,Admin,16,8.4,8.1,6.2,100000,No,Yes
INT-03359,Finance,8,7.7,6.5,1.7,50000,Yes,No
INT-03360,Engineering,16,8.7,8.1,8.0,75000,Yes,No
INT-03361,Finance,23,8.9,6.8,6.2,25000,No,Yes
INT-03362,IT,11,5.7,4.3,24.7,50000,No,No
INT-03363,Engineering,12,5.7,8.9,1.3,75000,No,Yes
INT-03364,IT,24,7.8,4.7,6.7,50000,No,Yes
INT-03365,Marketing,22,7.0,5.1,8.2,100000,Yes,Yes
INT-03366,Engineering,23,7.7,8.2,8.2,75000,No,Yes
INT-03367,Admin,18,8.9,8.4,1.0,75000,Yes,Yes
INT-03368,IT,13,6.6,8.9,3.7,25000,Yes,Yes
INT-03369,IT,14,7.2,7.0,2.9,50000,No,Yes
INT-03370,Engineering,8,5.0,8.4,9.6,75000,Yes,Yes
INT-03371,IT,12,8.0,7.0,11.1,150000,Yes,Yes
INT-03372,Engineering,14,6.4,5.0,2.4,25000,No,No
INT-03373,IT,22,7.8,9.0,14.5,100000,Yes,Yes
INT-03374,Engineering,5,7.4,7.9,5.8,25000,No,No
INT-03375,Finance,9,6.7,6.4,2.9,75000,No,Yes
INT-03376,Finance,24,7.9,9.7,3.4,75000,No,Yes
INT-03377,Finance,4,8.1,2.5,2.9,100000,Yes,Yes
INT-03378,IT,6,8.0,7.2,7.9,0,Yes,Yes
INT-03379,IT,6,5.9,6.9,6.5,100000,Yes,Yes
INT-03380,Engineering,17,9.6,6.9,22.8,50000,No,Yes
INT-03381,Admin,23,6.0,8.1,3.1,50000,Yes,Yes
INT-03382,Admin,8,7.0,6.1,3.6,100000,No,Yes
INT-03383,IT,20,8.8,6.4,0.6,50000,No,Yes
INT-03384,IT,18,8.3,5.9,3.3,50000,Yes,Yes
INT-03385,IT,9,6.7,6.0,2.8,100000,No,Yes
INT-03386,Finance,17,8.0,5.8,4.6,0,No,Yes
INT-03387,IT,17,7.8,8.6,6.0,75000,Yes,Yes
INT-03388,Engineering,20,7.3,5.5,9.4,0,Yes,Yes
INT-03389,IT,11,5.1,6.5,2.2,0,Yes,No
INT-03390,Engineering,11,6.9,7.0,7.0,150000,Yes,No
INT-03391,Admin,22,7.9,2.7,10.9,50000,No,No
INT-03392,Finance,12,6.2,7.2,2.7,0,No,No
INT-03393,Finance,14,7.0,9.2,4.0,100000,No,Yes
INT-03394,Admin,16,6.1,8.0,2.3,25000,No,No
INT-03395,Marketing,16,7.2,8.6,1.4,0,No,No
INT-03396,Marketing,22,7.4,5.4,11.8,50000,No,Yes
INT-03397,Finance,24,7.9,8.3,2.7,25000,Yes,Yes
INT-03398,Finance,22,6.3,8.0,4.2,0,No,Yes
INT-03399,IT,8,6.0,6.7,2.8,25000,No,Yes
INT-03400,Engineering,19,6.1,7.8,0.9,0,Yes,Yes
INT-03401,IT,12,8.5,7.4,10.9,50000,No,Yes
INT-03402,IT,23,8.6,5.2,8.7,150000,No,Yes
INT-03403,Marketing,6,8.9,8.0,5.7,25000,No,Yes
INT-03404,Admin,22,6.1,7.8,9.5,75000,No,Yes
INT-03405,Engineering,8,8.5,9.5,15.5,0,No,Yes
INT-03406,Finance,11,7.9,8.4,8.2,0,No,Yes
INT-03407,Finance,17,9.1,8.3,19.5,25000,No,Yes
INT-03408,Marketing,6,5.1,9.5,2.3,75000,Yes,Yes
INT-03409,IT,16,8.9,9.2,17.7,25000,Yes,Yes
INT-03410,IT,14,9.1,7.5,6.7,25000,Yes,Yes
INT-03411,Admin,11,9.1,5.0,15.2,50000,Yes,No
INT-03412,IT,22,7.3,7.2,11.4,75000,Yes,Yes
INT-03413,IT,13,6.5,7.9,1.0,75000,No,Yes
INT-03414,Admin,21,8.1,4.3,15.1,25000,Yes,No
INT-03415,Finance,21,8.1,5.7,3.8,25000,Yes,No
INT-03416,Engineering,10,7.4,7.7,4.9,0,Yes,Yes
INT-03417,Admin,19,7.4,7.9,0.6,150000,No,Yes
INT-03418,Engineering,9,6.8,8.2,11.9,50000,Yes,Yes
INT-03419,IT,19,3.7,9.0,5.5,0,No,No
INT-03420,IT,19,7.5,6.5,23.0,75000,Yes,Yes
INT-03421,Finance,4,9.6,8.2,3.1,75000,No,Yes
INT-03422,Engineering,22,6.5,9.4,6.0,50000,No,Yes
INT-03423,Finance,6,7.8,7.2,4.7,0,Yes,No
INT-03424,IT,9,8.9,8.1,13.1,150000,No,Yes
INT-03425,Finance,7,9.1,7.3,6.6,25000,No,Yes
INT-03426,Engineering,7,8.3,6.2,5.4,0,No,Yes
INT-03427,Engineering,7,8.4,8.8,24.0,150000,Yes,Yes
INT-03428,Engineering,13,5.8,7.2,4.3,25000,Yes,Yes
INT-03429,Finance,12,7.8,8.8,5.9,75000,No,Yes
INT-03430,Engineering,11,5.1,2.5,7.0,50000,No,No
INT-03431,Engineering,22,8.0,6.8,0.9,100000,No,Yes
INT-03432,Marketing,20,7.9,6.9,6.5,25000,No,Yes
INT-03433,Finance,20,9.6,5.7,3.8,100000,No,Yes
INT-03434,Admin,4,9.3,7.9,8.9,50000,Yes,Yes
INT-03435,Engineering,23,6.3,9.3,8.8,25000,Yes,Yes
INT-03436,Admin,17,4.9,8.2,10.4,75000,Yes,Yes
INT-03437,IT,23,5.2,7.3,4.6,150000,Yes,Yes
INT-03438,Engineering,14,8.1,7.7,1.4,50000,No,Yes
INT-03439,Marketing,6,6.8,8.2,5.1,100000,No,Yes
INT-03440,Marketing,11,7.7,9.1,6.9,25000,No,Yes
INT-03441,Admin,13,5.0,6.5,0.7,150000,Yes,Yes
INT-03442,Engineering,20,7.8,7.3,6.8,75000,Yes,Yes
INT-03443,IT,11,8.3,8.9,4.6,75000,Yes,Yes
INT-03444,Marketing,4,8.9,6.7,5.7,50000,No,Yes
INT-03445,Marketing,23,5.5,7.6,3.4,75000,No,Yes
INT-03446,Engineering,24,6.9,7.2,5.9,100000,Yes,Yes
INT-03447,Finance,10,8.0,8.3,17.6,25000,Yes,No
INT-03448,Engineering,12,9.3,7.5,12.9,75000,No,Yes
INT-03449,Engineering,15,8.0,8.9,8.2,150000,No,Yes
INT-03450,IT,12,7.7,6.0,8.4,25000,No,Yes
INT-03451,Admin,23,8.3,9.3,18.6,100000,No,No
INT-03452,Engineering,6,6.3,7.1,5.7,25000,No,No
INT-03453,Engineering,7,8.1,7.6,6.7,100000,No,Yes
INT-03454,Admin,13,5.9,6.7,16.2,0,Yes,No
INT-03455,Marketing,7,9.8,5.8,11.7,0,No,No
INT-03456,IT,12,9.2,5.0,5.0,50000,No,Yes
INT-03457,Engineering,4,5.9,5.7,3.4,50000,No,Yes
INT-03458,Engineering,8,5.6,4.5,6.3,50000,No,No
INT-03459,Engineering,12,9.2,5.5,1.5,25000,No,Yes
INT-03460,Engineering,8,6.3,4.0,9.6,100000,No,Yes
INT-03461,IT,9,7.3,8.6,5.5,75000,No,Yes
INT-03462,IT,22,6.9,6.1,7.7,100000,No,Yes
INT-03463,Engineering,11,6.8,9.7,15.5,0,No,No
INT-03464,Engineering,13,9.0,9.0,4.0,50000,No,Yes
INT-03465,IT,14,6.9,6.3,6.0,25000,No,Yes
INT-03466,Engineering,16,7.5,4.9,7.0,75000,Yes,No
INT-03467,Admin,23,6.6,9.8,3.1,150000,No,Yes
INT-03468,Engineering,7,9.6,8.5,3.1,25000,No,Yes
INT-03469,Finance,14,6.5,6.7,6.5,100000,No,Yes
INT-03470,IT,15,9.0,3.0,2.9,100000,Yes,Yes
INT-03471,IT,8,7.2,8.4,16.3,25000,No,Yes
INT-03472,Finance,13,6.5,3.9,42.7,0,No,No
INT-03473,Engineering,10,9.3,6.6,2.4,100000,No,Yes
INT-03474,Engineering,24,8.3,6.0,7.4,100000,Yes,Yes
INT-03475,Finance,12,8.7,7.0,1.8,75000,No,Yes
INT-03476,Finance,12,9.0,5.0,2.1,50000,No,Yes
INT-03477,Marketing,13,5.8,8.6,12.1,25000,Yes,No
INT-03478,Engineering,13,7.2,9.3,2.3,50000,Yes,Yes
INT-03479,Admin,5,6.9,7.9,11.6,25000,No,Yes
INT-03480,Admin,7,6.6,8.0,4.6,100000,No,Yes
INT-03481,IT,11,4.5,7.8,5.7,25000,No,No
INT-03482,Engineering,17,8.6,9.1,2.9,25000,No,Yes
INT-03483,IT,20,7.2,5.1,6.9,100000,No,No
INT-03484,Marketing,16,8.8,5.6,3.7,75000,No,Yes
INT-03485,Engineering,24,6.3,9.1,2.0,25000,No,Yes
INT-03486,Engineering,21,9.6,8.3,1.7,25000,Yes,Yes
INT-03487,Admin,21,9.3,6.5,60.0,100000,No,No
INT-03488,IT,16,7.7,7.0,3.9,75000,No,No
INT-03489,IT,11,9.1,7.6,13.6,50000,Yes,Yes
INT-03490,Admin,15,5.1,3.3,3.8,100000,Yes,No
INT-03491,IT,24,3.5,3.7,8.3,25000,Yes,No
INT-03492,Engineering,4,8.9,7.3,15.2,50000,No,No
INT-03493,Finance,23,8.3,6.5,10.0,150000,No,Yes
INT-03494,Finance,21,9.3,6.6,1.1,50000,Yes,Yes
INT-03495,Engineering,6,5.9,7.8,2.2,25000,No,No
INT-03496,IT,15,7.3,7.5,17.0,150000,Yes,Yes
INT-03497,Finance,22,5.2,8.9,5.6,50000,No,Yes
INT-03498,Finance,16,4.6,4.0,7.8,50000,No,No
INT-03499,IT,13,7.8,8.5,0.7,50000,Yes,Yes
INT-03500,Engineering,18,5.7,7.6,5.8,50000,No,Yes
INT-03501,IT,23,8.0,6.0,5.0,25000,No,Yes
INT-03502,Finance,5,7.2,7.1,9.8,100000,No,Yes
INT-03503,Marketing,22,8.5,8.1,3.1,50000,Yes,Yes
INT-03504,IT,6,7.8,3.2,11.4,75000,Yes,Yes
INT-03505,Finance,17,9.1,7.2,9.4,75000,No,Yes
INT-03506,Engineering,10,7.0,8.1,6.2,50000,No,Yes
INT-03507,Marketing,11,4.8,7.6,4.3,50000,No,No
INT-03508,Admin,14,4.2,5.2,3.4,100000,No,No
INT-03509,Finance,23,8.1,6.8,6.6,50000,No,Yes
INT-03510,IT,9,6.5,6.5,7.4,25000,Yes,No
INT-03511,Admin,14,4.9,7.1,5.3,25000,Yes,Yes
INT-03512,IT,20,6.8,8.7,3.6,25000,No,Yes
INT-03513,Marketing,13,8.1,9.0,17.5,50000,No,No
INT-03514,Finance,20,8.3,9.4,3.5,0,No,Yes
INT-03515,Finance,24,4.7,8.1,9.4,75000,Yes,Yes
INT-03516,Marketing,5,6.7,4.4,19.3,100000,Yes,Yes
INT-03517,IT,9,7.4,4.0,8.8,75000,No,No
INT-03518,Admin,8,4.2,8.0,4.1,25000,No,No
INT-03519,IT,7,8.1,6.2,3.3,50000,No,Yes
INT-03520,IT,5,8.3,8.5,15.9,25000,No,Yes
INT-03521,IT,15,9.0,8.0,5.9,50000,No,Yes
INT-03522,Admin,6,7.4,6.2,7.7,75000,No,No
INT-03523,IT,9,8.7,5.7,7.8,75000,No,Yes
INT-03524,IT,17,7.4,6.9,6.6,25000,Yes,Yes
INT-03525,IT,11,8.1,7.9,21.9,75000,No,Yes
INT-03526,IT,24,5.6,6.8,21.9,150000,No,No
INT-03527,Marketing,24,4.1,4.8,0.8,100000,No,No
INT-03528,Finance,17,6.6,8.0,6.1,50000,Yes,Yes
INT-03529,Marketing,6,6.8,6.6,7.2,25000,No,No
INT-03530,Admin,19,3.5,9.3,21.3,25000,Yes,No
INT-03531,IT,18,7.9,6.1,1.1,0,No,Yes
INT-03532,Finance,10,5.1,3.9,13.0,50000,No,No
INT-03533,Admin,18,7.1,7.4,8.7,75000,No,Yes
INT-03534,IT,16,8.3,6.8,11.0,75000,No,Yes
INT-03535,IT,9,6.5,6.3,3.3,50000,No,Yes
INT-03536,IT,18,7.4,4.8,11.5,100000,No,Yes
INT-03537,IT,20,8.4,4.1,3.2,25000,No,Yes
INT-03538,Admin,7,9.8,6.9,9.5,50000,No,No
INT-03539,Engineering,17,9.4,8.6,12.9,25000,No,Yes
INT-03540,IT,18,7.3,8.7,12.7,25000,No,Yes
INT-03541,IT,15,5.3,8.2,6.8,150000,Yes,Yes
INT-03542,Finance,22,8.3,8.2,4.8,150000,No,Yes
INT-03543,IT,13,5.6,7.2,2.7,25000,Yes,Yes
INT-03544,Admin,9,7.2,9.6,0.8,50000,No,Yes
INT-03545,Finance,12,5.8,4.1,0.9,100000,No,No
INT-03546,IT,5,7.1,5.2,4.8,75000,Yes,Yes
INT-03547,IT,7,8.0,6.2,1.3,75000,Yes,Yes
INT-03548,Admin,12,4.1,3.7,1.4,75000,No,No
INT-03549,Admin,18,6.2,7.0,2.2,25000,No,Yes
INT-03550,Engineering,16,8.2,5.5,5.8,100000,Yes,Yes
INT-03551,Finance,23,9.0,9.4,7.7,75000,No,Yes
INT-03552,IT,11,7.3,8.1,10.0,50000,No,Yes
INT-03553,Engineering,22,6.7,8.4,5.8,0,No,Yes
INT-03554,Engineering,22,8.4,4.3,9.2,25000,No,Yes
INT-03555,IT,19,6.2,7.0,16.4,100000,No,Yes
INT-03556,Engineering,14,7.4,7.3,4.2,50000,Yes,Yes
INT-03557,IT,13,7.6,9.5,9.8,75000,No,Yes
INT-03558,Admin,11,8.1,7.4,9.1,100000,No,Yes
INT-03559,IT,4,5.5,3.7,8.6,25000,No,No
INT-03560,Admin,13,7.4,7.5,7.5,25000,Yes,Yes
INT-03561,Admin,21,8.6,5.5,10.9,50000,Yes,Yes
INT-03562,Finance,6,6.4,7.3,14.2,75000,No,No
INT-03563,IT,14,6.6,5.9,4.5,25000,No,Yes
INT-03564,Admin,21,6.7,4.4,9.0,50000,Yes,Yes
INT-03565,Admin,6,7.6,8.8,2.8,75000,No,Yes
INT-03566,Engineering,11,7.7,6.3,11.8,50000,Yes,Yes
INT-03567,Engineering,17,9.5,7.4,17.5,50000,Yes,No
INT-03568,Engineering,9,5.5,6.7,12.0,100000,No,No
INT-03569,Finance,18,8.3,4.8,5.9,25000,Yes,Yes
INT-03570,Finance,17,9.5,7.4,1.6,100000,Yes,Yes
INT-03571,Admin,10,4.7,7.9,17.0,25000,Yes,No
INT-03572,Engineering,13,7.9,9.0,14.0,50000,Yes,Yes
INT-03573,Finance,18,5.9,7.2,10.1,75000,No,No
INT-03574,Marketing,13,8.3,9.6,15.8,50000,No,Yes
INT-03575,Finance,20,8.5,7.9,6.6,0,Yes,Yes
INT-03576,Admin,22,8.2,8.0,38.0,50000,Yes,No
INT-03577,IT,20,7.2,7.9,15.0,25000,No,Yes
INT-03578,Admin,15,6.5,8.3,1.9,25000,Yes,Yes
INT-03579,Engineering,18,6.0,9.2,4.6,75000,No,No
INT-03580,Admin,15,8.4,3.4,2.0,0,No,No
INT-03581,Admin,12,5.1,7.6,2.5,100000,Yes,No
INT-03582,Finance,8,6.5,7.6,6.1,100000,No,Yes
INT-03583,Admin,7,6.8,8.4,4.1,100000,Yes,Yes
INT-03584,Finance,15,7.7,4.9,19.7,75000,No,No
INT-03585,Admin,19,7.0,2.3,0.5,25000,No,Yes
INT-03586,Admin,12,6.3,9.2,0.6,25000,Yes,Yes
INT-03587,Admin,6,6.4,7.9,20.7,150000,No,No
INT-03588,Finance,24,6.3,7.2,2.7,150000,No,Yes
INT-03589,IT,6,6.8,6.1,0.5,150000,No,Yes
INT-03590,IT,21,7.9,8.8,5.1,75000,Yes,Yes
INT-03591,Marketing,20,9.7,8.8,2.2,50000,No,Yes
INT-03592,IT,13,6.6,6.5,0.9,25000,No,No
INT-03593,Engineering,5,9.1,5.8,6.5,50000,No,Yes
INT-03594,Engineering,14,5.7,7.8,1.7,25000,Yes,Yes
INT-03595,Admin,6,7.4,5.1,15.0,25000,Yes,No
INT-03596,Engineering,5,4.9,7.6,3.4,100000,No,No
INT-03597,IT,12,7.7,8.1,2.5,25000,Yes,Yes
INT-03598,Engineering,22,8.5,6.9,11.3,100000,No,Yes
INT-03599,Admin,5,6.9,4.8,15.6,25000,Yes,No
INT-03600,Engineering,22,8.7,6.8,1.3,0,No,Yes
INT-03601,IT,5,9.0,8.6,1.8,25000,No,No
INT-03602,Engineering,18,7.5,7.2,5.6,100000,No,Yes
INT-03603,IT,24,6.9,6.6,7.6,50000,No,Yes
INT-03604,IT,6,5.6,8.6,1.2,100000,No,Yes
INT-03605,IT,8,5.5,8.1,4.3,50000,No,Yes
INT-03606,IT,14,9.0,9.1,18.7,150000,No,Yes
INT-03607,Finance,10,8.7,7.9,17.2,100000,Yes,Yes
INT-03608,IT,9,8.2,8.4,3.5,50000,Yes,Yes
INT-03609,Marketing,17,7.6,8.0,2.6,100000,Yes,Yes
INT-03610,Marketing,4,7.0,6.1,7.5,25000,Yes,Yes
INT-03611,Engineering,20,8.9,8.7,1.3,150000,Yes,Yes
INT-03612,IT,20,7.8,8.5,2.6,50000,No,Yes
INT-03613,Admin,17,8.0,7.8,2.0,75000,Yes,Yes
INT-03614,Finance,13,9.5,8.3,2.4,0,No,Yes
INT-03615,Admin,11,8.0,5.7,2.4,75000,Yes,Yes
INT-03616,IT,11,8.9,8.9,8.4,25000,No,Yes
INT-03617,Engineering,17,6.8,7.5,5.9,25000,No,Yes
INT-03618,Finance,10,8.9,7.8,16.4,50000,No,Yes
INT-03619,Finance,9,8.6,6.3,11.1,50000,Yes,Yes
INT-03620,IT,7,9.3,4.5,6.0,25000,Yes,Yes
INT-03621,Engineering,4,8.5,8.0,3.4,100000,No,Yes
INT-03622,IT,18,8.5,7.5,14.8,75000,No,Yes
INT-03623,IT,18,8.4,7.4,1.2,25000,Yes,Yes
INT-03624,Finance,4,6.5,8.2,9.6,50000,No,No
INT-03625,IT,23,5.3,7.2,1.5,25000,Yes,No
INT-03626,IT,6,6.0,6.8,6.6,0,No,No
INT-03627,IT,8,7.8,6.0,19.1,50000,Yes,Yes
INT-03628,Finance,8,5.1,7.7,2.7,50000,Yes,No
INT-03629,Finance,7,8.4,8.6,1.2,100000,No,Yes
INT-03630,Engineering,20,7.2,6.1,3.8,75000,Yes,Yes
INT-03631,Finance,24,8.8,7.2,5.7,100000,No,Yes
INT-03632,IT,23,9.7,9.6,10.8,75000,No,Yes
INT-03633,Admin,17,8.1,6.2,0.7,25000,Yes,Yes
INT-03634,Admin,11,8.4,8.3,1.6,100000,No,Yes
INT-03635,IT,5,9.0,8.0,4.7,75000,No,Yes
INT-03636,Admin,11,6.2,5.7,1.3,25000,No,Yes
INT-03637,Marketing,4,4.4,3.6,25.5,50000,Yes,No
INT-03638,IT,7,8.9,6.6,6.2,0,No,No
INT-03639,IT,22,3.6,6.1,4.3,50000,Yes,No
INT-03640,IT,8,5.7,8.0,31.7,75000,Yes,No
INT-03641,IT,8,8.6,5.4,8.8,50000,Yes,Yes
INT-03642,Marketing,24,8.7,7.1,6.3,50000,No,Yes
INT-03643,Admin,23,6.5,9.0,2.7,25000,No,Yes
INT-03644,Admin,22,9.5,9.6,2.8,25000,No,Yes
INT-03645,Finance,15,5.4,7.6,4.1,50000,No,No
INT-03646,IT,23,8.9,6.8,11.6,50000,Yes,Yes
INT-03647,Admin,4,9.0,4.6,14.0,75000,No,No
INT-03648,Admin,10,5.3,5.9,2.2,25000,No,No
INT-03649,Engineering,20,6.3,8.7,14.1,50000,Yes,Yes
INT-03650,Marketing,5,8.8,5.3,3.7,50000,No,Yes
INT-03651,Finance,14,8.7,5.3,2.3,50000,No,Yes
INT-03652,Admin,10,8.0,7.8,2.2,25000,No,Yes
INT-03653,Finance,20,9.2,9.3,5.5,75000,No,Yes
INT-03654,IT,6,8.6,7.8,12.2,50000,No,Yes
INT-03655,IT,9,5.1,5.0,7.3,50000,No,No
INT-03656,IT,14,3.3,4.3,5.5,0,Yes,No
INT-03657,Admin,21,9.5,7.2,0.6,75000,No,No
INT-03658,Engineering,21,9.1,9.3,7.1,75000,No,Yes
INT-03659,Engineering,13,4.0,5.5,9.5,50000,No,No
INT-03660,Marketing,8,3.8,7.0,1.3,50000,No,No
INT-03661,Engineering,24,5.7,7.1,25.5,25000,No,No
INT-03662,Engineering,18,7.1,7.2,1.3,25000,No,Yes
INT-03663,IT,24,8.3,8.6,9.9,150000,No,Yes
INT-03664,IT,23,9.3,8.0,6.4,0,No,Yes
INT-03665,Engineering,7,6.6,6.6,17.7,75000,No,No
INT-03666,Admin,24,8.5,7.9,4.8,50000,No,Yes
INT-03667,Finance,24,7.7,6.0,6.2,50000,No,No
INT-03668,IT,4,7.6,5.0,6.9,50000,No,Yes
INT-03669,IT,18,7.0,7.2,17.1,50000,No,No
INT-03670,Admin,20,7.4,7.7,13.4,25000,No,No
INT-03671,IT,22,8.5,6.0,3.1,25000,Yes,Yes
INT-03672,IT,17,9.5,6.7,25.4,0,Yes,Yes
INT-03673,Engineering,22,6.8,8.2,11.7,50000,Yes,Yes
INT-03674,IT,21,7.6,8.9,0.6,100000,Yes,Yes
INT-03675,Engineering,5,8.6,8.7,2.1,50000,No,Yes
INT-03676,IT,9,7.3,9.3,16.0,50000,No,No
INT-03677,IT,16,8.1,9.1,8.8,50000,Yes,Yes
INT-03678,Admin,20,6.9,6.4,2.9,100000,Yes,Yes
INT-03679,Finance,9,7.6,4.7,2.0,50000,No,Yes
INT-03680,Admin,24,8.8,6.7,1.8,100000,Yes,Yes
INT-03681,Finance,8,7.9,5.7,3.6,100000,Yes,Yes
INT-03682,IT,10,9.0,3.5,18.8,50000,No,No
INT-03683,Finance,4,7.6,3.9,4.0,75000,No,No
INT-03684,IT,16,6.8,7.1,9.1,50000,No,Yes
INT-03685,Engineering,22,9.4,7.4,1.4,75000,No,Yes
INT-03686,Engineering,4,7.3,8.7,6.6,100000,No,No
INT-03687,Marketing,16,8.0,6.8,3.9,100000,No,Yes
INT-03688,Admin,14,8.8,6.3,1.9,0,Yes,Yes
INT-03689,IT,10,6.5,7.4,13.3,50000,Yes,No
INT-03690,IT,23,8.4,8.3,14.0,25000,No,No
INT-03691,Finance,6,6.8,3.8,3.4,100000,Yes,No
INT-03692,Engineering,4,8.8,5.2,9.0,75000,No,Yes
INT-03693,Finance,11,7.2,8.3,4.5,50000,Yes,Yes
INT-03694,IT,20,8.0,9.3,0.9,50000,No,Yes
INT-03695,Admin,16,4.2,4.8,5.0,0,No,No
INT-03696,IT,17,6.2,5.3,7.4,100000,No,Yes
INT-03697,Marketing,8,8.7,8.1,3.3,100000,No,Yes
INT-03698,Engineering,9,6.4,8.4,24.3,50000,No,No
INT-03699,Marketing,9,7.5,5.1,7.0,0,Yes,Yes
INT-03700,IT,24,6.9,7.6,4.2,100000,No,Yes
INT-03701,Engineering,11,8.5,5.8,11.1,25000,No,Yes
INT-03702,Engineering,16,7.3,8.2,3.8,50000,No,Yes
INT-03703,Admin,21,7.6,7.2,0.7,100000,No,Yes
INT-03704,Finance,7,9.3,6.4,0.6,75000,No,Yes
INT-03705,Marketing,20,7.8,8.1,3.4,50000,No,Yes
INT-03706,Finance,8,6.6,9.3,1.9,50000,No,Yes
INT-03707,Engineering,6,8.6,7.2,4.0,50000,No,Yes
INT-03708,IT,7,8.0,9.7,12.2,25000,Yes,No
INT-03709,IT,8,7.9,8.8,3.5,25000,No,Yes
INT-03710,Marketing,17,3.2,7.9,7.1,0,Yes,No
INT-03711,IT,18,8.9,9.1,20.7,150000,Yes,Yes
INT-03712,Engineering,23,8.1,6.5,10.1,100000,No,Yes
INT-03713,Engineering,20,8.2,8.6,7.1,75000,No,Yes
INT-03714,Engineering,9,7.6,2.9,16.6,50000,Yes,No
INT-03715,Marketing,13,9.1,9.4,3.7,75000,No,Yes
INT-03716,Admin,19,7.7,4.7,2.3,50000,Yes,No
INT-03717,Admin,20,9.6,3.1,11.5,100000,No,Yes
INT-03718,IT,17,3.9,5.8,1.0,75000,No,No
INT-03719,Admin,23,8.8,6.1,4.9,100000,No,Yes
INT-03720,IT,15,9.9,4.7,3.2,25000,Yes,Yes
INT-03721,Admin,12,9.1,9.0,28.9,150000,No,Yes
INT-03722,Finance,18,5.9,8.8,4.3,25000,No,Yes
INT-03723,Marketing,15,5.3,6.7,9.2,100000,No,Yes
INT-03724,IT,17,9.7,6.7,3.0,50000,No,Yes
INT-03725,Admin,21,6.3,5.8,33.2,75000,Yes,No
INT-03726,Marketing,23,9.2,5.4,2.1,100000,No,Yes
INT-03727,IT,9,4.4,5.0,19.5,50000,No,No
INT-03728,IT,7,8.4,6.8,5.2,150000,No,Yes
INT-03729,IT,15,4.5,7.7,5.0,25000,Yes,No
INT-03730,Engineering,16,7.3,5.2,10.2,100000,No,No
INT-03731,IT,22,8.4,7.6,1.3,50000,No,Yes
INT-03732,Marketing,16,8.0,8.3,6.8,50000,No,Yes
INT-03733,Admin,15,6.9,6.9,2.5,50000,No,Yes
INT-03734,Engineering,23,8.2,6.3,1.9,25000,Yes,Yes
INT-03735,IT,6,5.0,8.9,17.3,75000,No,No
INT-03736,Admin,6,7.3,7.2,47.8,50000,Yes,No
INT-03737,Engineering,17,5.2,7.0,28.9,100000,Yes,No
INT-03738,Finance,21,2.9,7.3,14.3,150000,No,No
INT-03739,Finance,22,6.2,8.8,20.7,25000,Yes,Yes
INT-03740,Engineering,13,7.1,7.7,21.1,75000,No,No
INT-03741,Marketing,20,9.2,8.1,2.1,25000,No,Yes
INT-03742,Finance,18,5.4,7.3,1.2,75000,No,No
INT-03743,Finance,22,8.0,6.1,1.6,50000,Yes,Yes
INT-03744,IT,12,8.0,7.6,1.9,100000,No,Yes
INT-03745,IT,7,4.3,6.4,14.3,100000,Yes,No
INT-03746,IT,18,9.1,8.2,23.2,25000,No,No
INT-03747,Engineering,22,8.0,7.8,4.0,150000,Yes,Yes
INT-03748,Admin,19,5.9,4.5,0.8,50000,No,No
INT-03749,Admin,11,4.7,5.3,3.4,50000,Yes,Yes
INT-03750,Finance,20,5.5,7.0,10.3,25000,No,Yes
INT-03751,Finance,24,7.9,4.8,23.4,50000,Yes,Yes
INT-03752,Marketing,4,9.0,6.3,5.3,50000,No,Yes
INT-03753,Admin,10,8.3,5.3,3.8,25000,No,No
INT-03754,Engineering,24,8.8,8.3,9.0,75000,Yes,Yes
INT-03755,IT,21,9.3,8.3,2.4,75000,No,Yes
INT-03756,IT,15,8.7,9.3,12.1,50000,Yes,Yes
INT-03757,IT,19,9.1,2.0,4.8,50000,Yes,Yes
INT-03758,Admin,4,8.5,9.3,30.8,0,No,No
INT-03759,Admin,18,7.2,6.7,22.3,100000,Yes,No
INT-03760,Finance,10,8.1,7.2,9.3,50000,No,No
INT-03761,IT,20,4.9,7.9,8.9,75000,Yes,No
INT-03762,Engineering,6,8.6,6.2,1.6,0,Yes,Yes
INT-03763,Engineering,14,7.9,7.9,3.1,25000,No,Yes
INT-03764,IT,9,9.3,5.6,16.3,100000,No,Yes
INT-03765,Admin,9,9.0,4.2,4.1,75000,Yes,Yes
INT-03766,IT,18,7.8,8.3,4.9,75000,No,Yes
INT-03767,Engineering,10,7.9,7.1,15.2,0,Yes,Yes
INT-03768,Admin,14,8.1,5.3,5.0,50000,Yes,Yes
INT-03769,IT,20,8.8,3.3,15.7,50000,No,Yes
INT-03770,IT,21,7.7,4.7,1.1,100000,Yes,Yes
INT-03771,Engineering,24,8.7,6.6,9.9,50000,No,No
INT-03772,Marketing,22,8.4,9.7,1.0,0,Yes,Yes
INT-03773,Admin,11,6.2,8.7,13.0,50000,Yes,Yes
INT-03774,Engineering,23,4.4,7.2,6.9,25000,No,Yes
INT-03775,Engineering,11,9.2,7.7,7.0,100000,Yes,Yes
INT-03776,Marketing,24,5.5,7.7,4.3,75000,Yes,Yes
INT-03777,Finance,14,9.7,8.9,19.2,75000,Yes,Yes
INT-03778,Engineering,24,9.0,8.3,6.2,100000,Yes,Yes
INT-03779,Engineering,6,5.3,8.6,2.9,150000,No,Yes
INT-03780,Finance,17,8.7,5.7,14.4,150000,No,Yes
INT-03781,Admin,12,6.0,5.9,24.2,150000,No,No
INT-03782,Admin,4,7.8,6.2,2.7,100000,Yes,Yes
INT-03783,IT,4,5.0,8.1,7.9,75000,No,Yes
INT-03784,Finance,15,7.7,8.3,7.6,25000,Yes,Yes
INT-03785,Finance,14,5.2,8.0,8.0,0,No,Yes
INT-03786,IT,24,9.1,8.2,7.1,50000,No,No
INT-03787,Engineering,4,5.8,7.8,1.3,100000,No,Yes
INT-03788,Admin,23,7.8,5.6,4.8,75000,No,Yes
INT-03789,IT,15,8.7,6.2,34.5,25000,No,No
INT-03790,Marketing,20,6.0,7.9,1.2,0,Yes,Yes
INT-03791,IT,18,9.7,4.8,9.4,25000,Yes,Yes
INT-03792,IT,5,8.1,8.4,18.5,100000,No,Yes
INT-03793,Engineering,21,8.4,4.5,2.3,75000,No,Yes
INT-03794,Engineering,19,8.7,8.1,13.5,75000,Yes,Yes
INT-03795,IT,7,5.7,9.6,2.7,75000,No,No
INT-03796,Engineering,11,8.4,5.9,0.7,25000,No,Yes
INT-03797,Engineering,5,4.4,7.2,6.4,75000,No,No
INT-03798,IT,17,6.6,4.2,10.4,150000,No,No
INT-03799,IT,18,5.4,2.4,2.3,25000,No,No
INT-03800,Engineering,12,7.5,5.0,1.1,100000,Yes,Yes
INT-03801,IT,5,6.0,9.5,6.9,150000,No,Yes
INT-03802,Marketing,20,8.5,8.7,1.8,50000,No,Yes
INT-03803,Finance,13,8.7,7.5,2.1,0,No,Yes
INT-03804,Marketing,12,5.7,5.6,10.2,150000,No,Yes
INT-03805,IT,5,7.9,4.5,8.1,0,No,No
INT-03806,Marketing,22,8.2,7.4,24.0,100000,Yes,Yes
INT-03807,Admin,20,6.0,5.8,3.6,50000,No,Yes
INT-03808,Admin,14,7.9,7.9,2.4,75000,No,Yes
INT-03809,IT,20,4.9,7.1,9.0,50000,Yes,No
INT-03810,IT,13,8.4,5.1,29.1,50000,No,No
INT-03811,Engineering,21,7.6,2.3,7.0,25000,Yes,No
INT-03812,Admin,9,5.8,6.0,3.3,25000,No,No
INT-03813,IT,19,8.6,5.7,19.8,50000,Yes,No
INT-03814,Engineering,21,8.2,8.0,8.0,100000,No,Yes
INT-03815,IT,23,6.4,6.8,2.4,0,No,Yes
INT-03816,Engineering,21,7.1,6.6,24.4,0,Yes,No
INT-03817,Admin,4,8.0,6.4,3.1,25000,No,No
INT-03818,Finance,6,5.6,7.4,18.8,100000,No,No
INT-03819,Finance,18,5.2,7.6,8.1,150000,No,No
INT-03820,Admin,23,6.3,6.8,6.1,100000,No,Yes
INT-03821,Admin,13,9.3,8.6,3.7,0,Yes,Yes
INT-03822,Admin,24,7.5,6.1,1.5,25000,Yes,Yes
INT-03823,Finance,8,9.5,9.0,2.7,50000,No,No
INT-03824,Admin,18,8.6,5.4,3.7,75000,No,Yes
INT-03825,IT,17,8.3,8.0,3.2,50000,No,Yes
INT-03826,IT,18,4.0,9.5,1.1,50000,No,Yes
INT-03827,Admin,13,6.9,6.6,7.4,0,No,No
INT-03828,Admin,12,7.2,8.7,5.7,0,Yes,Yes
INT-03829,Finance,15,8.4,8.5,1.4,75000,No,Yes
INT-03830,IT,10,5.7,9.7,5.5,25000,No,Yes
INT-03831,Admin,8,7.6,7.8,1.2,25000,No,Yes
INT-03832,Finance,13,8.2,7.9,22.0,0,Yes,Yes
INT-03833,Finance,11,7.4,6.4,2.9,50000,No,No
INT-03834,Admin,23,7.8,6.9,10.8,50000,No,No
INT-03835,Admin,19,8.6,4.0,2.8,50000,No,Yes
INT-03836,Admin,15,7.8,5.3,5.6,100000,No,Yes
INT-03837,Marketing,12,4.4,9.1,22.2,50000,No,No
INT-03838,IT,13,9.5,9.8,16.9,25000,No,Yes
INT-03839,Marketing,19,6.5,6.7,12.6,50000,No,No
INT-03840,Engineering,13,6.9,4.0,13.0,75000,Yes,No
INT-03841,Engineering,12,7.8,6.5,14.4,150000,No,Yes
INT-03842,IT,6,8.7,8.9,11.4,75000,Yes,Yes
INT-03843,Admin,22,8.1,5.3,18.7,150000,No,No
INT-03844,Admin,14,6.7,7.8,3.9,75000,No,Yes
INT-03845,IT,9,7.1,3.9,6.5,150000,Yes,Yes
INT-03846,Engineering,9,9.2,4.4,8.8,25000,No,Yes
INT-03847,Marketing,18,7.6,7.3,2.3,25000,Yes,Yes
INT-03848,Engineering,18,4.7,8.1,6.1,75000,Yes,Yes
INT-03849,Engineering,16,8.2,6.9,1.6,50000,No,Yes
INT-03850,IT,8,8.7,8.9,8.1,50000,No,Yes
INT-03851,Admin,17,2.8,9.3,1.3,50000,No,Yes
INT-03852,IT,24,7.7,6.0,6.1,50000,No,Yes
INT-03853,Engineering,5,5.9,4.9,5.5,100000,Yes,No
INT-03854,Marketing,15,8.6,5.7,1.4,50000,No,Yes
INT-03855,Engineering,23,7.6,7.7,5.1,0,No,Yes
INT-03856,IT,17,6.5,8.4,9.6,25000,Yes,Yes
INT-03857,Admin,22,4.6,8.3,7.7,50000,Yes,Yes
INT-03858,Engineering,23,9.3,5.5,5.4,25000,No,Yes
INT-03859,Admin,18,9.1,6.6,4.1,100000,Yes,Yes
INT-03860,Finance,23,5.9,6.4,1.0,150000,No,Yes
INT-03861,Finance,20,3.3,9.1,25.5,0,No,No
INT-03862,Engineering,17,9.1,6.0,4.6,100000,No,Yes
INT-03863,Admin,21,9.0,4.1,4.8,75000,Yes,Yes
INT-03864,IT,8,5.9,5.0,1.6,50000,Yes,Yes
INT-03865,IT,15,6.4,6.2,6.6,25000,No,Yes
INT-03866,Admin,13,7.0,9.3,31.5,50000,No,No
INT-03867,Admin,11,8.7,5.1,2.8,75000,Yes,Yes
INT-03868,Engineering,9,6.9,5.8,3.5,25000,Yes,No
INT-03869,Engineering,18,8.2,8.4,2.7,100000,No,Yes
INT-03870,IT,15,6.2,6.2,16.6,0,No,No
INT-03871,Admin,9,7.8,7.7,5.7,0,Yes,No
INT-03872,IT,15,6.8,7.4,14.4,50000,No,No
INT-03873,IT,18,8.5,4.8,15.7,50000,No,Yes
INT-03874,Finance,15,5.7,7.0,11.6,50000,No,No
INT-03875,IT,12,6.8,4.4,2.9,50000,Yes,Yes
INT-03876,Admin,22,6.1,4.9,0.8,75000,No,No
INT-03877,IT,24,7.5,6.5,1.7,25000,Yes,Yes
INT-03878,Finance,5,8.0,6.6,10.1,100000,No,Yes
INT-03879,Engineering,16,6.0,7.2,11.3,50000,No,No
INT-03880,IT,16,9.6,5.0,12.1,50000,No,Yes
INT-03881,Engineering,11,9.1,8.3,2.7,75000,Yes,Yes
INT-03882,Engineering,16,7.1,8.3,1.8,75000,No,Yes
INT-03883,Marketing,7,4.5,6.8,21.0,25000,Yes,Yes
INT-03884,IT,9,7.0,8.5,9.2,100000,Yes,Yes
INT-03885,Finance,9,8.0,7.0,11.3,0,Yes,Yes
INT-03886,Marketing,24,5.7,7.3,1.3,25000,No,Yes
INT-03887,Marketing,15,9.5,9.3,4.8,0,No,Yes
INT-03888,Engineering,15,7.3,8.3,1.0,100000,No,Yes
INT-03889,Engineering,20,6.3,9.7,9.1,75000,Yes,Yes
INT-03890,Admin,10,9.1,6.6,5.9,25000,No,Yes
INT-03891,Finance,18,8.0,7.7,5.3,100000,No,Yes
INT-03892,Engineering,20,9.2,7.5,19.2,150000,Yes,Yes
INT-03893,Engineering,13,4.1,6.1,11.3,25000,No,Yes
INT-03894,Admin,23,6.6,8.1,27.2,50000,No,Yes
INT-03895,Engineering,9,8.8,8.3,0.9,50000,No,Yes
INT-03896,Finance,12,9.3,8.8,8.2,50000,Yes,Yes
INT-03897,IT,18,5.2,7.0,8.5,75000,Yes,Yes
INT-03898,Finance,19,7.5,5.0,0.7,100000,Yes,Yes
INT-03899,Engineering,24,7.0,5.3,12.9,75000,Yes,No
INT-03900,Finance,11,7.4,6.0,1.8,150000,Yes,Yes
INT-03901,Admin,19,7.4,7.7,10.2,50000,Yes,No
INT-03902,Admin,8,5.2,7.1,0.8,25000,No,No
INT-03903,Marketing,21,5.3,6.9,8.1,100000,Yes,No
INT-03904,IT,23,9.0,5.5,6.4,150000,No,Yes
INT-03905,Finance,17,9.6,4.5,5.8,50000,Yes,Yes
INT-03906,Admin,5,6.7,7.5,4.2,25000,No,Yes
INT-03907,Engineering,6,6.3,6.5,4.9,25000,No,Yes
INT-03908,Admin,17,8.0,5.9,5.7,50000,No,Yes
INT-03909,Engineering,10,6.9,6.9,3.3,25000,No,Yes
INT-03910,Admin,18,7.1,7.4,22.4,50000,Yes,Yes
INT-03911,IT,20,8.8,7.6,27.3,75000,No,Yes
INT-03912,IT,4,6.3,8.0,3.4,50000,No,Yes
INT-03913,IT,12,4.2,5.9,12.6,100000,No,No
INT-03914,Marketing,17,3.7,7.5,11.6,25000,Yes,No
INT-03915,Marketing,19,7.4,8.4,17.2,100000,Yes,Yes
INT-03916,Admin,24,5.4,5.7,0.5,50000,No,Yes
INT-03917,Engineering,16,6.2,5.7,3.8,50000,No,Yes
INT-03918,Admin,9,8.0,4.7,1.8,75000,No,No
INT-03919,Engineering,4,8.0,6.8,4.5,75000,No,No
INT-03920,Finance,24,8.4,7.1,7.4,25000,No,Yes
INT-03921,Marketing,7,6.2,5.7,19.7,0,No,No
INT-03922,Admin,6,6.7,7.5,15.1,25000,No,No
INT-03923,Finance,20,9.5,5.4,6.0,50000,No,Yes
INT-03924,IT,5,9.3,3.9,0.7,25000,No,Yes
INT-03925,Marketing,22,8.8,7.2,3.4,100000,Yes,No
INT-03926,IT,23,9.0,6.8,1.4,75000,No,Yes
INT-03927,Engineering,11,6.6,6.8,8.9,25000,No,No
INT-03928,Engineering,18,9.1,6.1,10.0,25000,Yes,Yes
INT-03929,Engineering,9,7.9,9.5,8.9,50000,Yes,Yes
INT-03930,IT,23,8.4,4.6,3.1,100000,Yes,Yes
INT-03931,Marketing,5,6.0,8.1,20.7,50000,No,No
INT-03932,IT,18,6.9,7.5,7.6,75000,Yes,Yes
INT-03933,Engineering,23,7.1,9.0,7.8,25000,Yes,Yes
INT-03934,IT,15,6.9,8.4,14.0,150000,No,Yes
INT-03935,Admin,6,8.6,7.1,1.1,100000,Yes,No
INT-03936,Engineering,13,7.3,9.6,2.4,100000,No,Yes
INT-03937,Admin,17,8.3,6.5,7.6,0,No,Yes
INT-03938,IT,17,9.2,9.0,8.0,50000,Yes,Yes
INT-03939,IT,6,6.5,8.8,5.5,0,Yes,Yes
INT-03940,Admin,4,7.6,7.2,12.6,100000,Yes,Yes
INT-03941,Finance,23,8.5,7.6,3.9,25000,No,Yes
INT-03942,Finance,4,9.5,7.7,0.6,75000,Yes,Yes
INT-03943,IT,5,6.9,7.6,3.8,25000,No,No
INT-03944,Admin,22,8.9,8.3,27.5,100000,No,Yes
INT-03945,IT,13,9.0,8.0,12.6,50000,No,Yes
INT-03946,IT,7,6.1,5.5,3.6,0,No,No
INT-03947,Engineering,7,5.2,7.1,2.5,0,No,Yes
INT-03948,Engineering,16,7.5,6.6,13.8,100000,No,Yes
INT-03949,IT,12,6.8,9.7,2.3,100000,No,No
INT-03950,IT,10,6.1,6.9,7.4,75000,Yes,Yes
INT-03951,IT,19,7.0,4.0,6.2,150000,No,Yes
INT-03952,Finance,21,7.3,8.6,4.9,150000,No,Yes
INT-03953,Marketing,6,6.5,8.4,4.9,75000,No,Yes
INT-03954,IT,23,4.7,3.7,10.2,0,No,No
INT-03955,IT,23,7.7,8.3,1.4,25000,No,Yes
INT-03956,Finance,13,9.2,6.0,4.5,25000,No,Yes
INT-03957,Marketing,19,8.8,9.4,28.1,25000,Yes,Yes
INT-03958,Admin,6,7.6,9.2,12.5,25000,No,Yes
INT-03959,IT,14,7.8,6.4,0.7,25000,No,Yes
INT-03960,IT,13,8.2,5.9,5.2,50000,No,Yes
INT-03961,Engineering,19,8.6,7.4,1.5,150000,No,Yes
INT-03962,Admin,11,9.2,9.7,5.8,0,No,Yes
INT-03963,IT,12,8.4,9.7,1.4,25000,No,Yes
INT-03964,Engineering,18,6.4,9.1,4.4,50000,Yes,Yes
INT-03965,IT,24,5.8,4.3,6.8,75000,No,Yes
INT-03966,Finance,6,8.0,9.6,4.2,25000,No,Yes
INT-03967,Admin,7,7.7,6.0,7.4,75000,No,No
INT-03968,IT,16,8.2,7.4,34.1,25000,No,No
INT-03969,Engineering,15,5.0,8.3,2.8,25000,No,Yes
INT-03970,Admin,24,7.2,6.4,7.2,0,No,No
INT-03971,Marketing,12,8.4,8.0,5.6,150000,Yes,Yes
INT-03972,Engineering,17,6.1,7.6,13.8,25000,Yes,Yes
INT-03973,IT,22,5.9,8.0,3.5,75000,Yes,Yes
INT-03974,Engineering,10,4.1,6.5,8.6,25000,No,No
INT-03975,IT,19,7.7,6.0,9.9,150000,No,Yes
INT-03976,Marketing,23,2.0,4.2,30.2,0,No,No
INT-03977,Admin,8,7.3,6.4,1.8,50000,No,Yes
INT-03978,Engineering,13,9.5,7.6,51.5,50000,No,No
INT-03979,IT,21,6.6,6.4,10.7,50000,Yes,Yes
INT-03980,Admin,14,8.2,4.6,5.4,25000,No,No
INT-03981,Finance,10,8.3,6.7,2.9,50000,Yes,Yes
INT-03982,Finance,17,7.1,8.4,8.4,75000,No,No
INT-03983,IT,23,7.3,7.0,1.7,75000,Yes,Yes
INT-03984,IT,21,8.2,9.2,24.0,150000,No,Yes
INT-03985,Finance,14,7.5,8.4,2.1,0,Yes,Yes
INT-03986,Marketing,15,9.1,9.8,12.4,150000,No,Yes
INT-03987,IT,21,9.7,7.8,3.9,50000,No,Yes
INT-03988,Admin,5,5.2,7.7,2.4,50000,No,Yes
INT-03989,Admin,4,7.7,8.0,13.7,50000,No,Yes
INT-03990,Finance,13,8.9,5.4,18.0,75000,Yes,No
INT-03991,IT,24,9.0,6.8,0.5,50000,No,Yes
INT-03992,IT,4,8.0,6.2,29.7,150000,Yes,No
INT-03993,Finance,9,6.4,3.1,4.9,75000,No,No
INT-03994,IT,10,6.5,6.8,1.3,75000,Yes,Yes
INT-03995,Admin,20,3.8,8.9,5.3,25000,No,No
INT-03996,Admin,12,8.6,8.1,1.5,25000,No,Yes
INT-03997,Admin,10,8.9,7.1,2.9,75000,No,Yes
INT-03998,Admin,20,7.3,8.8,7.0,50000,No,Yes
INT-03999,Engineering,6,9.7,8.4,4.1,100000,No,Yes
INT-04000,IT,19,9.2,5.2,2.6,50000,No,Yes
INT-04001,Engineering,8,7.1,4.9,2.3,100000,No,Yes
INT-04002,Finance,23,3.5,4.9,8.6,75000,Yes,Yes
INT-04003,Finance,21,7.5,7.5,19.7,100000,No,No
INT-04004,IT,4,6.6,7.3,1.0,100000,No,Yes
INT-04005,IT,7,6.9,6.1,2.7,50000,Yes,No
INT-04006,IT,14,7.3,9.3,9.3,50000,Yes,Yes
INT-04007,Admin,23,5.8,8.9,35.5,75000,Yes,No
INT-04008,Admin,12,6.9,7.0,9.6,25000,Yes,No
INT-04009,Engineering,11,7.0,9.1,0.9,25000,No,Yes
INT-04010,IT,11,9.0,7.1,2.1,100000,Yes,Yes
INT-04011,IT,8,7.8,8.2,3.9,0,No,Yes
INT-04012,Admin,15,6.9,8.3,1.9,0,No,Yes
INT-04013,Engineering,4,9.5,7.3,2.1,75000,No,Yes
INT-04014,IT,18,6.8,9.5,3.1,150000,No,No
INT-04015,Engineering,21,9.5,8.4,4.2,150000,Yes,Yes
INT-04016,IT,9,5.9,6.5,4.5,50000,No,No
INT-04017,Finance,13,8.3,8.0,6.0,100000,No,Yes
INT-04018,Finance,17,9.2,9.6,21.6,75000,No,Yes
INT-04019,IT,24,6.2,9.1,40.6,100000,Yes,No
INT-04020,IT,11,8.1,7.8,0.7,25000,No,Yes
INT-04021,Admin,6,8.2,5.1,5.9,50000,No,Yes
INT-04022,IT,22,6.9,5.5,11.7,100000,No,No
INT-04023,Engineering,15,5.8,3.5,1.1,25000,No,No
INT-04024,Finance,15,9.6,6.9,23.2,100000,No,No
INT-04025,Engineering,18,7.2,7.5,22.7,100000,Yes,Yes
INT-04026,Finance,10,9.2,1.8,2.4,100000,No,Yes
INT-04027,Admin,7,7.1,6.3,12.8,50000,No,No
INT-04028,IT,24,7.8,6.6,7.5,25000,Yes,Yes
INT-04029,Engineering,12,4.6,5.8,0.8,0,No,No
INT-04030,Admin,19,7.3,9.2,3.3,25000,No,Yes
INT-04031,Engineering,16,4.8,8.1,2.9,50000,No,Yes
INT-04032,IT,7,4.9,7.0,17.4,25000,Yes,No
INT-04033,IT,12,7.1,7.5,18.7,100000,No,No
INT-04034,Marketing,24,8.1,8.9,0.8,75000,Yes,Yes
INT-04035,IT,21,8.6,6.4,11.3,75000,No,Yes
INT-04036,Marketing,18,6.8,9.2,1.5,25000,No,Yes
INT-04037,Marketing,18,8.2,8.3,13.0,50000,No,Yes
INT-04038,Finance,9,5.9,7.2,15.4,75000,No,No
INT-04039,Engineering,14,4.0,9.6,1.0,50000,Yes,Yes
INT-04040,Engineering,11,7.8,7.6,3.7,100000,Yes,Yes
INT-04041,Finance,24,6.9,4.4,4.3,75000,No,No
INT-04042,IT,20,7.4,7.8,25.3,75000,No,Yes
INT-04043,Admin,20,5.0,5.1,4.2,0,No,No
INT-04044,Engineering,21,8.0,9.4,2.9,100000,No,Yes
INT-04045,Admin,7,9.0,5.1,8.2,25000,Yes,No
INT-04046,Admin,18,8.0,5.1,1.9,25000,No,Yes
INT-04047,Admin,5,6.9,4.4,8.3,25000,No,No
INT-04048,Engineering,5,8.5,7.8,5.4,100000,No,Yes
INT-04049,Finance,13,6.0,8.1,11.0,100000,No,Yes
INT-04050,IT,6,8.0,7.0,7.4,150000,Yes,Yes
INT-04051,Marketing,11,8.3,7.2,2.1,25000,Yes,Yes
INT-04052,Engineering,23,8.4,8.7,22.7,100000,Yes,Yes
INT-04053,Finance,10,8.0,5.4,5.3,75000,No,No
INT-04054,Engineering,15,8.3,8.3,11.4,150000,No,Yes
INT-04055,Finance,22,8.9,9.3,6.6,25000,Yes,Yes
INT-04056,IT,18,9.5,7.9,16.5,25000,No,Yes
INT-04057,Finance,17,5.4,6.6,3.8,100000,No,No
INT-04058,IT,19,7.8,4.9,8.6,25000,No,No
INT-04059,Finance,17,5.5,9.5,1.2,0,Yes,Yes
INT-04060,Marketing,6,7.7,6.3,1.1,50000,Yes,Yes
INT-04061,IT,21,6.9,6.3,15.3,75000,Yes,No
INT-04062,IT,9,8.4,7.1,14.1,75000,Yes,Yes
INT-04063,Finance,20,7.9,8.9,4.1,25000,No,Yes
INT-04064,IT,17,5.7,5.3,9.5,50000,Yes,Yes
INT-04065,Finance,17,7.4,4.5,14.6,50000,Yes,Yes
INT-04066,IT,23,9.4,9.5,1.7,50000,No,Yes
INT-04067,IT,16,8.0,7.1,34.0,0,No,No
INT-04068,Marketing,6,8.3,5.7,17.9,75000,No,Yes
INT-04069,Engineering,16,6.5,9.1,9.9,75000,No,Yes
INT-04070,Finance,5,8.2,5.5,6.8,50000,No,Yes
INT-04071,Admin,12,9.4,6.9,18.5,25000,Yes,No
INT-04072,Engineering,16,8.5,7.6,11.3,25000,Yes,Yes
INT-04073,Engineering,11,9.1,9.6,7.5,25000,No,Yes
INT-04074,Engineering,19,8.7,6.2,18.3,100000,Yes,Yes
INT-04075,Engineering,6,2.6,4.7,2.4,50000,No,No
INT-04076,Engineering,16,5.1,8.2,2.7,50000,No,Yes
INT-04077,Admin,7,4.5,3.8,21.8,50000,No,No
INT-04078,IT,21,6.9,9.7,1.1,25000,No,Yes
INT-04079,Finance,5,8.7,4.2,0.9,100000,No,Yes
INT-04080,IT,23,7.7,3.2,13.1,75000,Yes,Yes
INT-04081,Engineering,24,8.0,6.8,4.8,150000,No,Yes
INT-04082,IT,18,8.2,3.7,20.3,50000,Yes,No
INT-04083,Engineering,20,8.8,8.1,3.4,75000,No,Yes
INT-04084,Engineering,13,7.4,5.3,3.2,100000,No,Yes
INT-04085,IT,4,8.5,8.8,25.7,100000,No,Yes
INT-04086,IT,9,9.6,7.3,7.0,50000,Yes,Yes
INT-04087,IT,6,9.7,6.8,8.1,50000,No,Yes
INT-04088,Engineering,22,9.3,6.3,18.8,25000,Yes,Yes
INT-04089,Finance,10,7.8,8.6,4.3,100000,Yes,Yes
INT-04090,IT,16,6.0,9.2,2.8,75000,Yes,Yes
INT-04091,Engineering,16,8.1,6.8,7.3,25000,Yes,Yes
INT-04092,Admin,20,7.9,8.2,4.7,50000,No,Yes
INT-04093,Admin,4,9.4,8.7,1.9,75000,No,Yes
INT-04094,Marketing,17,9.2,8.8,1.5,100000,No,Yes
INT-04095,Admin,6,8.6,7.8,10.8,0,Yes,Yes
INT-04096,Admin,17,9.5,9.3,0.8,25000,No,Yes
INT-04097,IT,4,8.7,7.3,6.5,50000,No,No
INT-04098,IT,19,9.2,9.4,3.7,0,No,Yes
INT-04099,IT,13,7.6,8.7,1.8,50000,No,Yes
INT-04100,IT,16,6.9,6.4,18.2,0,No,No
INT-04101,Engineering,7,8.8,6.8,11.3,25000,No,Yes
INT-04102,Admin,12,6.4,8.1,12.4,25000,No,Yes
INT-04103,Engineering,17,6.6,7.3,5.1,25000,Yes,Yes
INT-04104,IT,7,7.4,5.4,8.9,100000,No,Yes
INT-04105,IT,13,6.6,4.4,1.3,50000,No,No
INT-04106,Engineering,11,7.6,4.8,1.7,100000,No,Yes
INT-04107,Marketing,6,9.7,5.8,3.6,25000,No,Yes
INT-04108,IT,10,6.8,7.9,5.4,25000,Yes,No
INT-04109,Finance,13,8.0,4.9,1.3,0,No,Yes
INT-04110,Engineering,6,5.9,5.6,7.2,150000,Yes,Yes
INT-04111,Engineering,5,8.6,9.1,2.7,0,No,Yes
INT-04112,Engineering,18,6.8,6.3,12.4,50000,No,Yes
INT-04113,IT,12,7.6,5.6,0.5,100000,Yes,Yes
INT-04114,IT,18,4.2,6.8,16.6,25000,Yes,No
INT-04115,Engineering,20,6.7,9.4,11.1,0,Yes,Yes
INT-04116,Admin,10,6.7,9.1,6.8,50000,No,Yes
INT-04117,Marketing,23,8.8,6.8,11.2,0,No,Yes
INT-04118,Admin,21,9.1,9.6,4.1,75000,No,Yes
INT-04119,IT,18,7.4,8.6,1.9,75000,Yes,No
INT-04120,Engineering,21,6.9,7.8,0.6,25000,No,Yes
INT-04121,IT,15,8.9,8.0,6.9,50000,No,Yes
INT-04122,Engineering,24,4.3,7.6,3.3,0,No,Yes
INT-04123,Engineering,11,8.8,6.4,2.4,50000,No,Yes
INT-04124,Marketing,5,6.6,2.8,16.6,100000,Yes,No
INT-04125,Finance,5,9.8,3.7,10.8,0,No,Yes
INT-04126,Engineering,8,8.4,8.6,37.5,25000,No,No
INT-04127,Engineering,4,8.4,6.7,9.2,75000,No,No
INT-04128,Marketing,7,4.3,9.5,18.6,0,No,No
INT-04129,IT,9,8.5,8.2,1.5,100000,No,Yes
INT-04130,IT,16,6.1,3.8,10.8,50000,No,Yes
INT-04131,IT,22,4.6,5.4,1.2,25000,No,No
INT-04132,IT,14,9.0,7.7,1.3,100000,Yes,Yes
INT-04133,Engineering,16,8.1,6.2,16.1,75000,Yes,Yes
INT-04134,Engineering,11,7.5,6.6,4.1,100000,Yes,Yes
INT-04135,Engineering,10,7.7,8.3,3.5,50000,Yes,Yes
INT-04136,IT,16,8.5,6.6,2.1,150000,No,Yes
INT-04137,Engineering,4,6.7,6.8,5.8,150000,No,Yes
INT-04138,Admin,9,3.9,8.3,2.3,75000,No,No
INT-04139,Engineering,10,8.5,4.2,6.7,75000,Yes,No
INT-04140,Engineering,19,6.0,9.5,9.1,50000,No,Yes
INT-04141,Admin,18,8.1,5.7,9.0,0,No,Yes
INT-04142,IT,23,6.6,5.2,4.1,50000,Yes,No
INT-04143,IT,5,6.7,7.5,10.2,25000,No,No
INT-04144,Finance,19,8.4,8.6,3.0,25000,Yes,Yes
INT-04145,Marketing,20,7.4,6.4,13.7,50000,No,Yes
INT-04146,Engineering,18,8.4,8.5,0.5,150000,Yes,Yes
INT-04147,IT,6,9.7,7.7,27.7,100000,No,No
INT-04148,Admin,7,5.9,9.6,5.0,25000,No,No
INT-04149,Engineering,15,9.3,9.2,3.8,150000,Yes,Yes
INT-04150,Finance,8,7.8,6.1,8.3,150000,No,No
INT-04151,IT,20,8.8,7.2,17.4,0,No,No
INT-04152,IT,9,8.2,6.9,4.0,25000,No,Yes
INT-04153,Engineering,13,9.5,8.5,1.1,50000,No,Yes
INT-04154,Admin,21,4.2,7.8,4.0,25000,No,No
INT-04155,IT,13,9.3,6.6,0.5,25000,No,Yes
INT-04156,IT,9,7.4,9.3,2.1,50000,No,Yes
INT-04157,Engineering,9,7.1,9.0,0.9,75000,Yes,Yes
INT-04158,Finance,23,4.4,7.4,4.4,100000,No,No
INT-04159,Marketing,18,6.8,7.6,1.0,100000,Yes,Yes
INT-04160,Engineering,7,9.5,7.6,33.5,50000,No,No
INT-04161,Engineering,19,7.1,6.3,12.7,75000,No,Yes
INT-04162,IT,11,7.3,6.4,4.9,50000,No,Yes
INT-04163,Engineering,10,4.0,5.7,13.0,75000,Yes,No
INT-04164,Admin,22,8.2,5.3,4.8,75000,No,Yes
INT-04165,Engineering,20,4.3,3.0,8.8,0,No,Yes
INT-04166,Admin,24,8.5,5.8,14.3,75000,No,Yes
INT-04167,IT,16,6.9,4.7,9.7,0,No,No
INT-04168,IT,18,5.1,7.6,1.2,25000,No,Yes
INT-04169,Admin,5,9.1,5.6,0.9,25000,No,Yes
INT-04170,IT,13,7.5,9.5,7.2,75000,No,Yes
INT-04171,IT,16,7.6,9.0,2.2,25000,Yes,Yes
INT-04172,Marketing,21,8.3,6.6,33.6,50000,Yes,No
INT-04173,Admin,14,9.1,9.5,0.6,75000,Yes,Yes
INT-04174,Engineering,16,6.7,4.6,11.5,150000,No,No
INT-04175,Finance,22,7.8,7.5,0.8,75000,No,Yes
INT-04176,Marketing,8,8.4,6.3,8.1,75000,No,Yes
INT-04177,Engineering,6,5.7,6.5,4.9,50000,No,No
INT-04178,Finance,22,5.3,8.0,8.5,50000,No,Yes
INT-04179,Admin,16,6.9,8.9,12.0,25000,Yes,No
INT-04180,Admin,8,7.1,7.1,0.8,50000,No,Yes
INT-04181,Admin,15,8.4,9.2,6.4,0,No,Yes
INT-04182,Engineering,17,7.6,4.1,23.3,50000,Yes,No
INT-04183,Engineering,9,5.4,7.7,2.5,75000,No,Yes
INT-04184,Admin,12,8.7,7.3,1.1,75000,No,Yes
INT-04185,IT,20,8.3,6.2,12.3,75000,No,No
INT-04186,Engineering,11,9.5,5.0,11.3,50000,No,Yes
INT-04187,IT,16,6.6,8.0,4.5,100000,No,Yes
INT-04188,Engineering,8,8.2,7.4,14.7,150000,Yes,Yes
INT-04189,Engineering,20,9.9,4.5,6.8,150000,Yes,Yes
INT-04190,Engineering,6,7.7,4.6,5.7,0,No,No
INT-04191,Finance,9,7.8,9.0,14.3,25000,No,Yes
INT-04192,Finance,17,9.8,8.3,1.3,50000,No,Yes
INT-04193,Admin,18,4.9,7.4,2.5,75000,No,No
INT-04194,Engineering,17,7.1,5.9,5.2,75000,No,Yes
INT-04195,Engineering,14,5.1,5.4,1.2,100000,Yes,Yes
INT-04196,IT,14,6.3,7.7,44.4,50000,No,No
INT-04197,IT,12,8.7,7.8,3.5,25000,No,Yes
INT-04198,IT,9,6.7,6.2,24.1,25000,Yes,Yes
INT-04199,Admin,18,9.0,4.9,5.6,50000,Yes,Yes
INT-04200,Engineering,15,9.5,8.2,21.2,150000,No,Yes
INT-04201,Finance,9,6.8,6.4,5.1,75000,No,Yes
INT-04202,IT,4,9.6,6.5,14.0,0,Yes,Yes
INT-04203,IT,19,7.9,9.2,11.6,0,No,Yes
INT-04204,Marketing,23,7.0,6.9,24.0,75000,No,No
INT-04205,IT,18,8.9,6.3,8.6,75000,No,No
INT-04206,Admin,5,8.0,8.3,2.6,75000,No,Yes
INT-04207,Engineering,20,8.4,8.8,6.7,75000,No,Yes
INT-04208,Engineering,6,9.0,9.1,1.8,25000,No,No
INT-04209,IT,6,7.5,8.1,3.8,50000,No,Yes
INT-04210,IT,8,8.4,8.2,13.0,75000,Yes,No
INT-04211,IT,20,7.4,8.7,0.6,0,No,Yes
INT-04212,Engineering,20,9.1,5.7,8.3,150000,No,Yes
INT-04213,Engineering,23,5.5,8.9,9.9,75000,Yes,Yes
INT-04214,IT,9,9.2,5.1,18.9,100000,No,Yes
INT-04215,Engineering,4,7.8,7.4,11.8,25000,No,No
INT-04216,Finance,10,9.2,7.9,4.6,50000,No,No
INT-04217,IT,18,6.6,7.3,12.1,100000,Yes,Yes
INT-04218,Admin,10,9.1,5.9,8.4,75000,No,Yes
INT-04219,Engineering,22,9.9,7.5,7.6,75000,No,Yes
INT-04220,IT,23,9.4,8.5,1.1,0,No,Yes
INT-04221,Admin,14,8.5,8.8,6.7,50000,Yes,Yes
INT-04222,Engineering,17,6.8,9.7,16.6,50000,Yes,Yes
INT-04223,Finance,16,8.5,8.8,5.1,0,Yes,Yes
INT-04224,Finance,23,8.3,8.3,10.2,25000,Yes,Yes
INT-04225,Engineering,12,7.9,9.8,19.2,100000,No,Yes
INT-04226,Engineering,12,6.8,9.6,6.6,150000,Yes,Yes
INT-04227,Admin,19,8.5,5.4,1.2,50000,No,Yes
INT-04228,Engineering,15,9.8,7.7,0.9,0,No,Yes
INT-04229,Admin,13,8.0,6.5,13.3,150000,Yes,No
INT-04230,IT,9,9.7,6.7,0.8,0,Yes,Yes
INT-04231,Engineering,21,6.7,8.5,55.1,50000,Yes,No
INT-04232,Engineering,5,5.8,8.3,1.6,25000,Yes,Yes
INT-04233,Admin,23,8.8,3.9,12.4,25000,Yes,No
INT-04234,Marketing,12,3.9,8.8,16.7,75000,No,No
INT-04235,IT,22,7.7,4.6,3.4,0,No,Yes
INT-04236,Admin,9,7.9,6.0,6.7,50000,Yes,No
INT-04237,IT,5,7.1,9.5,24.9,0,No,No
INT-04238,Finance,18,7.0,8.4,25.3,50000,Yes,No
INT-04239,Engineering,20,8.0,7.9,21.8,50000,No,Yes
INT-04240,Admin,19,8.8,9.0,3.1,100000,No,Yes
INT-04241,Engineering,24,5.8,7.1,1.0,50000,No,Yes
INT-04242,Admin,11,8.9,4.6,1.4,25000,No,Yes
INT-04243,Finance,13,6.9,6.5,1.7,75000,No,No
INT-04244,Admin,13,9.3,8.7,9.4,25000,No,Yes
INT-04245,Admin,21,6.8,4.6,13.5,50000,Yes,No
INT-04246,Marketing,13,7.2,9.4,0.9,25000,No,Yes
INT-04247,IT,12,6.7,3.2,18.2,25000,No,No
INT-04248,IT,22,6.5,5.8,11.5,100000,No,No
INT-04249,Engineering,4,5.8,6.7,6.5,50000,No,No
INT-04250,Marketing,7,7.1,8.3,37.3,100000,No,No
INT-04251,Admin,6,8.6,7.7,3.0,50000,No,Yes
INT-04252,IT,13,7.5,3.4,2.5,50000,No,Yes
INT-04253,Admin,15,5.7,3.8,3.8,50000,No,No
INT-04254,Engineering,21,8.6,8.1,6.5,100000,No,Yes
INT-04255,IT,23,3.8,7.4,4.4,25000,No,Yes
INT-04256,Engineering,9,6.3,7.4,14.7,150000,Yes,Yes
INT-04257,Marketing,24,9.5,7.6,18.5,50000,No,Yes
INT-04258,Admin,5,5.3,9.2,27.7,50000,No,No
INT-04259,Admin,13,8.7,7.2,14.1,150000,No,Yes
INT-04260,Admin,5,7.3,7.6,8.0,50000,No,Yes
INT-04261,IT,12,8.8,6.3,8.1,50000,Yes,Yes
INT-04262,Finance,13,8.0,3.5,2.2,25000,No,No
INT-04263,Admin,5,8.6,8.1,2.9,100000,No,Yes
INT-04264,Admin,11,4.5,4.3,47.7,150000,No,No
INT-04265,Engineering,20,9.1,7.8,2.9,25000,No,Yes
INT-04266,Admin,20,8.2,3.8,5.5,150000,No,No
INT-04267,Engineering,7,5.8,4.3,4.4,0,No,No
INT-04268,IT,21,6.9,7.2,9.8,75000,No,Yes
INT-04269,Finance,15,8.3,8.0,3.8,75000,No,Yes
INT-04270,Marketing,20,5.6,5.9,9.7,0,No,No
INT-04271,Engineering,12,7.8,6.2,26.4,0,No,No
INT-04272,Marketing,22,5.2,4.5,2.8,0,No,No
INT-04273,IT,17,8.1,8.8,4.2,100000,Yes,Yes
INT-04274,Admin,17,9.2,6.6,3.9,50000,Yes,Yes
INT-04275,Engineering,20,8.6,6.8,3.4,100000,No,Yes
INT-04276,Engineering,5,9.5,6.0,3.0,100000,Yes,Yes
INT-04277,Admin,11,5.9,8.1,8.5,75000,No,No
INT-04278,Admin,8,7.4,7.2,6.9,150000,No,Yes
INT-04279,IT,10,8.8,9.1,6.2,0,No,Yes
INT-04280,Admin,19,8.5,5.0,13.4,25000,Yes,No
INT-04281,IT,19,7.7,8.4,1.8,50000,Yes,Yes
INT-04282,Engineering,20,7.8,8.4,2.0,100000,Yes,Yes
INT-04283,IT,10,5.8,7.4,6.3,50000,No,Yes
INT-04284,IT,23,7.5,4.9,4.0,50000,No,Yes
INT-04285,Engineering,11,5.8,3.0,2.0,75000,No,No
INT-04286,Engineering,11,7.9,9.3,9.9,50000,No,Yes
INT-04287,Finance,14,8.4,9.1,6.0,150000,No,Yes
INT-04288,Engineering,18,7.4,6.7,2.3,50000,No,Yes
INT-04289,Admin,21,7.7,9.4,3.0,75000,Yes,Yes
INT-04290,Finance,9,7.6,3.9,10.8,0,Yes,Yes
INT-04291,Engineering,15,9.0,7.6,3.7,50000,Yes,Yes
INT-04292,IT,18,8.4,8.4,2.3,0,No,No
INT-04293,Engineering,9,7.5,6.2,27.5,100000,No,Yes
INT-04294,Marketing,21,6.2,5.7,1.2,100000,No,No
INT-04295,Admin,23,8.0,6.0,1.8,25000,No,Yes
INT-04296,IT,12,7.1,6.9,10.6,150000,Yes,Yes
INT-04297,IT,11,8.3,4.2,4.9,50000,No,Yes
INT-04298,IT,17,6.7,7.4,11.7,25000,No,No
INT-04299,Admin,22,7.3,6.0,6.9,25000,No,Yes
INT-04300,Engineering,22,3.8,6.7,0.8,50000,No,Yes
INT-04301,IT,11,6.3,5.8,9.7,25000,No,No
INT-04302,Marketing,5,9.4,8.4,13.6,50000,No,Yes
INT-04303,Finance,7,6.2,7.5,6.9,25000,Yes,No
INT-04304,Engineering,9,6.5,9.0,3.4,0,No,Yes
INT-04305,Finance,6,9.6,4.7,0.6,150000,Yes,Yes
INT-04306,IT,6,9.2,7.7,19.5,75000,Yes,Yes
INT-04307,Admin,22,5.7,7.9,10.3,100000,No,No
INT-04308,Engineering,14,7.8,7.9,0.9,0,Yes,Yes
INT-04309,Finance,13,4.5,5.5,15.2,50000,No,No
INT-04310,Finance,15,9.8,9.2,0.9,25000,Yes,Yes
INT-04311,IT,17,9.3,8.5,10.4,100000,No,Yes
INT-04312,Marketing,21,9.2,6.4,10.0,150000,No,Yes
INT-04313,IT,12,9.2,8.0,20.3,50000,No,Yes
INT-04314,Finance,18,9.0,6.8,1.9,50000,No,No
INT-04315,Marketing,6,8.2,8.1,7.2,150000,No,Yes
INT-04316,IT,14,8.3,6.0,6.8,50000,No,No
INT-04317,Engineering,13,7.8,5.1,0.8,50000,Yes,Yes
INT-04318,IT,21,8.6,9.0,8.6,100000,No,Yes
INT-04319,Admin,7,5.5,6.1,2.8,100000,No,Yes
INT-04320,Engineering,16,6.8,7.0,3.7,25000,No,Yes
INT-04321,Engineering,9,6.7,5.1,2.7,75000,Yes,No
INT-04322,Marketing,24,5.5,8.1,1.0,75000,No,Yes
INT-04323,Engineering,16,9.6,9.5,2.0,100000,No,Yes
INT-04324,Admin,23,8.3,6.8,2.4,50000,Yes,Yes
INT-04325,Finance,8,8.4,8.2,7.4,150000,No,Yes
INT-04326,Marketing,23,9.0,8.3,1.7,75000,Yes,Yes
INT-04327,IT,17,6.5,7.1,20.8,50000,No,No
INT-04328,Marketing,16,5.2,5.1,2.6,100000,Yes,Yes
INT-04329,IT,17,6.3,9.0,8.9,0,No,Yes
INT-04330,Finance,11,7.2,6.4,1.9,50000,No,Yes
INT-04331,IT,19,7.6,5.9,13.2,50000,No,Yes
INT-04332,IT,16,6.9,8.1,1.1,50000,No,Yes
INT-04333,Admin,18,9.6,8.4,11.2,25000,Yes,No
INT-04334,Engineering,22,5.8,7.2,4.5,25000,No,Yes
INT-04335,Admin,4,8.2,9.0,5.5,150000,No,Yes
INT-04336,IT,5,8.4,8.8,4.1,100000,No,Yes
INT-04337,Engineering,21,9.0,4.6,4.6,25000,Yes,Yes
INT-04338,Marketing,22,8.0,5.3,0.5,50000,Yes,Yes
INT-04339,Admin,11,6.8,6.5,0.7,25000,Yes,Yes
INT-04340,IT,6,6.7,6.3,13.1,100000,No,No
INT-04341,Admin,17,7.0,5.5,2.4,25000,No,Yes
INT-04342,IT,12,6.2,6.4,8.0,0,No,Yes
INT-04343,Finance,11,6.9,9.7,9.0,100000,Yes,Yes
INT-04344,Finance,20,7.4,4.4,10.1,75000,Yes,Yes
INT-04345,Engineering,19,7.0,5.0,7.8,100000,No,Yes
INT-04346,Admin,13,8.1,8.5,8.4,100000,Yes,Yes
INT-04347,Finance,24,9.6,9.3,7.5,50000,Yes,Yes
INT-04348,Engineering,13,5.4,6.8,21.6,75000,Yes,No
INT-04349,Finance,9,6.1,7.4,9.2,75000,No,Yes
INT-04350,Engineering,20,8.1,6.7,4.0,150000,No,Yes
INT-04351,Finance,19,8.8,7.7,4.0,0,No,Yes
INT-04352,Engineering,18,8.1,7.0,1.2,75000,No,Yes
INT-04353,Admin,17,7.7,7.6,38.9,0,No,No
INT-04354,Marketing,7,8.9,8.1,18.2,100000,No,No
INT-04355,Engineering,7,8.7,7.1,0.9,25000,Yes,Yes
INT-04356,Engineering,5,9.1,4.3,16.3,25000,No,No
INT-04357,IT,14,8.7,8.7,1.7,25000,No,Yes
INT-04358,Engineering,7,7.3,3.6,2.7,75000,No,Yes
INT-04359,Engineering,24,7.5,3.7,9.6,100000,No,Yes
INT-04360,IT,24,8.9,7.3,11.0,50000,Yes,Yes
INT-04361,IT,19,8.7,5.9,6.1,0,No,Yes
INT-04362,Engineering,24,9.0,7.2,28.0,50000,No,Yes
INT-04363,Finance,7,9.1,7.3,5.9,100000,No,Yes
INT-04364,Engineering,4,8.8,2.1,2.9,75000,No,Yes
INT-04365,IT,22,4.9,5.1,0.6,50000,Yes,Yes
INT-04366,Engineering,5,9.2,5.3,16.7,25000,Yes,No
INT-04367,IT,12,7.8,7.2,4.5,75000,Yes,Yes
INT-04368,Admin,16,7.3,6.9,12.7,50000,No,Yes
INT-04369,IT,21,6.0,5.2,12.4,100000,No,Yes
INT-04370,IT,19,8.4,5.5,0.9,50000,No,Yes
INT-04371,IT,19,7.1,4.0,14.3,50000,No,Yes
INT-04372,Admin,13,8.0,7.9,3.2,100000,Yes,Yes
INT-04373,IT,12,4.7,2.3,15.2,75000,Yes,No
INT-04374,Admin,14,4.5,7.7,5.9,0,Yes,Yes
INT-04375,Engineering,7,9.7,7.4,7.7,25000,No,Yes
INT-04376,Admin,13,8.9,6.3,1.4,100000,No,Yes
INT-04377,Admin,6,3.3,5.1,4.3,75000,No,No
INT-04378,Finance,9,7.7,7.0,28.8,75000,No,No
INT-04379,IT,6,8.4,8.1,21.3,150000,Yes,Yes
INT-04380,Engineering,12,7.4,8.6,41.7,100000,Yes,Yes
INT-04381,IT,6,8.6,7.7,6.2,100000,No,Yes
INT-04382,IT,21,7.0,8.7,14.1,100000,No,Yes
INT-04383,Engineering,11,5.0,7.2,5.4,75000,No,Yes
INT-04384,Engineering,11,6.4,5.0,23.2,100000,No,No
INT-04385,Finance,18,8.9,8.3,34.6,0,No,No
INT-04386,Engineering,16,5.0,8.9,17.3,75000,No,No
INT-04387,Marketing,10,7.4,5.4,8.3,100000,No,Yes
INT-04388,IT,22,5.2,6.4,36.5,150000,No,No
INT-04389,IT,11,7.6,3.5,33.5,25000,No,No
INT-04390,IT,13,7.1,9.5,5.7,150000,No,Yes
INT-04391,IT,20,7.4,8.9,3.4,75000,Yes,Yes
INT-04392,Engineering,4,8.3,7.0,2.2,25000,Yes,Yes
INT-04393,Engineering,16,6.2,7.1,9.5,25000,Yes,Yes
INT-04394,IT,16,5.7,9.3,0.8,75000,No,Yes
INT-04395,Marketing,19,9.4,4.6,12.0,25000,Yes,No
INT-04396,Finance,12,5.9,6.6,0.9,50000,No,Yes
INT-04397,IT,13,8.2,4.8,3.0,100000,No,Yes
INT-04398,IT,9,6.1,8.2,6.0,50000,No,Yes
INT-04399,IT,8,8.4,7.5,1.3,150000,Yes,Yes
INT-04400,IT,5,6.6,8.9,0.8,75000,Yes,Yes
INT-04401,IT,14,6.5,8.0,5.7,25000,Yes,Yes
INT-04402,Engineering,12,9.0,3.5,17.9,25000,No,No
INT-04403,IT,9,6.5,4.3,4.7,50000,No,Yes
INT-04404,Admin,11,7.1,7.2,2.3,150000,Yes,Yes
INT-04405,Marketing,12,7.6,7.9,4.7,75000,Yes,Yes
INT-04406,Engineering,12,9.4,7.9,10.8,0,No,Yes
INT-04407,Marketing,11,6.3,6.9,0.8,75000,No,No
INT-04408,IT,15,8.2,6.6,0.7,25000,Yes,Yes
INT-04409,Admin,11,7.9,6.2,5.5,25000,No,Yes
INT-04410,Engineering,6,7.7,6.0,9.5,50000,No,No
INT-04411,IT,16,8.5,5.1,8.1,100000,Yes,Yes
INT-04412,IT,22,8.6,5.8,8.6,150000,Yes,Yes
INT-04413,Engineering,5,7.8,6.4,1.9,150000,No,Yes
INT-04414,Engineering,20,6.2,6.0,6.7,25000,Yes,No
INT-04415,Admin,19,8.4,4.9,4.3,50000,No,No
INT-04416,Admin,7,7.3,5.4,1.4,50000,No,Yes
INT-04417,Admin,21,8.3,7.4,1.6,25000,No,Yes
INT-04418,IT,17,5.3,2.1,8.8,25000,Yes,No
INT-04419,Admin,5,6.9,8.6,25.7,50000,No,No
INT-04420,IT,16,5.5,6.5,1.4,25000,No,No
INT-04421,IT,24,6.1,7.2,6.0,25000,Yes,Yes
INT-04422,Marketing,23,6.8,8.1,2.8,75000,No,Yes
INT-04423,Engineering,20,9.7,8.9,3.1,25000,Yes,Yes
INT-04424,Engineering,18,6.6,7.0,2.5,50000,No,Yes
INT-04425,Admin,23,9.2,4.3,6.8,25000,No,Yes
INT-04426,Admin,8,8.6,7.0,1.0,50000,Yes,Yes
INT-04427,IT,10,4.8,6.0,11.4,25000,Yes,No
INT-04428,IT,21,9.4,6.6,8.0,75000,No,Yes
INT-04429,IT,14,5.4,8.1,4.4,25000,Yes,No
INT-04430,Finance,21,8.1,5.6,2.5,25000,Yes,Yes
INT-04431,Engineering,8,6.5,6.7,6.6,25000,No,No
INT-04432,Engineering,16,7.7,7.0,25.3,25000,Yes,No
INT-04433,Admin,21,6.9,4.4,10.4,100000,No,Yes
INT-04434,Marketing,5,8.9,5.8,3.1,75000,No,Yes
INT-04435,IT,23,6.6,7.8,11.4,25000,Yes,Yes
INT-04436,IT,7,8.1,5.9,6.1,75000,No,Yes
INT-04437,Admin,16,8.2,5.4,0.9,50000,No,Yes
INT-04438,Finance,19,5.7,4.1,8.2,50000,Yes,No
INT-04439,Marketing,9,6.1,7.2,2.6,50000,Yes,Yes
INT-04440,IT,11,7.0,6.7,4.7,25000,Yes,Yes
INT-04441,Finance,19,6.9,4.2,5.7,25000,Yes,Yes
INT-04442,Finance,16,7.9,8.6,13.3,50000,Yes,Yes
INT-04443,IT,7,6.2,5.9,7.4,75000,No,Yes
INT-04444,Admin,5,8.8,7.9,3.8,100000,No,Yes
INT-04445,Admin,12,8.5,7.4,9.1,150000,Yes,Yes
INT-04446,Marketing,21,7.2,5.7,2.2,50000,No,Yes
INT-04447,IT,20,6.4,4.4,14.3,50000,Yes,No
INT-04448,Finance,11,6.9,4.7,2.3,100000,No,Yes
INT-04449,Admin,18,8.8,8.4,7.0,50000,No,Yes
INT-04450,Engineering,12,8.7,7.2,2.3,100000,No,Yes
INT-04451,Admin,20,8.2,6.9,3.7,50000,No,Yes
INT-04452,Engineering,5,6.9,8.2,4.9,25000,No,Yes
INT-04453,Finance,9,7.5,8.9,4.2,25000,Yes,Yes
INT-04454,Finance,8,6.1,6.9,22.2,100000,Yes,No
INT-04455,Finance,20,9.3,8.3,2.5,50000,No,Yes
INT-04456,IT,5,8.9,7.8,2.1,75000,Yes,Yes
INT-04457,Engineering,21,8.2,8.9,6.3,75000,No,Yes
INT-04458,IT,13,3.2,6.9,24.3,50000,No,Yes
INT-04459,Admin,13,8.4,8.6,6.1,0,No,Yes
INT-04460,Engineering,9,5.6,6.3,26.1,50000,No,No
INT-04461,Admin,15,7.9,5.9,2.2,75000,Yes,Yes
INT-04462,Engineering,20,6.9,4.3,0.6,150000,No,Yes
INT-04463,Marketing,16,9.7,9.0,3.4,25000,No,Yes
INT-04464,IT,23,7.0,9.0,8.6,25000,No,Yes
INT-04465,Engineering,19,4.4,8.1,7.7,50000,No,Yes
INT-04466,Admin,13,8.8,5.6,2.7,50000,No,Yes
INT-04467,IT,24,8.8,7.1,9.2,75000,Yes,Yes
INT-04468,IT,5,8.6,6.5,14.7,75000,No,Yes
INT-04469,Marketing,5,8.8,5.9,9.8,75000,No,Yes
INT-04470,Finance,10,8.0,8.3,10.9,75000,Yes,Yes
INT-04471,Marketing,9,5.1,7.6,3.4,150000,Yes,Yes
INT-04472,Marketing,4,8.9,5.6,6.5,75000,Yes,Yes
INT-04473,IT,15,8.6,7.8,0.8,50000,Yes,Yes
INT-04474,Admin,16,6.4,5.5,4.1,0,Yes,No
INT-04475,Engineering,15,9.2,8.1,14.0,25000,No,Yes
INT-04476,Admin,22,5.5,7.0,13.0,100000,No,No
INT-04477,Admin,12,7.7,7.4,23.1,150000,No,No
INT-04478,Admin,13,6.4,6.4,28.2,0,No,No
INT-04479,Engineering,20,7.6,6.2,29.3,25000,No,Yes
INT-04480,Engineering,21,7.9,7.4,1.9,100000,No,Yes
INT-04481,IT,11,8.1,5.1,1.5,25000,Yes,Yes
INT-04482,Admin,10,9.6,7.4,17.1,0,Yes,Yes
INT-04483,Engineering,12,5.8,6.4,4.4,100000,Yes,No
INT-04484,Engineering,13,5.6,7.2,4.0,100000,No,Yes
INT-04485,IT,15,8.0,5.2,6.6,75000,No,Yes
INT-04486,Engineering,18,6.8,8.1,5.3,0,No,Yes
INT-04487,IT,18,8.5,7.3,2.5,75000,No,Yes
INT-04488,Admin,7,5.1,8.9,15.4,25000,Yes,No
INT-04489,Finance,7,9.1,5.9,19.7,100000,No,Yes
INT-04490,Engineering,4,7.0,2.5,11.5,75000,No,No
INT-04491,IT,15,7.9,7.3,0.9,75000,No,Yes
INT-04492,Engineering,5,10.0,6.2,1.5,50000,Yes,Yes
INT-04493,Engineering,18,6.2,6.0,3.9,50000,No,Yes
INT-04494,Finance,20,8.7,8.9,7.0,25000,Yes,Yes
INT-04495,Engineering,10,5.8,5.0,8.0,150000,No,Yes
INT-04496,Engineering,9,8.6,8.6,1.3,25000,No,Yes
INT-04497,Admin,15,5.4,7.0,26.3,50000,No,No
INT-04498,IT,22,7.8,5.2,6.5,100000,No,No
INT-04499,IT,4,6.2,5.3,5.0,75000,No,No
INT-04500,Admin,24,9.0,6.5,2.2,150000,No,Yes
INT-04501,Engineering,17,7.8,8.6,24.6,100000,Yes,No
INT-04502,Engineering,7,4.3,6.3,5.2,50000,Yes,No
INT-04503,IT,8,9.0,5.1,1.5,100000,No,Yes
INT-04504,IT,4,5.6,5.1,8.1,150000,Yes,Yes
INT-04505,Admin,4,6.5,4.9,3.9,75000,No,No
INT-04506,IT,24,6.8,4.6,13.7,25000,No,No
INT-04507,Engineering,9,8.5,9.0,6.8,75000,No,Yes
INT-04508,IT,8,7.9,4.1,1.4,0,Yes,Yes
INT-04509,Engineering,5,7.0,5.3,11.6,50000,Yes,Yes
INT-04510,Marketing,24,8.1,7.1,3.4,0,No,Yes
INT-04511,IT,8,7.3,6.1,4.7,0,Yes,Yes
INT-04512,Admin,12,8.1,4.7,12.5,25000,No,Yes
INT-04513,IT,22,8.1,9.5,1.4,100000,Yes,Yes
INT-04514,Engineering,24,8.0,6.8,31.0,75000,Yes,No
INT-04515,Engineering,18,6.5,5.8,10.2,0,No,No
INT-04516,Admin,16,8.5,7.7,2.2,50000,No,Yes
INT-04517,Engineering,15,7.8,2.7,1.0,100000,No,Yes
INT-04518,Finance,8,8.1,6.0,6.8,50000,No,Yes
INT-04519,IT,5,7.5,8.0,4.3,150000,Yes,Yes
INT-04520,IT,7,9.2,7.5,0.7,150000,No,No
INT-04521,Finance,21,6.3,5.5,8.0,0,No,Yes
INT-04522,Engineering,24,8.4,8.2,3.5,50000,No,Yes
INT-04523,Finance,13,9.7,8.5,3.6,50000,No,Yes
INT-04524,Engineering,16,7.3,7.9,1.9,150000,No,Yes
INT-04525,Finance,15,4.7,4.0,1.7,50000,No,No
INT-04526,Admin,5,7.9,7.4,1.7,0,Yes,Yes
INT-04527,Engineering,18,9.3,6.3,17.9,50000,No,Yes
INT-04528,Marketing,17,9.1,9.4,6.6,50000,Yes,Yes
INT-04529,Engineering,13,6.7,5.2,5.6,25000,No,Yes
INT-04530,IT,11,9.3,7.6,10.3,50000,No,No
INT-04531,IT,18,8.1,5.3,3.6,0,No,Yes
INT-04532,IT,16,7.7,7.9,14.3,150000,No,Yes
INT-04533,IT,11,6.3,7.7,2.3,75000,No,Yes
INT-04534,Admin,24,4.7,9.5,13.5,150000,No,Yes
INT-04535,Engineering,24,8.0,8.7,1.0,100000,No,Yes
INT-04536,Engineering,17,4.7,9.6,1.9,50000,Yes,No
INT-04537,Admin,4,7.1,5.5,18.4,25000,Yes,No
INT-04538,Engineering,16,9.3,5.5,1.4,75000,No,Yes
INT-04539,IT,11,5.5,5.7,2.8,50000,No,No
INT-04540,IT,21,6.7,7.4,0.8,0,No,Yes
INT-04541,IT,12,8.5,8.5,7.8,75000,No,Yes
INT-04542,Engineering,16,9.2,3.5,3.7,100000,Yes,Yes
INT-04543,IT,6,7.0,5.5,8.5,100000,No,Yes
INT-04544,IT,21,7.8,5.8,1.2,75000,No,Yes
INT-04545,Admin,13,9.3,6.2,4.5,50000,Yes,Yes
INT-04546,Finance,8,5.8,7.1,4.2,50000,No,No
INT-04547,IT,9,6.6,4.3,6.7,50000,No,No
INT-04548,Engineering,11,3.8,8.1,3.3,100000,Yes,Yes
INT-04549,Engineering,10,6.3,7.7,34.0,50000,No,Yes
INT-04550,Finance,24,8.8,7.0,3.5,0,No,Yes
INT-04551,Marketing,21,8.9,5.6,10.0,50000,No,Yes
INT-04552,IT,17,8.7,4.7,4.1,100000,No,Yes
INT-04553,IT,18,7.7,7.7,6.6,25000,No,Yes
INT-04554,Finance,13,7.3,6.3,2.6,75000,Yes,No
INT-04555,Admin,24,5.6,6.6,2.0,25000,No,Yes
INT-04556,Engineering,15,7.8,6.7,29.2,75000,Yes,No
INT-04557,Engineering,10,9.7,7.1,6.7,50000,Yes,Yes
INT-04558,Engineering,10,8.9,8.1,5.4,50000,No,Yes
INT-04559,Marketing,14,8.4,7.7,8.7,75000,No,Yes
INT-04560,Marketing,16,8.5,6.8,2.5,50000,Yes,Yes
INT-04561,Engineering,18,9.3,7.7,14.3,75000,Yes,Yes
INT-04562,IT,21,8.3,8.9,2.8,150000,No,Yes
INT-04563,Finance,10,4.4,7.0,6.8,25000,Yes,No
INT-04564,IT,9,8.5,6.1,1.6,0,Yes,Yes
INT-04565,IT,14,8.1,7.8,7.3,50000,Yes,Yes
INT-04566,Finance,11,7.7,7.4,5.8,25000,No,No
INT-04567,IT,23,6.8,6.7,3.1,50000,No,No
INT-04568,IT,4,4.8,5.9,3.4,75000,No,No
INT-04569,IT,11,6.5,8.0,0.6,75000,Yes,Yes
INT-04570,Finance,11,6.5,6.7,0.7,75000,Yes,No
INT-04571,Engineering,22,9.4,5.9,7.8,50000,No,Yes
INT-04572,Engineering,6,8.7,6.2,10.6,50000,No,Yes
INT-04573,IT,8,8.5,4.5,6.8,50000,Yes,Yes
INT-04574,Finance,6,8.3,8.2,1.2,25000,No,Yes
INT-04575,Finance,18,7.0,8.5,23.1,50000,No,No
INT-04576,Admin,17,7.3,4.6,10.5,100000,No,No
INT-04577,Admin,24,5.9,6.5,2.7,50000,No,No
INT-04578,IT,18,7.4,7.8,9.4,75000,No,Yes
INT-04579,Marketing,20,6.7,2.6,1.4,25000,No,No
INT-04580,Engineering,21,9.4,6.4,12.6,0,Yes,Yes
INT-04581,Marketing,5,8.2,5.5,5.7,150000,Yes,Yes
INT-04582,Admin,15,5.1,6.0,4.7,25000,No,No
INT-04583,Finance,19,8.5,8.6,0.6,100000,Yes,Yes
INT-04584,Finance,7,7.9,7.8,9.0,150000,Yes,Yes
INT-04585,Engineering,5,6.9,9.2,14.6,50000,No,Yes
INT-04586,Marketing,17,9.5,8.4,3.2,0,No,Yes
INT-04587,Admin,14,8.1,5.7,0.6,50000,No,Yes
INT-04588,IT,16,9.8,9.4,12.4,100000,Yes,Yes
INT-04589,Engineering,10,7.8,4.7,8.6,100000,No,Yes
INT-04590,Engineering,13,7.8,9.5,12.5,150000,No,Yes
INT-04591,Engineering,4,4.5,5.1,6.7,100000,Yes,No
INT-04592,IT,24,6.2,8.3,5.4,25000,No,Yes
INT-04593,Engineering,7,6.2,8.0,2.5,50000,Yes,Yes
INT-04594,Admin,21,9.2,8.6,1.2,50000,No,Yes
INT-04595,Admin,9,6.5,4.0,5.6,50000,Yes,No
INT-04596,Engineering,5,4.3,9.3,16.7,75000,No,No
INT-04597,Engineering,6,8.1,9.6,1.0,50000,No,Yes
INT-04598,IT,17,8.2,2.4,36.6,75000,No,No
INT-04599,Admin,11,8.7,6.1,24.0,0,No,No
INT-04600,IT,19,7.2,8.7,8.7,75000,No,Yes
INT-04601,IT,22,7.0,5.7,20.1,50000,No,Yes
INT-04602,Finance,21,4.8,9.7,7.0,25000,No,Yes
INT-04603,Marketing,9,6.2,8.0,4.6,75000,Yes,Yes
INT-04604,Admin,17,8.4,7.0,7.3,0,No,Yes
INT-04605,Finance,6,8.8,9.0,17.2,75000,No,No
INT-04606,Finance,19,6.5,8.4,25.8,75000,No,Yes
INT-04607,Finance,4,6.0,6.0,15.1,150000,No,No
INT-04608,IT,15,5.3,6.3,2.1,25000,No,Yes
INT-04609,Marketing,17,8.8,6.3,7.7,100000,Yes,Yes
INT-04610,Admin,22,8.0,8.9,5.2,50000,No,Yes
INT-04611,Admin,22,7.0,6.1,5.8,25000,No,No
INT-04612,IT,12,4.5,6.1,5.0,100000,Yes,No
INT-04613,Admin,10,7.1,7.1,1.1,150000,Yes,Yes
INT-04614,IT,17,8.1,7.8,15.5,100000,Yes,Yes
INT-04615,IT,8,5.3,7.5,31.2,75000,Yes,No
INT-04616,Admin,21,7.5,9.1,2.4,0,Yes,Yes
INT-04617,Finance,12,7.5,5.0,8.3,50000,No,Yes
INT-04618,Finance,24,5.3,6.2,6.7,0,No,No
INT-04619,Admin,10,5.9,6.9,18.6,50000,No,No
INT-04620,Finance,12,6.4,7.7,10.2,50000,No,No
INT-04621,Finance,7,8.7,7.8,11.6,75000,No,Yes
INT-04622,Finance,20,7.7,7.8,24.8,25000,No,Yes
INT-04623,IT,15,8.6,8.6,9.2,150000,No,Yes
INT-04624,Engineering,9,7.2,5.4,5.3,50000,No,Yes
INT-04625,Marketing,21,4.5,8.9,0.9,50000,No,No
INT-04626,Engineering,11,7.4,2.6,19.4,25000,No,No
INT-04627,Admin,24,8.9,9.2,7.6,75000,Yes,Yes
INT-04628,Engineering,18,4.1,9.0,9.7,50000,No,No
INT-04629,Engineering,6,5.0,6.1,6.1,150000,Yes,No
INT-04630,Engineering,5,3.1,7.3,4.5,100000,No,No
INT-04631,IT,12,7.9,8.1,6.1,50000,Yes,Yes
INT-04632,Admin,11,6.9,7.4,0.9,100000,Yes,No
INT-04633,Finance,7,7.5,8.4,13.3,50000,No,Yes
INT-04634,Finance,5,8.0,5.9,1.9,50000,Yes,Yes
INT-04635,IT,17,7.9,9.3,3.7,75000,No,Yes
INT-04636,Marketing,5,6.4,8.8,1.2,100000,No,Yes
INT-04637,Admin,5,8.9,9.7,14.2,75000,No,Yes
INT-04638,Engineering,10,9.3,6.5,2.0,100000,No,Yes
INT-04639,Finance,15,4.4,9.6,4.6,25000,No,Yes
INT-04640,Finance,9,7.9,7.5,4.8,50000,No,No
INT-04641,Marketing,21,6.1,9.6,3.5,50000,Yes,Yes
INT-04642,Admin,7,6.5,7.0,16.2,100000,Yes,No
INT-04643,Finance,22,4.0,9.4,12.3,50000,No,No
INT-04644,IT,16,8.1,6.7,11.4,25000,Yes,Yes
INT-04645,Engineering,23,6.1,5.9,2.5,150000,No,Yes
INT-04646,Engineering,24,7.2,9.3,2.2,25000,Yes,Yes
INT-04647,Engineering,5,7.2,3.6,2.8,100000,No,No
INT-04648,IT,11,8.7,7.1,4.4,75000,No,Yes
INT-04649,Finance,22,8.4,6.8,5.7,75000,No,Yes
INT-04650,IT,12,5.1,7.7,2.8,50000,Yes,No
INT-04651,IT,7,4.9,8.0,5.4,100000,No,Yes
INT-04652,Engineering,19,3.7,8.6,2.1,100000,Yes,Yes
INT-04653,Admin,22,9.3,5.1,3.0,25000,No,Yes
INT-04654,Finance,13,9.0,8.3,2.9,150000,No,Yes
INT-04655,Admin,9,8.1,8.6,10.9,50000,Yes,Yes
INT-04656,IT,19,6.8,8.3,5.4,100000,No,No
INT-04657,Finance,13,6.1,5.9,8.1,25000,No,No
INT-04658,Engineering,16,6.6,9.1,9.4,0,No,Yes
INT-04659,IT,12,8.1,8.3,1.1,100000,Yes,Yes
INT-04660,Engineering,10,7.4,8.1,13.2,75000,No,Yes
INT-04661,Engineering,7,6.5,7.9,3.2,0,No,Yes
INT-04662,Engineering,22,9.1,5.9,6.2,25000,Yes,Yes
INT-04663,Admin,7,7.5,6.9,3.8,50000,No,Yes
INT-04664,Finance,22,7.5,6.7,12.4,50000,Yes,Yes
INT-04665,Finance,22,8.9,5.9,2.6,50000,No,Yes
INT-04666,Engineering,15,6.2,5.7,27.0,150000,No,No
INT-04667,IT,16,8.2,5.5,4.6,50000,Yes,No
INT-04668,Finance,7,7.2,7.2,10.4,25000,Yes,Yes
INT-04669,Engineering,13,5.6,6.4,8.7,75000,No,Yes
INT-04670,Engineering,24,7.3,5.8,11.4,100000,No,Yes
INT-04671,Admin,10,9.1,4.2,6.9,100000,No,Yes
INT-04672,Finance,8,9.5,6.5,4.4,150000,Yes,Yes
INT-04673,Engineering,20,6.0,9.5,2.1,50000,No,No
INT-04674,IT,21,8.4,9.0,6.4,25000,Yes,Yes
INT-04675,Admin,14,5.9,9.9,1.0,150000,No,Yes
INT-04676,Finance,18,6.7,6.0,1.0,100000,Yes,Yes
INT-04677,IT,24,9.2,5.8,8.1,50000,Yes,Yes
INT-04678,Marketing,10,4.5,5.2,5.7,50000,No,No
INT-04679,Engineering,21,7.6,6.9,6.1,75000,No,No
INT-04680,Engineering,9,7.7,7.1,3.6,50000,No,Yes
INT-04681,IT,21,6.9,8.3,13.0,25000,No,No
INT-04682,IT,19,8.0,6.1,2.3,0,No,Yes
INT-04683,Marketing,5,7.5,8.2,7.6,75000,Yes,Yes
INT-04684,IT,22,9.4,6.3,16.3,75000,No,Yes
INT-04685,Finance,4,8.1,7.3,14.9,150000,No,No
INT-04686,Admin,14,6.4,7.1,0.7,25000,No,Yes
INT-04687,IT,23,8.5,9.1,3.1,100000,No,Yes
INT-04688,IT,8,7.0,6.6,10.5,0,No,Yes
INT-04689,Engineering,19,8.6,8.0,11.3,25000,No,Yes
INT-04690,Marketing,4,7.1,5.5,5.8,150000,Yes,No
INT-04691,Admin,22,8.6,2.9,2.3,25000,No,Yes
INT-04692,Admin,17,8.1,6.9,3.1,75000,Yes,No
INT-04693,Admin,6,5.8,6.4,13.4,75000,No,No
INT-04694,Engineering,5,7.4,8.9,2.2,50000,No,Yes
INT-04695,Admin,8,7.8,6.5,23.3,50000,Yes,No
INT-04696,Finance,20,9.0,5.9,6.1,50000,No,Yes
INT-04697,Engineering,21,6.9,7.2,3.2,75000,No,Yes
INT-04698,Engineering,4,6.0,5.9,4.4,25000,No,Yes
INT-04699,IT,18,6.5,8.3,2.9,150000,No,Yes
INT-04700,Marketing,12,5.1,7.3,4.4,50000,No,No
INT-04701,IT,8,5.5,7.1,1.6,50000,Yes,Yes
INT-04702,IT,16,8.9,4.4,14.4,25000,No,No
INT-04703,Engineering,22,6.6,8.0,27.0,75000,Yes,No
INT-04704,Engineering,13,6.6,7.2,9.1,25000,No,No
INT-04705,Admin,23,9.1,9.5,13.7,75000,No,No
INT-04706,Admin,24,8.5,7.3,2.6,75000,No,Yes
INT-04707,Finance,17,7.2,9.0,1.0,50000,No,No
INT-04708,IT,24,8.1,8.1,8.4,50000,No,Yes
INT-04709,Finance,15,7.5,4.5,14.1,50000,Yes,Yes
INT-04710,Engineering,14,7.9,6.8,14.9,50000,Yes,Yes
INT-04711,Admin,10,8.7,8.0,6.6,25000,No,Yes
INT-04712,Admin,20,7.8,9.0,8.3,50000,No,Yes
INT-04713,IT,21,7.8,4.7,4.2,100000,Yes,Yes
INT-04714,Finance,10,6.1,8.1,14.7,0,Yes,No
INT-04715,Engineering,23,8.1,9.1,10.1,100000,No,Yes
INT-04716,Admin,9,9.4,7.2,2.1,50000,No,Yes
INT-04717,Engineering,14,6.0,9.1,3.1,50000,No,Yes
INT-04718,Marketing,15,6.4,7.4,1.8,50000,No,Yes
INT-04719,Admin,19,8.3,5.4,6.1,75000,No,Yes
INT-04720,Marketing,22,5.9,5.8,2.3,50000,Yes,Yes
INT-04721,Admin,22,6.9,6.4,1.9,50000,No,Yes
INT-04722,IT,14,8.7,4.0,1.9,25000,Yes,Yes
INT-04723,IT,19,8.6,8.2,3.0,150000,Yes,Yes
INT-04724,Admin,15,8.1,6.2,13.7,100000,Yes,Yes
INT-04725,IT,11,7.7,7.4,22.8,50000,No,No
INT-04726,IT,6,9.4,5.8,44.4,25000,No,No
INT-04727,Marketing,5,9.7,5.9,0.8,150000,No,Yes
INT-04728,Finance,9,8.3,7.9,7.2,25000,Yes,Yes
INT-04729,Engineering,19,7.5,8.0,3.0,25000,Yes,Yes
INT-04730,IT,23,8.5,6.4,36.5,25000,Yes,No
INT-04731,IT,18,5.6,6.4,33.7,0,No,No
INT-04732,IT,17,4.8,8.8,22.3,25000,No,No
INT-04733,Engineering,5,9.4,7.9,0.6,75000,No,Yes
INT-04734,Marketing,23,5.2,9.6,1.8,25000,Yes,Yes
INT-04735,Admin,21,7.7,7.4,6.9,50000,Yes,Yes
INT-04736,IT,17,8.4,6.3,2.2,50000,Yes,Yes
INT-04737,Engineering,21,8.6,5.7,15.9,75000,No,Yes
INT-04738,Admin,5,7.6,8.2,10.1,25000,No,No
INT-04739,Admin,4,8.7,9.3,2.1,50000,No,No
INT-04740,Engineering,23,5.7,3.1,14.1,150000,No,No
INT-04741,Engineering,5,7.6,4.2,6.0,50000,Yes,Yes
INT-04742,IT,12,6.9,6.4,10.4,75000,No,No
INT-04743,IT,12,7.3,6.5,1.7,150000,Yes,Yes
INT-04744,Marketing,19,7.1,7.9,6.3,50000,No,Yes
INT-04745,IT,14,8.1,8.4,12.5,50000,Yes,Yes
INT-04746,IT,9,8.4,7.1,3.9,75000,No,Yes
INT-04747,IT,15,9.6,7.7,2.2,50000,No,Yes
INT-04748,IT,6,7.6,8.3,8.7,25000,No,Yes
INT-04749,Admin,15,8.2,7.7,8.8,25000,Yes,No
INT-04750,Finance,4,5.4,5.2,2.3,75000,Yes,Yes
INT-04751,Admin,12,8.0,6.2,1.1,50000,No,Yes
INT-04752,Admin,23,7.1,9.0,2.0,50000,No,Yes
INT-04753,Engineering,9,7.2,7.5,3.1,25000,No,Yes
INT-04754,Engineering,14,8.1,7.0,0.8,150000,No,Yes
INT-04755,Finance,6,8.0,5.3,21.0,25000,Yes,No
INT-04756,Finance,7,7.6,7.4,2.6,150000,No,Yes
INT-04757,IT,13,8.6,9.3,11.2,75000,No,Yes
INT-04758,Finance,22,8.4,8.1,4.8,100000,No,Yes
INT-04759,Admin,9,6.4,9.0,6.1,50000,Yes,Yes
INT-04760,Marketing,4,5.2,4.7,6.7,25000,No,No
INT-04761,Admin,11,5.7,4.9,12.4,25000,Yes,No
INT-04762,Marketing,11,7.9,3.5,12.9,100000,Yes,No
INT-04763,Finance,9,8.5,8.0,1.7,50000,Yes,Yes
INT-04764,IT,20,9.8,7.3,3.4,50000,Yes,Yes
INT-04765,Engineering,22,9.2,4.2,7.3,50000,Yes,No
INT-04766,Marketing,4,6.9,5.0,3.7,75000,No,Yes
INT-04767,Finance,18,7.9,6.1,1.6,25000,Yes,Yes
INT-04768,IT,16,7.5,7.8,4.7,100000,Yes,Yes
INT-04769,Engineering,24,5.0,9.1,2.5,150000,No,Yes
INT-04770,Admin,6,7.7,8.5,1.7,25000,Yes,Yes
INT-04771,IT,5,7.8,3.7,3.4,75000,Yes,Yes
INT-04772,Admin,6,6.7,7.2,3.3,50000,No,Yes
INT-04773,IT,12,8.8,7.7,1.3,25000,Yes,Yes
INT-04774,Finance,19,7.8,9.4,7.5,50000,No,Yes
INT-04775,Admin,16,8.0,7.5,3.5,75000,No,Yes
INT-04776,Finance,22,7.6,7.8,2.0,50000,Yes,Yes
INT-04777,IT,21,5.9,8.2,14.2,50000,No,Yes
INT-04778,Admin,24,8.0,8.0,0.5,50000,Yes,Yes
INT-04779,IT,15,6.9,7.8,5.3,50000,No,Yes
INT-04780,IT,15,7.8,6.2,5.1,50000,Yes,Yes
INT-04781,IT,4,8.3,7.9,9.4,0,No,Yes
INT-04782,IT,23,9.4,6.5,4.4,100000,No,Yes
INT-04783,Engineering,11,5.7,5.2,6.3,150000,Yes,Yes
INT-04784,IT,20,8.8,6.0,19.6,75000,No,Yes
INT-04785,Admin,24,6.7,9.0,2.0,25000,No,Yes
INT-04786,Admin,23,8.0,6.8,1.4,75000,Yes,Yes
INT-04787,Finance,10,6.3,5.5,11.5,100000,No,Yes
INT-04788,Marketing,12,7.8,5.8,11.4,75000,No,Yes
INT-04789,Admin,20,7.4,7.5,20.7,100000,No,Yes
INT-04790,Admin,13,9.2,7.2,33.2,50000,Yes,Yes
INT-04791,IT,7,5.2,8.1,4.4,100000,No,Yes
INT-04792,Marketing,10,4.9,4.8,4.3,25000,No,Yes
INT-04793,IT,10,7.0,6.4,19.3,75000,No,Yes
INT-04794,IT,11,9.0,7.9,16.3,25000,No,Yes
INT-04795,IT,11,9.5,8.7,4.3,75000,Yes,Yes
INT-04796,Admin,19,9.1,7.8,1.1,50000,No,Yes
INT-04797,IT,15,4.1,6.5,7.5,75000,Yes,Yes
INT-04798,Finance,18,7.0,5.2,3.0,25000,No,Yes
INT-04799,IT,11,8.5,8.3,19.6,150000,No,Yes
INT-04800,Engineering,12,8.0,8.4,13.6,100000,Yes,Yes
INT-04801,IT,6,5.7,4.1,19.0,75000,No,No
INT-04802,IT,24,5.4,9.6,1.2,75000,No,Yes
INT-04803,Marketing,19,7.6,4.2,16.5,100000,No,No
INT-04804,IT,18,7.3,5.8,7.7,75000,No,Yes
INT-04805,Finance,7,8.6,5.4,2.4,50000,Yes,Yes
INT-04806,Engineering,23,6.4,3.7,3.4,25000,No,Yes
INT-04807,IT,19,8.5,8.6,5.4,50000,No,Yes
INT-04808,Marketing,13,6.3,5.7,8.4,75000,No,Yes
INT-04809,IT,14,5.5,7.6,2.6,50000,No,Yes
INT-04810,Finance,8,7.8,5.8,2.4,100000,No,Yes
INT-04811,IT,14,5.4,8.4,18.3,25000,No,No
INT-04812,Finance,16,4.6,7.8,15.4,50000,Yes,No
INT-04813,IT,18,8.2,7.7,12.1,150000,No,Yes
INT-04814,Engineering,9,7.6,8.7,11.9,25000,No,Yes
INT-04815,Finance,19,7.5,6.7,12.1,25000,Yes,Yes
INT-04816,Marketing,18,7.2,7.7,21.1,25000,No,Yes
INT-04817,Marketing,14,5.3,6.3,15.3,25000,No,No
INT-04818,Finance,23,9.3,9.7,4.4,0,No,Yes
INT-04819,Finance,5,9.0,7.6,5.6,50000,No,Yes
INT-04820,IT,5,6.8,5.7,7.9,50000,No,No
INT-04821,IT,15,9.1,5.4,5.7,75000,No,Yes
INT-04822,IT,19,4.9,3.7,3.3,0,No,No
INT-04823,Admin,22,6.8,6.7,16.3,50000,No,No
INT-04824,Admin,5,4.2,9.6,13.5,100000,Yes,No
INT-04825,Engineering,20,8.6,8.2,4.5,75000,No,Yes
INT-04826,IT,17,4.4,9.1,1.5,25000,No,Yes
INT-04827,Engineering,19,8.9,8.1,0.5,75000,No,Yes
INT-04828,IT,8,8.0,8.9,1.3,50000,No,Yes
INT-04829,Admin,13,6.2,8.3,1.8,75000,No,No
INT-04830,Engineering,20,7.9,4.4,9.1,150000,Yes,No
INT-04831,Finance,16,7.1,9.0,2.5,25000,No,Yes
INT-04832,Engineering,19,8.7,9.1,8.6,75000,Yes,Yes
INT-04833,Engineering,12,6.4,6.9,3.7,75000,Yes,Yes
INT-04834,IT,7,6.3,6.7,18.5,50000,Yes,No
INT-04835,Engineering,19,9.3,7.5,5.6,0,No,Yes
INT-04836,IT,14,7.9,7.9,9.4,100000,No,Yes
INT-04837,Admin,10,8.7,8.9,5.4,100000,No,Yes
INT-04838,Admin,20,8.3,8.6,20.0,150000,No,Yes
INT-04839,IT,16,5.5,6.0,9.8,75000,No,No
INT-04840,IT,7,6.2,6.2,8.7,50000,Yes,Yes
INT-04841,Marketing,17,7.5,8.0,7.7,25000,No,Yes
INT-04842,Marketing,13,6.7,8.5,36.3,50000,No,No
INT-04843,Admin,13,7.8,9.1,9.7,50000,No,Yes
INT-04844,IT,13,5.5,8.1,11.7,25000,Yes,No
INT-04845,IT,15,7.8,7.3,1.2,100000,No,Yes
INT-04846,Admin,5,5.1,5.9,14.0,75000,No,No
INT-04847,Marketing,12,1.7,8.7,7.8,75000,Yes,No
INT-04848,IT,8,7.1,8.6,3.8,75000,Yes,Yes
INT-04849,Finance,11,8.2,7.6,7.5,25000,No,Yes
INT-04850,IT,24,7.7,6.1,8.4,100000,No,Yes
INT-04851,Marketing,17,8.0,7.9,2.9,100000,Yes,Yes
INT-04852,Admin,10,7.9,4.4,5.1,50000,No,Yes
INT-04853,Finance,10,3.3,4.7,10.7,100000,No,No
INT-04854,Admin,12,6.7,7.1,2.5,50000,No,Yes
INT-04855,Engineering,6,8.2,4.0,15.0,75000,Yes,No
INT-04856,IT,17,5.9,5.1,1.1,75000,No,Yes
INT-04857,IT,20,8.9,8.0,7.5,100000,Yes,Yes
INT-04858,Marketing,21,8.9,6.4,4.3,50000,No,Yes
INT-04859,Marketing,15,7.7,6.8,0.9,25000,No,No
INT-04860,Finance,17,6.2,6.7,12.4,25000,No,Yes
INT-04861,Engineering,16,7.5,8.4,6.8,50000,Yes,Yes
INT-04862,Finance,17,9.1,6.7,10.6,50000,No,Yes
INT-04863,IT,12,7.1,8.8,4.3,75000,Yes,Yes
INT-04864,Admin,22,8.7,5.3,16.2,0,No,Yes
INT-04865,Admin,5,7.7,7.1,1.2,50000,No,No
INT-04866,Engineering,14,9.0,4.2,2.6,75000,No,Yes
INT-04867,Admin,20,8.0,6.6,13.2,75000,No,Yes
INT-04868,IT,5,8.2,7.0,25.3,75000,No,No
INT-04869,Engineering,22,6.4,7.2,15.5,75000,No,Yes
INT-04870,Finance,10,8.6,6.4,2.6,75000,Yes,Yes
INT-04871,Admin,21,7.5,9.0,3.9,100000,No,Yes
INT-04872,IT,16,8.3,3.1,12.1,0,Yes,No
INT-04873,IT,8,8.0,8.5,23.9,50000,No,No
INT-04874,IT,21,5.2,7.3,3.2,25000,No,Yes
INT-04875,IT,19,8.2,8.1,4.4,0,Yes,Yes
INT-04876,Engineering,18,3.9,5.1,0.7,50000,Yes,No
INT-04877,Engineering,11,5.8,6.4,6.1,150000,No,Yes
INT-04878,Engineering,18,7.1,7.7,1.2,25000,No,Yes
INT-04879,Admin,4,7.4,8.9,1.2,50000,No,Yes
INT-04880,Finance,20,7.6,6.3,12.0,150000,Yes,Yes
INT-04881,IT,18,6.6,7.6,3.9,25000,No,No
INT-04882,Admin,17,9.3,7.7,22.4,25000,Yes,No
INT-04883,Finance,17,6.8,6.5,10.6,50000,No,No
INT-04884,IT,13,7.5,5.2,3.3,75000,No,Yes
INT-04885,IT,5,7.1,6.5,9.7,75000,Yes,Yes
INT-04886,Finance,9,5.5,9.3,16.6,25000,No,No
INT-04887,Admin,20,9.0,4.3,5.1,150000,No,Yes
INT-04888,Engineering,8,8.8,5.8,7.1,0,No,No
INT-04889,IT,8,9.2,8.1,2.5,100000,Yes,Yes
INT-04890,Engineering,18,6.7,5.4,4.6,25000,No,Yes
INT-04891,Admin,18,5.8,6.8,7.4,50000,No,No
INT-04892,IT,23,7.4,5.2,8.1,75000,Yes,Yes
INT-04893,Engineering,14,7.8,6.3,10.7,150000,Yes,Yes
INT-04894,IT,8,8.4,6.8,25.7,25000,Yes,Yes
INT-04895,Admin,4,4.9,6.6,15.1,150000,No,No
INT-04896,IT,14,5.7,9.2,15.8,150000,No,Yes
INT-04897,IT,14,5.7,5.5,7.0,150000,No,No
INT-04898,IT,9,5.2,5.6,1.7,50000,No,Yes
INT-04899,IT,11,9.6,9.2,8.6,25000,No,Yes
INT-04900,Marketing,5,7.6,3.9,4.7,50000,No,No
INT-04901,IT,18,7.3,7.1,0.8,100000,No,Yes
INT-04902,Admin,12,7.5,5.6,2.2,50000,No,Yes
INT-04903,IT,18,7.7,6.0,11.9,100000,Yes,No
INT-04904,Admin,11,7.9,6.7,8.5,75000,No,Yes
INT-04905,Marketing,19,9.2,3.7,31.2,50000,No,No
INT-04906,IT,17,8.1,6.0,21.1,50000,No,No
INT-04907,Marketing,18,8.3,8.1,7.7,75000,No,Yes
INT-04908,IT,23,6.9,5.1,1.8,50000,No,Yes
INT-04909,Engineering,16,8.1,9.6,3.8,50000,Yes,Yes
INT-04910,Engineering,12,7.2,5.5,2.6,25000,No,Yes
INT-04911,Finance,4,7.2,7.0,5.6,100000,Yes,Yes
INT-04912,Engineering,9,9.3,4.0,13.4,75000,No,No
INT-04913,Engineering,11,7.9,5.3,14.3,75000,No,Yes
INT-04914,IT,23,8.4,8.3,2.1,150000,Yes,Yes
INT-04915,IT,21,4.4,7.7,6.9,25000,No,No
INT-04916,Marketing,21,9.7,7.4,9.5,75000,No,Yes
INT-04917,Admin,20,3.7,7.7,4.5,50000,No,No
INT-04918,Admin,24,9.9,7.2,19.4,25000,No,Yes
INT-04919,Finance,19,8.3,8.0,4.1,50000,No,Yes
INT-04920,Admin,16,5.1,8.6,5.9,150000,No,Yes
INT-04921,Marketing,7,5.3,7.5,7.6,150000,No,Yes
INT-04922,Engineering,7,8.7,7.5,5.0,150000,No,Yes
INT-04923,Engineering,24,7.3,5.2,27.0,50000,Yes,No
INT-04924,Finance,17,9.5,8.7,11.9,75000,No,Yes
INT-04925,IT,8,8.4,6.5,14.6,0,No,No
INT-04926,IT,19,7.3,8.0,11.7,25000,Yes,Yes
INT-04927,Admin,17,7.1,8.7,7.6,25000,No,No
INT-04928,IT,17,7.7,7.1,0.7,25000,Yes,Yes
INT-04929,Engineering,17,6.3,7.8,12.1,100000,No,Yes
INT-04930,Marketing,17,7.7,6.7,8.1,50000,No,No
INT-04931,Admin,22,7.5,8.6,1.2,50000,No,Yes
INT-04932,Admin,6,7.4,8.3,1.5,0,No,Yes
INT-04933,Marketing,20,8.8,7.1,5.7,100000,No,Yes
INT-04934,Admin,17,5.9,4.6,15.8,0,No,No
INT-04935,Admin,13,8.2,7.3,7.0,100000,Yes,Yes
INT-04936,Admin,16,6.9,6.9,20.7,25000,No,No
INT-04937,Marketing,7,6.2,6.7,14.0,50000,Yes,Yes
INT-04938,Engineering,14,7.8,7.2,8.5,50000,Yes,Yes
INT-04939,Finance,18,8.0,5.8,3.5,150000,No,No
INT-04940,Finance,18,7.2,8.3,15.8,150000,No,Yes
INT-04941,Admin,5,8.3,5.9,9.1,100000,No,Yes
INT-04942,Admin,14,8.2,8.0,6.9,75000,No,Yes
INT-04943,Finance,5,7.1,6.1,6.1,50000,Yes,Yes
INT-04944,Admin,8,9.0,8.9,2.4,25000,Yes,Yes
INT-04945,Finance,16,8.3,9.5,0.6,75000,No,No
INT-04946,Marketing,4,7.4,6.2,10.6,75000,Yes,No
INT-04947,Engineering,10,6.6,7.8,20.7,150000,Yes,No
INT-04948,Engineering,10,8.8,7.4,2.1,75000,No,Yes
INT-04949,Finance,13,5.9,6.5,22.3,100000,No,Yes
INT-04950,Finance,9,7.6,7.5,1.1,50000,No,Yes
INT-04951,Admin,23,8.6,7.5,6.9,50000,No,Yes
INT-04952,IT,15,7.1,4.5,1.5,150000,Yes,Yes
INT-04953,Admin,16,5.4,8.3,18.1,75000,No,No
INT-04954,Engineering,14,6.2,5.3,1.4,150000,No,No
INT-04955,Admin,21,8.7,7.9,2.8,25000,No,Yes
INT-04956,Engineering,5,7.1,7.3,13.6,25000,Yes,Yes
INT-04957,Admin,19,5.2,8.6,9.8,25000,No,No
INT-04958,Engineering,5,6.2,6.0,4.4,100000,Yes,Yes
INT-04959,IT,22,7.2,3.9,15.0,50000,Yes,No
INT-04960,Engineering,9,6.6,7.3,8.6,0,No,No
INT-04961,Engineering,4,2.3,7.8,2.9,25000,No,No
INT-04962,IT,14,7.4,10.0,11.3,25000,Yes,Yes
INT-04963,IT,21,4.6,8.2,3.7,100000,No,Yes
INT-04964,Engineering,13,7.7,4.8,14.0,50000,Yes,Yes
INT-04965,Admin,21,9.7,8.3,12.7,75000,No,Yes
INT-04966,IT,4,8.3,4.7,3.5,50000,No,Yes
INT-04967,Marketing,22,8.4,6.4,1.4,150000,Yes,Yes
INT-04968,Engineering,19,8.3,5.6,14.3,25000,No,No
INT-04969,Marketing,10,9.0,5.2,4.1,75000,No,Yes
INT-04970,Admin,18,8.4,7.7,3.6,75000,No,Yes
INT-04971,Admin,4,7.6,8.2,0.6,75000,Yes,Yes
INT-04972,Finance,24,2.2,5.5,10.9,25000,Yes,No
INT-04973,Engineering,12,6.3,4.6,3.1,50000,Yes,Yes
INT-04974,Engineering,5,7.7,7.5,5.1,25000,No,Yes
INT-04975,IT,20,8.2,6.2,18.9,0,Yes,Yes
INT-04976,Admin,13,9.5,6.7,1.6,75000,No,Yes
INT-04977,IT,9,8.4,6.6,0.8,150000,No,Yes
INT-04978,IT,8,8.2,8.9,7.1,75000,Yes,Yes
INT-04979,IT,11,9.9,8.6,10.1,100000,Yes,Yes
INT-04980,IT,11,7.7,5.8,6.5,0,No,Yes
INT-04981,Marketing,8,8.7,8.9,3.8,75000,Yes,Yes
INT-04982,IT,15,6.7,3.9,4.1,50000,Yes,Yes
INT-04983,Engineering,10,7.6,8.5,1.8,25000,No,Yes
INT-04984,Finance,16,8.4,7.2,3.5,75000,No,Yes
INT-04985,Engineering,16,8.9,8.4,11.9,75000,Yes,Yes
INT-04986,IT,20,7.4,5.0,6.0,150000,No,Yes
INT-04987,Engineering,7,7.8,8.0,18.2,25000,Yes,Yes
INT-04988,Engineering,21,8.5,7.8,2.0,75000,No,Yes
INT-04989,Engineering,13,9.1,8.4,5.2,75000,Yes,Yes
INT-04990,Finance,6,9.6,6.6,10.2,75000,No,Yes
INT-04991,Marketing,15,4.8,6.7,3.0,0,No,Yes
INT-04992,Engineering,4,7.1,9.6,3.0,50000,No,No
INT-04993,Admin,14,3.9,5.4,1.4,75000,No,No
INT-04994,Engineering,21,7.1,8.1,18.4,25000,No,No
INT-04995,IT,16,6.3,6.3,2.0,25000,No,Yes
INT-04996,Finance,20,5.3,8.9,28.6,75000,No,No
INT-04997,IT,11,6.4,5.5,5.3,75000,No,No
INT-04998,Admin,23,8.1,6.5,32.5,25000,No,No
INT-04999,Finance,22,8.0,7.8,0.8,75000,No,Yes
INT-05000,Engineering,20,8.6,7.3,7.2,50000,No,Yes
INT-05001,Admin,5,6.7,8.8,9.9,25000,No,No
INT-05002,Admin,6,8.1,7.0,6.3,25000,Yes,Yes
INT-05003,Finance,6,7.3,4.5,7.3,100000,No,No
INT-05004,Admin,9,7.1,8.0,6.7,50000,No,No
INT-05005,Finance,13,7.1,7.0,1.8,25000,No,Yes
INT-05006,IT,21,8.3,8.3,6.6,75000,Yes,Yes
INT-05007,Finance,21,4.7,3.9,6.7,50000,No,Yes
INT-05008,Finance,17,7.6,3.3,4.0,0,No,No
INT-05009,IT,19,4.9,6.3,8.0,150000,Yes,No
INT-05010,Admin,10,5.8,7.5,4.7,75000,No,Yes
INT-05011,IT,4,7.5,7.6,11.8,25000,Yes,No
INT-05012,Engineering,20,7.3,8.4,0.8,0,No,Yes
INT-05013,Engineering,8,6.5,9.5,0.6,50000,No,Yes
INT-05014,Engineering,4,6.9,4.2,6.4,150000,No,No
INT-05015,IT,24,7.5,5.7,36.7,50000,No,No
INT-05016,IT,20,4.7,8.6,5.2,100000,Yes,Yes
INT-05017,IT,13,9.3,9.0,0.6,75000,Yes,Yes
INT-05018,Admin,15,6.6,6.4,3.6,25000,No,Yes
INT-05019,Engineering,23,9.6,7.5,5.5,0,No,Yes
INT-05020,Finance,5,5.9,4.9,19.0,100000,Yes,No
INT-05021,Engineering,19,3.6,5.5,1.5,100000,Yes,No
INT-05022,Admin,18,5.5,4.6,21.2,75000,Yes,No
INT-05023,Marketing,16,7.3,7.0,23.0,150000,No,Yes
INT-05024,Engineering,21,7.5,6.0,8.7,150000,No,Yes
INT-05025,Marketing,23,7.6,5.6,2.5,25000,No,Yes
INT-05026,Engineering,17,7.8,3.8,6.7,50000,No,Yes
INT-05027,IT,21,8.7,7.6,14.1,25000,No,Yes
INT-05028,IT,5,8.9,8.7,4.0,100000,No,Yes
INT-05029,Engineering,5,7.9,6.5,19.4,0,Yes,No
INT-05030,IT,6,5.9,7.7,1.2,75000,No,Yes
INT-05031,Admin,8,5.9,6.8,3.4,75000,Yes,Yes
INT-05032,Engineering,19,9.2,9.8,40.4,25000,No,Yes
INT-05033,Engineering,18,6.2,7.8,7.5,150000,No,Yes
INT-05034,Engineering,15,6.6,6.9,7.6,75000,No,Yes
INT-05035,IT,12,7.5,5.3,2.7,150000,No,Yes
INT-05036,Admin,17,4.4,7.4,16.1,50000,No,No
INT-05037,Engineering,24,8.1,4.8,5.0,100000,Yes,Yes
INT-05038,Marketing,19,8.8,7.6,13.1,100000,No,Yes
INT-05039,Engineering,14,8.8,8.6,13.8,75000,No,Yes
INT-05040,Marketing,9,6.9,8.2,2.0,50000,Yes,Yes
INT-05041,Finance,13,7.7,7.8,6.1,150000,No,Yes
INT-05042,Engineering,11,7.3,6.6,4.4,100000,No,No
INT-05043,IT,19,5.5,8.1,1.8,25000,Yes,No
INT-05044,Engineering,6,8.9,6.6,1.6,50000,No,Yes
INT-05045,Engineering,5,9.6,8.6,0.9,25000,Yes,Yes
INT-05046,Engineering,19,7.1,6.2,10.2,0,No,Yes
INT-05047,Admin,22,2.8,5.2,12.7,0,Yes,No
INT-05048,Engineering,12,7.2,6.3,5.6,0,Yes,Yes
INT-05049,Admin,19,5.9,8.0,7.1,50000,No,Yes
INT-05050,Engineering,7,8.2,6.3,2.9,150000,Yes,Yes
INT-05051,IT,13,9.5,7.6,10.5,75000,No,Yes
INT-05052,Finance,22,7.3,6.6,7.5,100000,No,No
INT-05053,IT,16,5.0,7.6,17.6,0,No,No
INT-05054,IT,21,8.1,5.9,11.5,75000,Yes,Yes
INT-05055,Admin,18,7.8,5.0,0.7,50000,Yes,Yes
INT-05056,Engineering,7,5.4,6.2,13.8,25000,No,No
INT-05057,Admin,12,7.8,6.9,0.7,25000,Yes,Yes
INT-05058,IT,7,7.8,7.1,13.9,25000,No,Yes
INT-05059,Engineering,19,5.7,8.6,35.4,25000,No,No
INT-05060,Admin,24,6.1,9.1,5.7,0,No,No
INT-05061,Marketing,18,7.4,6.1,2.6,50000,No,Yes
INT-05062,Marketing,5,8.1,7.0,0.6,150000,No,Yes
INT-05063,Engineering,17,6.3,6.1,1.8,75000,No,Yes
INT-05064,Admin,6,7.8,4.9,6.1,50000,No,Yes
INT-05065,Engineering,7,5.8,7.1,13.6,50000,No,No
INT-05066,IT,4,9.4,5.7,16.9,75000,Yes,Yes
INT-05067,Admin,12,6.8,7.8,9.7,75000,No,Yes
INT-05068,Admin,20,8.6,7.7,1.2,100000,Yes,Yes
INT-05069,Marketing,17,5.8,8.0,38.5,0,No,No
INT-05070,IT,20,8.8,5.7,11.5,25000,Yes,Yes
INT-05071,Engineering,4,8.9,8.3,4.9,25000,No,No
INT-05072,Engineering,13,8.4,5.6,13.9,50000,Yes,No
INT-05073,Admin,19,8.4,5.3,7.6,25000,No,No
INT-05074,IT,22,4.1,8.9,7.9,100000,No,Yes
INT-05075,Marketing,6,9.2,7.9,28.9,50000,Yes,No
INT-05076,Engineering,15,6.1,4.0,13.4,100000,No,Yes
INT-05077,Engineering,6,7.5,8.5,2.9,75000,No,Yes
INT-05078,IT,18,9.4,5.5,2.0,50000,No,Yes
INT-05079,Admin,20,9.2,7.0,2.0,150000,No,Yes
INT-05080,Admin,21,6.0,6.3,5.3,100000,No,Yes
INT-05081,IT,10,9.8,8.1,4.4,75000,Yes,Yes
INT-05082,IT,22,6.4,7.0,5.3,100000,No,Yes
INT-05083,Finance,10,6.7,9.1,1.0,50000,No,Yes
INT-05084,IT,8,9.0,6.1,2.3,25000,No,Yes
INT-05085,IT,11,9.6,8.5,13.3,50000,Yes,Yes
INT-05086,Engineering,24,6.4,5.3,11.8,50000,No,No
INT-05087,Finance,19,8.5,8.9,4.5,25000,No,Yes
INT-05088,IT,19,9.5,9.7,4.5,50000,No,Yes
INT-05089,Engineering,22,7.0,3.7,17.7,150000,Yes,No
INT-05090,IT,18,7.7,5.2,2.1,25000,No,Yes
INT-05091,IT,10,5.9,5.0,4.0,75000,No,No
INT-05092,IT,8,4.2,4.9,12.0,100000,Yes,No
INT-05093,Finance,14,4.4,7.7,7.3,75000,Yes,Yes
INT-05094,IT,13,4.4,7.2,1.0,25000,No,No
INT-05095,IT,24,8.3,8.7,0.6,50000,Yes,Yes
INT-05096,Admin,12,5.9,7.3,0.7,75000,No,Yes
INT-05097,Finance,4,7.5,7.1,9.0,25000,No,Yes
INT-05098,IT,23,7.3,6.8,8.3,25000,Yes,No
INT-05099,Admin,4,7.5,7.9,0.9,75000,Yes,Yes
INT-05100,IT,11,5.7,6.4,1.6,100000,No,Yes
INT-05101,Admin,6,7.0,8.3,10.8,150000,No,No
INT-05102,Engineering,5,8.3,8.2,3.5,25000,Yes,Yes
INT-05103,Engineering,7,7.2,7.3,38.8,50000,No,No
INT-05104,Admin,22,8.4,6.6,3.5,75000,Yes,Yes
INT-05105,Admin,14,3.8,6.2,3.8,75000,No,No
INT-05106,IT,8,9.7,6.0,4.9,75000,Yes,Yes
INT-05107,Admin,13,8.2,9.4,14.6,100000,No,Yes
INT-05108,IT,11,5.3,7.9,7.0,50000,No,Yes
INT-05109,Finance,16,8.8,5.4,16.1,50000,No,Yes
INT-05110,Marketing,8,5.0,8.1,5.0,25000,No,Yes
INT-05111,Marketing,15,9.0,7.5,8.0,0,No,No
INT-05112,Finance,16,7.8,7.9,0.5,25000,No,Yes
INT-05113,Engineering,11,4.5,7.9,7.4,75000,No,Yes
INT-05114,Engineering,18,7.6,7.6,1.2,25000,Yes,Yes
INT-05115,IT,16,9.6,6.6,2.2,100000,No,Yes
INT-05116,Engineering,4,7.4,8.4,48.6,0,No,No
INT-05117,Admin,9,9.2,7.9,8.6,50000,No,No
INT-05118,Admin,14,4.4,7.4,16.8,0,Yes,Yes
INT-05119,Finance,16,8.2,6.8,1.0,100000,Yes,Yes
INT-05120,IT,24,9.2,5.9,4.4,50000,No,Yes
INT-05121,Admin,23,7.5,7.9,16.4,25000,Yes,Yes
INT-05122,Marketing,4,7.0,8.8,4.7,75000,Yes,Yes
INT-05123,IT,14,4.6,6.2,2.8,150000,Yes,Yes
INT-05124,Admin,14,5.0,7.2,5.7,0,No,No
INT-05125,Marketing,11,6.8,7.3,5.6,75000,No,No
INT-05126,Engineering,6,8.0,9.9,37.9,75000,Yes,No
INT-05127,Engineering,22,6.3,7.1,4.0,100000,Yes,Yes
INT-05128,IT,15,4.0,2.3,25.7,50000,No,No
INT-05129,Admin,9,8.0,7.5,19.9,75000,No,Yes
INT-05130,Finance,11,6.3,4.9,5.3,0,No,No
INT-05131,Engineering,8,9.6,5.9,23.7,25000,No,Yes
INT-05132,Engineering,13,6.7,7.4,10.9,75000,Yes,Yes
INT-05133,IT,19,7.1,7.1,17.8,50000,Yes,Yes
INT-05134,IT,15,5.8,7.0,18.3,50000,No,No
INT-05135,Marketing,20,5.9,5.6,1.2,100000,No,Yes
INT-05136,Admin,9,6.2,7.7,18.7,25000,Yes,No
INT-05137,Engineering,12,6.9,6.8,5.9,25000,No,No
INT-05138,IT,13,8.8,8.4,8.6,50000,Yes,Yes
INT-05139,Engineering,23,5.4,4.6,3.4,50000,No,No
INT-05140,Marketing,17,5.5,8.6,8.8,75000,Yes,Yes
INT-05141,Engineering,17,9.7,5.7,0.7,50000,No,Yes
INT-05142,IT,20,6.7,7.6,4.2,25000,Yes,Yes
INT-05143,Engineering,19,6.5,6.2,8.4,100000,No,Yes
INT-05144,Finance,7,6.3,7.9,2.3,25000,No,Yes
INT-05145,Admin,5,5.3,4.8,9.4,0,Yes,No
INT-05146,Finance,19,6.8,6.3,14.6,25000,No,No
INT-05147,Engineering,4,3.8,7.3,0.8,50000,No,Yes
INT-05148,Finance,6,6.4,8.5,7.9,75000,No,No
INT-05149,Engineering,14,8.6,8.8,7.5,25000,Yes,Yes
INT-05150,IT,19,8.4,9.2,12.7,75000,No,Yes
INT-05151,Admin,21,7.9,6.8,10.1,0,Yes,Yes
INT-05152,IT,18,7.9,7.7,5.4,75000,No,Yes
INT-05153,Marketing,12,6.2,5.4,4.0,50000,No,No
INT-05154,Finance,15,8.6,6.5,34.5,50000,Yes,No
INT-05155,Engineering,21,6.9,4.4,6.1,150000,No,Yes
INT-05156,Admin,8,5.6,9.2,4.7,50000,Yes,No
INT-05157,IT,11,7.4,6.4,40.2,50000,Yes,No
INT-05158,Finance,6,6.3,4.8,2.1,25000,No,Yes
INT-05159,Admin,5,7.5,6.7,2.1,50000,No,Yes
INT-05160,IT,22,7.6,9.4,30.5,25000,No,No
INT-05161,Engineering,11,7.6,7.8,9.1,25000,No,Yes
INT-05162,IT,5,6.3,8.4,6.4,50000,No,Yes
INT-05163,Admin,22,9.0,8.6,1.1,0,No,Yes
INT-05164,Admin,4,6.5,9.3,4.0,75000,No,No
INT-05165,IT,16,6.2,8.2,5.0,50000,No,Yes
INT-05166,Marketing,23,7.8,8.6,6.2,25000,No,Yes
INT-05167,IT,20,7.8,7.9,5.1,0,Yes,Yes
INT-05168,IT,6,9.1,8.6,5.1,75000,Yes,Yes
INT-05169,IT,12,8.1,6.1,42.6,0,No,No
INT-05170,Finance,8,9.5,8.0,29.7,150000,No,Yes
INT-05171,Admin,9,6.5,7.6,1.2,50000,No,No
INT-05172,Engineering,7,8.1,9.3,2.0,50000,No,Yes
INT-05173,IT,20,7.7,8.2,23.2,100000,No,Yes
INT-05174,IT,24,7.1,5.4,3.6,150000,No,Yes
INT-05175,Admin,24,8.0,8.1,8.1,150000,Yes,Yes
INT-05176,Finance,24,9.3,5.5,13.3,50000,No,Yes
INT-05177,Finance,19,9.3,8.1,5.6,25000,No,Yes
INT-05178,IT,19,8.7,5.3,0.6,100000,No,Yes
INT-05179,Engineering,14,4.5,8.2,14.6,25000,No,No
INT-05180,Marketing,5,8.2,8.5,11.8,50000,No,No
INT-05181,Admin,20,6.7,6.9,0.8,25000,Yes,Yes
INT-05182,Finance,18,5.7,8.6,18.7,100000,No,No
INT-05183,IT,21,7.5,8.4,16.1,150000,Yes,Yes
INT-05184,Marketing,13,6.8,8.0,3.1,100000,No,Yes
INT-05185,Finance,9,5.8,9.0,1.2,50000,Yes,Yes
INT-05186,Marketing,24,7.8,7.7,4.6,100000,Yes,Yes
INT-05187,Engineering,19,8.2,8.8,17.1,25000,No,Yes
INT-05188,Admin,8,8.0,6.8,5.8,100000,No,Yes
INT-05189,Marketing,15,6.1,6.2,3.1,150000,No,Yes
INT-05190,IT,9,8.0,3.8,2.6,25000,Yes,Yes
INT-05191,Admin,17,8.7,9.8,4.0,50000,Yes,Yes
INT-05192,Engineering,19,6.7,5.7,41.4,75000,No,No
INT-05193,Finance,10,9.1,4.4,17.4,50000,No,Yes
INT-05194,Marketing,5,9.6,8.2,6.8,25000,Yes,Yes
INT-05195,IT,9,7.4,7.3,13.7,50000,No,Yes
INT-05196,Finance,12,9.0,7.1,3.5,75000,No,Yes
INT-05197,Engineering,10,7.4,8.2,8.1,50000,Yes,Yes
INT-05198,IT,5,9.8,8.0,17.0,75000,Yes,Yes
INT-05199,Admin,22,8.2,7.7,4.2,0,No,Yes
INT-05200,IT,11,3.8,7.2,13.4,50000,Yes,No
INT-05201,Admin,14,4.1,7.0,8.1,100000,No,No
INT-05202,Marketing,7,8.9,4.2,8.1,150000,Yes,Yes
INT-05203,Engineering,19,8.8,7.0,0.8,75000,Yes,Yes
INT-05204,Engineering,21,7.0,5.4,18.9,50000,No,Yes
INT-05205,Marketing,16,3.8,7.8,12.5,50000,Yes,Yes
INT-05206,Admin,8,7.0,6.3,0.8,25000,No,Yes
INT-05207,Finance,5,6.7,9.4,8.0,25000,No,No
INT-05208,Admin,14,5.9,8.9,11.5,0,No,No
INT-05209,Finance,4,6.7,6.1,13.2,150000,No,Yes
INT-05210,IT,16,9.4,5.5,1.2,25000,Yes,Yes
INT-05211,Marketing,8,8.8,6.2,8.7,50000,Yes,Yes
INT-05212,IT,21,5.5,5.9,2.6,0,Yes,No
INT-05213,Admin,17,8.2,7.1,5.3,25000,No,Yes
INT-05214,Finance,16,9.4,8.9,6.5,100000,Yes,Yes
INT-05215,Admin,10,8.7,6.8,0.7,75000,No,Yes
INT-05216,Engineering,11,4.4,9.2,3.3,25000,No,Yes
INT-05217,Admin,21,8.3,3.3,13.3,50000,No,Yes
INT-05218,Engineering,10,8.8,6.6,15.3,50000,No,Yes
INT-05219,IT,23,7.9,8.4,3.7,50000,No,Yes
INT-05220,IT,20,4.8,5.9,5.2,25000,Yes,No
INT-05221,IT,19,6.3,6.6,14.7,100000,No,No
INT-05222,Admin,14,6.4,9.7,2.3,75000,No,Yes
INT-05223,IT,22,6.4,4.5,11.0,50000,No,No
INT-05224,Admin,4,4.9,6.5,4.7,25000,No,No
INT-05225,Admin,24,5.6,8.4,35.3,50000,No,No
INT-05226,IT,11,4.2,6.5,7.9,150000,No,No
INT-05227,Engineering,4,6.2,6.7,1.8,25000,Yes,Yes
INT-05228,Finance,12,4.5,5.2,2.0,75000,No,No
INT-05229,IT,22,5.5,7.3,0.7,50000,No,Yes
INT-05230,Engineering,24,7.0,5.4,10.5,100000,Yes,Yes
INT-05231,Engineering,12,4.0,4.7,5.2,50000,Yes,No
INT-05232,Admin,24,9.7,9.5,0.6,150000,No,Yes
INT-05233,Engineering,13,7.3,7.5,1.4,0,No,Yes
INT-05234,Admin,14,8.7,8.4,3.2,50000,No,Yes
INT-05235,Engineering,4,8.3,6.0,4.9,50000,Yes,Yes
INT-05236,IT,23,6.5,7.9,22.8,100000,No,No
INT-05237,Engineering,11,8.4,9.8,6.7,0,Yes,Yes
INT-05238,Engineering,23,9.4,7.3,18.5,25000,Yes,Yes
INT-05239,IT,15,8.8,8.1,2.8,50000,Yes,Yes
INT-05240,Admin,4,7.0,8.3,3.7,50000,Yes,No
INT-05241,Marketing,13,8.0,6.0,17.5,50000,No,Yes
INT-05242,Admin,7,8.1,8.7,5.9,75000,Yes,Yes
INT-05243,Engineering,18,6.4,6.9,7.6,150000,Yes,Yes
INT-05244,Marketing,22,3.1,6.7,7.3,75000,Yes,No
INT-05245,Engineering,9,9.3,8.4,8.8,50000,Yes,No
INT-05246,Engineering,8,8.8,7.1,7.6,75000,No,Yes
INT-05247,Finance,8,8.3,8.0,10.0,25000,Yes,Yes
INT-05248,Finance,21,8.6,6.0,1.8,0,Yes,Yes
INT-05249,Admin,6,7.5,7.7,10.4,75000,No,Yes
INT-05250,Admin,5,7.5,7.2,1.8,100000,Yes,Yes
INT-05251,Admin,7,6.8,8.2,3.8,150000,No,Yes
INT-05252,Marketing,21,5.4,4.9,14.7,150000,Yes,No
INT-05253,Engineering,12,9.0,6.8,8.0,100000,Yes,Yes
INT-05254,IT,22,7.7,6.9,27.8,150000,No,No
INT-05255,Finance,13,3.1,7.8,2.8,100000,Yes,Yes
INT-05256,Admin,18,7.5,7.0,20.8,100000,No,No
INT-05257,IT,4,9.1,8.2,8.7,0,No,Yes
INT-05258,Engineering,14,6.1,7.4,4.2,0,Yes,No
INT-05259,Admin,17,9.9,8.1,12.9,100000,Yes,Yes
INT-05260,Finance,13,7.5,6.7,25.3,100000,Yes,No
INT-05261,IT,22,6.7,6.4,12.6,25000,No,Yes
INT-05262,Finance,24,7.5,7.5,0.6,0,No,Yes
INT-05263,Engineering,19,9.7,6.7,0.6,0,No,Yes
INT-05264,IT,11,6.7,7.1,1.6,0,No,Yes
INT-05265,Marketing,5,4.8,5.9,15.7,50000,No,No
INT-05266,Engineering,10,8.2,3.5,11.6,150000,No,Yes
INT-05267,IT,22,8.3,3.8,8.7,0,No,Yes
INT-05268,Admin,10,6.7,7.6,10.0,50000,No,No
INT-05269,Finance,18,6.7,9.2,8.2,50000,No,Yes
INT-05270,Admin,11,6.7,7.8,3.9,75000,No,No
INT-05271,IT,17,6.8,7.6,10.7,50000,No,No
INT-05272,IT,4,6.1,5.0,22.4,100000,Yes,No
INT-05273,IT,16,5.6,3.2,11.6,25000,No,No
INT-05274,Finance,6,3.9,7.2,16.7,0,No,No
INT-05275,Admin,24,5.4,5.3,2.7,75000,No,Yes
INT-05276,IT,9,7.2,8.5,3.9,150000,No,Yes
INT-05277,IT,22,7.2,7.5,6.2,100000,Yes,Yes
INT-05278,Admin,18,7.5,6.2,5.6,75000,No,No
INT-05279,Marketing,7,8.8,9.4,5.5,25000,Yes,Yes
INT-05280,Admin,24,9.5,8.9,8.7,100000,No,Yes
INT-05281,Marketing,6,9.5,5.4,16.0,50000,Yes,Yes
INT-05282,Admin,7,8.2,7.1,18.0,25000,No,No
INT-05283,IT,8,8.1,7.6,1.8,150000,No,Yes
INT-05284,Finance,21,9.2,9.2,1.3,100000,Yes,Yes
INT-05285,Admin,13,9.8,7.9,3.5,50000,No,Yes
INT-05286,Engineering,11,9.0,3.7,11.2,25000,No,No
INT-05287,Marketing,15,7.2,4.2,13.1,100000,No,No
INT-05288,IT,6,8.1,7.6,4.4,50000,Yes,Yes
INT-05289,IT,21,9.1,8.3,3.5,150000,No,Yes
INT-05290,Engineering,11,8.6,6.1,1.6,50000,Yes,Yes
INT-05291,IT,4,4.2,6.5,2.7,50000,No,No
INT-05292,IT,17,6.0,5.0,1.3,150000,No,Yes
INT-05293,IT,16,5.7,3.2,3.4,0,Yes,No
INT-05294,IT,15,6.0,9.4,9.5,150000,No,Yes
INT-05295,Finance,6,7.3,6.5,1.6,0,No,Yes
INT-05296,IT,21,6.3,6.0,3.6,75000,Yes,Yes
INT-05297,Admin,24,7.1,9.0,6.5,50000,No,Yes
INT-05298,Engineering,16,7.9,8.5,3.7,75000,No,Yes
INT-05299,Admin,18,7.2,5.7,5.1,50000,No,No
INT-05300,IT,13,9.6,5.1,6.0,75000,No,Yes
INT-05301,Finance,4,7.5,6.0,12.4,100000,Yes,No
INT-05302,IT,9,5.1,6.8,15.3,75000,Yes,No
INT-05303,Finance,12,6.5,7.7,2.2,0,No,Yes
INT-05304,Finance,13,9.7,4.5,4.2,0,No,Yes
INT-05305,Admin,18,5.0,7.7,7.3,75000,Yes,Yes
INT-05306,Engineering,12,6.8,6.4,6.0,25000,Yes,No
INT-05307,Admin,17,7.3,7.7,1.2,0,No,Yes
INT-05308,Admin,14,8.5,7.7,3.9,0,Yes,Yes
INT-05309,Finance,10,9.3,4.3,2.6,0,No,Yes
INT-05310,Finance,5,9.4,7.5,4.8,75000,No,Yes
INT-05311,Admin,17,7.3,9.3,3.8,150000,No,Yes
INT-05312,Engineering,9,8.1,6.6,10.0,75000,No,No
INT-05313,Marketing,8,8.9,3.7,4.6,75000,Yes,No
INT-05314,Marketing,8,6.9,2.9,2.7,75000,Yes,Yes
INT-05315,Engineering,22,6.1,4.4,8.2,0,Yes,Yes
INT-05316,Admin,22,8.0,7.4,10.9,75000,No,Yes
INT-05317,IT,9,7.6,7.4,1.4,100000,No,Yes
INT-05318,Marketing,13,9.7,7.3,2.8,100000,No,Yes
INT-05319,IT,17,8.9,6.0,2.4,25000,Yes,Yes
INT-05320,Engineering,20,7.8,8.4,2.3,0,No,No
INT-05321,IT,6,7.5,7.0,19.1,75000,Yes,No
INT-05322,IT,4,8.7,6.2,1.6,75000,No,Yes
INT-05323,Admin,13,8.9,6.9,16.9,150000,No,Yes
INT-05324,Marketing,6,9.9,7.2,4.5,0,No,Yes
INT-05325,IT,8,9.0,6.8,8.7,150000,No,Yes
INT-05326,Engineering,22,7.2,6.3,5.2,0,No,Yes
INT-05327,IT,13,7.7,8.2,7.8,50000,No,Yes
INT-05328,IT,19,8.5,4.9,6.9,50000,No,Yes
INT-05329,Admin,4,2.6,6.7,5.0,0,No,No
INT-05330,Engineering,9,8.5,8.5,3.1,100000,Yes,Yes
INT-05331,IT,12,8.3,6.1,21.9,0,Yes,Yes
INT-05332,Admin,8,7.4,6.3,20.3,100000,No,No
INT-05333,IT,17,7.9,8.8,1.1,50000,No,Yes
INT-05334,Admin,13,8.6,5.1,2.5,25000,Yes,No
INT-05335,Marketing,5,7.3,7.3,7.3,50000,Yes,Yes
INT-05336,Marketing,8,7.1,7.5,32.0,0,No,No
INT-05337,Admin,4,7.3,6.3,10.9,25000,No,No
INT-05338,Engineering,13,6.6,4.9,14.1,150000,No,No
INT-05339,Marketing,12,8.7,7.8,3.5,150000,Yes,Yes
INT-05340,IT,6,8.7,8.4,2.5,25000,No,Yes
INT-05341,Finance,18,6.0,6.7,2.5,25000,No,Yes
INT-05342,Marketing,7,7.2,7.9,5.8,50000,No,Yes
INT-05343,IT,16,8.0,5.3,16.1,75000,No,Yes
INT-05344,IT,9,4.1,7.3,2.5,25000,No,No
INT-05345,Marketing,23,7.3,8.0,7.3,25000,No,Yes
INT-05346,Engineering,20,7.8,5.6,13.7,150000,Yes,Yes
INT-05347,IT,8,7.5,6.4,6.1,50000,No,Yes
INT-05348,IT,18,8.3,4.8,4.8,100000,No,Yes
INT-05349,Admin,11,9.2,4.3,3.9,50000,No,Yes
INT-05350,Engineering,8,8.0,6.4,7.8,0,No,Yes
INT-05351,Engineering,16,7.8,8.7,14.1,25000,No,No
INT-05352,Marketing,4,8.4,8.5,44.9,75000,Yes,No
INT-05353,IT,4,9.5,9.4,16.8,50000,No,Yes
INT-05354,Engineering,10,7.4,8.8,5.3,50000,No,Yes
INT-05355,Engineering,8,8.8,8.8,1.2,50000,No,Yes
INT-05356,Admin,17,7.8,3.6,1.5,150000,Yes,Yes
INT-05357,IT,18,5.6,9.5,0.7,75000,No,Yes
INT-05358,Marketing,24,7.4,9.0,4.1,75000,No,Yes
INT-05359,Finance,20,7.9,8.8,5.8,75000,No,Yes
INT-05360,Admin,21,6.6,6.4,14.2,25000,Yes,Yes
INT-05361,Engineering,10,6.8,7.9,1.2,75000,No,Yes
INT-05362,IT,21,7.4,6.8,2.6,75000,No,Yes
INT-05363,Engineering,22,6.8,9.2,6.2,100000,No,Yes
INT-05364,Engineering,23,7.0,6.6,15.7,50000,Yes,No
INT-05365,Engineering,10,7.8,4.5,1.2,50000,No,Yes
INT-05366,Marketing,11,4.5,6.7,2.7,150000,Yes,No
INT-05367,Engineering,16,6.8,7.5,6.8,50000,No,Yes
INT-05368,Admin,21,6.6,4.7,3.6,75000,Yes,No
INT-05369,Finance,14,9.3,5.1,39.5,50000,No,No
INT-05370,IT,12,8.6,8.1,5.3,75000,No,Yes
INT-05371,Admin,4,5.7,8.1,19.9,100000,Yes,Yes
INT-05372,Admin,11,7.5,7.4,23.1,75000,No,No
INT-05373,Admin,24,7.7,7.8,2.9,75000,No,Yes
INT-05374,Finance,15,4.0,7.7,3.7,50000,Yes,No
INT-05375,Admin,5,8.3,4.1,3.6,75000,No,Yes
INT-05376,Finance,18,7.3,4.9,5.1,100000,Yes,Yes
INT-05377,Engineering,24,5.9,5.8,1.0,25000,No,No
INT-05378,Admin,21,7.4,5.3,13.7,50000,Yes,No
INT-05379,Finance,20,5.0,8.8,1.6,100000,No,No
INT-05380,IT,18,8.1,7.1,18.4,50000,Yes,Yes
INT-05381,IT,23,7.8,8.3,7.4,100000,Yes,Yes
INT-05382,Engineering,23,4.2,3.9,5.8,0,No,No
INT-05383,IT,12,6.7,5.6,9.1,25000,Yes,Yes
INT-05384,IT,6,8.0,5.3,22.1,50000,Yes,No
INT-05385,Engineering,23,8.4,7.9,3.3,25000,No,Yes
INT-05386,Engineering,22,4.4,5.8,3.0,75000,Yes,No
INT-05387,Admin,21,8.0,7.3,4.2,50000,No,Yes
INT-05388,Marketing,23,8.7,4.4,5.8,150000,No,Yes
INT-05389,Engineering,11,7.4,9.2,1.1,75000,No,Yes
INT-05390,Finance,4,9.6,7.8,9.6,0,Yes,Yes
INT-05391,IT,18,6.1,8.9,6.4,100000,No,Yes
INT-05392,Engineering,22,7.9,5.6,6.7,75000,Yes,Yes
INT-05393,Finance,13,9.4,7.6,2.8,25000,No,Yes
INT-05394,Engineering,15,9.3,8.3,15.2,25000,No,No
INT-05395,Engineering,9,8.9,6.8,4.6,75000,No,Yes
INT-05396,Admin,16,5.1,6.1,9.0,75000,Yes,No
INT-05397,IT,7,8.6,9.3,2.7,50000,Yes,Yes
INT-05398,Admin,16,5.7,5.4,14.1,50000,No,No
INT-05399,Admin,20,8.1,8.9,3.4,100000,Yes,Yes
INT-05400,Finance,4,7.5,4.7,20.9,100000,No,No
INT-05401,IT,8,9.3,7.5,5.4,100000,Yes,Yes
INT-05402,Marketing,20,6.2,9.5,1.8,100000,Yes,Yes
INT-05403,Marketing,21,5.0,7.2,8.1,150000,No,Yes
INT-05404,IT,10,4.5,4.9,7.0,25000,No,No
INT-05405,Admin,19,8.7,9.4,4.9,50000,No,Yes
INT-05406,Finance,11,8.1,6.5,14.2,50000,No,Yes
INT-05407,Marketing,15,9.5,4.5,4.9,50000,Yes,Yes
INT-05408,Admin,17,8.7,7.4,1.7,150000,Yes,Yes
INT-05409,Admin,22,7.0,3.9,0.7,100000,Yes,No
INT-05410,Engineering,14,9.6,9.0,18.3,0,No,Yes
INT-05411,Engineering,15,8.0,6.4,5.5,50000,No,No
INT-05412,IT,16,5.7,5.7,7.1,25000,No,Yes
INT-05413,Engineering,11,8.4,6.3,1.5,75000,Yes,No
INT-05414,IT,4,5.2,3.6,5.9,50000,No,No
INT-05415,IT,12,6.5,7.6,6.6,50000,No,No
INT-05416,Admin,5,8.8,4.1,5.5,50000,No,Yes
INT-05417,Admin,17,8.4,9.2,25.2,0,Yes,No
INT-05418,Admin,16,7.8,6.7,7.3,25000,No,No
INT-05419,Admin,19,5.7,7.9,29.8,75000,No,No
INT-05420,Admin,5,8.4,7.4,1.8,100000,No,Yes
INT-05421,IT,7,5.7,5.9,20.1,100000,Yes,No
INT-05422,Admin,15,6.8,8.3,6.9,25000,No,Yes
INT-05423,Marketing,19,4.4,2.9,3.3,100000,No,No
INT-05424,Admin,13,8.4,6.8,11.5,100000,No,No
INT-05425,Admin,6,5.1,6.3,7.0,50000,No,No
INT-05426,Engineering,7,8.9,7.7,7.4,50000,Yes,Yes
INT-05427,Marketing,9,8.0,7.8,2.0,100000,Yes,Yes
INT-05428,IT,8,8.5,7.0,9.6,25000,No,Yes
INT-05429,Engineering,21,7.2,7.5,3.3,150000,No,Yes
INT-05430,Engineering,6,8.5,8.0,4.0,50000,Yes,Yes
INT-05431,Engineering,13,4.6,8.1,19.5,25000,Yes,No
INT-05432,IT,14,9.6,4.3,2.1,75000,No,Yes
INT-05433,Engineering,22,9.9,7.6,17.9,50000,No,Yes
INT-05434,IT,17,5.5,9.5,6.1,50000,Yes,Yes
INT-05435,Engineering,24,4.8,6.3,2.1,0,No,No
INT-05436,Engineering,14,7.8,5.9,13.9,50000,No,Yes
INT-05437,IT,24,8.2,7.1,9.0,25000,No,Yes
INT-05438,Finance,7,8.2,7.5,3.9,50000,No,Yes
INT-05439,IT,9,5.0,8.4,3.4,0,Yes,No
INT-05440,Finance,20,7.8,6.8,4.9,25000,No,Yes
INT-05441,Admin,22,9.1,8.3,1.7,25000,Yes,Yes
INT-05442,IT,16,8.4,7.6,13.8,25000,Yes,Yes
INT-05443,IT,13,8.6,9.6,3.1,50000,No,Yes
INT-05444,Marketing,14,8.9,7.4,14.5,150000,Yes,Yes
INT-05445,IT,9,4.4,9.6,11.0,50000,No,No
INT-05446,IT,5,8.5,7.3,23.3,150000,No,Yes
INT-05447,Admin,4,8.0,8.1,1.3,50000,No,Yes
INT-05448,Engineering,14,7.0,7.5,3.9,0,No,Yes
INT-05449,Engineering,19,7.9,7.1,8.3,25000,No,Yes
INT-05450,IT,6,8.2,8.6,16.1,50000,No,Yes
INT-05451,IT,8,5.4,9.0,1.9,150000,Yes,Yes
INT-05452,IT,18,8.1,6.3,16.3,100000,Yes,Yes
INT-05453,IT,18,8.6,9.8,1.1,0,No,Yes
INT-05454,Admin,7,5.5,7.9,5.6,25000,No,No
INT-05455,Engineering,7,7.5,9.2,1.2,75000,No,Yes
INT-05456,IT,11,6.0,8.3,1.8,150000,Yes,Yes
INT-05457,Admin,10,4.8,7.0,12.4,50000,No,No
INT-05458,Admin,20,6.4,3.4,0.7,100000,No,Yes
INT-05459,Marketing,18,9.3,4.9,7.0,50000,No,Yes
INT-05460,Marketing,8,9.2,4.7,1.3,25000,No,Yes
INT-05461,Finance,16,7.9,4.7,13.8,50000,No,No
INT-05462,IT,7,7.8,9.1,13.7,75000,No,Yes
INT-05463,IT,20,8.4,5.5,10.2,75000,No,Yes
INT-05464,Admin,20,5.4,4.8,11.8,50000,No,No
INT-05465,IT,17,9.9,7.0,7.6,75000,No,Yes
INT-05466,Engineering,17,5.3,7.1,5.8,25000,No,Yes
INT-05467,Finance,20,5.6,8.9,4.7,0,No,Yes
INT-05468,Finance,11,8.1,8.1,9.2,75000,No,Yes
INT-05469,Finance,5,7.7,7.5,4.4,25000,No,Yes
INT-05470,Admin,16,9.0,8.3,0.5,50000,Yes,Yes
INT-05471,Engineering,19,7.4,8.4,1.3,50000,No,Yes
INT-05472,Admin,19,6.6,7.3,8.9,0,No,No
INT-05473,IT,9,7.6,7.9,4.1,50000,Yes,Yes
INT-05474,Engineering,7,8.3,8.0,37.0,100000,No,No
INT-05475,IT,6,6.8,6.9,4.0,100000,Yes,Yes
INT-05476,Admin,9,8.1,9.1,1.4,75000,Yes,Yes
INT-05477,Admin,7,5.7,5.0,3.7,50000,No,Yes
INT-05478,Engineering,21,7.2,8.9,9.8,50000,No,Yes
INT-05479,Finance,9,6.9,4.8,6.5,0,Yes,Yes
INT-05480,Admin,8,7.8,7.4,8.0,75000,Yes,Yes
INT-05481,Finance,12,6.1,7.8,1.4,150000,Yes,Yes
INT-05482,IT,14,6.3,7.6,14.5,75000,No,No
INT-05483,Admin,9,9.0,8.5,19.1,150000,No,Yes
INT-05484,Engineering,19,8.7,6.9,1.8,75000,Yes,Yes
INT-05485,Engineering,22,2.6,3.1,8.4,25000,No,No
INT-05486,Marketing,14,7.9,3.2,2.6,50000,No,Yes
INT-05487,IT,24,4.1,4.5,2.1,75000,Yes,No
INT-05488,Engineering,18,7.3,6.8,2.3,100000,No,Yes
INT-05489,Engineering,12,7.6,2.9,6.4,75000,No,No
INT-05490,Marketing,22,9.8,5.3,17.9,0,No,No
INT-05491,IT,22,6.8,6.8,14.2,25000,Yes,Yes
INT-05492,Finance,12,7.2,5.9,1.7,0,No,No
INT-05493,Engineering,7,5.7,4.0,6.2,50000,No,No
INT-05494,IT,13,7.9,5.2,1.8,50000,No,Yes
INT-05495,Admin,12,9.4,8.9,5.1,50000,No,Yes
INT-05496,Admin,22,6.5,3.2,7.1,150000,No,No
INT-05497,Engineering,18,7.2,7.8,13.9,0,No,No
INT-05498,Finance,22,7.8,7.9,16.3,150000,Yes,Yes
INT-05499,Engineering,5,5.4,8.7,0.7,150000,No,Yes
INT-05500,Engineering,13,5.5,5.7,9.8,50000,No,No
INT-05501,Engineering,22,7.2,3.8,4.7,150000,Yes,Yes
INT-05502,IT,20,9.2,6.5,6.0,50000,Yes,Yes
INT-05503,IT,23,7.0,8.5,2.5,100000,No,Yes
INT-05504,Admin,24,9.6,6.8,0.8,0,No,Yes
INT-05505,Admin,5,9.2,5.0,14.9,150000,No,Yes
INT-05506,IT,22,9.7,3.3,2.6,75000,Yes,Yes
INT-05507,Engineering,20,9.5,8.4,17.5,25000,No,Yes
INT-05508,Admin,21,8.7,3.7,1.1,150000,No,Yes
INT-05509,IT,20,8.9,6.0,4.7,0,Yes,Yes
INT-05510,Admin,5,8.8,7.9,11.3,0,No,Yes
INT-05511,IT,22,7.1,8.0,2.9,150000,Yes,Yes
INT-05512,Marketing,4,6.0,7.3,27.9,75000,No,No
INT-05513,Finance,14,6.0,9.2,8.6,0,Yes,No
INT-05514,Engineering,13,5.6,7.0,2.5,25000,No,Yes
INT-05515,IT,8,8.0,3.4,13.1,75000,Yes,No
INT-05516,Finance,19,9.0,9.2,33.9,75000,Yes,No
INT-05517,Finance,8,5.4,5.9,2.8,50000,Yes,No
INT-05518,Finance,15,8.3,7.2,14.3,75000,No,Yes
INT-05519,IT,7,4.0,8.5,30.8,75000,No,No
INT-05520,Engineering,9,5.9,5.8,2.5,25000,No,Yes
INT-05521,Finance,22,7.3,7.9,2.6,150000,No,Yes
INT-05522,Engineering,12,8.3,6.7,10.6,0,Yes,No
INT-05523,Engineering,15,7.7,7.5,24.6,100000,Yes,Yes
INT-05524,Admin,18,7.1,9.6,10.0,25000,No,Yes
INT-05525,Engineering,19,5.8,6.9,6.1,100000,Yes,Yes
INT-05526,IT,16,9.0,5.2,1.4,25000,No,Yes
INT-05527,Engineering,24,7.7,3.7,21.2,150000,Yes,Yes
INT-05528,IT,10,9.5,6.6,1.1,50000,Yes,Yes
INT-05529,Admin,23,4.7,5.7,2.4,50000,No,No
INT-05530,IT,7,7.4,7.8,5.3,25000,No,No
INT-05531,Engineering,14,7.2,5.4,6.1,50000,Yes,Yes
INT-05532,IT,11,2.9,5.3,1.0,25000,No,No
INT-05533,Engineering,9,9.7,6.6,1.2,150000,No,Yes
INT-05534,Finance,13,7.4,8.1,1.6,75000,Yes,Yes
INT-05535,IT,10,9.2,7.8,0.8,50000,Yes,Yes
INT-05536,IT,10,7.2,5.7,30.8,0,No,No
INT-05537,IT,7,4.7,7.4,2.7,50000,No,Yes
INT-05538,Finance,6,7.5,4.7,17.4,100000,Yes,Yes
INT-05539,Engineering,10,7.4,8.1,12.8,100000,Yes,Yes
INT-05540,Admin,7,6.9,5.9,10.3,50000,Yes,No
INT-05541,IT,16,7.0,6.6,9.1,150000,No,Yes
INT-05542,Engineering,23,9.0,8.6,6.0,50000,No,Yes
INT-05543,Finance,20,4.6,9.0,7.1,0,No,Yes
INT-05544,Finance,10,5.5,8.2,18.2,25000,No,No
INT-05545,Engineering,20,7.6,3.9,12.5,75000,No,Yes
INT-05546,IT,7,7.2,5.4,2.6,75000,No,Yes
INT-05547,IT,14,5.1,8.9,1.4,50000,No,No
INT-05548,IT,6,9.1,9.0,3.3,100000,Yes,Yes
INT-05549,IT,14,8.2,5.0,1.6,25000,No,Yes
INT-05550,IT,6,7.5,9.0,25.2,25000,No,Yes
INT-05551,IT,15,8.9,4.1,4.4,50000,No,Yes
INT-05552,Admin,4,7.6,7.2,2.0,50000,No,Yes
INT-05553,Marketing,7,9.2,9.5,8.3,50000,Yes,Yes
INT-05554,Engineering,17,6.9,6.8,4.6,75000,No,Yes
INT-05555,Finance,4,9.7,6.7,2.5,150000,No,Yes
INT-05556,Engineering,17,6.6,6.8,1.0,75000,No,Yes
INT-05557,IT,16,7.9,7.2,1.3,25000,No,Yes
INT-05558,Engineering,16,6.6,9.3,7.1,150000,No,Yes
INT-05559,IT,18,4.2,9.0,11.6,100000,Yes,No
INT-05560,Engineering,20,7.6,4.7,21.3,50000,No,Yes
INT-05561,Admin,15,6.8,8.8,7.5,50000,Yes,Yes
INT-05562,Marketing,17,6.4,7.5,9.0,25000,Yes,No
INT-05563,IT,15,7.7,8.0,2.7,50000,No,Yes
INT-05564,IT,21,9.5,6.3,3.1,50000,No,Yes
INT-05565,Marketing,7,7.6,7.9,4.8,100000,Yes,Yes
INT-05566,IT,17,7.1,4.0,16.7,25000,Yes,Yes
INT-05567,Engineering,22,8.3,5.0,5.1,75000,No,Yes
INT-05568,Engineering,16,9.3,8.5,2.7,25000,No,Yes
INT-05569,Finance,21,6.3,7.4,20.7,50000,Yes,No
INT-05570,Marketing,14,7.4,7.3,4.7,50000,No,Yes
INT-05571,Marketing,9,8.0,6.9,1.2,150000,No,Yes
INT-05572,IT,12,7.9,6.6,6.8,75000,No,Yes
INT-05573,Finance,15,4.3,6.6,8.4,50000,Yes,No
INT-05574,Engineering,22,6.3,8.8,25.4,75000,No,No
INT-05575,Engineering,17,7.4,7.3,13.6,0,Yes,Yes
INT-05576,IT,18,6.7,7.6,1.4,25000,No,Yes
INT-05577,Engineering,14,7.7,8.7,6.2,100000,No,Yes
INT-05578,Marketing,9,9.3,5.3,5.1,150000,No,Yes
INT-05579,Marketing,17,8.9,7.1,4.5,75000,Yes,Yes
INT-05580,Admin,6,6.6,4.2,1.7,25000,Yes,Yes
INT-05581,IT,22,7.6,6.5,4.3,150000,No,Yes
INT-05582,Admin,23,6.5,8.4,5.6,25000,No,Yes
INT-05583,Finance,14,9.6,8.2,2.5,75000,No,Yes
INT-05584,Engineering,20,7.9,7.4,7.4,50000,No,Yes
INT-05585,Admin,20,7.5,5.1,2.5,150000,No,Yes
INT-05586,IT,6,5.9,8.5,1.5,50000,No,Yes
INT-05587,Admin,17,5.9,7.9,33.6,50000,Yes,No
INT-05588,Admin,10,9.1,6.9,9.8,100000,No,Yes
INT-05589,Marketing,22,5.6,3.3,7.7,50000,No,No
INT-05590,Engineering,6,9.2,6.7,3.7,50000,No,Yes
INT-05591,Admin,5,8.5,6.8,2.4,50000,No,Yes
INT-05592,Engineering,20,9.2,4.0,1.6,75000,No,Yes
INT-05593,IT,12,8.4,7.9,1.0,25000,No,Yes
INT-05594,Marketing,9,9.3,8.3,10.1,50000,No,No
INT-05595,Admin,24,6.8,5.4,3.1,25000,Yes,No
INT-05596,Admin,12,7.8,8.4,3.6,150000,No,Yes
INT-05597,Admin,8,8.7,9.0,1.9,25000,Yes,Yes
INT-05598,Engineering,5,8.1,6.8,1.5,0,Yes,Yes
INT-05599,Engineering,18,7.2,7.0,6.0,25000,No,Yes
INT-05600,Engineering,12,6.6,5.4,10.9,50000,Yes,Yes
INT-05601,IT,22,6.2,4.9,38.1,75000,Yes,No
INT-05602,Admin,13,8.9,4.8,3.8,0,Yes,Yes
INT-05603,IT,7,8.5,4.8,9.2,0,Yes,Yes
INT-05604,Engineering,13,9.8,8.9,1.5,50000,No,Yes
INT-05605,IT,11,9.2,7.8,7.0,50000,Yes,Yes
INT-05606,Engineering,16,5.0,6.3,6.3,25000,Yes,Yes
INT-05607,Finance,10,7.5,9.3,0.8,25000,Yes,Yes
INT-05608,Finance,10,8.1,8.4,5.8,75000,Yes,Yes
INT-05609,Admin,7,8.7,6.7,6.0,50000,No,Yes
INT-05610,Admin,18,7.7,8.6,4.2,25000,Yes,Yes
INT-05611,IT,15,7.8,8.9,7.3,50000,No,Yes
INT-05612,Engineering,19,8.5,8.3,0.9,25000,No,Yes
INT-05613,Finance,9,4.7,5.9,15.4,0,No,No
INT-05614,IT,12,8.9,3.5,6.4,75000,No,Yes
INT-05615,Admin,6,4.2,8.0,0.8,100000,No,Yes
INT-05616,Finance,11,7.4,7.4,33.5,50000,Yes,No
INT-05617,Finance,10,8.9,7.0,4.3,25000,No,Yes
INT-05618,IT,7,5.6,8.9,35.1,25000,No,Yes
INT-05619,Engineering,16,7.6,4.4,2.1,100000,Yes,Yes
INT-05620,IT,22,4.9,7.2,0.7,25000,No,Yes
INT-05621,IT,10,6.7,8.5,10.5,25000,Yes,Yes
INT-05622,Marketing,13,6.1,9.6,23.8,25000,No,Yes
INT-05623,Finance,15,8.4,6.8,1.1,75000,Yes,Yes
INT-05624,Finance,6,4.8,8.4,11.1,0,No,No
INT-05625,IT,15,8.5,6.6,1.1,100000,Yes,Yes
INT-05626,Finance,22,8.8,6.8,13.1,75000,No,Yes
INT-05627,Admin,18,7.1,7.3,7.5,50000,No,No
INT-05628,Admin,11,6.0,8.7,12.7,0,No,No
INT-05629,Engineering,15,6.7,7.8,4.2,50000,No,Yes
INT-05630,IT,23,7.4,9.3,19.4,50000,No,Yes
INT-05631,Finance,9,8.3,7.5,3.4,25000,Yes,Yes
INT-05632,Engineering,13,4.2,8.7,3.2,25000,Yes,No
INT-05633,IT,5,9.7,8.9,26.4,25000,No,Yes
INT-05634,IT,16,5.2,5.1,1.5,75000,No,Yes
INT-05635,IT,10,8.3,4.9,7.7,75000,No,Yes
INT-05636,IT,11,2.9,8.7,7.3,150000,No,No
INT-05637,Engineering,19,5.8,4.2,2.7,75000,No,No
INT-05638,Finance,14,6.9,7.7,3.6,50000,No,Yes
INT-05639,IT,7,9.6,6.5,3.2,75000,No,Yes
INT-05640,IT,20,5.6,6.0,15.5,25000,No,No
INT-05641,Engineering,19,8.8,8.5,4.4,100000,Yes,Yes
INT-05642,Finance,22,4.9,6.4,4.1,75000,Yes,Yes
INT-05643,Admin,14,7.8,6.8,8.6,50000,No,Yes
INT-05644,Admin,10,5.7,6.6,6.0,25000,No,Yes
INT-05645,Engineering,16,8.9,4.8,4.9,0,Yes,Yes
INT-05646,IT,22,9.7,8.7,10.4,25000,No,Yes
INT-05647,IT,20,7.6,7.7,4.8,100000,Yes,Yes
INT-05648,Engineering,16,5.6,8.3,2.5,50000,Yes,Yes
INT-05649,Engineering,15,7.5,4.9,11.3,100000,Yes,Yes
INT-05650,Engineering,10,8.7,8.3,1.1,25000,No,Yes
INT-05651,Engineering,4,7.6,6.4,60.0,25000,No,No
INT-05652,Engineering,4,7.2,4.9,7.8,25000,Yes,Yes
INT-05653,IT,23,6.7,6.9,2.4,75000,No,Yes
INT-05654,Admin,17,6.2,2.6,2.3,75000,Yes,No
INT-05655,IT,18,7.5,6.9,3.1,100000,No,Yes
INT-05656,IT,14,7.7,3.5,17.4,75000,No,Yes
INT-05657,Engineering,12,6.6,4.9,14.5,75000,No,Yes
INT-05658,Finance,20,6.7,6.2,1.7,50000,No,Yes
INT-05659,Marketing,7,8.9,8.6,7.8,75000,No,Yes
INT-05660,Engineering,23,7.9,7.0,19.8,50000,Yes,No
INT-05661,IT,22,8.2,7.6,11.1,50000,Yes,Yes
INT-05662,IT,10,5.6,9.0,7.6,0,No,No
INT-05663,Finance,4,6.9,4.8,2.4,50000,Yes,No
INT-05664,Engineering,12,7.8,7.7,23.5,25000,Yes,No
INT-05665,Engineering,16,7.7,4.1,18.3,50000,No,No
INT-05666,Finance,5,7.9,6.1,3.6,0,No,Yes
INT-05667,Engineering,5,9.6,5.7,6.0,50000,No,Yes
INT-05668,Finance,18,7.9,8.9,1.2,50000,No,Yes
INT-05669,IT,20,8.0,9.4,8.5,75000,No,Yes
INT-05670,Engineering,16,8.0,6.9,0.9,25000,No,Yes
INT-05671,Finance,10,6.4,8.0,19.4,0,Yes,No
INT-05672,IT,12,9.0,6.9,17.5,0,Yes,No
INT-05673,Engineering,15,8.5,8.8,3.1,25000,No,Yes
INT-05674,Admin,6,4.8,7.2,11.3,50000,No,No
INT-05675,Marketing,18,4.7,4.8,5.1,50000,No,No
INT-05676,IT,10,6.7,6.5,15.4,75000,Yes,Yes
INT-05677,Engineering,4,7.7,3.7,1.0,50000,Yes,Yes
INT-05678,IT,17,6.0,6.6,6.1,75000,Yes,Yes
INT-05679,Engineering,22,9.5,8.5,4.6,100000,Yes,Yes
INT-05680,IT,19,6.9,7.0,2.9,50000,No,Yes
INT-05681,IT,13,8.0,6.1,2.4,75000,No,Yes
INT-05682,Admin,4,5.1,2.3,9.5,75000,No,No
INT-05683,Marketing,8,5.1,7.6,2.3,25000,No,Yes
INT-05684,IT,6,7.8,8.2,8.5,75000,No,Yes
INT-05685,IT,20,4.5,6.8,4.5,100000,Yes,Yes
INT-05686,Finance,21,4.7,3.1,2.7,25000,No,No
INT-05687,Engineering,24,9.0,6.4,12.7,75000,No,Yes
INT-05688,Marketing,22,7.4,7.6,4.1,50000,Yes,Yes
INT-05689,IT,21,9.0,6.3,0.6,25000,No,Yes
INT-05690,Engineering,19,8.9,7.7,15.7,150000,No,Yes
INT-05691,IT,5,6.6,7.3,3.5,50000,Yes,Yes
INT-05692,IT,18,7.8,5.2,14.3,50000,No,No
INT-05693,Engineering,16,8.9,5.8,6.8,50000,Yes,Yes
INT-05694,Engineering,16,9.3,4.8,17.6,75000,No,Yes
INT-05695,Finance,19,9.1,6.5,4.8,75000,Yes,Yes
INT-05696,Admin,11,9.5,7.4,2.0,75000,No,Yes
INT-05697,Admin,14,7.4,7.2,0.6,0,No,Yes
INT-05698,Admin,11,3.4,4.8,12.6,150000,No,No
INT-05699,Marketing,13,5.9,6.6,12.6,25000,No,No
INT-05700,IT,4,7.2,5.7,2.2,25000,No,No
INT-05701,IT,15,6.2,4.4,25.4,25000,No,No
INT-05702,Admin,12,8.5,4.1,24.3,75000,Yes,No
INT-05703,Engineering,8,9.5,7.3,4.1,150000,No,Yes
INT-05704,IT,12,6.5,6.5,1.8,25000,No,Yes
INT-05705,Marketing,19,8.9,6.9,3.2,25000,No,Yes
INT-05706,IT,21,7.7,5.9,21.7,150000,Yes,No
INT-05707,Finance,11,6.3,7.6,8.0,75000,No,Yes
INT-05708,IT,14,6.8,8.2,20.2,50000,Yes,Yes
INT-05709,Engineering,23,5.9,6.4,0.7,25000,No,No
INT-05710,Marketing,22,7.2,8.9,38.1,50000,Yes,No
INT-05711,IT,7,7.9,5.9,8.4,0,Yes,Yes
INT-05712,Marketing,23,8.5,6.8,2.1,75000,Yes,Yes
INT-05713,Admin,13,7.6,6.6,6.2,50000,No,Yes
INT-05714,Marketing,16,8.7,7.8,14.2,75000,No,Yes
INT-05715,Engineering,23,4.2,9.3,1.7,75000,No,Yes
INT-05716,Admin,17,9.1,7.8,8.0,25000,No,Yes
INT-05717,IT,24,8.1,9.1,10.0,25000,No,Yes
INT-05718,Admin,5,6.7,7.1,4.8,50000,No,Yes
INT-05719,IT,7,6.8,7.2,6.7,75000,Yes,No
INT-05720,IT,10,5.8,6.5,15.0,25000,No,No
INT-05721,IT,22,8.1,6.5,24.8,50000,No,No
INT-05722,Admin,20,8.6,8.6,7.0,75000,No,Yes
INT-05723,Finance,19,9.2,5.0,10.2,50000,Yes,Yes
INT-05724,IT,16,7.8,7.3,3.6,100000,Yes,Yes
INT-05725,IT,21,9.0,7.8,3.8,50000,No,Yes
INT-05726,Engineering,24,7.0,5.1,18.0,25000,No,No
INT-05727,IT,15,8.2,7.8,1.3,25000,No,Yes
INT-05728,IT,4,6.4,7.3,2.3,100000,No,Yes
INT-05729,IT,18,9.5,7.6,3.0,50000,Yes,Yes
INT-05730,Marketing,6,4.7,8.5,1.3,50000,Yes,Yes
INT-05731,Finance,9,7.3,7.3,9.3,75000,No,Yes
INT-05732,Admin,17,7.6,3.6,19.4,50000,No,No
INT-05733,Engineering,9,9.5,7.8,0.7,150000,Yes,Yes
INT-05734,Engineering,4,9.6,7.0,2.8,50000,No,Yes
INT-05735,Engineering,23,8.0,9.3,20.8,50000,No,Yes
INT-05736,Engineering,9,8.1,4.5,5.5,100000,Yes,Yes
INT-05737,Engineering,11,9.9,7.2,17.8,25000,Yes,Yes
INT-05738,IT,18,4.0,7.6,23.6,0,No,No
INT-05739,IT,17,3.5,3.8,38.1,50000,Yes,No
INT-05740,Admin,19,8.3,8.3,4.5,150000,No,Yes
INT-05741,Finance,23,6.9,7.9,3.9,50000,Yes,Yes
INT-05742,Engineering,19,9.1,6.9,11.5,75000,No,Yes
INT-05743,Finance,22,6.9,7.4,7.7,50000,No,Yes
INT-05744,Marketing,4,7.6,6.9,9.1,75000,No,No
INT-05745,IT,7,9.6,6.4,6.6,50000,No,Yes
INT-05746,Engineering,13,9.6,6.7,6.3,150000,No,Yes
INT-05747,Engineering,23,6.8,8.8,3.5,0,Yes,No
INT-05748,Marketing,21,8.7,6.6,7.7,100000,No,Yes
INT-05749,Marketing,5,8.5,9.5,3.0,0,No,No
INT-05750,Engineering,7,9.8,6.1,4.0,150000,No,Yes
INT-05751,IT,18,5.5,5.2,8.5,25000,No,No
INT-05752,Finance,7,8.1,8.0,8.6,50000,Yes,Yes
INT-05753,IT,19,8.4,9.5,7.4,50000,Yes,Yes
INT-05754,Finance,18,8.4,9.0,9.5,150000,Yes,Yes
INT-05755,Marketing,21,6.9,6.5,4.7,0,Yes,Yes
INT-05756,Admin,10,6.7,7.1,7.7,25000,Yes,Yes
INT-05757,Engineering,18,6.3,6.8,1.3,75000,No,Yes
INT-05758,Admin,14,8.0,7.6,5.8,75000,Yes,Yes
INT-05759,Admin,22,7.7,5.5,7.6,25000,No,Yes
INT-05760,Admin,11,8.4,8.3,4.9,50000,No,Yes
INT-05761,Finance,4,6.0,6.3,0.6,0,No,No
INT-05762,Marketing,6,6.1,9.8,10.2,100000,No,No
INT-05763,Marketing,8,7.4,7.2,5.4,25000,Yes,Yes
INT-05764,IT,21,7.6,8.6,1.9,25000,Yes,Yes
INT-05765,Finance,15,7.0,7.7,29.3,50000,Yes,No
INT-05766,Engineering,15,7.8,6.1,23.3,100000,Yes,No
INT-05767,IT,24,7.9,5.8,1.9,50000,No,Yes
INT-05768,IT,22,6.8,7.3,10.3,50000,No,Yes
INT-05769,IT,12,6.8,6.9,6.3,0,No,No
INT-05770,Marketing,14,6.8,7.3,3.2,50000,Yes,Yes
INT-05771,Engineering,20,7.4,8.3,9.7,150000,No,Yes
INT-05772,Engineering,19,6.5,4.8,5.3,0,Yes,No
INT-05773,IT,7,9.0,7.8,18.8,50000,Yes,Yes
INT-05774,Engineering,13,7.9,4.3,10.2,75000,No,Yes
INT-05775,IT,18,7.3,6.0,6.2,100000,Yes,Yes
INT-05776,Admin,22,6.2,8.6,5.3,100000,No,Yes
INT-05777,Engineering,6,7.5,5.7,0.8,0,No,Yes
INT-05778,IT,24,6.3,9.1,1.9,150000,No,Yes
INT-05779,Finance,8,7.9,7.8,0.9,50000,No,Yes
INT-05780,IT,14,5.9,5.6,1.0,0,No,No
INT-05781,Engineering,8,8.1,6.7,1.1,50000,No,Yes
INT-05782,Admin,10,9.6,4.7,0.6,100000,Yes,Yes
INT-05783,Engineering,9,7.9,9.4,13.0,25000,Yes,Yes
INT-05784,IT,16,7.8,8.8,5.7,100000,No,Yes
INT-05785,IT,5,6.4,7.5,11.6,75000,Yes,No
INT-05786,Marketing,22,7.2,9.0,2.0,25000,No,Yes
INT-05787,IT,14,6.6,5.3,15.2,50000,No,No
INT-05788,Finance,23,9.1,5.3,1.3,50000,Yes,No
INT-05789,Marketing,8,7.0,5.8,3.6,75000,Yes,Yes
INT-05790,IT,12,5.5,4.7,4.2,75000,No,Yes
INT-05791,IT,9,6.3,7.0,2.7,75000,No,No
INT-05792,Engineering,20,9.1,5.0,1.7,50000,No,No
INT-05793,Marketing,22,6.8,5.2,8.4,75000,No,Yes
INT-05794,Marketing,11,4.8,6.9,0.6,25000,No,No
INT-05795,Engineering,10,7.2,5.4,13.0,75000,No,No
INT-05796,Finance,8,7.7,8.4,0.8,25000,No,Yes
INT-05797,IT,18,9.0,9.7,27.1,0,No,No
INT-05798,Marketing,13,8.5,6.5,16.7,75000,Yes,No
INT-05799,Marketing,19,4.6,6.0,4.8,25000,No,Yes
INT-05800,IT,12,9.6,9.7,1.7,0,No,Yes
INT-05801,IT,10,7.3,6.7,16.9,25000,No,No
INT-05802,IT,14,9.3,7.6,8.8,150000,No,Yes
INT-05803,IT,12,4.9,6.3,6.1,100000,Yes,No
INT-05804,Finance,20,9.6,7.6,3.6,75000,No,Yes
INT-05805,Admin,12,8.1,9.2,7.1,50000,No,Yes
INT-05806,IT,6,8.5,7.5,4.8,50000,No,Yes
INT-05807,Admin,11,8.5,4.1,5.5,50000,Yes,Yes
INT-05808,Marketing,22,8.3,9.0,15.4,150000,No,Yes
INT-05809,Engineering,23,8.3,7.8,24.9,100000,No,Yes
INT-05810,Admin,19,9.6,5.6,26.8,50000,Yes,No
INT-05811,IT,10,9.3,6.8,19.6,0,No,No
INT-05812,Marketing,10,8.3,6.4,13.5,25000,Yes,Yes
INT-05813,Finance,23,6.9,5.8,5.3,25000,No,Yes
INT-05814,IT,16,8.6,8.8,1.2,25000,No,Yes
INT-05815,IT,6,7.7,6.1,8.5,150000,No,Yes
INT-05816,IT,15,8.0,5.6,4.6,25000,No,Yes
INT-05817,IT,11,8.1,4.8,9.8,25000,No,No
INT-05818,Engineering,16,7.7,7.0,2.5,100000,No,Yes
INT-05819,Marketing,23,6.9,8.2,12.1,100000,No,Yes
INT-05820,Admin,19,6.7,7.3,2.0,50000,Yes,Yes
INT-05821,Finance,10,6.9,4.9,13.7,75000,No,Yes
INT-05822,Admin,7,6.9,8.6,19.9,150000,No,Yes
INT-05823,Engineering,15,4.7,5.1,18.9,150000,Yes,No
INT-05824,Engineering,20,6.3,6.4,3.9,25000,Yes,Yes
INT-05825,IT,4,7.0,5.2,4.5,50000,Yes,Yes
INT-05826,Admin,20,9.8,7.5,15.1,50000,Yes,Yes
INT-05827,Engineering,5,7.1,4.8,9.9,25000,No,No
INT-05828,IT,9,5.0,8.7,6.5,25000,No,No
INT-05829,Admin,15,9.4,9.0,26.4,75000,Yes,Yes
INT-05830,Engineering,14,4.9,8.4,6.3,50000,No,No
INT-05831,Marketing,24,8.1,8.3,2.7,100000,Yes,Yes
INT-05832,Admin,14,6.1,5.9,9.6,50000,No,No
INT-05833,Finance,21,6.0,8.2,6.2,75000,No,Yes
INT-05834,Admin,11,5.8,3.6,2.3,150000,No,Yes
INT-05835,Finance,10,8.0,9.5,1.8,50000,No,Yes
INT-05836,Engineering,17,9.2,4.6,4.0,75000,No,No
INT-05837,Finance,19,8.3,9.0,28.7,75000,No,Yes
INT-05838,Admin,15,6.6,6.8,1.8,75000,Yes,Yes
INT-05839,Engineering,12,6.4,7.4,5.6,25000,No,Yes
INT-05840,Engineering,23,6.9,6.0,3.7,75000,Yes,Yes
INT-05841,Admin,24,8.2,7.6,23.4,0,No,Yes
INT-05842,IT,19,5.0,6.8,4.3,100000,Yes,Yes
INT-05843,IT,24,8.3,6.2,2.6,50000,Yes,Yes
INT-05844,IT,22,8.8,7.5,5.7,50000,No,Yes
INT-05845,Finance,19,6.5,7.3,1.8,0,No,Yes
INT-05846,IT,12,7.6,6.2,4.3,25000,No,Yes
INT-05847,IT,16,6.4,8.9,11.0,50000,Yes,Yes
INT-05848,Engineering,8,8.1,5.2,7.8,100000,Yes,Yes
INT-05849,Admin,22,8.0,6.0,0.6,25000,Yes,No
INT-05850,Engineering,13,6.7,7.0,6.0,50000,Yes,No
INT-05851,IT,10,8.2,6.6,13.9,100000,No,No
INT-05852,Marketing,12,8.9,7.4,7.1,100000,Yes,Yes
INT-05853,Finance,17,8.7,7.5,5.6,50000,No,Yes
INT-05854,Finance,18,8.4,9.0,4.8,0,Yes,Yes
INT-05855,Admin,16,5.9,5.8,6.7,75000,No,No
INT-05856,Finance,13,5.6,5.0,1.1,25000,No,Yes
INT-05857,IT,17,7.5,5.7,13.4,75000,No,Yes
INT-05858,IT,24,6.0,6.6,16.0,0,No,No
INT-05859,IT,15,8.8,4.1,7.7,25000,No,No
INT-05860,Engineering,22,5.5,9.7,31.4,25000,Yes,No
INT-05861,Admin,9,8.8,6.5,7.0,75000,No,No
INT-05862,Engineering,15,7.3,7.4,0.7,75000,Yes,Yes
INT-05863,IT,16,9.0,6.6,5.5,100000,Yes,Yes
INT-05864,Admin,11,7.1,6.2,4.6,150000,No,Yes
INT-05865,Engineering,19,5.9,8.6,2.2,75000,No,Yes
INT-05866,Admin,5,8.6,8.8,6.6,100000,Yes,Yes
INT-05867,Engineering,10,7.0,4.8,5.4,75000,No,Yes
INT-05868,IT,15,8.4,6.0,2.0,50000,Yes,Yes
INT-05869,Finance,10,9.0,9.0,6.1,100000,No,Yes
INT-05870,Engineering,22,9.1,7.4,14.9,50000,No,Yes
INT-05871,IT,17,9.7,5.7,6.2,150000,Yes,Yes
INT-05872,IT,12,7.2,8.9,2.5,0,Yes,Yes
INT-05873,Engineering,21,9.5,6.3,9.8,75000,No,Yes
INT-05874,Finance,14,6.9,8.2,16.8,150000,No,Yes
INT-05875,Admin,19,6.4,3.2,3.9,50000,No,No
INT-05876,IT,22,7.1,4.4,1.1,25000,No,Yes
INT-05877,Finance,14,8.7,7.0,20.2,25000,No,Yes
INT-05878,Engineering,21,8.5,9.3,9.7,0,No,Yes
INT-05879,Admin,14,7.3,5.1,38.6,50000,No,No
INT-05880,Admin,7,6.2,3.7,10.0,75000,No,No
INT-05881,IT,21,9.5,9.4,1.6,100000,No,Yes
INT-05882,Engineering,22,5.4,5.3,5.0,75000,Yes,Yes
INT-05883,Admin,16,8.6,7.0,0.9,75000,No,Yes
INT-05884,Marketing,7,7.9,5.2,3.8,0,No,Yes
INT-05885,Admin,13,5.8,5.4,12.8,25000,No,No
INT-05886,Admin,8,9.1,7.4,7.0,50000,No,Yes
INT-05887,Engineering,6,6.5,6.4,5.4,100000,No,Yes
INT-05888,Marketing,19,7.2,6.3,15.6,50000,Yes,Yes
INT-05889,Finance,11,7.5,4.6,2.1,0,No,Yes
INT-05890,Admin,10,6.7,5.2,6.7,25000,No,Yes
INT-05891,Engineering,22,7.5,7.7,8.8,100000,Yes,Yes
INT-05892,Engineering,17,6.4,4.3,21.3,100000,No,No
INT-05893,Admin,18,7.0,8.8,1.9,75000,Yes,Yes
INT-05894,IT,20,7.4,4.7,10.3,150000,No,Yes
INT-05895,Admin,24,8.0,8.1,0.9,75000,No,Yes
INT-05896,IT,4,9.5,9.1,7.2,25000,No,Yes
INT-05897,Marketing,9,8.9,7.8,8.8,75000,No,Yes
INT-05898,Admin,18,7.1,5.6,15.2,0,No,No
INT-05899,Marketing,15,8.2,6.1,3.6,75000,No,Yes
INT-05900,Engineering,24,9.7,8.2,10.0,150000,Yes,Yes
INT-05901,Engineering,23,5.8,6.7,1.3,75000,Yes,Yes
INT-05902,Engineering,5,8.6,7.9,2.5,75000,No,Yes
INT-05903,IT,8,6.6,8.3,12.4,75000,No,Yes
INT-05904,Admin,12,8.7,5.6,18.4,75000,No,No
INT-05905,IT,23,8.3,6.4,0.6,100000,Yes,Yes
INT-05906,Engineering,17,7.4,9.2,2.0,0,No,Yes
INT-05907,Admin,21,7.4,5.5,2.4,0,No,No
INT-05908,Finance,11,8.1,7.7,6.4,0,Yes,Yes
INT-05909,IT,5,7.3,4.6,1.8,150000,No,Yes
INT-05910,IT,12,7.1,6.8,30.4,0,Yes,No
INT-05911,Admin,10,8.6,4.9,4.4,25000,No,Yes
INT-05912,Marketing,21,7.9,8.9,1.7,150000,Yes,Yes
INT-05913,Engineering,19,7.5,7.7,12.4,150000,No,Yes
INT-05914,Admin,24,6.8,8.1,7.1,25000,No,Yes
INT-05915,Engineering,8,7.8,6.4,20.1,75000,Yes,No
INT-05916,IT,18,9.1,7.3,22.4,75000,Yes,Yes
INT-05917,Marketing,8,6.5,7.6,16.0,75000,No,Yes
INT-05918,Engineering,14,8.9,6.9,7.1,100000,Yes,Yes
INT-05919,IT,17,6.7,8.1,2.5,100000,No,Yes
INT-05920,Engineering,22,5.2,4.6,5.0,150000,No,Yes
INT-05921,IT,6,9.3,8.7,5.8,150000,No,Yes
INT-05922,Marketing,13,4.4,6.2,30.2,50000,No,No
INT-05923,IT,9,7.1,7.2,2.8,25000,No,Yes
INT-05924,Engineering,6,7.0,7.9,5.1,150000,Yes,Yes
INT-05925,IT,5,8.1,8.2,7.1,25000,No,Yes
INT-05926,Engineering,16,9.4,3.8,4.5,0,No,Yes
INT-05927,Finance,21,4.5,7.5,1.5,25000,No,Yes
INT-05928,Engineering,5,6.0,6.0,18.2,75000,Yes,No
INT-05929,Engineering,18,7.2,5.7,13.4,25000,No,Yes
INT-05930,Finance,8,7.0,8.3,2.9,50000,Yes,Yes
INT-05931,IT,18,5.9,7.3,5.2,100000,No,Yes
INT-05932,Admin,24,8.1,6.6,11.1,25000,No,Yes
INT-05933,IT,20,4.4,4.6,29.6,0,No,No
INT-05934,Marketing,5,9.1,8.8,2.0,100000,Yes,Yes
INT-05935,Admin,21,7.2,8.9,8.6,75000,No,Yes
INT-05936,Engineering,18,8.9,7.6,14.1,50000,No,Yes
INT-05937,Engineering,23,8.9,8.5,0.7,25000,No,Yes
INT-05938,IT,6,5.7,4.3,13.8,0,No,No
INT-05939,IT,8,5.2,7.2,13.0,25000,Yes,No
INT-05940,IT,14,6.5,6.4,21.1,150000,No,Yes
INT-05941,Admin,12,4.6,7.7,1.2,50000,No,No
INT-05942,IT,8,6.1,7.3,1.6,100000,No,Yes
INT-05943,IT,4,8.3,7.8,6.3,100000,No,Yes
INT-05944,Finance,17,6.8,6.6,16.9,0,No,No
INT-05945,Marketing,8,9.8,8.6,17.1,25000,No,Yes
INT-05946,Admin,11,8.7,9.3,10.1,100000,Yes,No
INT-05947,Admin,24,4.1,4.6,5.3,50000,Yes,No
INT-05948,IT,17,7.0,5.0,2.6,75000,Yes,Yes
INT-05949,Engineering,19,8.7,8.3,5.6,50000,No,Yes
INT-05950,Finance,9,7.5,7.9,2.5,50000,No,Yes
INT-05951,IT,11,7.9,6.6,12.4,75000,No,Yes
INT-05952,IT,5,8.5,9.7,4.9,25000,No,Yes
INT-05953,Finance,22,5.6,5.7,6.7,50000,Yes,No
INT-05954,Engineering,12,6.1,7.1,9.6,75000,No,Yes
INT-05955,IT,8,9.2,3.9,6.5,0,No,Yes
INT-05956,Engineering,8,7.4,7.4,11.8,100000,No,Yes
INT-05957,Admin,22,3.8,6.7,12.8,50000,No,No
INT-05958,Admin,7,9.6,6.4,2.7,75000,No,No
INT-05959,Finance,19,6.3,3.4,3.3,75000,No,Yes
INT-05960,Finance,19,7.5,7.9,1.0,25000,Yes,Yes
INT-05961,Admin,19,6.2,9.0,1.2,100000,No,Yes
INT-05962,Marketing,10,5.4,5.1,14.7,50000,No,No
INT-05963,Admin,21,3.3,7.6,2.4,0,No,No
INT-05964,Finance,24,8.2,8.6,14.9,150000,Yes,Yes
INT-05965,Admin,4,7.3,9.3,34.6,100000,No,No
INT-05966,Finance,6,8.4,9.2,2.7,50000,Yes,Yes
INT-05967,Marketing,24,7.1,4.9,5.4,100000,No,Yes
INT-05968,IT,11,7.1,8.2,6.7,75000,No,Yes
INT-05969,Marketing,4,8.2,8.8,23.4,100000,No,No
INT-05970,Finance,10,4.5,7.7,2.1,150000,No,Yes
INT-05971,Finance,10,7.6,6.4,15.0,0,No,No
INT-05972,IT,11,8.7,6.8,25.8,100000,No,Yes
INT-05973,Finance,22,2.8,3.7,7.0,0,No,No
INT-05974,Finance,20,7.7,5.8,1.8,75000,No,Yes
INT-05975,IT,14,3.8,5.7,3.7,100000,No,Yes
INT-05976,Marketing,18,5.2,5.8,26.1,50000,No,No
INT-05977,IT,12,5.9,7.5,2.0,25000,Yes,Yes
INT-05978,IT,20,8.7,8.3,5.8,25000,No,Yes
INT-05979,Engineering,14,6.5,8.3,2.2,50000,Yes,Yes
INT-05980,Engineering,9,6.8,2.8,19.3,75000,No,No
INT-05981,Engineering,12,7.8,4.5,7.6,150000,Yes,Yes
INT-05982,IT,21,8.1,5.2,21.0,150000,No,Yes
INT-05983,Marketing,23,7.1,7.4,23.9,25000,No,No
INT-05984,IT,5,6.1,3.6,5.9,25000,No,No
INT-05985,IT,7,6.4,5.0,22.6,25000,No,No
INT-05986,IT,21,8.2,7.3,0.5,75000,No,Yes
INT-05987,Engineering,4,7.6,5.1,2.2,75000,No,Yes
INT-05988,Marketing,14,7.3,9.3,11.1,150000,No,Yes
INT-05989,Engineering,6,6.2,6.4,6.5,50000,No,Yes
INT-05990,Finance,11,6.3,6.2,38.1,100000,No,No
INT-05991,IT,8,7.3,8.1,12.8,25000,Yes,Yes
INT-05992,Engineering,23,5.7,5.8,9.2,100000,No,Yes
INT-05993,Admin,24,8.2,6.4,20.0,50000,No,No
INT-05994,Admin,8,5.5,7.7,3.8,100000,No,No
INT-05995,IT,14,5.2,8.9,2.0,50000,Yes,Yes
INT-05996,Engineering,15,7.1,5.7,6.8,75000,Yes,No
INT-05997,Engineering,12,8.1,9.4,2.7,100000,No,Yes
INT-05998,Finance,24,6.6,6.5,2.6,25000,No,Yes
INT-05999,Admin,16,8.6,6.8,3.4,25000,No,Yes
INT-06000,IT,23,8.6,9.9,9.5,75000,Yes,Yes
INT-06001,Engineering,6,8.3,7.5,0.7,75000,No,Yes
INT-06002,IT,16,6.0,8.4,15.7,25000,Yes,No
INT-06003,Finance,14,8.9,9.1,8.1,150000,Yes,Yes
INT-06004,Engineering,14,8.4,5.4,3.4,25000,Yes,No
INT-06005,IT,24,4.3,7.7,1.5,50000,No,Yes
INT-06006,Marketing,23,9.5,5.4,13.0,25000,No,Yes
INT-06007,Engineering,24,8.1,9.0,5.1,0,Yes,Yes
INT-06008,IT,10,6.3,8.6,5.1,50000,No,Yes
INT-06009,Engineering,20,8.0,7.7,5.6,150000,Yes,Yes
INT-06010,IT,19,9.5,8.2,4.8,150000,No,Yes
INT-06011,Finance,17,8.3,7.7,6.3,50000,Yes,Yes
INT-06012,Finance,4,6.8,9.2,8.5,50000,Yes,Yes
INT-06013,Marketing,14,9.3,2.9,5.0,150000,Yes,Yes
INT-06014,Engineering,16,6.7,5.1,29.3,150000,Yes,No
INT-06015,Admin,4,8.1,7.4,4.6,100000,No,Yes
INT-06016,Finance,5,8.5,7.1,2.4,25000,Yes,Yes
INT-06017,IT,12,8.7,7.2,31.8,50000,Yes,Yes
INT-06018,Engineering,16,9.2,8.4,3.3,75000,No,Yes
INT-06019,Engineering,8,9.7,8.8,8.3,100000,No,Yes
INT-06020,IT,12,9.7,7.1,14.6,50000,No,Yes
INT-06021,Admin,16,9.2,8.2,0.5,75000,Yes,Yes
INT-06022,Finance,8,8.3,8.3,3.2,50000,No,Yes
INT-06023,Finance,18,5.9,7.2,6.6,75000,No,Yes
INT-06024,IT,10,9.7,5.6,5.4,0,No,Yes
INT-06025,IT,17,7.3,5.0,1.1,50000,No,Yes
INT-06026,IT,19,7.1,8.2,5.2,100000,Yes,Yes
INT-06027,Finance,9,4.6,9.2,1.4,0,No,Yes
INT-06028,IT,5,9.4,6.0,2.8,100000,Yes,Yes
INT-06029,Engineering,19,6.6,5.5,11.6,150000,Yes,Yes
INT-06030,IT,22,8.5,4.3,2.1,50000,No,Yes
INT-06031,Engineering,8,8.0,8.2,9.3,25000,No,Yes
INT-06032,Admin,7,6.1,8.2,29.4,100000,No,No
INT-06033,Finance,17,8.2,5.5,2.8,100000,No,Yes
INT-06034,IT,9,8.6,9.2,2.9,150000,No,Yes
INT-06035,Engineering,11,5.9,4.2,25.0,25000,No,No
INT-06036,IT,6,4.5,6.8,9.3,25000,No,No
INT-06037,Engineering,7,8.2,5.6,12.3,25000,No,Yes
INT-06038,Finance,4,7.2,8.6,13.0,50000,No,No
INT-06039,IT,5,6.8,8.5,11.0,75000,Yes,Yes
INT-06040,Finance,16,6.3,6.6,30.6,25000,No,No
INT-06041,Engineering,12,8.1,8.4,3.1,50000,Yes,Yes
INT-06042,IT,15,6.4,3.7,6.3,25000,No,No
INT-06043,Admin,13,8.6,4.8,9.2,50000,No,Yes
INT-06044,IT,13,3.9,6.4,10.3,0,Yes,No
INT-06045,Engineering,21,5.3,9.4,2.2,50000,No,Yes
INT-06046,Finance,15,5.9,6.2,17.2,0,No,No
INT-06047,IT,19,7.4,4.6,14.0,100000,No,No
INT-06048,Engineering,9,5.2,9.5,3.0,0,No,Yes
INT-06049,Finance,24,5.8,5.9,6.8,50000,No,No
INT-06050,Marketing,13,7.0,6.1,3.3,25000,No,Yes
INT-06051,Engineering,18,3.9,5.2,4.1,75000,Yes,Yes
INT-06052,Marketing,12,6.1,6.2,6.6,25000,Yes,Yes
INT-06053,Engineering,5,7.3,6.1,6.7,75000,No,No
INT-06054,Admin,21,7.4,9.4,6.6,75000,No,Yes
INT-06055,Finance,15,8.1,8.9,6.8,75000,No,Yes
INT-06056,Admin,6,8.5,8.6,8.6,25000,Yes,Yes
INT-06057,Admin,10,8.6,4.5,0.6,100000,Yes,Yes
INT-06058,Admin,12,8.5,7.9,1.7,25000,No,Yes
INT-06059,Finance,11,8.9,8.3,5.6,50000,No,Yes
INT-06060,Finance,9,4.0,7.6,10.4,75000,No,No
INT-06061,Admin,4,5.1,6.4,6.2,25000,No,No
INT-06062,Admin,17,3.2,6.4,8.4,75000,No,No
INT-06063,Admin,19,8.2,7.5,28.7,75000,Yes,No
INT-06064,Engineering,19,3.4,9.0,11.0,75000,Yes,Yes
INT-06065,IT,7,6.0,8.1,23.0,50000,No,No
INT-06066,Finance,9,8.3,4.5,0.7,100000,No,Yes
INT-06067,Admin,18,7.8,7.1,5.2,25000,No,Yes
INT-06068,Admin,11,6.9,4.3,4.0,25000,Yes,Yes
INT-06069,IT,4,5.7,9.1,10.3,50000,Yes,No
INT-06070,IT,16,5.5,8.9,21.7,50000,No,No
INT-06071,Marketing,21,8.2,7.2,0.8,0,No,Yes
INT-06072,Admin,21,6.0,7.3,1.0,75000,No,Yes
INT-06073,IT,16,8.1,6.2,9.4,25000,No,Yes
INT-06074,Admin,17,8.2,7.9,3.9,100000,No,Yes
INT-06075,Admin,14,7.0,6.2,2.3,50000,No,Yes
INT-06076,IT,10,6.3,6.4,25.3,25000,No,No
INT-06077,Admin,21,7.0,6.6,0.6,25000,No,Yes
INT-06078,Engineering,24,9.7,8.3,3.1,100000,No,Yes
INT-06079,Engineering,7,6.6,8.3,3.7,150000,Yes,Yes
INT-06080,Admin,20,3.7,8.4,12.7,100000,Yes,No
INT-06081,Admin,22,6.9,7.6,7.1,100000,Yes,Yes
INT-06082,Marketing,17,7.7,5.0,3.7,75000,No,No
INT-06083,Admin,13,7.1,5.6,2.0,50000,No,No
INT-06084,IT,9,5.1,8.9,2.5,75000,No,Yes
INT-06085,IT,21,7.3,7.7,0.8,25000,No,Yes
INT-06086,Admin,7,6.5,8.4,15.0,0,No,No
INT-06087,Finance,14,7.8,6.6,1.5,50000,No,Yes
INT-06088,IT,16,7.5,9.0,14.4,75000,Yes,Yes
INT-06089,Engineering,11,7.4,4.3,1.7,75000,Yes,Yes
INT-06090,IT,13,7.7,6.2,19.4,50000,No,No
INT-06091,Admin,14,8.4,7.7,9.6,100000,Yes,Yes
INT-06092,Finance,6,7.2,6.1,4.0,100000,No,No
INT-06093,Admin,18,9.3,9.4,4.5,0,No,Yes
INT-06094,Engineering,11,7.1,6.0,3.2,75000,No,Yes
INT-06095,IT,23,7.9,5.6,2.4,75000,Yes,Yes
INT-06096,Engineering,21,5.5,6.2,19.9,100000,No,No
INT-06097,IT,24,8.5,7.1,2.1,100000,No,Yes
INT-06098,Finance,4,7.5,7.8,2.0,25000,No,Yes
INT-06099,IT,11,8.6,9.1,4.1,25000,Yes,Yes
INT-06100,Finance,6,8.6,7.6,33.7,50000,No,No
INT-06101,Admin,4,8.5,8.2,5.5,50000,No,Yes
INT-06102,Engineering,23,5.1,4.1,4.0,75000,No,No
INT-06103,Admin,19,6.6,6.0,52.8,50000,No,No
INT-06104,Marketing,12,3.6,7.2,11.3,25000,No,No
INT-06105,IT,20,8.1,7.8,23.6,75000,Yes,Yes
INT-06106,IT,19,8.2,8.2,2.8,50000,Yes,Yes
INT-06107,Admin,9,9.3,2.7,11.7,100000,No,No
INT-06108,IT,10,6.1,5.8,18.2,0,No,No
INT-06109,IT,19,9.4,8.3,6.5,25000,Yes,No
INT-06110,Marketing,11,7.0,6.8,4.9,0,No,No
INT-06111,Marketing,13,6.9,6.8,3.3,50000,No,Yes
INT-06112,Admin,17,7.0,7.2,7.2,25000,No,No
INT-06113,Marketing,14,6.8,8.6,2.2,25000,No,Yes
INT-06114,Engineering,5,8.4,8.0,5.0,75000,No,Yes
INT-06115,IT,15,3.6,7.7,9.7,100000,No,No
INT-06116,Engineering,23,7.6,7.7,9.0,25000,Yes,No
INT-06117,Engineering,23,8.8,8.0,10.1,75000,No,Yes
INT-06118,Marketing,16,9.2,6.2,7.6,75000,No,Yes
INT-06119,IT,18,7.1,6.4,0.5,0,No,Yes
INT-06120,Engineering,15,6.6,6.4,0.7,150000,Yes,Yes
INT-06121,IT,16,8.1,5.5,7.4,50000,Yes,Yes
INT-06122,IT,11,5.4,4.9,27.5,50000,Yes,No
INT-06123,IT,19,7.6,4.9,2.2,75000,Yes,Yes
INT-06124,Marketing,6,8.4,7.1,10.6,50000,No,No
INT-06125,Finance,16,6.3,8.7,5.0,25000,No,Yes
INT-06126,Finance,15,7.0,8.9,1.7,75000,No,Yes
INT-06127,Engineering,22,9.3,3.2,0.8,75000,Yes,Yes
INT-06128,Admin,5,5.8,6.3,10.5,75000,No,No
INT-06129,IT,4,7.4,4.2,1.7,100000,Yes,Yes
INT-06130,IT,11,8.3,6.0,3.3,50000,Yes,No
INT-06131,Admin,12,8.9,7.8,4.6,75000,Yes,Yes
INT-06132,Finance,11,7.5,6.2,10.3,150000,No,No
INT-06133,Engineering,24,9.1,7.2,4.4,25000,No,Yes
INT-06134,IT,20,9.1,6.3,4.4,100000,No,Yes
INT-06135,IT,12,6.9,7.5,13.1,25000,Yes,Yes
INT-06136,IT,9,4.2,6.9,0.6,50000,No,No
INT-06137,Admin,18,7.0,7.7,11.7,50000,Yes,Yes
INT-06138,Marketing,16,8.5,7.4,6.4,75000,Yes,Yes
INT-06139,Engineering,24,3.8,8.3,6.7,75000,Yes,Yes
INT-06140,Finance,15,6.0,5.9,3.9,100000,Yes,No
INT-06141,Admin,16,6.7,9.2,1.3,50000,No,Yes
INT-06142,Admin,10,6.0,7.3,1.3,0,Yes,Yes
INT-06143,IT,21,5.6,7.3,3.8,75000,Yes,Yes
INT-06144,Finance,17,7.3,6.2,10.7,25000,No,Yes
INT-06145,Finance,14,6.7,5.9,18.3,50000,Yes,No
INT-06146,IT,17,4.3,8.0,13.9,25000,Yes,No
INT-06147,Engineering,20,9.5,7.4,13.3,25000,Yes,Yes
INT-06148,Admin,24,7.9,7.7,0.5,50000,No,Yes
INT-06149,Engineering,5,8.4,8.9,2.2,75000,Yes,No
INT-06150,Marketing,22,5.7,4.0,23.7,50000,No,No
INT-06151,Engineering,19,8.1,7.2,16.8,50000,No,Yes
INT-06152,Engineering,13,8.9,8.5,1.6,75000,No,Yes
INT-06153,IT,11,7.9,8.4,8.6,25000,No,Yes
INT-06154,IT,24,7.7,5.8,5.0,25000,Yes,Yes
INT-06155,IT,8,4.7,5.8,0.6,100000,No,No
INT-06156,IT,10,9.1,4.3,13.4,50000,No,No
INT-06157,Engineering,16,7.1,8.6,23.4,50000,No,Yes
INT-06158,Engineering,19,5.5,8.1,20.8,100000,Yes,No
INT-06159,IT,8,6.9,7.3,4.4,25000,No,Yes
INT-06160,Finance,19,7.0,5.9,12.9,100000,Yes,No
INT-06161,IT,18,8.5,8.6,6.0,75000,Yes,Yes
INT-06162,Admin,12,6.7,5.8,31.8,100000,Yes,No
INT-06163,IT,15,7.7,9.3,26.9,50000,No,No
INT-06164,Admin,11,8.9,7.6,12.4,0,No,Yes
INT-06165,IT,16,8.6,9.7,5.6,75000,No,Yes
INT-06166,Admin,8,8.2,8.0,19.1,50000,No,No
INT-06167,Admin,17,5.5,6.8,2.5,75000,No,Yes
INT-06168,Marketing,19,7.2,9.1,2.4,0,No,Yes
INT-06169,IT,14,6.2,9.3,7.0,75000,No,Yes
INT-06170,IT,23,7.9,7.3,14.2,25000,Yes,Yes
INT-06171,IT,15,6.2,9.2,1.0,25000,No,Yes
INT-06172,Engineering,18,7.9,7.2,12.8,50000,No,Yes
INT-06173,IT,15,6.6,8.0,24.4,150000,Yes,No
INT-06174,Finance,12,8.9,5.3,6.8,50000,No,Yes
INT-06175,Engineering,4,6.3,9.5,2.4,50000,No,No
INT-06176,Engineering,6,9.8,8.6,8.5,25000,No,Yes
INT-06177,Engineering,15,9.5,6.7,2.3,75000,No,Yes
INT-06178,IT,23,7.8,7.6,4.5,150000,Yes,Yes
INT-06179,IT,16,4.7,9.3,10.1,50000,Yes,No
INT-06180,Admin,9,9.2,7.3,4.3,75000,No,Yes
INT-06181,Engineering,13,7.1,9.8,5.8,100000,No,Yes
INT-06182,IT,13,7.9,5.7,6.8,50000,No,Yes
INT-06183,IT,19,8.2,4.4,3.8,75000,No,Yes
INT-06184,Marketing,4,4.9,5.2,1.1,75000,No,No
INT-06185,IT,19,7.4,8.0,6.2,100000,Yes,Yes
INT-06186,Finance,7,8.5,6.9,5.9,25000,No,No
INT-06187,Finance,9,6.7,8.0,4.9,0,No,Yes
INT-06188,IT,22,6.4,7.6,2.1,150000,No,Yes
INT-06189,IT,5,9.0,3.7,0.9,150000,No,Yes
INT-06190,IT,21,4.6,7.5,14.5,100000,No,No
INT-06191,Engineering,13,5.7,7.2,6.6,50000,Yes,Yes
INT-06192,Engineering,7,9.2,6.9,31.9,50000,No,Yes
INT-06193,Finance,4,6.5,8.2,31.0,100000,Yes,Yes
INT-06194,Marketing,18,9.4,6.0,7.4,25000,No,Yes
INT-06195,Engineering,13,8.3,8.0,5.9,150000,No,No
INT-06196,IT,21,7.4,6.6,2.2,100000,No,Yes
INT-06197,IT,19,8.9,4.1,4.3,75000,No,Yes
INT-06198,Finance,16,7.3,9.2,12.8,100000,Yes,Yes
INT-06199,IT,18,6.2,5.1,26.9,75000,No,No
INT-06200,IT,5,8.2,6.8,7.8,25000,No,No
INT-06201,Engineering,23,9.6,6.2,8.2,25000,No,Yes
INT-06202,Admin,7,4.5,8.0,23.3,75000,No,No
INT-06203,Marketing,4,8.3,7.3,1.6,150000,No,Yes
INT-06204,Engineering,10,3.7,7.0,8.1,0,Yes,No
INT-06205,IT,14,6.8,4.8,7.5,75000,No,No
INT-06206,Marketing,13,5.1,8.2,2.3,100000,Yes,Yes
INT-06207,IT,4,4.9,4.0,12.4,100000,No,No
INT-06208,Admin,14,9.5,7.8,1.5,150000,Yes,Yes
INT-06209,Admin,13,9.3,7.3,1.0,25000,Yes,Yes
INT-06210,IT,17,8.4,7.8,5.8,25000,No,Yes
INT-06211,Admin,17,7.1,8.6,3.4,25000,Yes,Yes
INT-06212,IT,10,7.3,5.9,5.1,100000,No,Yes
INT-06213,Admin,14,6.7,6.1,1.5,25000,Yes,Yes
INT-06214,Admin,7,6.5,5.3,5.3,0,No,Yes
INT-06215,Finance,5,4.9,7.6,5.1,0,No,No
INT-06216,Finance,10,9.4,4.3,27.7,50000,No,No
INT-06217,IT,22,8.3,8.4,10.8,75000,No,Yes
INT-06218,Admin,17,7.5,5.8,20.8,25000,Yes,No
INT-06219,Admin,22,9.2,8.4,12.7,25000,No,No
INT-06220,IT,10,9.2,8.4,12.9,25000,No,Yes
INT-06221,Finance,15,8.9,9.1,16.6,50000,Yes,No
INT-06222,Engineering,6,6.2,5.5,2.9,50000,No,Yes
INT-06223,IT,18,7.2,6.1,5.0,75000,Yes,Yes
INT-06224,Admin,8,8.9,8.1,17.1,50000,No,Yes
INT-06225,IT,11,7.4,8.0,1.1,25000,No,Yes
INT-06226,Engineering,17,8.6,8.8,1.0,100000,No,Yes
INT-06227,IT,7,8.7,6.5,8.9,50000,No,Yes
INT-06228,Marketing,10,8.6,5.5,19.7,75000,No,No
INT-06229,Finance,10,5.5,6.1,13.1,75000,No,No
INT-06230,Admin,21,9.1,8.3,13.3,25000,Yes,Yes
INT-06231,Engineering,17,8.1,6.3,4.1,50000,No,Yes
INT-06232,Marketing,11,7.5,8.1,7.7,50000,Yes,No
INT-06233,Engineering,15,7.0,7.4,12.3,100000,No,Yes
INT-06234,IT,13,7.7,5.7,13.1,50000,Yes,No
INT-06235,Admin,17,8.2,3.7,7.5,25000,No,Yes
INT-06236,Finance,12,7.3,8.5,13.4,100000,No,Yes
INT-06237,Engineering,9,6.8,8.5,0.7,100000,Yes,Yes
INT-06238,Engineering,8,8.1,5.1,23.4,75000,No,Yes
INT-06239,Finance,4,6.9,8.0,16.9,75000,No,No
INT-06240,Finance,4,5.7,8.3,0.9,100000,No,Yes
INT-06241,Marketing,23,7.2,4.2,4.8,25000,No,Yes
INT-06242,IT,20,8.7,6.6,20.7,75000,No,No
INT-06243,Engineering,14,8.6,6.9,6.3,25000,Yes,Yes
INT-06244,Engineering,15,5.3,7.7,1.3,100000,Yes,Yes
INT-06245,Finance,6,6.7,7.7,27.7,25000,No,No
INT-06246,Engineering,9,8.0,5.4,4.1,75000,No,Yes
INT-06247,IT,14,8.8,8.2,6.3,25000,No,No
INT-06248,Finance,16,8.1,5.2,8.5,100000,No,Yes
INT-06249,Engineering,14,9.8,5.3,14.8,25000,No,No
INT-06250,IT,11,8.5,6.7,17.0,50000,No,Yes
INT-06251,Admin,13,6.6,8.4,9.0,100000,No,Yes
INT-06252,IT,5,7.0,6.3,24.2,75000,No,Yes
INT-06253,Admin,17,7.7,7.4,2.5,100000,Yes,Yes
INT-06254,IT,19,3.9,10.0,19.3,75000,No,Yes
INT-06255,Admin,20,8.7,6.4,2.2,50000,Yes,Yes
INT-06256,Engineering,14,9.3,7.4,18.5,50000,No,Yes
INT-06257,Engineering,5,8.2,3.4,2.4,25000,No,Yes
INT-06258,Engineering,8,6.7,9.3,10.7,50000,No,Yes
INT-06259,Finance,19,6.9,5.9,14.1,150000,No,Yes
INT-06260,IT,19,7.0,5.7,4.5,100000,No,Yes
INT-06261,IT,5,8.6,6.0,1.5,0,No,Yes
INT-06262,Finance,19,7.8,7.1,4.1,25000,No,Yes
INT-06263,IT,8,8.5,7.6,1.0,75000,No,Yes
INT-06264,Marketing,11,7.0,9.1,9.1,25000,No,Yes
INT-06265,Finance,23,6.5,9.1,10.1,50000,No,Yes
INT-06266,Engineering,17,3.1,6.6,3.0,150000,Yes,No
INT-06267,Marketing,13,9.8,7.4,8.9,150000,Yes,Yes
INT-06268,IT,5,5.4,6.3,1.0,25000,No,No
INT-06269,Admin,6,7.2,5.1,0.8,75000,No,No
INT-06270,Engineering,21,7.1,7.4,4.7,75000,No,Yes
INT-06271,Admin,24,6.9,8.1,5.8,25000,No,Yes
INT-06272,Marketing,5,6.4,7.1,0.7,0,Yes,Yes
INT-06273,IT,24,9.6,7.8,7.6,50000,No,Yes
INT-06274,Engineering,12,9.3,5.3,14.8,150000,No,No
INT-06275,Engineering,5,8.4,5.6,4.7,100000,Yes,Yes
INT-06276,Engineering,10,9.4,5.9,11.5,25000,No,Yes
INT-06277,IT,10,5.1,9.2,1.8,100000,No,Yes
INT-06278,Admin,17,7.9,5.8,6.5,75000,Yes,Yes
INT-06279,Finance,8,7.3,8.3,13.0,50000,No,No
INT-06280,IT,11,4.9,6.7,9.7,50000,No,No
INT-06281,Finance,21,7.4,6.4,12.6,75000,Yes,Yes
INT-06282,Engineering,9,8.6,2.6,10.7,50000,No,No
INT-06283,Finance,17,5.2,7.3,1.5,50000,No,Yes
INT-06284,Engineering,21,8.3,8.1,1.4,50000,No,Yes
INT-06285,IT,20,7.6,7.9,30.2,100000,Yes,Yes
INT-06286,Engineering,12,9.2,7.4,5.8,50000,Yes,Yes
INT-06287,Finance,16,7.8,4.7,11.0,100000,No,Yes
INT-06288,Admin,19,7.6,6.8,9.7,100000,No,Yes
INT-06289,Marketing,24,6.5,8.5,0.9,50000,No,Yes
INT-06290,Admin,13,7.5,9.6,6.0,75000,Yes,Yes
INT-06291,IT,13,7.0,6.2,6.4,150000,Yes,Yes
INT-06292,Admin,7,4.1,6.4,13.7,50000,No,No
INT-06293,Marketing,15,9.5,9.2,26.7,100000,No,Yes
INT-06294,Admin,11,8.8,6.1,3.2,25000,No,Yes
INT-06295,Finance,18,7.2,7.7,1.0,25000,No,Yes
INT-06296,Finance,24,5.8,7.7,5.7,25000,Yes,Yes
INT-06297,Admin,22,8.4,8.3,0.7,50000,Yes,Yes
INT-06298,IT,18,8.2,8.4,4.4,150000,No,No
INT-06299,Engineering,11,6.1,4.1,3.1,0,Yes,Yes
INT-06300,Admin,11,7.0,4.9,2.7,75000,Yes,No
INT-06301,Finance,22,4.5,4.5,0.5,100000,No,No
INT-06302,Admin,12,6.9,8.4,2.8,50000,No,Yes
INT-06303,Admin,20,9.3,4.2,3.6,75000,No,Yes
INT-06304,Finance,11,5.2,6.0,19.9,150000,Yes,No
INT-06305,Admin,15,6.7,7.2,1.2,75000,Yes,No
INT-06306,Admin,18,7.9,4.6,12.2,150000,No,No
INT-06307,Admin,7,7.8,6.5,10.8,25000,No,No
INT-06308,Admin,9,5.4,4.7,3.7,0,Yes,No
INT-06309,Engineering,19,6.7,7.1,19.5,25000,No,Yes
INT-06310,Finance,8,7.7,8.9,9.0,150000,Yes,Yes
INT-06311,Admin,16,7.8,7.1,1.3,50000,Yes,Yes
INT-06312,Engineering,18,6.0,9.4,2.3,50000,No,Yes
INT-06313,Engineering,20,7.8,4.7,4.6,100000,No,Yes
INT-06314,IT,23,6.3,7.6,27.9,100000,Yes,No
INT-06315,IT,8,8.6,8.1,3.0,50000,Yes,No
INT-06316,Marketing,22,7.7,5.6,5.0,75000,No,Yes
INT-06317,Engineering,10,7.3,9.5,7.1,50000,No,Yes
INT-06318,Engineering,6,7.3,6.9,4.0,50000,No,Yes
INT-06319,Engineering,16,5.6,8.6,10.2,50000,Yes,No
INT-06320,IT,17,6.4,7.5,9.2,75000,No,Yes
INT-06321,Engineering,19,3.2,5.4,1.0,25000,No,No
INT-06322,Engineering,16,8.0,7.6,5.0,25000,Yes,Yes
INT-06323,Engineering,5,8.7,4.1,12.7,25000,No,No
INT-06324,Admin,17,8.1,5.3,8.7,100000,No,Yes
INT-06325,IT,23,9.3,5.1,5.4,75000,No,Yes
INT-06326,IT,10,7.6,9.8,11.0,50000,Yes,Yes
INT-06327,Marketing,8,6.9,8.0,9.4,75000,No,Yes
INT-06328,Admin,17,7.9,9.8,15.0,100000,No,Yes
INT-06329,Admin,12,9.6,7.0,0.9,50000,No,Yes
INT-06330,IT,13,2.8,6.8,6.6,25000,Yes,Yes
INT-06331,IT,10,7.6,7.5,9.1,25000,No,Yes
INT-06332,Engineering,17,8.5,9.5,9.5,75000,Yes,Yes
INT-06333,Engineering,17,7.4,8.8,21.0,25000,No,Yes
INT-06334,Engineering,5,9.1,8.1,4.7,50000,Yes,Yes
INT-06335,IT,20,7.1,7.6,13.2,150000,No,Yes
INT-06336,Engineering,23,5.9,6.1,12.8,75000,No,No
INT-06337,IT,7,9.3,7.6,3.0,25000,No,Yes
INT-06338,IT,16,6.9,5.9,3.0,100000,Yes,Yes
INT-06339,Admin,21,8.3,6.9,23.4,25000,Yes,No
INT-06340,IT,6,8.1,8.8,3.6,50000,Yes,Yes
INT-06341,IT,22,8.3,8.4,4.8,0,No,No
INT-06342,Engineering,8,9.8,5.5,7.9,150000,No,Yes
INT-06343,Engineering,4,8.6,8.4,3.5,100000,No,Yes
INT-06344,Finance,12,5.5,4.5,9.2,150000,No,No
INT-06345,Admin,11,9.0,7.6,3.2,75000,Yes,No
INT-06346,IT,6,7.1,4.9,6.5,100000,No,Yes
INT-06347,IT,5,6.7,7.1,7.1,25000,No,No
INT-06348,Marketing,4,7.4,7.8,13.4,50000,No,No
INT-06349,Engineering,15,5.5,5.0,16.2,50000,Yes,No
INT-06350,Engineering,16,8.4,8.7,9.7,25000,No,Yes
INT-06351,IT,13,8.7,8.0,3.0,50000,Yes,Yes
INT-06352,Engineering,20,6.4,8.6,5.5,75000,No,Yes
INT-06353,IT,14,7.6,7.1,7.1,25000,Yes,Yes
INT-06354,Engineering,8,6.3,8.5,3.3,25000,No,Yes
INT-06355,Marketing,12,8.8,7.4,23.0,50000,Yes,No
INT-06356,Marketing,16,8.2,8.0,1.4,150000,No,Yes
INT-06357,Engineering,23,7.0,8.7,14.8,100000,Yes,No
INT-06358,Admin,14,6.6,7.2,4.9,25000,No,Yes
INT-06359,Marketing,7,8.2,8.5,23.8,150000,No,Yes
INT-06360,Engineering,24,4.2,6.2,6.6,100000,No,No
INT-06361,IT,14,7.8,8.5,11.0,50000,Yes,Yes
INT-06362,Admin,12,8.2,8.7,11.1,25000,No,Yes
INT-06363,IT,10,6.7,9.1,10.1,50000,No,Yes
INT-06364,Admin,19,5.6,5.3,0.9,50000,Yes,No
INT-06365,Admin,8,4.2,9.0,8.3,75000,No,Yes
INT-06366,Engineering,9,7.6,5.4,18.5,100000,No,No
INT-06367,Admin,22,6.8,9.9,15.3,0,No,No
INT-06368,IT,4,4.1,7.0,20.2,50000,Yes,No
INT-06369,Engineering,19,7.5,6.4,5.2,75000,Yes,Yes
INT-06370,Finance,21,7.5,7.3,5.3,75000,No,Yes
INT-06371,Engineering,16,8.9,9.0,13.7,50000,Yes,Yes
INT-06372,Admin,4,5.6,8.6,3.4,50000,Yes,No
INT-06373,Marketing,13,9.1,7.2,12.1,50000,No,Yes
INT-06374,Marketing,10,9.1,6.9,6.1,50000,No,Yes
INT-06375,IT,8,7.9,5.2,3.0,75000,Yes,No
INT-06376,IT,16,5.1,8.0,8.8,25000,No,No
INT-06377,Engineering,19,7.6,7.9,3.3,25000,No,Yes
INT-06378,Finance,23,8.0,6.0,9.4,0,No,Yes
INT-06379,Marketing,17,7.6,7.3,7.2,25000,Yes,Yes
INT-06380,Finance,14,6.8,7.0,10.7,75000,No,Yes
INT-06381,Engineering,22,7.4,6.5,7.8,0,Yes,Yes
INT-06382,Engineering,5,8.0,8.9,11.9,75000,No,Yes
INT-06383,IT,11,3.7,8.7,45.1,50000,Yes,No
INT-06384,IT,16,4.2,5.6,5.5,100000,No,No
INT-06385,Admin,10,6.9,6.8,7.8,100000,No,No
INT-06386,Engineering,15,6.0,8.2,1.4,150000,No,Yes
INT-06387,Engineering,11,9.4,5.7,24.5,50000,No,No
INT-06388,Engineering,19,7.1,7.0,7.8,150000,No,Yes
INT-06389,IT,21,8.6,4.0,1.4,25000,No,No
INT-06390,Engineering,22,8.5,7.9,4.6,0,No,Yes
INT-06391,IT,7,7.1,8.4,1.2,25000,Yes,Yes
INT-06392,Admin,15,7.2,5.2,6.0,100000,No,No
INT-06393,Finance,19,8.5,7.7,3.1,0,No,Yes
INT-06394,Engineering,24,7.7,9.5,3.8,50000,No,Yes
INT-06395,Marketing,20,6.3,7.0,1.1,150000,No,Yes
INT-06396,IT,7,5.8,3.5,12.0,75000,Yes,No
INT-06397,Admin,23,7.0,8.1,15.2,0,Yes,No
INT-06398,Admin,12,9.2,3.2,1.7,25000,No,Yes
INT-06399,Admin,8,2.6,4.1,11.6,75000,Yes,No
INT-06400,Finance,20,7.7,7.0,1.6,0,No,Yes
INT-06401,Engineering,20,8.8,9.0,1.2,50000,No,Yes
INT-06402,Finance,5,4.0,9.5,1.5,150000,No,No
INT-06403,IT,5,8.0,8.2,0.8,50000,Yes,Yes
INT-06404,Finance,24,9.0,5.5,4.3,25000,No,No
INT-06405,IT,10,7.6,4.8,24.9,0,Yes,No
INT-06406,Finance,7,8.3,9.0,18.9,0,Yes,Yes
INT-06407,Admin,16,6.0,8.6,3.7,100000,No,No
INT-06408,Admin,23,7.7,3.6,13.2,25000,Yes,Yes
INT-06409,Engineering,14,9.3,7.7,14.4,0,Yes,Yes
INT-06410,Marketing,6,9.4,8.0,1.8,75000,No,Yes
INT-06411,IT,5,7.2,8.7,2.6,25000,No,Yes
INT-06412,Admin,19,8.4,7.3,9.9,25000,Yes,Yes
INT-06413,Finance,6,8.2,7.3,3.0,50000,Yes,No
INT-06414,Admin,18,8.8,9.1,22.8,25000,Yes,Yes
INT-06415,IT,20,5.4,8.2,2.6,0,No,Yes
INT-06416,Admin,19,7.5,5.7,13.3,50000,No,No
INT-06417,Admin,23,9.0,8.3,11.9,25000,Yes,Yes
INT-06418,Marketing,10,8.2,6.3,6.1,50000,No,Yes
INT-06419,Finance,19,4.2,5.5,2.9,75000,Yes,Yes
INT-06420,Engineering,8,8.5,3.7,0.8,25000,No,Yes
INT-06421,Marketing,5,5.9,7.3,14.6,100000,Yes,No
INT-06422,Admin,4,6.0,8.4,4.3,25000,No,No
INT-06423,IT,16,7.8,7.7,3.8,100000,No,Yes
INT-06424,IT,19,9.6,6.7,0.9,0,Yes,Yes
INT-06425,Admin,8,9.3,7.9,1.8,100000,No,Yes
INT-06426,IT,6,7.9,6.9,4.2,25000,No,Yes
INT-06427,Marketing,18,6.6,5.3,9.9,75000,No,Yes
INT-06428,Finance,19,5.4,6.0,2.4,25000,No,Yes
INT-06429,IT,14,9.4,8.5,1.9,50000,No,Yes
INT-06430,Engineering,22,8.4,7.2,2.9,50000,Yes,Yes
INT-06431,Engineering,21,7.8,9.7,3.2,50000,Yes,Yes
INT-06432,Marketing,24,7.1,6.4,4.7,0,No,No
INT-06433,Finance,12,9.4,7.8,4.1,0,No,Yes
INT-06434,Engineering,11,8.7,7.8,1.1,100000,No,No
INT-06435,Finance,22,5.8,8.4,8.2,50000,No,Yes
INT-06436,Engineering,8,4.6,7.3,1.6,25000,No,No
INT-06437,Engineering,20,8.0,8.5,16.7,50000,Yes,Yes
INT-06438,IT,8,7.3,2.7,16.2,0,Yes,No
INT-06439,IT,17,9.0,8.6,1.1,25000,No,Yes
INT-06440,Engineering,10,7.9,8.7,4.8,50000,No,Yes
INT-06441,IT,12,8.6,4.0,5.7,75000,No,Yes
INT-06442,IT,20,7.8,7.8,44.4,75000,No,No
INT-06443,Engineering,6,9.0,6.8,2.8,75000,No,Yes
INT-06444,IT,11,9.9,2.9,8.6,25000,No,No
INT-06445,Engineering,16,9.3,6.9,5.4,50000,No,Yes
INT-06446,Engineering,19,5.8,8.6,12.2,75000,No,No
INT-06447,Marketing,24,8.6,5.6,2.8,50000,Yes,Yes
INT-06448,Admin,13,9.5,5.2,9.6,75000,Yes,Yes
INT-06449,IT,21,8.8,5.3,1.6,75000,Yes,Yes
INT-06450,Engineering,6,6.1,6.4,0.6,50000,No,Yes
INT-06451,Finance,15,9.3,6.2,0.6,25000,No,Yes
INT-06452,Marketing,19,5.0,5.9,5.9,50000,Yes,No
INT-06453,Admin,21,7.2,7.9,12.3,50000,No,Yes
INT-06454,Admin,20,9.4,9.4,7.4,150000,No,Yes
INT-06455,Marketing,10,7.3,8.5,0.8,150000,Yes,Yes
INT-06456,IT,22,5.0,6.3,6.9,25000,No,No
INT-06457,Engineering,11,7.0,6.2,1.5,0,No,Yes
INT-06458,Admin,20,6.1,5.9,27.4,75000,No,No
INT-06459,IT,24,7.0,7.0,4.0,0,No,Yes
INT-06460,Admin,10,8.3,8.0,6.1,50000,No,Yes
INT-06461,IT,4,5.6,4.8,3.8,75000,No,Yes
INT-06462,Engineering,11,5.3,8.8,5.5,25000,No,No
INT-06463,Marketing,22,8.8,7.2,25.9,25000,No,No
INT-06464,IT,23,8.4,7.4,2.9,150000,Yes,Yes
INT-06465,Finance,23,7.5,9.6,10.6,25000,No,Yes
INT-06466,IT,13,8.1,6.2,11.8,0,Yes,Yes
INT-06467,Engineering,15,6.5,8.4,2.2,25000,Yes,Yes
INT-06468,IT,4,8.2,7.3,10.9,25000,No,Yes
INT-06469,Marketing,24,8.4,8.6,8.9,50000,No,Yes
INT-06470,Finance,7,9.0,5.7,3.3,100000,Yes,Yes
INT-06471,Engineering,7,9.3,7.1,6.4,50000,Yes,Yes
INT-06472,Finance,12,6.3,8.2,7.6,100000,No,Yes
INT-06473,Engineering,18,5.6,8.8,15.0,150000,Yes,Yes
INT-06474,Marketing,18,7.2,5.0,1.6,0,No,Yes
INT-06475,Engineering,10,5.7,5.2,29.1,50000,No,No
INT-06476,Marketing,15,9.0,6.9,12.2,50000,Yes,No
INT-06477,Engineering,6,6.4,2.7,6.6,50000,Yes,No
INT-06478,IT,23,6.8,5.6,12.5,100000,No,Yes
INT-06479,Engineering,12,5.7,3.4,11.1,50000,Yes,No
INT-06480,IT,17,5.6,7.1,5.4,0,No,No
INT-06481,Engineering,16,8.9,6.7,3.8,50000,Yes,Yes
INT-06482,Admin,15,8.8,7.3,36.3,50000,Yes,Yes
INT-06483,Engineering,4,6.0,4.3,17.8,75000,Yes,No
INT-06484,IT,22,8.6,9.6,24.6,75000,No,Yes
INT-06485,IT,19,9.4,9.4,0.9,150000,Yes,Yes
INT-06486,Admin,15,7.9,5.1,14.0,100000,No,Yes
INT-06487,Marketing,13,6.4,7.6,18.2,75000,Yes,No
INT-06488,Admin,5,9.7,5.4,5.7,150000,Yes,No
INT-06489,Admin,21,8.7,5.5,18.2,0,Yes,Yes
INT-06490,Engineering,16,8.4,7.1,1.4,75000,No,No
INT-06491,Engineering,9,8.4,9.7,1.0,50000,No,Yes
INT-06492,IT,15,7.8,7.1,3.3,150000,No,Yes
INT-06493,Admin,7,7.3,8.7,0.7,25000,No,Yes
INT-06494,IT,4,8.5,7.6,9.7,25000,No,Yes
INT-06495,Marketing,14,8.0,7.1,21.4,0,No,No
INT-06496,IT,11,9.0,7.5,3.3,25000,No,Yes
INT-06497,Admin,5,8.8,9.2,9.1,50000,No,Yes
INT-06498,IT,5,8.9,4.7,5.5,50000,No,No
INT-06499,IT,19,9.9,8.3,2.9,0,Yes,Yes
INT-06500,Finance,4,7.3,8.9,20.6,100000,No,Yes
INT-06501,IT,7,5.6,5.7,25.8,25000,Yes,No
INT-06502,IT,9,5.0,7.8,1.7,75000,No,Yes
INT-06503,Admin,24,6.4,5.1,12.2,100000,No,No
INT-06504,IT,23,4.8,8.2,2.2,100000,No,No
INT-06505,IT,17,8.8,7.7,5.9,50000,No,Yes
INT-06506,Finance,23,8.2,7.7,4.1,50000,Yes,Yes
INT-06507,Finance,18,8.0,9.0,2.7,50000,No,Yes
INT-06508,Marketing,10,7.5,6.0,9.5,25000,No,No
INT-06509,Finance,10,9.0,9.3,16.0,75000,No,No
INT-06510,Engineering,21,7.8,7.2,12.7,150000,No,Yes
INT-06511,IT,5,4.0,5.8,10.7,75000,No,Yes
INT-06512,Finance,23,7.5,8.8,1.0,75000,No,Yes
INT-06513,Finance,18,8.0,8.8,1.3,0,Yes,No
INT-06514,Finance,4,7.6,7.9,5.5,50000,No,No
INT-06515,Engineering,24,8.4,8.5,7.0,50000,No,Yes
INT-06516,IT,20,5.0,7.9,10.8,50000,No,No
INT-06517,Finance,23,7.1,6.3,4.0,75000,Yes,Yes
INT-06518,Engineering,16,9.4,8.3,0.7,25000,No,Yes
INT-06519,Marketing,15,5.1,9.6,0.8,25000,No,Yes
INT-06520,IT,18,7.7,7.8,15.9,50000,No,No
INT-06521,IT,8,4.3,8.4,1.6,100000,No,Yes
INT-06522,IT,10,6.9,7.3,22.6,0,No,No
INT-06523,Finance,11,3.0,8.3,3.7,50000,No,No
INT-06524,IT,17,6.5,8.0,7.5,75000,No,Yes
INT-06525,IT,7,5.1,8.8,2.0,25000,Yes,Yes
INT-06526,Marketing,24,8.6,7.1,5.3,25000,No,Yes
INT-06527,IT,17,7.9,7.5,17.2,75000,No,Yes
INT-06528,Finance,13,5.5,6.9,33.6,75000,No,No
INT-06529,Admin,19,7.4,8.4,12.1,100000,Yes,Yes
INT-06530,Finance,14,7.5,5.8,12.1,25000,No,No
INT-06531,Engineering,17,4.5,9.6,17.8,75000,No,Yes
INT-06532,Marketing,17,7.7,5.8,2.7,100000,Yes,Yes
INT-06533,Marketing,5,8.2,5.8,11.2,50000,No,No
INT-06534,IT,16,6.2,6.9,7.0,50000,No,Yes
INT-06535,IT,6,7.3,9.2,2.9,100000,Yes,Yes
INT-06536,IT,21,5.0,3.6,1.0,100000,Yes,Yes
INT-06537,Engineering,7,9.1,7.3,2.3,50000,No,No
INT-06538,Finance,24,7.7,5.7,8.9,25000,No,No
INT-06539,Admin,24,7.0,7.1,7.2,75000,Yes,Yes
INT-06540,Engineering,22,4.8,9.1,1.1,25000,Yes,Yes
INT-06541,IT,19,7.9,6.3,7.1,50000,No,Yes
INT-06542,Finance,7,7.3,7.8,4.5,50000,Yes,Yes
INT-06543,Marketing,22,3.4,3.6,0.6,100000,No,No
INT-06544,IT,18,8.1,7.1,19.7,150000,No,Yes
INT-06545,Admin,4,7.8,6.2,2.9,50000,Yes,No
INT-06546,IT,19,9.1,7.4,6.9,75000,No,Yes
INT-06547,Engineering,18,5.8,7.9,7.6,50000,No,Yes
INT-06548,Engineering,19,7.1,7.1,6.0,50000,No,Yes
INT-06549,IT,23,7.8,7.5,2.7,75000,No,Yes
INT-06550,Admin,4,3.0,7.7,4.7,150000,No,No
INT-06551,Admin,20,8.4,8.5,3.2,0,No,Yes
INT-06552,Engineering,8,7.8,9.1,5.0,100000,No,Yes
INT-06553,Engineering,8,7.1,8.4,1.2,50000,No,Yes
INT-06554,IT,10,8.4,8.8,2.0,50000,No,Yes
INT-06555,Finance,16,5.6,9.0,1.7,50000,Yes,Yes
INT-06556,Engineering,15,3.5,7.7,7.7,50000,No,No
INT-06557,Admin,7,7.0,8.0,9.0,75000,No,No
INT-06558,IT,7,7.1,6.3,20.1,75000,No,No
INT-06559,Finance,24,9.0,7.4,2.9,75000,Yes,Yes
INT-06560,Marketing,24,7.6,9.0,4.5,100000,No,Yes
INT-06561,IT,9,7.9,9.6,8.3,75000,Yes,Yes
INT-06562,Admin,18,8.5,6.7,29.0,150000,No,No
INT-06563,IT,24,9.2,8.1,4.5,50000,Yes,Yes
INT-06564,Engineering,22,9.8,4.1,3.2,75000,Yes,Yes
INT-06565,IT,9,7.2,6.1,4.4,25000,Yes,Yes
INT-06566,Admin,15,4.4,9.6,3.5,50000,No,No
INT-06567,Engineering,17,9.7,7.9,1.2,25000,Yes,Yes
INT-06568,Engineering,21,8.3,4.9,3.9,75000,Yes,Yes
INT-06569,Admin,15,9.2,5.2,7.5,100000,No,Yes
INT-06570,Admin,18,6.8,6.9,2.1,75000,No,Yes
INT-06571,Engineering,22,5.7,8.6,14.8,150000,No,Yes
INT-06572,IT,11,2.8,7.0,11.1,100000,No,No
INT-06573,IT,12,7.7,8.9,7.0,100000,No,Yes
INT-06574,Finance,8,6.5,7.1,11.2,75000,No,Yes
INT-06575,IT,8,8.1,5.6,3.5,25000,Yes,Yes
INT-06576,Engineering,9,8.3,6.9,2.3,50000,No,Yes
INT-06577,Marketing,6,8.1,5.4,15.3,75000,Yes,Yes
INT-06578,IT,8,8.7,8.0,14.2,75000,Yes,Yes
INT-06579,Admin,4,9.5,4.8,11.2,75000,Yes,No
INT-06580,Engineering,14,9.2,4.6,2.9,25000,Yes,Yes
INT-06581,Finance,24,5.5,6.4,3.9,150000,Yes,Yes
INT-06582,Marketing,23,6.0,8.9,4.3,0,No,No
INT-06583,Engineering,4,9.4,6.3,2.1,150000,No,Yes
INT-06584,IT,10,7.3,6.5,11.9,25000,No,Yes
INT-06585,Engineering,18,7.9,7.9,2.1,50000,Yes,Yes
INT-06586,Admin,20,5.6,4.2,2.5,50000,No,No
INT-06587,Admin,11,6.4,3.9,0.9,0,Yes,No
INT-06588,IT,5,8.9,8.3,9.2,100000,No,Yes
INT-06589,IT,16,6.0,7.3,21.7,0,No,No
INT-06590,Finance,15,5.2,7.5,5.8,25000,No,Yes
INT-06591,Admin,8,9.8,7.3,18.7,25000,No,No
INT-06592,Admin,16,5.1,7.3,15.2,75000,No,No
INT-06593,Admin,9,7.5,8.2,13.2,50000,Yes,Yes
INT-06594,Finance,18,7.0,5.0,2.0,100000,Yes,No
INT-06595,Engineering,24,8.0,9.7,4.3,50000,No,Yes
INT-06596,IT,14,4.8,7.4,9.2,50000,No,No
INT-06597,IT,7,9.7,8.0,3.9,25000,Yes,Yes
INT-06598,IT,4,8.8,6.8,10.4,25000,No,Yes
INT-06599,Marketing,18,9.9,7.1,3.2,50000,Yes,Yes
INT-06600,Engineering,15,8.1,8.1,4.5,100000,No,Yes
INT-06601,Engineering,12,9.0,7.5,11.0,50000,No,Yes
INT-06602,Engineering,14,7.1,6.3,1.5,50000,No,No
INT-06603,Admin,8,9.6,5.9,12.9,100000,No,No
INT-06604,Finance,10,5.6,6.2,10.5,75000,Yes,No
INT-06605,Engineering,11,8.4,7.4,5.3,100000,No,Yes
INT-06606,IT,4,9.0,7.1,5.1,100000,Yes,Yes
INT-06607,IT,4,4.7,4.6,19.5,50000,No,No
INT-06608,Engineering,6,6.5,8.1,10.6,25000,Yes,No
INT-06609,Marketing,11,8.7,8.0,8.2,100000,No,Yes
INT-06610,Admin,14,7.4,4.7,16.5,75000,No,No
INT-06611,Finance,4,8.4,4.8,3.7,0,No,No
INT-06612,Finance,17,7.8,9.0,3.2,50000,No,Yes
INT-06613,IT,4,8.4,7.2,2.4,75000,No,Yes
INT-06614,IT,9,7.5,7.3,6.4,150000,No,No
INT-06615,IT,24,8.3,7.4,35.9,25000,Yes,No
INT-06616,Engineering,9,4.7,5.7,21.6,25000,Yes,Yes
INT-06617,IT,6,7.5,3.4,5.4,75000,Yes,Yes
INT-06618,Admin,13,9.3,9.4,1.4,75000,Yes,Yes
INT-06619,Engineering,15,7.8,5.3,17.1,75000,Yes,No
INT-06620,Engineering,13,8.8,6.6,21.0,50000,No,No
INT-06621,IT,5,7.8,9.4,2.0,100000,Yes,Yes
INT-06622,Admin,16,4.4,6.4,17.7,50000,No,No
INT-06623,Admin,19,9.4,8.4,5.2,50000,No,Yes
INT-06624,Engineering,16,8.5,5.3,0.6,0,No,Yes
INT-06625,Finance,7,7.8,6.2,23.4,25000,No,No
INT-06626,IT,7,8.8,8.8,0.8,150000,No,Yes
INT-06627,Finance,14,6.1,9.3,0.8,0,Yes,No
INT-06628,Engineering,17,7.1,6.8,27.0,75000,No,No
INT-06629,Engineering,6,8.1,5.1,2.4,0,No,No
INT-06630,Engineering,22,8.2,5.1,7.0,150000,No,Yes
INT-06631,Admin,4,6.2,8.1,23.4,50000,No,No
INT-06632,IT,8,8.0,7.8,23.0,100000,No,Yes
INT-06633,Engineering,20,9.6,7.0,2.0,25000,No,Yes
INT-06634,Engineering,4,7.7,6.9,6.3,100000,Yes,Yes
INT-06635,Engineering,22,7.5,6.8,0.6,50000,No,Yes
INT-06636,Admin,22,7.3,7.6,1.3,100000,No,Yes
INT-06637,Marketing,7,8.5,8.7,24.2,25000,No,No
INT-06638,Engineering,22,7.9,7.4,4.8,50000,No,Yes
INT-06639,IT,9,7.4,6.1,1.8,50000,No,Yes
INT-06640,Admin,18,8.6,9.1,8.5,25000,Yes,Yes
INT-06641,Finance,7,7.1,6.5,2.0,50000,No,Yes
INT-06642,Finance,4,6.7,8.0,31.9,25000,Yes,No
INT-06643,Admin,20,8.3,8.9,9.4,50000,No,Yes
INT-06644,Finance,14,8.9,7.9,4.2,75000,No,Yes
INT-06645,IT,20,6.9,7.1,4.3,0,No,Yes
INT-06646,Admin,4,8.7,7.1,20.4,150000,No,Yes
INT-06647,Finance,12,7.6,7.6,18.5,75000,Yes,No
INT-06648,Finance,17,8.2,3.8,24.5,150000,Yes,No
INT-06649,Engineering,18,6.0,6.9,5.3,150000,Yes,Yes
INT-06650,Finance,4,8.3,4.7,15.7,75000,No,No
INT-06651,IT,5,8.6,9.1,5.8,0,No,Yes
INT-06652,Finance,21,6.6,6.1,8.5,100000,No,Yes
INT-06653,Admin,21,6.7,5.3,6.2,150000,Yes,Yes
INT-06654,IT,9,8.1,8.4,8.0,100000,No,Yes
INT-06655,IT,23,7.3,8.8,6.2,75000,No,No
INT-06656,Admin,11,8.5,5.8,1.8,0,Yes,Yes
INT-06657,IT,4,7.5,8.6,1.4,50000,Yes,Yes
INT-06658,Admin,18,7.5,5.1,23.2,50000,No,No
INT-06659,IT,13,9.4,6.4,6.2,150000,No,Yes
INT-06660,IT,7,8.6,6.7,23.3,50000,No,No
INT-06661,Engineering,13,5.2,8.7,9.8,150000,Yes,Yes
INT-06662,Admin,14,8.6,5.0,1.2,50000,No,Yes
INT-06663,Admin,8,9.0,6.8,2.3,0,No,Yes
INT-06664,Engineering,12,8.0,6.3,12.2,0,No,Yes
INT-06665,Finance,8,9.6,9.1,2.1,25000,No,Yes
INT-06666,Finance,14,9.6,6.0,0.6,100000,No,Yes
INT-06667,Admin,6,7.0,8.8,1.4,50000,No,Yes
INT-06668,Engineering,7,7.0,9.8,5.7,100000,No,Yes
INT-06669,IT,13,8.2,9.2,1.9,50000,No,Yes
INT-06670,IT,10,7.2,7.5,0.9,75000,Yes,Yes
INT-06671,Admin,4,5.9,7.0,11.4,75000,Yes,Yes
INT-06672,Finance,9,9.3,4.3,29.1,50000,Yes,No
INT-06673,IT,11,9.3,6.0,31.2,50000,Yes,No
INT-06674,IT,20,7.3,8.3,18.9,50000,No,No
INT-06675,IT,10,8.7,4.2,0.7,50000,No,Yes
INT-06676,Finance,4,5.9,7.1,2.7,100000,Yes,No
INT-06677,Engineering,12,6.8,7.2,1.7,25000,No,Yes
INT-06678,IT,14,5.7,7.1,8.7,150000,No,Yes
INT-06679,Engineering,22,4.4,6.6,15.7,100000,No,No
INT-06680,Engineering,5,9.1,8.0,7.3,75000,No,Yes
INT-06681,Engineering,14,8.0,7.5,3.9,25000,No,Yes
INT-06682,IT,6,6.7,4.0,19.9,25000,No,No
INT-06683,Finance,20,7.9,7.5,6.1,75000,Yes,No
INT-06684,Admin,13,6.0,5.8,2.0,0,Yes,Yes
INT-06685,Engineering,6,6.2,8.7,6.6,50000,Yes,No
INT-06686,IT,6,8.3,5.4,0.6,25000,No,Yes
INT-06687,Admin,24,8.6,6.9,0.8,0,No,Yes
INT-06688,Admin,10,9.5,7.8,8.4,150000,Yes,Yes
INT-06689,Engineering,5,9.3,3.7,10.8,50000,No,No
INT-06690,IT,4,9.4,7.5,1.7,25000,No,No
INT-06691,Finance,10,7.8,6.5,6.6,0,Yes,Yes
INT-06692,IT,23,5.1,6.4,12.3,100000,Yes,No
INT-06693,Engineering,14,6.0,6.6,17.6,0,No,Yes
INT-06694,Finance,9,6.0,5.6,5.6,0,No,No
INT-06695,Engineering,7,9.6,6.7,1.5,25000,No,Yes
INT-06696,Engineering,22,7.6,4.9,1.1,50000,Yes,No
INT-06697,Engineering,24,7.0,6.4,16.0,75000,No,Yes
INT-06698,Admin,22,7.2,7.1,1.1,75000,Yes,Yes
INT-06699,Finance,17,7.8,5.9,14.1,50000,No,Yes
INT-06700,IT,6,7.0,6.2,5.1,75000,No,Yes
INT-06701,Engineering,7,4.8,5.5,5.1,50000,Yes,Yes
INT-06702,Engineering,11,8.2,6.8,6.3,75000,No,Yes
INT-06703,Admin,21,9.0,7.9,1.7,100000,Yes,Yes
INT-06704,Admin,7,6.8,8.8,11.4,150000,No,Yes
INT-06705,Admin,14,8.5,5.5,3.4,100000,No,Yes
INT-06706,Finance,19,7.1,6.2,7.8,75000,Yes,Yes
INT-06707,Marketing,6,6.1,6.8,0.5,0,No,Yes
INT-06708,Engineering,10,8.9,7.7,3.1,25000,No,Yes
INT-06709,Engineering,5,6.4,6.5,0.8,25000,No,No
INT-06710,Marketing,4,6.3,5.7,3.5,75000,Yes,Yes
INT-06711,IT,4,7.2,6.1,1.6,25000,No,Yes
INT-06712,IT,9,7.3,5.6,1.1,25000,No,Yes
INT-06713,Engineering,22,9.1,7.1,15.6,50000,No,Yes
INT-06714,Finance,10,4.5,7.1,4.1,50000,No,No
INT-06715,Finance,8,9.5,8.0,14.5,25000,Yes,Yes
INT-06716,Admin,24,9.8,5.4,18.4,75000,No,Yes
INT-06717,IT,21,6.4,6.7,6.1,50000,No,Yes
INT-06718,Admin,16,6.6,6.1,7.2,75000,No,Yes
INT-06719,IT,4,7.8,9.4,8.8,25000,Yes,No
INT-06720,IT,13,6.9,8.5,8.8,0,No,Yes
INT-06721,Finance,12,6.8,8.7,6.5,75000,Yes,Yes
INT-06722,IT,20,8.0,8.9,7.7,75000,No,Yes
INT-06723,Finance,4,6.8,7.0,5.2,75000,No,Yes
INT-06724,Admin,4,7.8,4.1,20.3,0,No,No
INT-06725,Engineering,10,5.8,9.2,10.7,50000,No,Yes
INT-06726,IT,7,7.0,9.4,3.5,150000,No,Yes
INT-06727,Admin,24,5.6,6.6,3.8,75000,Yes,Yes
INT-06728,IT,15,7.6,3.9,5.4,100000,No,Yes
INT-06729,Marketing,19,8.6,8.8,0.8,0,Yes,Yes
INT-06730,Finance,17,5.0,8.4,38.5,50000,Yes,No
INT-06731,Admin,13,7.2,7.7,5.5,150000,No,Yes
INT-06732,IT,17,8.3,3.9,12.4,25000,No,No
INT-06733,Marketing,10,8.7,8.1,1.9,100000,No,Yes
INT-06734,Admin,7,6.8,6.6,8.0,0,No,No
INT-06735,IT,5,9.6,8.0,4.3,25000,Yes,Yes
INT-06736,Engineering,21,6.3,4.6,18.2,25000,No,No
INT-06737,Marketing,19,8.7,8.3,22.1,0,Yes,No
INT-06738,IT,12,7.6,8.0,8.3,75000,Yes,Yes
INT-06739,IT,8,9.5,5.9,1.0,100000,No,Yes
INT-06740,Marketing,12,9.0,8.1,5.5,50000,No,Yes
INT-06741,IT,11,7.6,3.1,0.6,75000,Yes,Yes
INT-06742,IT,23,8.8,6.7,6.3,25000,No,Yes
INT-06743,Engineering,19,7.3,7.7,6.1,25000,No,No
INT-06744,Finance,23,8.3,6.0,4.8,50000,No,Yes
INT-06745,Admin,21,7.7,4.8,3.8,25000,No,Yes
INT-06746,Marketing,7,8.6,6.8,7.4,100000,No,No
INT-06747,Engineering,19,7.7,7.6,2.1,25000,Yes,Yes
INT-06748,IT,7,8.8,5.2,0.7,0,No,Yes
INT-06749,Marketing,9,9.6,4.9,12.9,100000,Yes,Yes
INT-06750,Admin,6,8.5,9.4,12.8,150000,No,Yes
INT-06751,IT,21,6.9,5.7,7.4,75000,Yes,Yes
INT-06752,Engineering,18,9.2,5.0,14.7,25000,Yes,No
INT-06753,Admin,11,5.9,9.4,6.3,75000,Yes,No
INT-06754,IT,21,8.3,5.1,0.6,25000,Yes,Yes
INT-06755,IT,6,8.6,8.4,1.8,25000,No,Yes
INT-06756,Admin,9,7.1,4.5,5.4,25000,No,No
INT-06757,Finance,24,8.0,9.0,16.4,100000,No,Yes
INT-06758,Engineering,18,7.5,8.4,2.5,0,No,Yes
INT-06759,Marketing,15,5.9,7.9,0.8,75000,No,No
INT-06760,IT,8,9.0,8.2,4.8,25000,No,Yes
INT-06761,IT,10,6.6,6.8,1.1,75000,No,Yes
INT-06762,IT,18,9.6,8.0,6.9,25000,Yes,Yes
INT-06763,IT,10,8.4,6.3,1.0,25000,No,Yes
INT-06764,IT,16,9.2,5.1,0.6,75000,No,Yes
INT-06765,Finance,6,7.3,7.2,23.5,100000,No,No
INT-06766,Marketing,16,6.0,5.6,9.3,100000,Yes,No
INT-06767,Marketing,6,3.8,7.1,1.5,50000,No,No
INT-06768,IT,5,9.2,8.7,7.0,50000,No,No
INT-06769,Finance,7,6.6,8.4,2.9,75000,Yes,Yes
INT-06770,Admin,20,5.1,8.6,12.0,150000,No,No
INT-06771,IT,9,5.5,7.6,14.0,100000,No,Yes
INT-06772,Finance,14,7.4,5.4,6.2,50000,No,Yes
INT-06773,Engineering,9,3.6,4.1,4.7,50000,Yes,No
INT-06774,IT,5,6.0,9.3,3.6,25000,No,Yes
INT-06775,Admin,20,7.5,9.0,0.8,50000,Yes,Yes
INT-06776,IT,6,7.6,3.6,7.1,25000,No,No
INT-06777,Engineering,15,2.8,4.8,6.2,50000,Yes,No
INT-06778,Admin,17,9.5,7.3,2.4,50000,No,Yes
INT-06779,Marketing,5,6.3,6.7,6.6,50000,No,No
INT-06780,IT,8,8.8,7.0,5.5,50000,Yes,Yes
INT-06781,Admin,13,7.3,5.8,2.9,0,Yes,No
INT-06782,Admin,13,6.5,9.0,11.4,50000,No,Yes
INT-06783,Engineering,24,9.2,8.2,2.8,50000,No,Yes
INT-06784,Admin,12,6.7,6.9,5.3,50000,No,No
INT-06785,Engineering,24,8.6,9.0,6.6,0,No,Yes
INT-06786,Finance,16,5.0,7.0,13.8,75000,Yes,Yes
INT-06787,Marketing,13,7.7,6.6,4.9,100000,No,Yes
INT-06788,Finance,9,8.9,5.5,2.4,25000,Yes,Yes
INT-06789,Finance,14,8.4,8.5,0.6,25000,Yes,Yes
INT-06790,Engineering,7,7.7,7.7,2.8,50000,Yes,Yes
INT-06791,Finance,17,9.4,4.8,11.6,0,No,No
INT-06792,Admin,20,7.3,9.6,14.2,50000,No,No
INT-06793,Admin,23,6.8,6.1,7.8,25000,No,No
INT-06794,Admin,5,8.5,7.1,24.2,25000,No,No
INT-06795,Admin,13,2.9,8.0,6.4,75000,Yes,No
INT-06796,IT,6,7.1,8.0,5.7,50000,Yes,Yes
INT-06797,Marketing,10,6.9,8.6,14.8,100000,No,Yes
INT-06798,Admin,10,2.4,5.7,2.0,0,Yes,No
INT-06799,IT,4,5.7,5.5,0.6,100000,No,Yes
INT-06800,Engineering,11,7.3,6.6,17.6,75000,No,No
INT-06801,IT,4,5.1,7.7,6.6,75000,No,Yes
INT-06802,IT,11,5.2,5.3,11.4,50000,No,No
INT-06803,IT,17,9.3,7.9,8.4,0,Yes,Yes
INT-06804,Admin,17,9.0,6.0,9.2,25000,Yes,Yes
INT-06805,Admin,5,6.1,6.4,7.6,50000,No,No
INT-06806,Finance,11,7.7,4.6,10.8,50000,No,Yes
INT-06807,Engineering,22,5.9,9.4,1.5,75000,No,Yes
INT-06808,Admin,13,8.1,5.0,2.8,100000,Yes,Yes
INT-06809,Admin,10,5.9,6.7,5.7,150000,No,Yes
INT-06810,Admin,16,8.5,7.6,10.6,0,No,Yes
INT-06811,Finance,24,7.2,5.4,3.5,75000,No,No
INT-06812,IT,18,6.1,8.7,13.7,25000,No,Yes
INT-06813,IT,14,6.9,4.5,1.0,100000,No,No
INT-06814,Finance,17,8.3,7.2,13.0,50000,No,Yes
INT-06815,Admin,14,7.0,8.6,10.1,25000,Yes,Yes
INT-06816,IT,5,6.5,7.8,1.0,50000,No,Yes
INT-06817,IT,5,7.6,8.5,0.8,75000,No,Yes
INT-06818,Marketing,15,7.7,5.8,15.2,100000,Yes,Yes
INT-06819,Finance,18,6.8,6.5,1.8,75000,No,Yes
INT-06820,Engineering,20,8.3,7.4,2.8,75000,Yes,Yes
INT-06821,Admin,17,8.4,6.8,18.6,75000,Yes,Yes
INT-06822,Engineering,19,4.3,8.4,3.9,50000,No,No
INT-06823,Marketing,11,7.5,8.2,6.5,0,No,No
INT-06824,Marketing,20,5.9,6.9,0.8,75000,Yes,No
INT-06825,IT,8,7.9,8.3,7.2,50000,Yes,Yes
INT-06826,Finance,15,9.5,8.3,10.5,25000,Yes,Yes
INT-06827,IT,9,9.4,8.2,7.2,150000,Yes,Yes
INT-06828,IT,21,8.1,8.3,13.7,50000,No,Yes
INT-06829,Engineering,8,5.7,6.7,12.5,25000,Yes,Yes
INT-06830,Admin,9,7.1,7.0,5.7,0,No,No
INT-06831,Marketing,12,4.5,6.8,8.8,100000,Yes,No
INT-06832,IT,18,7.5,8.6,3.1,25000,No,Yes
INT-06833,Engineering,13,6.9,9.3,4.1,50000,Yes,Yes
INT-06834,Marketing,20,8.3,8.0,8.3,75000,Yes,Yes
INT-06835,Marketing,22,8.3,7.7,9.1,0,No,Yes
INT-06836,IT,15,6.6,7.9,1.2,50000,No,Yes
INT-06837,Admin,12,6.8,7.4,14.2,0,Yes,No
INT-06838,Engineering,18,7.8,4.2,8.6,50000,No,Yes
INT-06839,IT,17,5.5,5.3,3.7,25000,Yes,No
INT-06840,Marketing,4,8.5,4.9,2.6,0,Yes,No
INT-06841,Marketing,20,8.4,7.7,7.9,25000,No,Yes
INT-06842,IT,4,7.9,6.1,10.0,75000,No,Yes
INT-06843,IT,24,5.7,9.9,21.6,100000,Yes,Yes
INT-06844,IT,16,6.2,8.1,2.1,75000,Yes,Yes
INT-06845,Marketing,11,7.2,7.8,6.1,0,No,Yes
INT-06846,IT,16,8.0,9.0,25.3,0,No,No
INT-06847,Admin,19,9.2,9.2,19.7,150000,Yes,Yes
INT-06848,Admin,5,6.0,5.1,5.7,150000,Yes,Yes
INT-06849,Engineering,16,8.2,5.5,6.9,100000,No,Yes
INT-06850,IT,21,8.0,6.4,20.4,50000,No,No
INT-06851,IT,6,8.3,6.1,0.8,50000,No,Yes
INT-06852,Marketing,16,7.7,6.0,30.4,100000,No,No
INT-06853,Marketing,22,8.5,5.4,30.7,100000,No,No
INT-06854,Finance,16,8.3,6.7,23.6,50000,Yes,No
INT-06855,IT,22,8.8,9.0,27.4,50000,Yes,Yes
INT-06856,Admin,7,3.3,8.5,3.4,50000,No,No
INT-06857,Engineering,22,6.2,6.7,0.8,25000,No,Yes
INT-06858,IT,21,6.9,6.3,3.2,75000,No,Yes
INT-06859,Marketing,9,9.5,9.1,3.9,25000,No,Yes
INT-06860,Engineering,22,5.9,9.3,4.0,150000,No,Yes
INT-06861,IT,7,5.9,6.0,9.6,50000,No,No
INT-06862,Marketing,7,7.1,9.7,16.4,50000,No,No
INT-06863,Marketing,10,8.0,8.8,2.5,75000,No,Yes
INT-06864,IT,10,8.3,7.5,5.2,75000,No,Yes
INT-06865,Engineering,19,7.2,6.2,4.3,75000,No,No
INT-06866,Admin,19,8.5,7.0,12.1,50000,No,Yes
INT-06867,Admin,8,8.4,5.9,3.6,50000,Yes,No
INT-06868,IT,18,8.7,7.8,1.0,25000,Yes,Yes
INT-06869,Engineering,7,8.6,9.3,3.7,75000,No,Yes
INT-06870,Marketing,16,7.6,7.2,4.0,25000,No,Yes
INT-06871,Engineering,22,5.2,6.7,14.3,50000,No,No
INT-06872,IT,10,6.9,6.6,6.9,75000,No,Yes
INT-06873,Engineering,15,8.9,8.6,6.4,75000,No,Yes
INT-06874,Admin,12,8.8,9.1,7.8,150000,Yes,Yes
INT-06875,Finance,20,8.1,5.1,7.1,25000,No,No
INT-06876,Admin,5,7.3,6.9,9.7,50000,No,Yes
INT-06877,IT,19,6.0,5.7,19.2,100000,No,Yes
INT-06878,IT,10,7.6,4.7,17.2,25000,No,Yes
INT-06879,Finance,21,8.2,9.0,6.0,50000,No,Yes
INT-06880,IT,10,8.8,4.7,15.5,75000,No,No
INT-06881,Finance,4,8.4,9.4,16.4,75000,No,Yes
INT-06882,IT,6,9.7,7.7,13.0,75000,No,Yes
INT-06883,Admin,24,8.9,6.2,0.8,50000,Yes,Yes
INT-06884,Admin,14,9.0,8.6,9.2,25000,No,Yes
INT-06885,Marketing,18,9.1,4.1,3.5,100000,No,Yes
INT-06886,Marketing,6,5.3,5.2,17.0,150000,No,No
INT-06887,IT,16,8.7,8.8,3.2,75000,No,Yes
INT-06888,Admin,7,9.3,7.7,20.6,50000,No,Yes
INT-06889,IT,11,5.7,6.2,8.1,150000,Yes,Yes
INT-06890,Engineering,7,6.9,9.6,8.8,25000,No,No
INT-06891,Admin,21,7.7,4.8,18.0,150000,Yes,Yes
INT-06892,Marketing,10,6.7,6.9,34.3,50000,No,No
INT-06893,Marketing,14,8.4,7.6,3.5,50000,Yes,No
INT-06894,Admin,7,6.8,6.6,1.2,75000,No,Yes
INT-06895,Admin,16,8.9,6.2,10.8,25000,Yes,No
INT-06896,Finance,12,7.9,7.2,1.1,75000,No,Yes
INT-06897,Finance,12,7.9,5.3,6.6,50000,No,No
INT-06898,IT,24,8.3,8.2,3.9,50000,No,Yes
INT-06899,Admin,22,8.0,8.6,4.5,75000,No,Yes
INT-06900,Admin,6,6.0,6.3,2.6,75000,No,No
INT-06901,IT,15,9.7,8.3,10.1,0,Yes,Yes
INT-06902,IT,14,8.0,4.6,7.3,25000,Yes,Yes
INT-06903,IT,23,7.9,8.5,24.9,25000,Yes,No
INT-06904,Engineering,14,5.4,7.7,4.0,50000,Yes,Yes
INT-06905,IT,20,9.3,8.6,4.5,50000,Yes,Yes
INT-06906,IT,24,4.5,6.3,1.9,100000,Yes,Yes
INT-06907,IT,17,5.5,6.2,8.1,75000,No,Yes
INT-06908,Finance,19,7.7,6.6,1.3,100000,Yes,Yes
INT-06909,Finance,13,7.3,6.3,28.1,75000,Yes,No
INT-06910,Admin,7,8.5,7.7,19.8,25000,No,No
INT-06911,Admin,13,6.7,3.7,10.1,50000,Yes,Yes
INT-06912,Marketing,23,9.6,7.1,3.6,75000,Yes,Yes
INT-06913,IT,15,7.1,5.6,4.0,50000,Yes,Yes
INT-06914,IT,12,3.2,8.5,1.2,25000,Yes,Yes
INT-06915,IT,18,6.6,7.4,2.8,0,No,Yes
INT-06916,IT,12,6.3,8.5,4.0,50000,Yes,Yes
INT-06917,Admin,10,7.8,5.2,5.3,100000,Yes,Yes
INT-06918,Marketing,15,6.2,8.3,5.5,100000,No,Yes
INT-06919,Engineering,23,5.5,9.8,17.8,150000,No,Yes
INT-06920,Admin,17,8.4,8.6,5.3,75000,No,Yes
INT-06921,Marketing,19,8.3,6.0,25.8,50000,Yes,No
INT-06922,IT,22,7.9,8.9,1.2,100000,No,Yes
INT-06923,IT,6,8.5,4.8,2.4,50000,No,Yes
INT-06924,Engineering,14,8.1,7.6,4.4,25000,No,Yes
INT-06925,Engineering,24,8.3,6.9,18.0,150000,No,Yes
INT-06926,IT,23,3.5,7.0,1.5,0,Yes,No
INT-06927,Admin,22,7.4,7.8,4.0,150000,Yes,Yes
INT-06928,Engineering,11,7.6,9.7,1.5,25000,No,Yes
INT-06929,Engineering,23,4.1,7.0,12.4,100000,No,Yes
INT-06930,Engineering,11,8.5,7.0,3.2,150000,No,Yes
INT-06931,Admin,6,7.9,6.5,5.1,100000,No,Yes
INT-06932,IT,13,8.3,7.2,14.1,150000,No,Yes
INT-06933,Admin,16,7.2,5.6,2.0,75000,No,No
INT-06934,IT,12,8.2,5.9,24.0,50000,No,Yes
INT-06935,Marketing,9,6.1,3.7,4.5,150000,No,No
INT-06936,Admin,18,5.2,9.2,3.7,0,No,No
INT-06937,Admin,19,9.2,6.6,2.2,25000,Yes,Yes
INT-06938,Finance,8,8.4,4.6,5.5,100000,Yes,Yes
INT-06939,Admin,24,8.7,6.8,32.1,75000,No,No
INT-06940,Admin,16,8.4,4.7,5.9,100000,Yes,Yes
INT-06941,Finance,22,6.0,6.6,5.3,50000,Yes,Yes
INT-06942,Finance,5,8.4,5.2,0.6,100000,No,Yes
INT-06943,Engineering,9,5.9,5.9,3.2,50000,Yes,No
INT-06944,IT,4,7.9,8.5,2.6,25000,No,Yes
INT-06945,Engineering,18,7.8,4.8,0.8,75000,No,Yes
INT-06946,Finance,18,6.4,9.1,5.2,25000,No,Yes
INT-06947,IT,17,7.0,7.6,1.7,25000,No,No
INT-06948,IT,10,6.3,8.7,6.1,0,No,Yes
INT-06949,Finance,8,5.0,5.7,5.4,75000,Yes,Yes
INT-06950,IT,23,8.8,7.5,2.5,50000,No,Yes
INT-06951,Finance,19,7.6,8.6,13.3,100000,No,Yes
INT-06952,Admin,20,5.4,5.0,21.4,0,No,No
INT-06953,Admin,14,6.5,6.3,1.7,0,No,Yes
INT-06954,IT,18,5.8,5.5,1.3,75000,No,No
INT-06955,Finance,23,8.5,6.6,3.9,25000,No,Yes
INT-06956,Admin,19,6.4,8.4,8.0,50000,No,Yes
INT-06957,Engineering,6,8.8,6.1,8.5,50000,No,Yes
INT-06958,Engineering,9,6.3,5.6,8.3,0,No,No
INT-06959,Engineering,24,8.1,8.7,7.4,100000,No,Yes
INT-06960,Marketing,16,7.2,6.1,4.4,75000,No,Yes
INT-06961,Engineering,4,6.5,7.9,12.7,25000,No,Yes
INT-06962,Admin,24,7.3,6.1,25.0,0,Yes,No
INT-06963,Marketing,17,7.7,7.7,7.6,0,Yes,Yes
INT-06964,Engineering,5,6.5,8.4,2.5,75000,No,No
INT-06965,IT,5,7.5,6.8,7.1,150000,No,Yes
INT-06966,IT,18,6.2,7.4,11.8,100000,No,Yes
INT-06967,Finance,21,7.3,7.3,14.7,50000,No,No
INT-06968,Admin,12,7.3,7.6,10.6,150000,No,Yes
INT-06969,Engineering,6,9.4,7.5,18.2,25000,Yes,Yes
INT-06970,Admin,7,8.2,6.8,24.8,25000,No,No
INT-06971,IT,18,8.1,6.6,5.9,100000,No,Yes
INT-06972,Engineering,8,9.1,6.9,6.7,25000,Yes,Yes
INT-06973,IT,23,6.9,5.4,3.8,25000,No,Yes
INT-06974,Admin,23,8.6,7.3,9.1,50000,Yes,Yes
INT-06975,Engineering,8,8.9,8.4,7.7,100000,No,Yes
INT-06976,Admin,13,3.5,7.6,2.1,50000,No,Yes
INT-06977,Engineering,19,8.1,8.7,10.0,50000,Yes,Yes
INT-06978,Finance,15,6.2,6.4,13.6,150000,Yes,Yes
INT-06979,Finance,17,6.8,9.0,2.1,25000,Yes,No
INT-06980,IT,14,5.4,7.5,1.9,50000,No,Yes
INT-06981,IT,22,8.2,8.2,8.7,25000,Yes,Yes
INT-06982,Engineering,9,8.4,8.6,1.5,50000,No,Yes
INT-06983,Marketing,13,7.7,7.4,13.8,25000,Yes,No
INT-06984,Finance,23,8.3,8.4,8.7,25000,Yes,Yes
INT-06985,Finance,6,9.1,4.2,0.8,150000,Yes,Yes
INT-06986,Admin,18,5.4,9.7,12.3,25000,No,Yes
INT-06987,Admin,14,9.2,6.0,6.2,100000,No,Yes
INT-06988,Admin,5,7.5,5.1,6.0,50000,No,No
INT-06989,IT,9,6.7,4.7,3.5,25000,No,No
INT-06990,IT,20,5.5,6.8,3.2,25000,Yes,Yes
INT-06991,Marketing,21,5.7,8.6,6.1,25000,No,No
INT-06992,IT,7,6.9,6.8,0.5,50000,No,Yes
INT-06993,IT,12,4.1,8.2,13.2,50000,Yes,No
INT-06994,IT,13,8.1,3.1,12.8,50000,No,Yes
INT-06995,Marketing,24,6.9,9.1,11.1,50000,No,Yes
INT-06996,Engineering,5,7.1,6.2,7.9,0,Yes,Yes
INT-06997,Engineering,14,6.1,7.0,3.3,100000,No,Yes
INT-06998,Marketing,14,6.5,9.7,9.1,75000,Yes,Yes
INT-06999,Admin,14,6.8,9.1,1.6,50000,Yes,Yes
INT-07000,Engineering,4,9.1,6.4,2.9,50000,Yes,No
INT-07001,IT,17,6.5,4.0,0.9,150000,Yes,Yes
INT-07002,IT,4,6.0,4.2,16.2,100000,No,No
INT-07003,Finance,24,6.3,9.4,14.6,25000,No,No
INT-07004,Finance,12,6.6,4.6,5.3,0,No,No
INT-07005,Admin,4,6.3,6.2,5.1,150000,No,Yes
INT-07006,Admin,24,7.9,6.5,21.3,75000,No,Yes
INT-07007,Engineering,7,7.4,7.0,9.5,150000,Yes,Yes
INT-07008,IT,4,6.1,8.2,10.4,50000,Yes,Yes
INT-07009,IT,22,6.1,5.8,4.1,50000,No,Yes
INT-07010,IT,13,8.1,4.7,3.3,0,No,Yes
INT-07011,IT,18,7.9,6.1,1.5,150000,No,Yes
INT-07012,Finance,23,6.5,5.6,1.1,100000,No,Yes
INT-07013,IT,7,8.3,5.4,19.4,50000,No,Yes
INT-07014,IT,23,6.5,7.0,19.4,50000,Yes,No
INT-07015,Engineering,17,6.4,8.9,2.6,25000,Yes,Yes
INT-07016,Finance,8,8.8,9.3,0.8,0,Yes,Yes
INT-07017,IT,18,6.9,3.6,3.9,75000,No,No
INT-07018,IT,18,9.6,8.3,24.8,75000,No,No
INT-07019,Admin,19,8.2,4.7,3.4,50000,No,Yes
INT-07020,Engineering,19,8.5,7.6,16.5,150000,No,Yes
INT-07021,Engineering,7,6.9,7.7,14.1,150000,No,No
INT-07022,Finance,12,5.0,4.1,23.6,75000,No,No
INT-07023,Marketing,4,9.4,7.3,6.0,50000,No,No
INT-07024,Finance,8,8.4,7.8,20.9,25000,Yes,Yes
INT-07025,Engineering,12,7.2,7.7,11.3,100000,Yes,Yes
INT-07026,Admin,23,7.2,8.6,16.7,25000,No,No
INT-07027,IT,8,9.1,6.5,11.1,0,No,No
INT-07028,Marketing,7,7.2,3.9,5.4,75000,Yes,Yes
INT-07029,Admin,19,7.0,6.2,20.6,25000,Yes,No
INT-07030,IT,5,8.0,6.8,13.4,100000,No,Yes
INT-07031,Engineering,19,6.1,9.5,8.7,100000,No,Yes
INT-07032,IT,21,8.6,5.1,5.8,75000,Yes,Yes
INT-07033,Engineering,5,6.2,7.6,1.3,75000,No,Yes
INT-07034,Engineering,19,8.2,8.5,14.0,25000,No,No
INT-07035,Admin,4,9.0,5.8,4.8,75000,Yes,Yes
INT-07036,Finance,19,7.6,6.0,4.1,50000,Yes,Yes
INT-07037,IT,6,8.7,7.3,2.6,25000,No,Yes
INT-07038,Admin,18,9.9,8.2,6.7,100000,No,Yes
INT-07039,Engineering,14,8.7,3.2,14.7,100000,Yes,Yes
INT-07040,Engineering,13,7.2,8.4,3.2,100000,No,Yes
INT-07041,Finance,20,6.3,8.2,20.8,100000,Yes,No
INT-07042,Admin,7,8.7,9.2,4.5,150000,No,Yes
INT-07043,Engineering,20,6.0,7.6,28.4,75000,No,No
INT-07044,IT,7,8.0,5.0,9.5,50000,No,Yes
INT-07045,Marketing,22,10.0,6.7,4.2,150000,Yes,No
INT-07046,Admin,4,7.3,9.5,33.4,100000,Yes,Yes
INT-07047,Engineering,17,7.0,3.9,7.7,75000,No,Yes
INT-07048,IT,14,7.3,5.4,12.2,25000,Yes,Yes
INT-07049,IT,10,3.5,8.2,5.3,100000,No,Yes
INT-07050,Admin,20,8.3,8.4,1.5,25000,Yes,Yes
INT-07051,Finance,7,7.2,7.0,27.1,100000,No,No
INT-07052,Engineering,13,9.4,9.1,3.6,75000,No,Yes
INT-07053,Marketing,20,8.9,8.4,20.5,50000,No,Yes
INT-07054,Admin,7,6.8,9.4,19.5,150000,No,No
INT-07055,Admin,22,7.6,6.4,1.3,75000,No,Yes
INT-07056,IT,21,8.2,6.2,1.5,25000,No,Yes
INT-07057,Finance,20,6.4,7.9,8.1,25000,No,Yes
INT-07058,IT,9,8.8,9.3,0.8,25000,Yes,Yes
INT-07059,Finance,10,6.9,9.2,4.9,100000,No,Yes
INT-07060,Marketing,9,6.1,9.9,6.5,25000,No,Yes
INT-07061,Marketing,15,5.6,6.3,2.3,150000,No,Yes
INT-07062,Engineering,12,7.7,6.9,12.3,50000,Yes,Yes
INT-07063,Engineering,21,8.9,8.0,5.0,100000,No,No
INT-07064,Finance,5,9.1,9.1,4.9,50000,No,Yes
INT-07065,IT,20,9.1,5.1,2.6,150000,Yes,Yes
INT-07066,Engineering,24,6.0,9.2,18.0,100000,No,Yes
INT-07067,IT,4,7.5,9.0,0.6,150000,No,Yes
INT-07068,Admin,12,9.1,5.8,0.6,100000,Yes,Yes
INT-07069,IT,9,9.5,8.8,43.6,75000,No,No
INT-07070,IT,5,9.4,5.9,0.7,100000,Yes,Yes
INT-07071,Admin,9,5.4,7.2,1.8,0,No,No
INT-07072,Admin,12,5.3,4.8,17.7,50000,No,No
INT-07073,Engineering,6,5.9,4.2,8.2,50000,Yes,No
INT-07074,IT,19,8.0,5.9,8.3,100000,No,No
INT-07075,Engineering,18,9.1,9.1,5.7,50000,No,Yes
INT-07076,IT,15,7.8,6.7,1.8,50000,No,Yes
INT-07077,Engineering,11,8.4,5.1,4.2,25000,Yes,Yes
INT-07078,Engineering,9,4.7,8.0,10.6,50000,Yes,No
INT-07079,Engineering,6,4.3,8.4,5.8,150000,No,Yes
INT-07080,Engineering,7,7.0,9.2,11.0,100000,No,Yes
INT-07081,Admin,13,5.5,7.6,0.6,75000,No,No
INT-07082,Finance,17,5.1,4.8,9.0,75000,No,No
INT-07083,Admin,24,8.6,9.1,7.7,50000,No,Yes
INT-07084,Admin,18,5.5,8.9,29.8,100000,Yes,No
INT-07085,Engineering,10,5.5,9.0,19.5,50000,No,Yes
INT-07086,IT,10,9.6,7.9,7.8,100000,No,No
INT-07087,Engineering,11,5.7,7.8,7.4,150000,No,Yes
INT-07088,Engineering,13,9.1,8.4,1.3,50000,Yes,Yes
INT-07089,Admin,22,8.6,2.7,23.2,75000,Yes,Yes
INT-07090,IT,22,8.0,6.3,10.3,100000,Yes,Yes
INT-07091,IT,5,8.3,6.0,6.1,50000,No,Yes
INT-07092,Marketing,18,7.3,6.7,16.1,100000,No,No
INT-07093,Engineering,4,8.3,7.2,11.0,75000,Yes,Yes
INT-07094,IT,13,7.6,4.1,7.1,100000,Yes,Yes
INT-07095,Admin,9,8.5,6.8,6.7,100000,Yes,Yes
INT-07096,Engineering,16,4.8,4.7,21.4,75000,Yes,No
INT-07097,Finance,13,6.0,6.3,13.3,25000,No,No
INT-07098,IT,15,7.3,8.1,4.6,75000,No,Yes
INT-07099,IT,9,5.6,5.1,8.4,25000,Yes,No
INT-07100,Finance,9,9.3,8.7,2.2,0,No,Yes
INT-07101,IT,4,8.4,7.3,22.2,150000,No,Yes
INT-07102,IT,15,9.4,9.8,10.0,50000,No,Yes
INT-07103,Marketing,13,8.9,8.3,26.3,50000,Yes,Yes
INT-07104,Engineering,17,9.2,7.4,3.3,50000,Yes,Yes
INT-07105,IT,18,6.2,4.4,3.5,100000,No,No
INT-07106,IT,7,4.4,3.9,14.8,100000,Yes,No
INT-07107,IT,4,8.6,6.2,2.9,75000,Yes,Yes
INT-07108,IT,11,2.4,5.5,4.0,100000,No,No
INT-07109,Finance,6,4.8,4.0,17.8,25000,Yes,No
INT-07110,Admin,17,8.8,8.6,6.3,100000,Yes,Yes
INT-07111,Engineering,20,7.0,5.6,3.4,25000,No,No
INT-07112,Marketing,5,7.7,6.3,4.7,75000,Yes,Yes
INT-07113,Admin,18,2.8,8.3,10.5,0,No,No
INT-07114,IT,9,9.1,7.2,1.9,150000,No,No
INT-07115,Engineering,8,7.5,7.2,26.7,75000,No,No
INT-07116,Marketing,17,5.7,4.9,5.9,150000,No,Yes
INT-07117,Finance,22,8.2,9.5,12.1,75000,Yes,Yes
INT-07118,IT,12,7.8,5.7,10.2,150000,Yes,Yes
INT-07119,Engineering,11,8.4,6.9,9.6,50000,Yes,Yes
INT-07120,Engineering,6,8.6,4.2,4.9,50000,Yes,Yes
INT-07121,Marketing,21,8.1,7.2,0.8,100000,No,Yes
INT-07122,IT,11,7.4,5.2,11.3,25000,No,Yes
INT-07123,Engineering,19,8.1,6.2,25.1,25000,Yes,Yes
INT-07124,Finance,18,5.3,8.9,6.1,75000,No,No
INT-07125,Admin,24,6.3,5.0,25.1,50000,No,No
INT-07126,Admin,18,7.8,8.4,6.6,50000,No,Yes
INT-07127,IT,19,6.4,7.5,2.0,100000,No,Yes
INT-07128,IT,4,6.1,7.1,2.7,25000,No,Yes
INT-07129,Admin,13,5.3,5.8,16.5,25000,Yes,Yes
INT-07130,Marketing,22,9.0,9.1,8.3,50000,Yes,Yes
INT-07131,IT,8,4.2,5.9,4.8,25000,No,No
INT-07132,Admin,21,8.6,4.8,13.4,0,Yes,Yes
INT-07133,Engineering,6,7.2,6.0,8.7,75000,No,Yes
INT-07134,IT,7,4.1,5.4,17.0,50000,No,No
INT-07135,Admin,7,9.1,8.2,28.8,75000,No,No
INT-07136,Engineering,14,5.8,5.1,8.9,25000,No,No
INT-07137,Finance,12,8.2,9.1,28.7,50000,No,Yes
INT-07138,Engineering,4,8.1,9.2,5.6,75000,No,Yes
INT-07139,Engineering,19,6.5,7.2,15.2,75000,Yes,Yes
INT-07140,IT,12,6.6,7.6,19.5,75000,No,No
INT-07141,Marketing,14,8.0,6.1,0.9,25000,Yes,Yes
INT-07142,IT,9,6.2,8.2,16.5,100000,No,Yes
INT-07143,Finance,20,7.5,9.3,4.7,75000,No,Yes
INT-07144,IT,15,8.8,8.1,4.6,25000,No,Yes
INT-07145,Marketing,11,7.5,3.1,12.7,50000,Yes,No
INT-07146,Engineering,19,7.3,7.0,2.8,50000,No,Yes
INT-07147,Finance,8,8.4,2.5,0.8,25000,No,Yes
INT-07148,IT,24,4.6,3.5,3.0,100000,No,No
INT-07149,Admin,4,5.6,8.7,8.9,75000,No,No
INT-07150,Engineering,20,8.7,6.2,25.0,50000,No,No
INT-07151,Finance,24,7.5,7.3,4.5,25000,No,Yes
INT-07152,IT,11,7.8,7.9,13.3,75000,No,Yes
INT-07153,Marketing,13,7.7,3.9,2.3,25000,No,Yes
INT-07154,Finance,21,8.9,8.9,15.8,50000,Yes,Yes
INT-07155,IT,18,8.1,3.1,12.1,50000,Yes,No
INT-07156,Finance,23,8.0,8.4,5.3,75000,Yes,Yes
INT-07157,Engineering,16,6.6,9.8,18.5,75000,Yes,No
INT-07158,Admin,13,8.2,7.4,0.8,150000,No,Yes
INT-07159,Admin,12,7.8,7.0,12.8,75000,Yes,Yes
INT-07160,Engineering,16,6.4,4.7,0.8,50000,No,No
INT-07161,Engineering,6,5.1,4.2,16.5,100000,No,No
INT-07162,Admin,6,4.3,7.8,2.1,75000,No,No
INT-07163,Engineering,4,4.5,2.8,0.8,50000,Yes,Yes
INT-07164,Engineering,5,4.2,5.8,3.5,0,No,Yes
INT-07165,Engineering,14,5.9,9.7,2.1,100000,Yes,Yes
INT-07166,IT,17,7.7,9.0,8.9,75000,No,Yes
INT-07167,Finance,13,8.0,7.8,5.6,50000,No,Yes
INT-07168,Admin,10,8.1,5.7,1.6,75000,Yes,No
INT-07169,IT,4,7.8,7.1,20.3,100000,No,Yes
INT-07170,IT,10,8.7,6.0,4.2,50000,Yes,Yes
INT-07171,Admin,18,8.5,3.6,3.2,75000,No,Yes
INT-07172,Finance,14,6.9,8.6,10.1,50000,Yes,Yes
INT-07173,Admin,9,6.3,8.9,4.5,75000,No,Yes
INT-07174,Engineering,10,7.6,8.0,1.8,50000,No,Yes
INT-07175,IT,10,8.3,5.1,7.5,25000,No,No
INT-07176,Admin,4,8.8,7.9,0.7,75000,Yes,Yes
INT-07177,Marketing,13,7.7,8.2,8.4,50000,No,Yes
INT-07178,Finance,24,8.3,9.3,16.7,25000,No,Yes
INT-07179,IT,18,7.5,7.8,2.9,100000,No,Yes
INT-07180,Engineering,11,9.3,4.8,15.8,50000,No,No
INT-07181,IT,22,9.1,7.4,2.7,50000,No,Yes
INT-07182,Admin,6,6.0,7.2,2.3,0,Yes,No
INT-07183,Finance,18,7.6,5.5,10.6,25000,Yes,Yes
INT-07184,Finance,7,8.0,6.9,1.0,50000,Yes,Yes
INT-07185,IT,9,7.8,8.9,0.8,75000,No,Yes
INT-07186,Marketing,13,5.6,9.5,5.4,0,Yes,Yes
INT-07187,Engineering,21,8.3,8.8,0.8,75000,Yes,Yes
INT-07188,Admin,19,6.7,6.6,6.0,75000,Yes,Yes
INT-07189,Engineering,21,4.6,8.1,8.9,0,No,No
INT-07190,Engineering,9,9.1,6.4,2.6,75000,Yes,Yes
INT-07191,Engineering,22,9.0,8.6,18.8,100000,No,Yes
INT-07192,Admin,20,5.5,8.2,2.3,75000,Yes,Yes
INT-07193,Engineering,21,8.5,5.8,2.7,50000,No,Yes
INT-07194,IT,16,9.2,6.2,20.0,0,No,No
INT-07195,Finance,10,6.3,6.3,9.8,75000,No,Yes
INT-07196,Engineering,23,7.6,4.9,6.5,75000,Yes,No
INT-07197,IT,15,8.4,7.9,3.7,100000,No,Yes
INT-07198,Finance,5,9.1,8.8,12.2,0,No,Yes
INT-07199,Marketing,15,6.0,8.4,7.6,25000,No,No
INT-07200,Marketing,15,9.3,7.1,3.8,0,No,Yes
INT-07201,Admin,7,9.2,8.4,14.5,50000,Yes,No
INT-07202,IT,7,5.3,7.3,13.2,25000,No,No
INT-07203,Engineering,21,6.9,6.9,23.1,0,No,No
INT-07204,IT,19,8.2,5.9,42.7,100000,Yes,No
INT-07205,Marketing,17,8.1,5.0,0.6,75000,No,Yes
INT-07206,IT,20,8.9,7.7,3.6,50000,No,Yes
INT-07207,IT,20,6.3,5.6,2.2,25000,No,No
INT-07208,Admin,6,8.1,8.5,2.4,50000,Yes,No
INT-07209,Admin,9,9.3,6.8,16.5,25000,No,Yes
INT-07210,Finance,16,8.3,9.6,30.0,25000,No,No
INT-07211,Admin,12,8.4,8.6,23.0,50000,Yes,No
INT-07212,IT,24,7.9,9.0,10.0,25000,No,Yes
INT-07213,IT,12,7.5,7.1,7.0,50000,No,Yes
INT-07214,Engineering,11,8.9,7.9,8.6,0,No,Yes
INT-07215,IT,20,8.6,9.4,16.0,25000,No,Yes
INT-07216,Engineering,19,5.4,4.7,0.6,75000,Yes,Yes
INT-07217,Engineering,19,6.2,8.0,5.0,25000,No,Yes
INT-07218,Engineering,22,8.4,3.7,6.2,75000,No,Yes
INT-07219,Marketing,19,8.8,7.6,21.1,0,Yes,Yes
INT-07220,Marketing,17,9.4,6.2,2.0,75000,No,Yes
INT-07221,Marketing,23,6.5,5.3,11.4,75000,Yes,No
INT-07222,IT,17,8.6,7.3,21.1,25000,Yes,Yes
INT-07223,IT,17,6.2,5.9,12.1,75000,Yes,Yes
INT-07224,Admin,17,5.6,7.8,0.6,25000,Yes,Yes
INT-07225,Finance,15,8.7,8.8,9.1,50000,Yes,Yes
INT-07226,Marketing,9,7.2,5.4,2.4,150000,Yes,Yes
INT-07227,Finance,23,8.1,9.4,7.9,100000,Yes,Yes
INT-07228,IT,16,9.1,7.2,7.3,100000,No,Yes
INT-07229,Marketing,19,8.9,7.5,25.7,50000,Yes,No
INT-07230,Admin,12,7.2,7.0,2.2,150000,No,Yes
INT-07231,IT,5,7.4,5.2,0.9,75000,Yes,No
INT-07232,Admin,6,6.3,7.3,8.1,0,No,No
INT-07233,IT,13,8.0,8.6,3.9,0,No,Yes
INT-07234,Engineering,23,9.3,8.7,11.6,75000,No,Yes
INT-07235,Admin,5,7.0,6.8,40.4,150000,No,No
INT-07236,Admin,13,9.0,7.3,4.6,75000,Yes,Yes
INT-07237,Engineering,11,8.9,9.1,1.8,50000,Yes,Yes
INT-07238,Finance,20,7.2,3.0,7.0,25000,No,Yes
INT-07239,Engineering,4,8.3,7.2,3.9,100000,Yes,Yes
INT-07240,Admin,9,6.2,3.7,13.2,75000,No,Yes
INT-07241,Finance,10,8.5,6.6,6.6,25000,No,Yes
INT-07242,Marketing,18,9.2,8.4,19.6,25000,Yes,Yes
INT-07243,IT,21,6.2,4.2,15.1,50000,No,No
INT-07244,Engineering,12,6.5,8.0,20.1,50000,No,No
INT-07245,IT,11,5.8,8.6,3.3,50000,No,Yes
INT-07246,IT,13,9.1,4.9,19.1,50000,Yes,No
INT-07247,Engineering,7,8.0,7.1,16.6,100000,No,Yes
INT-07248,Finance,23,5.4,8.3,8.4,25000,No,No
INT-07249,IT,11,8.4,4.3,19.8,25000,No,No
INT-07250,Finance,4,9.3,9.4,0.9,0,Yes,Yes
INT-07251,Finance,11,7.4,6.8,12.8,100000,No,Yes
INT-07252,Marketing,15,5.5,6.9,1.8,75000,No,Yes
INT-07253,IT,18,7.9,5.2,3.8,50000,Yes,Yes
INT-07254,Marketing,16,8.4,3.9,11.0,50000,Yes,Yes
INT-07255,Admin,19,8.9,8.5,2.4,100000,No,Yes
INT-07256,Engineering,21,9.5,7.3,2.6,50000,No,Yes
INT-07257,IT,4,6.6,7.4,2.4,75000,Yes,Yes
INT-07258,IT,20,8.4,7.8,5.4,25000,No,Yes
INT-07259,Engineering,19,7.2,9.6,1.2,150000,Yes,Yes
INT-07260,Admin,8,6.0,8.1,17.9,100000,Yes,Yes
INT-07261,IT,23,8.8,8.7,11.0,25000,No,Yes
INT-07262,IT,24,7.7,6.9,6.3,0,Yes,Yes
INT-07263,Engineering,13,8.3,4.5,1.2,50000,Yes,Yes
INT-07264,IT,9,9.3,7.4,1.6,100000,No,Yes
INT-07265,Finance,15,7.5,7.8,1.3,0,Yes,Yes
INT-07266,IT,13,8.2,5.6,0.6,75000,No,Yes
INT-07267,IT,20,7.9,7.3,9.3,0,Yes,Yes
INT-07268,Admin,5,7.8,9.0,6.2,0,No,Yes
INT-07269,Admin,22,9.6,8.3,4.4,50000,No,Yes
INT-07270,Admin,23,7.8,6.1,3.9,100000,No,Yes
INT-07271,Admin,9,3.8,6.9,5.5,0,No,No
INT-07272,Marketing,16,7.9,6.7,5.7,50000,No,Yes
INT-07273,Engineering,12,8.2,8.1,1.7,75000,No,Yes
INT-07274,IT,15,8.6,9.0,6.6,25000,No,Yes
INT-07275,Admin,21,4.8,6.5,0.9,75000,No,No
INT-07276,Finance,11,6.7,5.2,22.8,100000,No,No
INT-07277,Admin,21,7.2,7.1,10.5,100000,No,Yes
INT-07278,IT,5,5.3,7.0,0.6,75000,Yes,Yes
INT-07279,Finance,11,9.2,4.2,3.2,25000,No,Yes
INT-07280,Engineering,13,8.8,9.5,33.0,25000,No,Yes
INT-07281,Engineering,12,7.4,7.0,0.9,25000,No,Yes
INT-07282,IT,21,5.9,3.2,1.8,150000,No,No
INT-07283,IT,11,7.5,6.4,5.7,75000,Yes,Yes
INT-07284,Engineering,22,7.9,7.5,4.0,25000,Yes,Yes
INT-07285,IT,6,9.3,7.9,34.2,75000,No,No
INT-07286,Engineering,12,8.2,7.3,6.7,0,No,Yes
INT-07287,Engineering,16,8.9,7.0,23.2,100000,Yes,No
INT-07288,IT,12,8.2,9.6,4.3,100000,No,Yes
INT-07289,Marketing,23,9.8,7.5,3.0,75000,Yes,Yes
INT-07290,Finance,15,9.1,6.2,3.2,25000,No,Yes
INT-07291,Engineering,16,8.0,8.0,8.6,50000,Yes,Yes
INT-07292,IT,11,5.2,6.0,7.9,75000,No,Yes
INT-07293,IT,18,5.8,9.0,7.0,50000,No,Yes
INT-07294,Admin,16,8.7,8.5,2.2,75000,No,Yes
INT-07295,IT,24,8.0,6.6,2.9,50000,No,Yes
INT-07296,Marketing,16,9.4,4.1,3.2,50000,No,Yes
INT-07297,IT,20,5.9,9.1,16.6,25000,No,No
INT-07298,Admin,18,6.5,8.0,14.1,75000,No,No
INT-07299,Admin,22,8.1,8.7,2.3,25000,Yes,Yes
INT-07300,Engineering,6,6.2,8.8,1.8,50000,Yes,Yes
INT-07301,IT,17,9.5,5.4,1.4,75000,No,Yes
INT-07302,Admin,13,8.1,4.0,1.1,75000,No,No
INT-07303,IT,20,8.5,9.4,33.9,50000,No,Yes
INT-07304,Finance,11,6.9,7.7,13.8,0,No,No
INT-07305,IT,21,8.5,8.5,0.6,50000,No,Yes
INT-07306,Marketing,15,9.2,8.4,0.6,25000,Yes,Yes
INT-07307,Finance,20,8.4,6.6,9.9,50000,No,Yes
INT-07308,IT,14,7.7,5.3,3.5,25000,No,Yes
INT-07309,Finance,12,8.3,7.8,1.3,150000,Yes,Yes
INT-07310,IT,18,8.1,4.1,5.5,50000,Yes,No
INT-07311,Marketing,12,9.2,7.5,0.7,100000,No,Yes
INT-07312,Engineering,15,6.5,8.5,4.9,50000,No,Yes
INT-07313,Admin,14,6.5,8.6,2.7,50000,Yes,Yes
INT-07314,Admin,20,9.3,6.3,3.0,50000,No,Yes
INT-07315,IT,9,8.6,8.1,3.2,100000,Yes,Yes
INT-07316,Marketing,11,7.4,8.8,3.4,0,Yes,No
INT-07317,IT,13,6.1,8.4,0.7,50000,Yes,Yes
INT-07318,Engineering,18,7.4,4.6,7.3,25000,No,Yes
INT-07319,Admin,7,6.5,8.7,6.9,50000,Yes,Yes
INT-07320,Marketing,21,7.5,6.0,8.9,75000,Yes,Yes
INT-07321,IT,14,6.1,7.3,1.9,75000,Yes,Yes
INT-07322,Engineering,12,4.3,7.9,42.6,25000,No,No
INT-07323,Admin,12,6.4,8.2,1.7,75000,No,Yes
INT-07324,Engineering,11,7.3,8.0,13.9,100000,No,No
INT-07325,IT,6,8.8,7.3,2.5,75000,No,Yes
INT-07326,IT,24,5.4,5.8,5.1,50000,No,Yes
INT-07327,IT,21,7.7,7.0,3.6,75000,No,Yes
INT-07328,Engineering,17,8.1,7.0,3.4,100000,No,Yes
INT-07329,IT,6,8.1,7.1,5.8,50000,No,Yes
INT-07330,Engineering,20,6.3,6.9,2.7,100000,Yes,Yes
INT-07331,IT,7,8.1,6.7,6.8,150000,No,Yes
INT-07332,Finance,24,9.1,8.2,2.8,0,Yes,Yes
INT-07333,Marketing,21,5.8,8.5,29.4,100000,No,No
INT-07334,Engineering,18,6.7,7.5,2.7,25000,No,No
INT-07335,Admin,22,9.4,4.8,12.1,0,No,Yes
INT-07336,IT,9,9.4,4.6,5.6,50000,Yes,Yes
INT-07337,IT,18,5.9,5.5,0.8,50000,No,Yes
INT-07338,IT,10,9.3,8.4,1.8,0,No,Yes
INT-07339,Engineering,15,7.4,7.2,21.6,150000,No,No
INT-07340,Engineering,19,6.5,3.9,14.2,0,No,No
INT-07341,Marketing,12,4.6,9.3,1.7,75000,Yes,No
INT-07342,Admin,23,7.3,6.4,0.9,50000,No,Yes
INT-07343,Engineering,8,8.9,6.1,1.8,25000,Yes,Yes
INT-07344,Admin,14,6.5,5.7,7.5,100000,Yes,Yes
INT-07345,Engineering,5,9.1,7.3,8.5,100000,No,Yes
INT-07346,IT,19,7.4,5.9,4.3,150000,No,Yes
INT-07347,Admin,7,5.1,8.3,3.1,100000,Yes,No
INT-07348,Admin,8,7.9,8.1,2.4,50000,No,No
INT-07349,Engineering,10,9.2,9.6,5.1,25000,No,Yes
INT-07350,Marketing,9,9.0,8.2,0.7,100000,No,No
INT-07351,Admin,13,8.7,7.6,0.6,0,Yes,Yes
INT-07352,IT,17,7.8,7.6,13.3,75000,No,Yes
INT-07353,Admin,11,8.0,8.0,6.5,0,Yes,Yes
INT-07354,Engineering,17,6.7,4.1,12.7,25000,No,No
INT-07355,IT,17,8.4,9.6,1.5,50000,Yes,Yes
INT-07356,Finance,23,8.4,7.6,14.0,75000,No,Yes
INT-07357,Marketing,6,5.9,7.9,21.0,150000,No,No
INT-07358,Marketing,4,7.9,8.6,6.6,150000,No,Yes
INT-07359,IT,12,5.3,6.1,1.4,75000,No,Yes
INT-07360,Finance,12,4.5,5.5,1.6,150000,Yes,Yes
INT-07361,Engineering,5,7.3,6.8,2.2,25000,No,No
INT-07362,Admin,19,5.9,8.9,2.1,50000,Yes,Yes
INT-07363,Engineering,11,4.3,4.2,23.7,100000,No,No
INT-07364,Finance,9,6.8,6.1,13.4,0,No,No
INT-07365,Admin,16,6.4,7.5,3.6,50000,Yes,Yes
INT-07366,Admin,4,7.1,6.1,14.1,100000,Yes,Yes
INT-07367,Admin,22,7.7,7.1,12.3,75000,No,Yes
INT-07368,Engineering,18,7.1,6.9,4.0,75000,No,Yes
INT-07369,IT,4,6.8,4.6,0.7,100000,No,Yes
INT-07370,Marketing,13,9.5,5.9,0.6,100000,No,Yes
INT-07371,Engineering,4,8.2,6.1,3.7,50000,No,No
INT-07372,Engineering,15,8.8,9.3,0.9,25000,Yes,Yes
INT-07373,IT,14,5.7,5.1,1.5,50000,No,Yes
INT-07374,Engineering,20,8.5,5.8,2.8,50000,Yes,Yes
INT-07375,IT,7,8.2,6.7,2.1,50000,Yes,Yes
INT-07376,IT,10,7.6,7.2,1.8,50000,No,Yes
INT-07377,Engineering,15,7.4,4.8,2.9,25000,Yes,Yes
INT-07378,Admin,16,8.1,8.4,11.2,100000,No,Yes
INT-07379,Engineering,8,8.9,7.2,5.2,25000,Yes,Yes
INT-07380,IT,9,7.4,8.7,9.2,100000,No,Yes
INT-07381,Admin,5,8.1,7.1,21.6,25000,No,No
INT-07382,IT,24,8.1,7.9,0.5,100000,Yes,Yes
INT-07383,Marketing,10,8.1,5.3,24.7,25000,No,No
INT-07384,Engineering,17,8.5,5.5,3.1,50000,Yes,Yes
INT-07385,Engineering,17,8.0,7.1,3.2,150000,No,Yes
INT-07386,Admin,13,7.5,6.8,8.4,75000,Yes,Yes
INT-07387,IT,7,5.0,6.7,4.1,0,Yes,No
INT-07388,Marketing,6,6.6,4.6,1.2,75000,Yes,No
INT-07389,IT,17,8.2,4.7,10.4,25000,Yes,Yes
INT-07390,Admin,9,6.8,4.8,2.1,0,No,No
INT-07391,Engineering,18,7.4,4.9,21.7,50000,No,No
INT-07392,IT,11,8.6,5.4,35.8,100000,No,No
INT-07393,Finance,8,6.8,6.9,2.1,100000,Yes,Yes
INT-07394,Engineering,6,8.5,7.9,11.7,75000,No,Yes
INT-07395,IT,6,8.5,7.5,39.0,50000,Yes,No
INT-07396,IT,16,5.1,6.2,25.4,100000,Yes,No
INT-07397,IT,5,7.5,5.3,7.2,100000,Yes,Yes
INT-07398,Finance,4,7.5,7.5,3.5,150000,No,Yes
INT-07399,Engineering,15,8.4,4.4,0.6,50000,No,Yes
INT-07400,IT,11,9.6,8.0,18.8,100000,No,Yes
INT-07401,IT,22,8.5,7.0,0.8,75000,No,No
INT-07402,Engineering,12,7.8,8.3,7.4,100000,No,Yes
INT-07403,Engineering,17,6.9,7.9,2.1,0,No,Yes
INT-07404,Admin,21,8.3,8.7,2.7,50000,Yes,Yes
INT-07405,Admin,13,5.5,6.7,0.7,50000,No,Yes
INT-07406,IT,12,7.4,7.0,0.8,25000,No,Yes
INT-07407,Engineering,9,7.1,8.5,3.9,50000,No,Yes
INT-07408,Marketing,4,6.3,8.6,17.3,25000,No,Yes
INT-07409,IT,8,5.4,7.3,7.2,25000,No,Yes
INT-07410,Engineering,13,9.6,8.8,6.7,50000,No,Yes
INT-07411,Admin,16,7.6,6.7,8.2,50000,No,Yes
INT-07412,Admin,7,8.6,8.5,6.6,25000,Yes,Yes
INT-07413,IT,4,9.0,9.0,3.4,50000,No,Yes
INT-07414,Finance,24,5.9,2.4,17.5,50000,No,No
INT-07415,Admin,5,8.4,9.7,5.7,75000,Yes,Yes
INT-07416,Engineering,7,6.0,5.5,11.7,150000,No,No
INT-07417,Admin,20,7.3,7.5,19.9,50000,Yes,No
INT-07418,IT,13,8.0,5.2,0.5,150000,Yes,Yes
INT-07419,IT,15,7.6,5.8,5.7,25000,Yes,No
INT-07420,Engineering,5,9.7,9.3,7.9,75000,No,Yes
INT-07421,IT,6,6.8,6.1,6.1,25000,Yes,Yes
INT-07422,Engineering,17,6.2,9.0,19.1,0,Yes,No
INT-07423,Admin,18,8.2,8.3,23.0,0,No,No
INT-07424,Admin,16,9.9,6.2,1.7,0,Yes,No
INT-07425,Admin,12,6.4,7.2,3.4,75000,No,No
INT-07426,Admin,5,7.7,4.9,3.0,50000,No,Yes
INT-07427,IT,22,3.4,7.6,6.0,100000,Yes,Yes
INT-07428,Admin,19,6.4,9.1,4.4,150000,No,Yes
INT-07429,Engineering,14,5.5,9.1,4.1,25000,Yes,Yes
INT-07430,Engineering,15,9.6,6.3,6.6,75000,Yes,Yes
INT-07431,IT,4,5.9,6.4,5.9,75000,No,Yes
INT-07432,Admin,5,8.5,8.3,5.5,150000,Yes,Yes
INT-07433,IT,19,8.3,5.6,1.5,25000,No,Yes
INT-07434,IT,5,6.2,6.7,6.7,0,No,Yes
INT-07435,IT,22,5.2,7.8,1.0,50000,Yes,No
INT-07436,Finance,13,8.1,5.8,8.2,25000,Yes,Yes
INT-07437,IT,22,8.5,5.9,8.3,100000,No,Yes
INT-07438,IT,13,9.3,9.0,2.9,75000,No,Yes
INT-07439,IT,19,8.9,6.4,1.7,75000,No,Yes
INT-07440,IT,16,7.2,7.3,13.3,25000,Yes,Yes
INT-07441,Engineering,19,6.5,5.4,12.3,100000,Yes,Yes
INT-07442,IT,21,7.0,6.2,23.9,75000,No,No
INT-07443,IT,11,8.3,7.4,5.2,150000,No,Yes
INT-07444,Engineering,21,7.6,9.8,3.5,50000,Yes,No
INT-07445,Admin,16,8.8,6.8,3.4,0,Yes,Yes
INT-07446,Engineering,10,7.4,6.8,2.1,0,No,No
INT-07447,Engineering,24,8.1,5.0,3.9,25000,No,Yes
INT-07448,IT,21,5.9,8.0,1.6,100000,No,Yes
INT-07449,Engineering,9,7.7,6.3,16.9,25000,No,Yes
INT-07450,IT,12,6.0,6.8,3.9,50000,No,No
INT-07451,Engineering,9,7.8,9.2,6.8,50000,No,Yes
INT-07452,Admin,21,7.2,8.0,1.1,25000,No,No
INT-07453,IT,20,7.4,8.4,3.1,100000,No,Yes
INT-07454,Engineering,15,4.6,4.4,2.5,50000,No,Yes
INT-07455,Finance,6,6.3,7.1,17.9,25000,No,No
INT-07456,Marketing,8,9.5,9.0,2.1,50000,Yes,Yes
INT-07457,Engineering,10,8.9,6.3,13.2,75000,No,Yes
INT-07458,Admin,13,7.0,9.5,3.2,75000,No,Yes
INT-07459,IT,13,8.5,8.6,2.4,25000,No,Yes
INT-07460,IT,22,6.6,8.5,0.6,50000,No,Yes
INT-07461,Admin,7,6.7,6.2,3.3,0,Yes,No
INT-07462,Admin,13,6.3,5.9,1.1,50000,No,Yes
INT-07463,Marketing,21,4.8,5.3,4.1,0,No,No
INT-07464,Admin,6,8.4,7.5,0.9,0,No,No
INT-07465,Admin,24,7.2,4.2,1.0,75000,No,Yes
INT-07466,Admin,6,9.2,9.0,4.0,50000,No,Yes
INT-07467,Finance,8,9.5,7.5,5.3,100000,No,Yes
INT-07468,Engineering,19,8.6,6.0,3.7,100000,No,Yes
INT-07469,Engineering,23,7.8,6.4,0.7,100000,Yes,Yes
INT-07470,Admin,16,7.8,8.6,2.1,100000,No,Yes
INT-07471,Finance,14,5.3,8.8,22.9,25000,Yes,Yes
INT-07472,IT,16,8.7,8.3,7.3,0,Yes,Yes
INT-07473,Finance,22,7.3,7.6,15.9,50000,No,No
INT-07474,Engineering,9,9.4,4.0,0.9,25000,Yes,Yes
INT-07475,Admin,16,9.0,6.4,0.6,25000,No,Yes
INT-07476,Admin,7,9.6,5.5,12.7,25000,No,No
INT-07477,Engineering,8,7.8,5.7,4.4,0,Yes,No
INT-07478,IT,22,9.0,6.7,4.2,75000,Yes,Yes
INT-07479,Finance,8,6.2,7.8,2.7,50000,Yes,Yes
INT-07480,Admin,24,8.3,5.2,1.9,25000,Yes,Yes
INT-07481,Admin,17,4.8,7.5,14.6,100000,No,No
INT-07482,IT,7,9.5,8.4,1.0,150000,No,Yes
INT-07483,Admin,15,6.6,7.9,6.0,50000,No,Yes
INT-07484,Admin,9,7.8,6.9,4.1,75000,No,Yes
INT-07485,Admin,22,8.7,9.2,3.1,75000,Yes,No
INT-07486,Engineering,13,6.4,4.4,11.9,75000,Yes,Yes
INT-07487,Admin,4,8.2,7.6,17.4,50000,No,No
INT-07488,Marketing,19,8.7,6.0,2.2,75000,No,Yes
INT-07489,Engineering,7,8.6,7.3,1.1,25000,No,Yes
INT-07490,Finance,12,5.0,9.5,4.3,75000,No,Yes
INT-07491,IT,21,9.8,8.7,5.1,25000,Yes,Yes
INT-07492,Admin,20,6.6,8.4,0.9,75000,No,Yes
INT-07493,Admin,18,7.3,6.4,5.6,0,No,Yes
INT-07494,Engineering,22,7.7,5.7,24.7,100000,No,No
INT-07495,Finance,10,9.2,6.1,4.4,75000,Yes,Yes
INT-07496,IT,21,5.4,8.7,18.9,50000,Yes,No
INT-07497,IT,9,9.3,5.4,15.6,75000,Yes,Yes
INT-07498,Finance,22,9.2,5.8,5.1,75000,Yes,Yes
INT-07499,IT,24,9.7,7.2,10.3,150000,No,Yes
INT-07500,Engineering,15,8.6,8.4,2.4,50000,No,Yes
INT-07501,Engineering,6,8.7,6.7,1.7,75000,No,Yes
INT-07502,Finance,4,6.6,6.7,0.5,100000,Yes,Yes
INT-07503,IT,8,7.2,8.3,1.1,50000,No,Yes
INT-07504,IT,4,6.9,8.2,8.4,25000,Yes,No
INT-07505,Engineering,11,5.4,7.3,17.8,50000,No,No
INT-07506,Marketing,10,8.3,8.8,31.0,25000,No,No
INT-07507,Admin,18,8.0,6.4,5.8,75000,No,Yes
INT-07508,Admin,14,5.3,4.1,1.7,150000,Yes,Yes
INT-07509,Engineering,21,9.0,6.7,0.5,0,Yes,Yes
INT-07510,Marketing,17,5.6,4.1,34.0,75000,No,No
INT-07511,Finance,12,8.0,7.1,14.1,50000,No,Yes
INT-07512,Marketing,8,6.8,7.6,6.4,50000,No,Yes
INT-07513,IT,7,8.5,5.6,2.8,75000,No,Yes
INT-07514,IT,15,9.7,2.7,6.3,25000,Yes,No
INT-07515,Engineering,4,8.5,8.3,15.1,150000,No,Yes
INT-07516,Finance,16,6.9,5.8,7.0,100000,No,Yes
INT-07517,IT,4,8.7,6.9,43.7,50000,No,No
INT-07518,IT,6,8.2,4.9,1.4,75000,Yes,Yes
INT-07519,Finance,11,7.1,6.0,32.9,25000,Yes,No
INT-07520,IT,21,9.3,7.9,7.5,75000,Yes,Yes
INT-07521,Admin,19,7.7,7.5,7.2,75000,Yes,Yes
INT-07522,Engineering,23,3.2,5.3,4.1,150000,Yes,No
INT-07523,Engineering,23,9.0,6.0,0.8,75000,No,Yes
INT-07524,Engineering,19,6.8,6.2,11.9,0,Yes,No
INT-07525,Admin,5,9.0,5.1,3.1,75000,Yes,No
INT-07526,Engineering,20,7.8,7.6,3.9,25000,Yes,Yes
INT-07527,Engineering,13,7.6,6.7,6.6,75000,No,Yes
INT-07528,Engineering,10,8.4,5.4,1.0,75000,No,Yes
INT-07529,Engineering,13,7.7,9.1,0.6,150000,No,Yes
INT-07530,IT,22,9.3,8.1,1.4,50000,Yes,Yes
INT-07531,IT,23,7.1,9.6,11.1,75000,No,Yes
INT-07532,IT,12,6.7,9.4,2.2,25000,No,Yes
INT-07533,IT,20,7.7,5.8,6.3,150000,No,Yes
INT-07534,Engineering,12,7.4,5.9,2.1,50000,Yes,Yes
INT-07535,Finance,12,8.1,4.7,3.2,100000,Yes,Yes
INT-07536,Engineering,8,7.3,5.6,0.8,100000,Yes,Yes
INT-07537,Finance,10,5.5,7.8,4.2,25000,Yes,No
INT-07538,Admin,14,5.2,8.1,1.7,100000,No,Yes
INT-07539,Admin,11,7.7,7.7,7.0,25000,No,Yes
INT-07540,Admin,17,6.4,8.3,15.0,150000,No,Yes
INT-07541,IT,5,8.9,6.4,17.4,0,Yes,Yes
INT-07542,IT,13,7.4,9.1,22.2,75000,Yes,Yes
INT-07543,Engineering,24,9.0,9.5,1.6,50000,No,Yes
INT-07544,Marketing,19,6.1,7.2,6.3,50000,No,Yes
INT-07545,IT,19,5.7,6.1,1.5,50000,No,No
INT-07546,IT,22,8.2,4.7,3.4,100000,Yes,Yes
INT-07547,Finance,14,7.7,7.6,2.6,150000,No,Yes
INT-07548,IT,9,7.9,6.3,0.6,25000,No,Yes
INT-07549,Finance,9,8.0,7.0,22.0,50000,Yes,Yes
INT-07550,Engineering,10,7.3,9.2,12.7,100000,No,Yes
INT-07551,Marketing,19,6.4,7.5,6.4,75000,No,No
INT-07552,Admin,16,5.2,9.2,3.9,50000,Yes,Yes
INT-07553,Engineering,6,6.6,6.2,4.7,50000,No,Yes
INT-07554,Admin,12,7.6,5.9,2.3,75000,No,No
INT-07555,Engineering,6,6.0,7.8,28.1,50000,Yes,No
INT-07556,Admin,9,8.6,5.6,3.2,75000,Yes,Yes
INT-07557,IT,20,6.2,3.6,1.1,100000,No,Yes
INT-07558,Engineering,6,5.5,8.8,7.1,75000,Yes,No
INT-07559,Engineering,5,7.7,6.0,11.6,25000,Yes,Yes
INT-07560,Finance,15,5.8,9.3,28.9,75000,No,No
INT-07561,Engineering,9,8.2,8.1,8.3,50000,No,Yes
INT-07562,Engineering,13,9.3,6.1,2.1,150000,Yes,Yes
INT-07563,IT,14,8.0,8.3,4.5,75000,No,Yes
INT-07564,Engineering,19,5.2,6.6,3.5,75000,No,Yes
INT-07565,Engineering,19,8.0,8.9,0.7,75000,No,Yes
INT-07566,Finance,21,7.9,9.0,4.5,150000,No,Yes
INT-07567,Marketing,12,8.7,7.0,13.4,100000,No,Yes
INT-07568,IT,24,6.9,6.8,4.7,100000,No,Yes
INT-07569,Finance,22,7.9,5.5,15.8,50000,No,Yes
INT-07570,IT,5,6.7,6.7,11.4,100000,Yes,Yes
INT-07571,Admin,4,8.3,7.6,10.7,75000,Yes,Yes
INT-07572,Engineering,19,8.8,6.2,4.3,50000,Yes,Yes
INT-07573,IT,21,7.7,8.4,0.9,75000,Yes,Yes
INT-07574,Engineering,6,9.3,8.5,17.6,100000,Yes,Yes
INT-07575,IT,4,5.7,8.4,8.6,0,Yes,No
INT-07576,IT,9,9.8,8.9,1.3,75000,No,Yes
INT-07577,Engineering,22,7.6,7.8,1.2,100000,Yes,Yes
INT-07578,Engineering,22,9.0,8.8,8.1,50000,No,Yes
INT-07579,Marketing,14,8.7,6.9,4.9,25000,No,Yes
INT-07580,Engineering,11,5.9,6.5,2.2,25000,No,No
INT-07581,Engineering,8,6.1,8.7,2.7,75000,No,No
INT-07582,Admin,23,4.7,6.0,4.4,50000,No,No
INT-07583,IT,12,7.7,8.2,11.6,100000,No,Yes
INT-07584,IT,18,4.2,8.8,2.3,100000,Yes,Yes
INT-07585,Engineering,24,7.6,9.4,10.2,100000,No,Yes
INT-07586,Engineering,17,6.1,5.2,2.1,0,No,No
INT-07587,Admin,7,9.3,4.7,12.0,100000,No,No
INT-07588,Engineering,11,7.9,6.3,18.9,75000,Yes,No
INT-07589,Engineering,23,5.9,8.3,5.2,50000,No,Yes
INT-07590,IT,20,3.4,6.6,8.7,50000,No,No
INT-07591,IT,5,9.2,8.7,3.0,75000,No,Yes
INT-07592,Finance,23,7.5,6.6,21.5,0,Yes,No
INT-07593,Engineering,19,8.0,7.5,4.9,50000,No,Yes
INT-07594,Finance,13,7.8,5.9,6.0,100000,No,Yes
INT-07595,IT,5,9.0,6.2,2.9,75000,Yes,Yes
INT-07596,Marketing,14,7.5,9.5,2.2,25000,No,Yes
INT-07597,IT,13,4.5,9.1,2.6,100000,No,Yes
INT-07598,IT,22,9.5,8.2,5.7,75000,No,No
INT-07599,Marketing,17,7.6,7.5,1.7,0,Yes,No
INT-07600,IT,14,5.7,6.2,4.4,150000,No,Yes
INT-07601,Engineering,12,6.8,5.9,4.4,100000,No,Yes
INT-07602,IT,10,9.3,6.7,5.0,25000,No,Yes
INT-07603,Engineering,18,7.5,8.7,4.9,100000,No,Yes
INT-07604,Marketing,23,7.8,8.8,3.1,150000,No,Yes
INT-07605,Admin,20,7.3,7.7,4.2,50000,Yes,Yes
INT-07606,Engineering,6,7.3,8.6,19.1,25000,Yes,Yes
INT-07607,IT,18,8.5,6.4,0.8,75000,No,Yes
INT-07608,Engineering,17,6.0,7.3,1.2,75000,Yes,Yes
INT-07609,Admin,11,6.4,6.6,21.6,25000,Yes,No
INT-07610,IT,7,8.1,9.5,3.0,25000,Yes,Yes
INT-07611,Admin,13,7.8,8.3,3.4,100000,Yes,Yes
INT-07612,IT,5,6.9,8.4,3.9,75000,Yes,Yes
INT-07613,Marketing,17,5.8,3.7,1.4,50000,No,Yes
INT-07614,Admin,11,8.5,5.9,12.2,50000,No,Yes
INT-07615,IT,13,7.4,8.3,1.9,75000,No,Yes
INT-07616,Admin,21,8.1,8.0,10.2,50000,Yes,Yes
INT-07617,Admin,18,6.4,8.2,2.6,50000,No,Yes
INT-07618,Engineering,8,9.6,9.4,9.7,100000,No,Yes
INT-07619,Marketing,16,7.5,6.8,29.1,50000,Yes,No
INT-07620,Admin,21,6.9,4.2,6.2,100000,Yes,Yes
INT-07621,Finance,5,8.7,7.8,3.6,100000,Yes,Yes
INT-07622,Engineering,16,5.5,7.2,4.3,150000,No,No
INT-07623,IT,17,7.1,3.0,4.4,75000,No,No
INT-07624,Engineering,13,8.8,7.9,1.6,75000,No,Yes
INT-07625,Engineering,7,6.5,4.9,14.2,50000,No,No
INT-07626,Engineering,18,8.0,7.1,4.3,75000,Yes,Yes
INT-07627,Finance,11,8.7,7.8,10.6,25000,No,Yes
INT-07628,Admin,18,6.9,8.7,3.0,75000,No,Yes
INT-07629,Marketing,17,8.6,8.0,4.0,150000,No,Yes
INT-07630,Finance,24,7.5,5.6,17.9,25000,No,No
INT-07631,Admin,12,9.3,3.9,4.9,50000,No,Yes
INT-07632,Engineering,23,7.5,5.5,4.0,25000,No,Yes
INT-07633,Admin,6,6.7,6.5,3.5,0,No,Yes
INT-07634,Marketing,18,8.8,8.8,18.4,0,Yes,Yes
INT-07635,Engineering,20,5.7,9.2,4.9,25000,No,No
INT-07636,IT,19,5.2,7.0,17.3,50000,Yes,No
INT-07637,Admin,7,8.0,5.1,3.4,25000,Yes,Yes
INT-07638,Engineering,14,8.2,9.1,31.1,100000,No,No
INT-07639,IT,11,8.8,5.4,6.1,0,No,Yes
INT-07640,IT,6,7.9,8.9,1.9,0,No,Yes
INT-07641,Admin,22,8.3,7.9,4.9,25000,Yes,Yes
INT-07642,Admin,17,7.2,7.8,9.7,25000,No,Yes
INT-07643,Admin,12,9.6,6.2,18.0,75000,Yes,Yes
INT-07644,IT,6,5.2,6.3,1.6,0,No,Yes
INT-07645,IT,7,6.5,8.0,7.0,150000,No,No
INT-07646,Engineering,7,6.8,9.6,6.6,25000,Yes,Yes
INT-07647,Engineering,14,7.5,6.6,3.7,25000,No,Yes
INT-07648,IT,22,8.6,7.6,4.7,150000,No,Yes
INT-07649,Admin,19,8.4,7.5,3.4,150000,No,Yes
INT-07650,Engineering,20,5.5,9.4,3.4,0,No,Yes
INT-07651,IT,13,7.5,7.7,6.6,50000,No,Yes
INT-07652,IT,20,6.4,8.8,1.0,75000,No,Yes
INT-07653,IT,19,7.4,9.3,5.8,100000,No,Yes
INT-07654,Finance,23,8.0,6.6,3.6,150000,No,Yes
INT-07655,Finance,9,7.1,5.8,5.5,100000,No,No
INT-07656,Finance,10,8.7,7.3,30.0,50000,No,Yes
INT-07657,Engineering,17,7.4,9.5,11.3,0,No,Yes
INT-07658,Engineering,14,9.2,7.7,16.3,25000,No,Yes
INT-07659,Admin,15,9.6,4.7,4.2,100000,No,Yes
INT-07660,Engineering,17,6.6,4.8,10.3,50000,Yes,Yes
INT-07661,IT,8,4.7,6.7,5.5,25000,No,No
INT-07662,Engineering,8,6.3,8.8,7.8,100000,No,Yes
INT-07663,Finance,23,6.4,8.0,5.1,25000,No,No
INT-07664,Engineering,18,5.8,6.7,1.6,25000,No,Yes
INT-07665,Admin,4,7.7,4.7,24.1,0,No,No
INT-07666,IT,12,4.4,9.3,10.3,25000,No,No
INT-07667,Engineering,6,9.0,6.9,7.8,100000,No,Yes
INT-07668,Engineering,7,9.9,6.1,7.1,50000,Yes,No
INT-07669,Finance,19,8.7,6.8,10.8,25000,No,Yes
INT-07670,Admin,10,8.3,5.7,6.6,50000,No,No
INT-07671,Finance,17,7.9,8.6,2.4,0,No,Yes
INT-07672,Engineering,19,7.0,6.9,0.6,75000,Yes,Yes
INT-07673,Finance,21,7.8,7.8,4.4,0,No,Yes
INT-07674,Engineering,19,7.7,6.6,7.1,50000,No,Yes
INT-07675,Engineering,19,6.5,8.1,4.2,25000,Yes,Yes
INT-07676,Engineering,5,7.1,8.4,6.6,150000,No,Yes
INT-07677,Engineering,13,8.2,9.1,9.2,25000,Yes,Yes
INT-07678,Marketing,10,8.7,6.6,13.8,75000,No,Yes
INT-07679,IT,18,4.4,7.5,3.3,50000,No,Yes
INT-07680,IT,12,5.1,4.3,8.5,75000,No,No
INT-07681,Marketing,10,8.2,9.3,18.3,50000,No,No
INT-07682,Engineering,19,7.6,8.3,1.8,25000,No,No
INT-07683,Engineering,6,7.1,5.5,9.9,0,No,No
INT-07684,Admin,20,8.8,9.1,20.2,150000,No,No
INT-07685,IT,11,8.2,3.8,9.4,150000,Yes,Yes
INT-07686,Finance,5,8.7,9.2,1.3,25000,No,Yes
INT-07687,Engineering,23,7.4,7.9,3.2,0,Yes,Yes
INT-07688,Admin,6,8.8,7.7,2.2,75000,Yes,Yes
INT-07689,Admin,11,8.2,8.7,20.0,75000,Yes,Yes
INT-07690,Finance,5,7.3,5.8,39.2,75000,No,No
INT-07691,IT,22,8.1,7.7,5.0,150000,No,Yes
INT-07692,Finance,20,7.2,7.7,18.6,25000,Yes,Yes
INT-07693,IT,8,8.9,6.5,1.7,25000,Yes,Yes
INT-07694,Engineering,23,9.0,9.2,0.5,0,Yes,Yes
INT-07695,Marketing,20,9.4,3.9,7.2,25000,Yes,No
INT-07696,Engineering,13,6.5,5.9,35.5,75000,Yes,No
INT-07697,Admin,12,7.8,6.5,7.1,50000,No,No
INT-07698,Engineering,9,7.9,7.8,32.0,75000,No,Yes
INT-07699,Admin,14,6.5,9.6,5.3,75000,Yes,Yes
INT-07700,IT,5,8.8,4.6,4.4,75000,Yes,Yes
INT-07701,Marketing,15,6.5,9.5,21.7,50000,No,No
INT-07702,Finance,15,9.2,7.2,0.9,150000,No,No
INT-07703,Engineering,19,9.3,9.6,3.7,75000,Yes,Yes
INT-07704,Admin,15,9.1,6.4,5.2,75000,No,Yes
INT-07705,IT,24,6.3,7.2,1.2,100000,No,No
INT-07706,IT,21,8.7,9.5,6.3,75000,No,Yes
INT-07707,Engineering,16,7.9,5.5,4.3,25000,No,No
INT-07708,Finance,18,8.9,5.3,5.1,50000,Yes,Yes
INT-07709,Engineering,19,4.5,6.7,9.8,75000,No,No
INT-07710,Finance,7,6.6,8.9,1.1,150000,Yes,Yes
INT-07711,IT,15,8.4,3.5,26.6,50000,Yes,No
INT-07712,Admin,20,8.6,7.8,6.4,25000,No,Yes
INT-07713,IT,4,7.8,8.3,15.1,50000,No,No
INT-07714,Admin,21,7.7,7.1,3.6,50000,No,Yes
INT-07715,IT,19,7.4,8.0,3.5,75000,No,Yes
INT-07716,Marketing,4,8.1,9.1,19.2,25000,No,No
INT-07717,IT,13,9.2,8.0,1.5,0,Yes,Yes
INT-07718,Marketing,22,6.3,4.1,1.4,150000,No,Yes
INT-07719,Admin,19,8.9,3.7,10.1,50000,Yes,Yes
INT-07720,Marketing,17,8.5,7.7,5.5,25000,No,No
INT-07721,Engineering,5,8.2,4.6,10.6,75000,Yes,No
INT-07722,Marketing,9,7.2,5.7,5.0,150000,Yes,Yes
INT-07723,IT,8,8.4,7.4,2.4,50000,Yes,Yes
INT-07724,Engineering,15,7.9,4.3,10.5,100000,Yes,Yes
INT-07725,Marketing,7,9.5,9.2,0.8,25000,Yes,Yes
INT-07726,IT,7,8.9,5.0,5.3,50000,Yes,Yes
INT-07727,IT,8,8.3,8.1,5.4,75000,Yes,Yes
INT-07728,Admin,10,7.6,4.7,1.1,25000,Yes,Yes
INT-07729,Marketing,9,7.5,7.7,2.7,75000,Yes,Yes
INT-07730,Engineering,16,9.3,7.5,2.9,75000,No,Yes
INT-07731,Engineering,7,8.0,7.0,18.4,75000,No,Yes
INT-07732,IT,16,9.1,6.2,6.3,50000,No,Yes
INT-07733,IT,7,7.8,7.9,9.4,75000,Yes,Yes
INT-07734,Finance,13,8.5,7.5,1.0,50000,No,Yes
INT-07735,IT,23,9.3,8.8,1.4,50000,Yes,Yes
INT-07736,Engineering,4,8.1,4.9,7.1,0,No,No
INT-07737,Marketing,24,7.9,6.3,14.9,150000,No,Yes
INT-07738,IT,11,8.3,9.8,0.9,75000,Yes,Yes
INT-07739,Engineering,10,7.7,7.4,33.3,75000,Yes,Yes
INT-07740,IT,8,8.0,7.2,17.8,100000,Yes,Yes
INT-07741,Engineering,6,9.4,6.0,17.0,75000,No,Yes
INT-07742,IT,18,8.7,8.1,0.6,100000,No,Yes
INT-07743,Engineering,20,8.0,8.9,4.7,0,No,Yes
INT-07744,Admin,16,7.8,7.0,13.2,25000,Yes,Yes
INT-07745,Admin,18,6.8,9.8,11.9,50000,Yes,Yes
INT-07746,Engineering,22,6.5,6.3,3.9,100000,No,Yes
INT-07747,IT,23,8.8,5.3,17.3,25000,Yes,Yes
INT-07748,Engineering,17,4.9,5.1,8.6,75000,No,No
INT-07749,Admin,24,6.7,5.4,41.4,25000,No,No
INT-07750,Engineering,16,5.8,5.8,3.8,150000,No,Yes
INT-07751,IT,15,8.1,7.0,8.8,100000,No,Yes
INT-07752,Engineering,12,7.9,5.6,4.9,50000,No,Yes
INT-07753,IT,6,9.0,6.3,8.8,100000,Yes,Yes
INT-07754,Admin,14,8.9,6.3,2.9,75000,Yes,Yes
INT-07755,IT,13,6.4,7.8,4.4,25000,No,Yes
INT-07756,Engineering,4,9.5,6.0,22.0,75000,No,No
INT-07757,IT,20,8.0,9.1,3.2,50000,Yes,Yes
INT-07758,Finance,16,7.6,5.5,8.3,25000,No,No
INT-07759,Finance,17,7.5,6.3,20.6,0,Yes,Yes
INT-07760,IT,4,7.6,6.7,5.7,100000,No,Yes
INT-07761,Engineering,5,9.0,7.9,10.0,50000,No,Yes
INT-07762,IT,5,8.5,6.5,11.5,100000,No,Yes
INT-07763,Admin,10,9.2,7.1,6.8,75000,No,Yes
INT-07764,Engineering,12,3.4,8.2,4.3,0,No,No
INT-07765,Engineering,7,7.6,7.4,13.7,100000,No,No
INT-07766,Engineering,5,6.3,6.5,7.0,25000,Yes,No
INT-07767,IT,22,5.2,8.1,1.5,50000,Yes,Yes
INT-07768,Admin,8,3.0,5.1,17.1,50000,No,No
INT-07769,IT,12,9.1,8.2,3.3,0,Yes,Yes
INT-07770,Engineering,16,6.7,8.8,5.9,100000,No,Yes
INT-07771,Engineering,15,8.7,8.4,2.4,75000,Yes,Yes
INT-07772,Engineering,22,4.9,8.8,5.9,50000,No,Yes
INT-07773,IT,12,9.0,7.2,1.6,50000,Yes,Yes
INT-07774,Admin,13,5.6,5.4,7.2,150000,No,No
INT-07775,Admin,22,8.0,4.8,6.4,100000,No,Yes
INT-07776,IT,13,7.7,9.6,14.1,150000,No,Yes
INT-07777,Admin,15,5.3,3.9,7.1,50000,No,No
INT-07778,Finance,17,6.7,9.4,4.7,75000,No,Yes
INT-07779,Finance,11,9.6,8.5,5.5,25000,No,Yes
INT-07780,Engineering,19,9.4,8.3,7.9,0,No,Yes
INT-07781,Admin,20,8.9,6.3,15.1,100000,No,Yes
INT-07782,IT,23,7.9,5.8,0.8,50000,Yes,Yes
INT-07783,Finance,7,9.2,9.2,21.4,100000,Yes,Yes
INT-07784,IT,9,9.8,7.0,1.2,50000,No,Yes
INT-07785,Marketing,15,7.4,6.6,3.9,0,Yes,No
INT-07786,Admin,21,9.7,5.4,3.8,0,Yes,Yes
INT-07787,Admin,10,7.8,7.3,6.6,75000,No,No
INT-07788,Marketing,8,6.6,7.4,4.0,75000,Yes,Yes
INT-07789,IT,13,8.0,9.0,2.5,150000,No,Yes
INT-07790,Engineering,9,8.8,5.4,2.7,50000,No,Yes
INT-07791,Engineering,17,7.1,6.9,34.3,100000,No,No
INT-07792,IT,9,8.8,8.3,15.0,25000,Yes,Yes
INT-07793,Admin,17,8.4,7.3,13.6,25000,Yes,Yes
INT-07794,Engineering,15,6.3,9.3,4.8,0,No,Yes
INT-07795,Engineering,15,4.9,5.2,22.5,50000,No,No
INT-07796,IT,11,8.1,6.2,1.0,25000,No,Yes
INT-07797,Marketing,13,4.1,8.0,1.6,75000,Yes,Yes
INT-07798,IT,19,6.7,6.3,2.8,50000,Yes,Yes
INT-07799,IT,23,7.6,9.3,8.7,75000,No,Yes
INT-07800,IT,11,8.8,7.6,2.0,75000,No,Yes
INT-07801,IT,12,7.7,7.8,3.8,150000,No,Yes
INT-07802,IT,16,6.3,5.1,2.1,50000,No,Yes
INT-07803,Marketing,23,7.3,5.2,13.4,25000,Yes,No
INT-07804,Admin,20,8.8,5.1,19.7,50000,No,Yes
INT-07805,IT,22,6.7,7.3,15.7,150000,No,Yes
INT-07806,IT,20,7.2,9.4,0.7,75000,Yes,Yes
INT-07807,Engineering,10,8.2,6.3,3.6,75000,Yes,Yes
INT-07808,Finance,4,8.9,8.3,8.6,150000,No,Yes
INT-07809,IT,23,8.9,6.8,0.5,150000,No,Yes
INT-07810,IT,17,9.2,8.4,11.5,150000,No,Yes
INT-07811,IT,20,6.3,7.5,16.7,50000,No,No
INT-07812,IT,16,8.4,8.9,1.1,75000,No,No
INT-07813,IT,5,7.9,7.3,5.0,50000,No,Yes
INT-07814,Admin,17,7.8,9.5,3.4,150000,No,Yes
INT-07815,IT,4,5.5,9.2,24.0,100000,No,No
INT-07816,Engineering,8,7.7,4.1,3.6,75000,No,Yes
INT-07817,IT,10,8.0,5.0,7.5,25000,No,Yes
INT-07818,Marketing,22,7.3,8.6,0.6,50000,No,Yes
INT-07819,Marketing,17,5.8,6.8,15.0,150000,No,Yes
INT-07820,Engineering,17,8.3,7.6,0.7,100000,No,Yes
INT-07821,Admin,18,9.0,8.2,7.2,25000,Yes,Yes
INT-07822,Admin,8,8.1,6.1,11.3,150000,Yes,No
INT-07823,Admin,8,5.8,8.1,4.5,25000,No,Yes
INT-07824,Engineering,24,5.9,6.7,0.8,0,No,Yes
INT-07825,Admin,5,6.8,6.5,19.0,50000,No,No
INT-07826,Finance,21,9.4,7.4,4.1,150000,No,Yes
INT-07827,Marketing,12,5.4,7.2,5.5,25000,Yes,Yes
INT-07828,Admin,13,8.1,8.6,13.9,0,No,No
INT-07829,Engineering,21,9.5,5.4,9.1,100000,Yes,Yes
INT-07830,IT,7,5.2,8.1,3.6,50000,No,No
INT-07831,IT,11,5.4,5.0,6.7,150000,No,No
INT-07832,Admin,21,7.6,5.2,1.3,25000,Yes,Yes
INT-07833,IT,23,7.7,4.5,5.7,0,Yes,Yes
INT-07834,Finance,20,8.2,6.9,5.0,25000,No,No
INT-07835,IT,19,6.2,7.5,11.9,25000,No,No
INT-07836,Admin,21,5.5,5.8,13.4,0,No,No
INT-07837,Engineering,10,8.7,7.2,17.0,150000,Yes,Yes
INT-07838,Engineering,4,4.8,6.6,16.1,150000,No,No
INT-07839,Admin,4,9.5,5.9,51.7,50000,Yes,No
INT-07840,Finance,21,6.3,6.8,10.3,0,No,Yes
INT-07841,Engineering,7,7.6,8.4,8.3,100000,Yes,Yes
INT-07842,Admin,23,9.3,5.6,1.8,50000,Yes,Yes
INT-07843,IT,24,7.7,9.6,5.6,75000,No,Yes
INT-07844,Admin,23,7.6,4.3,5.0,75000,Yes,Yes
INT-07845,Finance,7,2.8,4.5,11.1,100000,Yes,No
INT-07846,Engineering,9,7.3,5.9,3.1,150000,Yes,Yes
INT-07847,Finance,6,8.2,2.5,16.9,150000,No,No
INT-07848,Admin,9,7.5,7.6,2.5,100000,No,Yes
INT-07849,IT,16,8.5,4.5,5.8,50000,Yes,Yes
INT-07850,IT,10,9.5,8.0,23.6,100000,No,Yes
INT-07851,Admin,7,5.5,5.5,3.9,25000,No,No
INT-07852,Engineering,4,6.5,7.7,10.9,75000,Yes,Yes
INT-07853,Finance,9,7.1,6.7,3.8,150000,No,Yes
INT-07854,IT,8,6.0,8.8,6.3,100000,No,Yes
INT-07855,Admin,16,6.1,5.1,12.5,75000,No,No
INT-07856,Admin,22,9.3,4.5,14.0,25000,Yes,No
INT-07857,Admin,7,7.6,6.2,15.3,100000,Yes,No
INT-07858,IT,9,8.8,7.5,1.3,75000,Yes,Yes
INT-07859,IT,16,8.5,2.5,15.9,75000,No,No
INT-07860,IT,8,8.1,6.9,1.8,50000,No,Yes
INT-07861,IT,16,9.4,7.8,3.0,50000,No,Yes
INT-07862,IT,13,6.5,8.7,28.8,25000,Yes,No
INT-07863,IT,6,8.3,5.0,1.7,25000,No,Yes
INT-07864,Engineering,16,6.9,8.0,2.8,100000,No,Yes
INT-07865,Admin,15,7.3,6.2,3.8,0,No,Yes
INT-07866,Marketing,7,9.3,7.8,13.6,75000,No,Yes
INT-07867,IT,13,6.2,5.5,3.6,50000,No,Yes
INT-07868,Admin,6,8.2,4.9,14.5,50000,Yes,No
INT-07869,Admin,20,6.4,8.1,2.3,50000,Yes,Yes
INT-07870,IT,12,5.9,8.6,7.9,50000,No,Yes
INT-07871,Finance,4,6.7,5.5,26.2,100000,No,No
INT-07872,IT,21,7.6,8.5,0.8,100000,Yes,Yes
INT-07873,Marketing,12,8.1,6.2,19.6,100000,No,No
INT-07874,Finance,24,8.4,9.5,1.9,150000,No,Yes
INT-07875,Engineering,23,7.3,9.1,7.5,50000,No,Yes
INT-07876,Engineering,12,8.3,6.4,0.9,50000,No,Yes
INT-07877,Engineering,5,5.8,8.2,7.3,25000,Yes,No
INT-07878,Admin,22,6.4,6.3,8.1,100000,Yes,Yes
INT-07879,Engineering,19,4.6,8.2,13.7,25000,Yes,No
INT-07880,IT,6,7.8,9.0,4.8,75000,No,Yes
INT-07881,IT,19,8.1,8.7,20.3,50000,Yes,Yes
INT-07882,Admin,24,6.9,4.4,4.2,50000,No,No
INT-07883,Engineering,16,8.0,6.0,1.3,100000,No,Yes
INT-07884,Finance,6,8.2,4.1,4.4,25000,Yes,Yes
INT-07885,IT,13,7.7,9.1,3.4,50000,Yes,Yes
INT-07886,Finance,21,5.2,7.4,5.2,0,No,No
INT-07887,IT,9,5.7,5.1,2.3,50000,No,No
INT-07888,Admin,9,8.8,6.2,4.2,75000,No,Yes
INT-07889,Admin,21,6.7,6.4,17.9,75000,No,Yes
INT-07890,Admin,9,6.3,6.5,9.0,50000,Yes,Yes
INT-07891,IT,9,4.9,9.4,2.3,50000,No,No
INT-07892,Engineering,16,6.5,7.0,0.9,25000,No,Yes
INT-07893,Finance,17,9.5,8.1,2.5,75000,No,Yes
INT-07894,Admin,24,7.8,6.1,4.7,25000,No,Yes
INT-07895,Admin,10,5.3,4.9,4.2,25000,No,No
INT-07896,Finance,16,7.4,8.9,15.6,75000,No,Yes
INT-07897,Engineering,18,8.1,9.4,7.6,50000,Yes,Yes
INT-07898,Admin,15,5.5,8.0,15.3,75000,No,No
INT-07899,IT,24,9.4,9.2,54.8,25000,No,No
INT-07900,Finance,4,9.1,4.7,3.2,75000,No,Yes
INT-07901,Engineering,6,6.2,7.4,5.7,50000,No,Yes
INT-07902,IT,21,7.9,8.1,10.3,50000,No,Yes
INT-07903,IT,11,8.5,7.1,6.2,50000,Yes,Yes
INT-07904,Finance,5,5.8,7.9,3.7,25000,Yes,Yes
INT-07905,IT,7,6.3,3.9,14.1,75000,Yes,No
INT-07906,Marketing,21,9.0,6.9,18.3,50000,Yes,Yes
INT-07907,IT,16,8.6,8.5,3.1,50000,Yes,Yes
INT-07908,Finance,18,7.2,7.1,3.1,25000,Yes,Yes
INT-07909,Admin,5,8.1,9.3,7.2,50000,No,Yes
INT-07910,Admin,13,7.3,7.9,14.1,0,No,Yes
INT-07911,Finance,5,8.5,8.9,6.4,50000,No,Yes
INT-07912,Admin,24,8.2,6.8,1.0,50000,Yes,Yes
INT-07913,Engineering,15,6.5,5.4,3.3,50000,No,No
INT-07914,IT,8,8.8,4.3,6.1,50000,No,No
INT-07915,IT,15,7.4,6.5,11.2,50000,No,Yes
INT-07916,IT,4,8.8,5.0,12.4,75000,Yes,Yes
INT-07917,Engineering,5,7.8,2.3,11.7,25000,Yes,No
INT-07918,IT,19,7.3,6.0,1.3,75000,No,Yes
INT-07919,IT,5,5.8,8.1,8.2,150000,No,Yes
INT-07920,Admin,19,4.8,7.0,4.9,25000,Yes,No
INT-07921,Engineering,23,9.6,6.2,3.5,25000,Yes,Yes
INT-07922,Engineering,19,5.8,5.3,14.6,100000,No,No
INT-07923,IT,9,6.2,8.6,4.1,150000,Yes,Yes
INT-07924,IT,16,5.9,7.9,2.1,100000,No,Yes
INT-07925,Marketing,15,8.7,5.6,10.0,0,Yes,No
INT-07926,IT,13,9.8,6.3,1.7,25000,No,Yes
INT-07927,Finance,8,7.4,7.7,3.3,100000,No,Yes
INT-07928,Finance,11,8.2,7.2,5.2,150000,Yes,Yes
INT-07929,Finance,9,7.3,7.6,1.7,100000,No,Yes
INT-07930,IT,8,5.6,7.6,3.2,150000,No,Yes
INT-07931,Finance,23,8.6,4.8,8.7,150000,No,Yes
INT-07932,Finance,9,8.8,8.4,7.0,25000,No,Yes
INT-07933,Engineering,20,8.0,5.5,15.4,50000,No,Yes
INT-07934,Admin,9,5.5,9.1,1.7,100000,No,Yes
INT-07935,IT,20,9.1,8.9,16.5,50000,Yes,Yes
INT-07936,IT,8,5.6,7.7,1.1,50000,No,Yes
INT-07937,Engineering,20,9.4,7.8,11.4,0,No,Yes
INT-07938,Engineering,20,7.2,7.3,2.4,25000,Yes,Yes
INT-07939,Admin,16,7.2,6.5,19.2,150000,Yes,No
INT-07940,Admin,10,7.5,7.8,0.8,150000,Yes,Yes
INT-07941,Admin,24,5.9,7.4,7.4,100000,Yes,Yes
INT-07942,Engineering,9,6.9,6.7,0.6,100000,Yes,Yes
INT-07943,Marketing,17,8.9,7.5,11.2,25000,No,Yes
INT-07944,IT,19,8.1,7.1,0.8,25000,No,Yes
INT-07945,Admin,6,6.5,8.0,10.9,50000,No,Yes
INT-07946,IT,12,8.8,8.5,13.7,75000,No,Yes
INT-07947,Engineering,18,8.5,6.9,18.6,50000,Yes,Yes
INT-07948,Engineering,24,8.9,8.0,4.1,75000,Yes,Yes
INT-07949,Marketing,21,8.5,7.6,6.8,50000,Yes,Yes
INT-07950,IT,13,8.2,6.1,11.1,75000,No,No
INT-07951,Marketing,13,4.7,5.3,14.3,50000,Yes,No
INT-07952,IT,6,7.1,8.9,12.7,25000,No,Yes
INT-07953,Engineering,4,7.8,7.4,15.6,50000,No,Yes
INT-07954,IT,6,7.9,5.8,18.7,50000,Yes,No
INT-07955,Finance,8,8.2,5.2,8.9,0,No,Yes
INT-07956,Engineering,10,8.4,7.8,2.0,25000,Yes,Yes
INT-07957,Engineering,6,7.7,7.3,14.8,75000,Yes,Yes
INT-07958,Finance,7,6.6,7.4,5.5,50000,No,No
INT-07959,IT,20,6.1,7.7,0.9,100000,No,Yes
INT-07960,IT,6,5.4,8.9,8.4,0,No,No
INT-07961,Finance,7,9.3,9.1,10.9,25000,No,Yes
INT-07962,Admin,5,9.3,6.0,5.4,150000,No,Yes
INT-07963,IT,17,8.6,8.5,6.2,75000,No,Yes
INT-07964,Admin,8,4.7,5.5,6.9,75000,No,No
INT-07965,Engineering,24,8.3,5.9,2.8,100000,Yes,Yes
INT-07966,IT,5,5.5,6.6,4.2,50000,No,Yes
INT-07967,IT,18,8.5,8.6,13.7,75000,No,Yes
INT-07968,IT,14,9.2,7.4,0.7,50000,No,Yes
INT-07969,Admin,13,8.0,8.3,7.0,50000,No,No
INT-07970,Finance,23,8.5,7.4,0.8,25000,No,Yes
INT-07971,Marketing,4,8.9,6.0,2.3,0,No,No
INT-07972,Engineering,22,7.7,8.1,4.2,0,Yes,Yes
INT-07973,IT,17,6.2,6.5,2.2,50000,No,Yes
INT-07974,Marketing,17,6.5,8.7,15.6,0,Yes,No
INT-07975,Engineering,4,8.3,8.2,16.8,25000,No,Yes
INT-07976,IT,12,9.4,6.7,1.8,75000,No,Yes
INT-07977,Marketing,20,7.8,7.0,18.3,25000,No,Yes
INT-07978,Finance,17,9.3,8.2,2.6,50000,Yes,Yes
INT-07979,Engineering,16,8.4,6.9,0.6,25000,No,Yes
INT-07980,Engineering,16,8.9,7.0,11.2,50000,Yes,Yes
INT-07981,IT,9,3.9,6.0,6.3,100000,Yes,No
INT-07982,IT,10,4.1,8.3,6.0,75000,No,No
INT-07983,Engineering,5,6.4,8.2,0.5,75000,No,Yes
INT-07984,IT,11,5.4,8.4,31.2,50000,No,No
INT-07985,Admin,9,9.1,8.7,14.8,150000,No,Yes
INT-07986,Finance,6,7.0,7.3,27.9,25000,No,No
INT-07987,Finance,21,6.3,4.6,2.7,25000,No,Yes
INT-07988,Admin,21,8.2,5.7,7.9,50000,No,Yes
INT-07989,Finance,9,7.3,6.8,11.5,0,No,No
INT-07990,Finance,14,5.7,9.1,13.5,50000,No,Yes
INT-07991,Engineering,6,7.3,8.7,12.7,75000,No,No
INT-07992,IT,19,7.6,9.6,7.3,50000,Yes,Yes
INT-07993,IT,8,8.8,5.7,0.8,50000,Yes,Yes
INT-07994,Admin,5,8.1,7.4,41.4,25000,Yes,No
INT-07995,IT,18,5.0,8.0,1.5,50000,No,Yes
INT-07996,IT,19,9.5,7.7,2.1,150000,No,Yes
INT-07997,IT,10,6.8,9.6,14.4,0,No,Yes
INT-07998,Admin,19,6.6,5.8,1.3,75000,No,Yes
INT-07999,Marketing,7,7.7,7.8,2.4,75000,No,Yes
INT-08000,IT,19,6.1,6.1,0.7,100000,No,Yes
INT-08001,Engineering,20,7.9,8.8,1.9,75000,Yes,Yes
INT-08002,Engineering,5,6.3,2.8,9.1,50000,Yes,No
INT-08003,IT,19,9.3,5.1,4.1,100000,Yes,Yes
INT-08004,Marketing,7,8.7,9.3,1.7,50000,Yes,No
INT-08005,Engineering,10,9.5,6.5,3.0,25000,Yes,Yes
INT-08006,Admin,21,9.3,9.3,11.7,50000,Yes,Yes
INT-08007,Finance,9,7.7,7.8,7.0,150000,No,Yes
INT-08008,IT,21,8.9,6.7,5.7,50000,No,Yes
INT-08009,Engineering,10,7.1,9.6,0.9,150000,No,Yes
INT-08010,IT,5,4.8,6.2,6.2,100000,No,No
INT-08011,Finance,22,9.3,7.6,5.8,100000,No,Yes
INT-08012,Admin,12,6.4,5.4,5.2,75000,No,Yes
INT-08013,Engineering,7,9.0,8.3,5.8,50000,No,Yes
INT-08014,IT,17,9.7,8.9,1.1,50000,No,Yes
INT-08015,Engineering,8,8.4,7.8,22.1,75000,No,Yes
INT-08016,Finance,10,4.5,7.0,3.4,25000,No,No
INT-08017,Admin,11,8.4,6.9,9.0,100000,Yes,No
INT-08018,Engineering,18,9.0,4.0,4.1,50000,No,Yes
INT-08019,Admin,22,7.4,5.1,3.7,75000,No,Yes
INT-08020,Finance,14,5.2,9.0,10.8,50000,Yes,Yes
INT-08021,Admin,23,5.4,3.2,4.8,150000,No,Yes
INT-08022,Finance,7,9.6,9.0,8.2,50000,Yes,Yes
INT-08023,Finance,21,6.7,5.8,3.1,50000,No,Yes
INT-08024,Admin,17,6.4,5.7,3.0,75000,No,Yes
INT-08025,IT,9,7.7,6.5,2.3,25000,No,Yes
INT-08026,Admin,19,7.3,8.2,3.4,75000,Yes,Yes
INT-08027,Finance,21,2.9,9.4,1.0,0,No,No
INT-08028,IT,4,6.3,6.4,1.1,150000,No,Yes
INT-08029,Engineering,11,8.5,3.2,15.8,50000,No,No
INT-08030,Finance,4,5.8,3.5,3.1,25000,No,No
INT-08031,Admin,4,5.4,6.3,6.7,25000,Yes,No
INT-08032,Engineering,22,8.1,7.8,6.0,75000,No,Yes
INT-08033,IT,24,4.8,4.9,8.5,0,No,No
INT-08034,IT,13,5.8,7.5,8.9,150000,Yes,Yes
INT-08035,Finance,21,7.2,9.0,4.2,50000,No,Yes
INT-08036,IT,15,7.6,8.4,1.6,75000,No,Yes
INT-08037,IT,20,7.1,8.1,2.1,0,No,Yes
INT-08038,Finance,4,3.6,6.7,4.1,25000,No,No
INT-08039,Admin,11,6.8,8.5,7.1,0,No,No
INT-08040,Marketing,13,6.5,7.3,8.1,25000,No,No
INT-08041,Marketing,13,7.0,7.9,22.0,75000,Yes,No
INT-08042,IT,21,5.4,7.5,3.4,50000,No,No
INT-08043,IT,12,9.5,9.3,1.4,100000,Yes,Yes
INT-08044,Engineering,5,9.7,6.5,6.7,75000,Yes,Yes
INT-08045,Admin,6,8.1,6.9,1.1,75000,No,Yes
INT-08046,IT,5,5.4,8.0,1.9,25000,Yes,Yes
INT-08047,Engineering,9,9.4,9.4,7.0,50000,No,Yes
INT-08048,IT,15,9.1,8.4,21.2,150000,No,Yes
INT-08049,Finance,22,9.5,3.3,2.2,50000,No,Yes
INT-08050,IT,18,6.9,7.7,4.1,25000,No,Yes
INT-08051,IT,22,8.3,5.8,5.2,75000,No,Yes
INT-08052,IT,15,7.2,2.4,25.0,25000,No,No
INT-08053,Marketing,21,7.8,2.5,11.1,75000,No,Yes
INT-08054,Engineering,19,6.8,6.6,3.7,50000,No,Yes
INT-08055,Finance,5,8.8,5.0,3.0,50000,Yes,Yes
INT-08056,Admin,14,5.5,4.6,6.3,25000,No,No
INT-08057,Admin,15,7.9,7.0,4.3,75000,Yes,Yes
INT-08058,IT,8,8.0,7.7,8.2,50000,No,No
INT-08059,Admin,9,8.4,7.7,6.6,100000,No,Yes
INT-08060,Engineering,14,6.1,9.7,0.8,0,Yes,Yes
INT-08061,Engineering,24,7.9,6.9,1.1,50000,Yes,Yes
INT-08062,IT,13,8.2,5.5,1.7,0,Yes,Yes
INT-08063,Marketing,7,6.4,5.5,8.9,100000,No,No
INT-08064,IT,12,6.0,5.1,30.8,50000,Yes,No
INT-08065,Marketing,15,7.3,9.5,5.3,75000,Yes,Yes
INT-08066,IT,13,8.5,5.8,1.8,75000,No,No
INT-08067,Admin,17,7.0,6.0,8.0,100000,Yes,No
INT-08068,Admin,8,9.1,8.5,8.4,150000,No,Yes
INT-08069,Admin,4,4.4,6.1,11.8,25000,No,No
INT-08070,Engineering,8,8.7,8.7,10.4,50000,No,Yes
INT-08071,Admin,19,8.4,6.7,9.8,50000,Yes,Yes
INT-08072,Admin,8,6.8,7.6,10.8,25000,Yes,Yes
INT-08073,Engineering,8,8.5,5.8,14.2,25000,Yes,Yes
INT-08074,Engineering,21,4.8,5.0,18.6,0,No,No
INT-08075,Finance,9,6.7,3.3,0.5,0,No,Yes
INT-08076,IT,24,9.1,8.2,9.3,100000,Yes,Yes
INT-08077,Engineering,21,8.2,9.0,23.2,75000,No,Yes
INT-08078,Engineering,13,8.4,5.9,11.8,0,Yes,Yes
INT-08079,Admin,18,8.6,8.3,1.2,50000,No,Yes
INT-08080,Admin,14,6.3,5.1,11.2,25000,Yes,No
INT-08081,Admin,22,9.2,7.9,2.8,25000,No,Yes
INT-08082,IT,16,8.2,7.0,2.1,150000,No,Yes
INT-08083,IT,23,6.2,6.5,2.3,75000,No,Yes
INT-08084,IT,6,9.1,9.6,29.1,50000,No,No
INT-08085,Engineering,19,5.4,9.3,9.1,150000,No,Yes
INT-08086,Engineering,10,7.6,9.2,31.0,150000,Yes,No
INT-08087,Marketing,15,8.0,9.6,15.5,50000,Yes,Yes
INT-08088,Engineering,18,7.4,5.4,21.2,25000,No,No
INT-08089,IT,11,7.1,5.7,7.0,150000,No,Yes
INT-08090,Finance,20,9.0,7.6,3.9,100000,Yes,Yes
INT-08091,Finance,4,7.0,8.9,11.2,50000,No,Yes
INT-08092,Admin,24,8.1,8.3,0.6,50000,No,No
INT-08093,Engineering,11,9.5,8.5,8.8,75000,No,Yes
INT-08094,Marketing,17,6.2,4.7,25.6,100000,No,No
INT-08095,Engineering,13,6.8,3.8,15.5,25000,No,Yes
INT-08096,Marketing,22,8.5,6.9,2.2,75000,No,Yes
INT-08097,IT,11,8.9,8.7,1.6,50000,No,Yes
INT-08098,IT,22,9.1,6.8,14.5,50000,Yes,Yes
INT-08099,Admin,7,8.6,6.7,0.9,75000,Yes,Yes
INT-08100,Engineering,13,9.5,4.1,43.4,150000,No,No
INT-08101,Finance,6,8.9,7.5,5.5,75000,No,Yes
INT-08102,Marketing,7,8.5,7.8,21.5,50000,Yes,No
INT-08103,Admin,19,7.2,6.7,13.8,75000,Yes,Yes
INT-08104,IT,7,9.0,4.8,10.1,25000,Yes,No
INT-08105,Finance,23,5.7,4.6,2.3,75000,Yes,Yes
INT-08106,Engineering,23,7.3,6.4,1.2,25000,No,Yes
INT-08107,IT,16,7.2,7.2,9.0,50000,No,Yes
INT-08108,Admin,24,8.1,7.0,2.2,75000,No,Yes
INT-08109,Engineering,20,5.6,5.8,14.6,50000,No,No
INT-08110,Finance,19,5.4,6.9,1.1,75000,Yes,No
INT-08111,Admin,20,7.7,9.3,6.4,100000,Yes,Yes
INT-08112,Admin,9,8.0,9.2,4.9,0,No,Yes
INT-08113,Marketing,6,7.4,6.8,21.2,100000,No,No
INT-08114,Engineering,23,9.2,9.2,18.8,75000,No,Yes
INT-08115,Admin,7,7.0,7.3,10.7,75000,No,No
INT-08116,IT,11,6.1,8.0,11.8,100000,Yes,Yes
INT-08117,Engineering,23,7.7,8.7,10.3,25000,No,Yes
INT-08118,IT,12,7.0,9.3,9.5,0,Yes,Yes
INT-08119,IT,4,8.3,5.8,46.8,50000,No,No
INT-08120,Engineering,16,6.4,9.0,11.2,50000,No,Yes
INT-08121,IT,5,8.6,7.4,23.8,75000,Yes,Yes
INT-08122,Engineering,13,8.8,6.6,5.1,100000,No,Yes
INT-08123,IT,22,5.3,9.8,50.7,50000,Yes,No
INT-08124,Engineering,20,6.8,6.6,8.1,75000,Yes,Yes
INT-08125,IT,16,5.0,7.6,19.3,50000,No,No
INT-08126,IT,17,8.5,8.0,1.3,75000,No,No
INT-08127,IT,14,6.5,6.8,8.0,150000,Yes,No
INT-08128,Marketing,13,8.8,6.5,40.0,25000,Yes,No
INT-08129,Finance,10,7.0,9.5,1.1,0,Yes,Yes
INT-08130,IT,13,5.8,5.8,24.0,50000,No,No
INT-08131,Finance,4,7.9,6.9,1.8,50000,Yes,Yes
INT-08132,Engineering,17,8.2,6.9,44.9,25000,Yes,No
INT-08133,Marketing,6,6.5,6.5,3.2,75000,No,Yes
INT-08134,Admin,16,6.7,8.6,13.1,0,Yes,Yes
INT-08135,Engineering,5,5.6,6.5,0.7,75000,Yes,Yes
INT-08136,IT,20,7.7,8.3,3.2,0,Yes,Yes
INT-08137,Admin,24,4.8,7.8,7.9,100000,No,Yes
INT-08138,Marketing,6,8.7,9.2,2.6,75000,Yes,Yes
INT-08139,Engineering,18,7.8,8.5,11.9,75000,No,Yes
INT-08140,IT,11,8.7,8.9,9.5,100000,No,Yes
INT-08141,IT,9,8.6,3.1,38.1,75000,No,No
INT-08142,Engineering,12,8.6,7.0,7.5,0,No,Yes
INT-08143,Engineering,14,6.2,7.1,12.2,100000,No,Yes
INT-08144,Admin,5,7.8,6.3,1.1,75000,Yes,Yes
INT-08145,Marketing,12,8.1,8.3,0.9,100000,No,Yes
INT-08146,IT,21,9.0,7.8,7.5,75000,Yes,Yes
INT-08147,Admin,22,7.7,6.9,34.3,0,No,No
INT-08148,Marketing,21,7.6,9.1,3.0,25000,No,Yes
INT-08149,Admin,8,7.9,7.6,0.5,25000,No,Yes
INT-08150,IT,21,8.5,7.7,3.8,50000,Yes,Yes
INT-08151,Engineering,15,7.2,7.4,11.2,50000,Yes,No
INT-08152,Finance,7,9.6,4.9,13.5,75000,No,Yes
INT-08153,IT,18,7.4,7.5,12.7,50000,No,No
INT-08154,Marketing,14,7.6,4.8,1.2,100000,No,Yes
INT-08155,Finance,22,6.1,7.2,12.3,50000,Yes,No
INT-08156,IT,8,7.0,4.8,1.2,50000,Yes,Yes
INT-08157,Engineering,9,8.3,5.4,35.3,100000,No,No
INT-08158,Admin,16,8.8,5.1,4.2,25000,No,Yes
INT-08159,Admin,13,8.4,8.8,10.0,75000,No,Yes
INT-08160,Finance,17,8.4,7.2,5.8,0,No,Yes
INT-08161,Marketing,7,9.1,6.2,2.7,75000,No,Yes
INT-08162,IT,23,7.4,8.8,8.1,75000,Yes,No
INT-08163,Admin,15,8.5,7.7,0.6,100000,No,Yes
INT-08164,Admin,18,8.6,6.6,6.1,25000,No,Yes
INT-08165,Admin,13,8.1,8.1,0.8,100000,No,Yes
INT-08166,Admin,14,4.4,4.5,7.2,25000,No,No
INT-08167,IT,12,9.7,5.6,5.4,50000,Yes,Yes
INT-08168,Engineering,14,5.7,6.4,18.5,150000,No,No
INT-08169,Admin,5,5.8,6.5,27.6,50000,No,No
INT-08170,IT,16,8.6,5.3,8.9,50000,No,Yes
INT-08171,Finance,11,5.3,2.4,2.1,150000,No,No
INT-08172,Finance,24,6.4,6.1,6.4,150000,No,Yes
INT-08173,Admin,24,6.1,7.5,0.5,50000,No,Yes
INT-08174,IT,11,8.5,7.8,12.2,50000,No,Yes
INT-08175,Engineering,4,6.4,5.0,0.8,50000,Yes,Yes
INT-08176,IT,9,7.7,7.7,13.7,50000,Yes,Yes
INT-08177,IT,16,7.4,5.1,3.0,75000,No,Yes
INT-08178,Engineering,12,8.8,9.3,2.8,25000,No,Yes
INT-08179,IT,9,8.2,8.3,1.3,25000,No,Yes
INT-08180,IT,18,6.7,6.0,9.8,150000,No,Yes
INT-08181,IT,19,8.6,6.3,4.1,0,Yes,Yes
INT-08182,IT,7,7.3,7.8,1.3,75000,Yes,Yes
INT-08183,IT,20,6.4,5.7,3.6,75000,Yes,Yes
INT-08184,Marketing,12,4.9,7.8,20.9,75000,Yes,No
INT-08185,IT,15,8.1,5.5,0.8,50000,Yes,Yes
INT-08186,IT,22,8.3,8.6,9.3,25000,No,Yes
INT-08187,IT,23,7.4,4.7,6.1,100000,No,Yes
INT-08188,Marketing,15,9.4,8.6,7.8,0,No,Yes
INT-08189,Engineering,9,8.5,9.0,4.5,150000,Yes,Yes
INT-08190,Admin,15,6.1,7.1,5.8,50000,No,Yes
INT-08191,Finance,12,4.6,8.8,11.9,0,No,Yes
INT-08192,Admin,23,6.9,9.0,5.8,25000,Yes,Yes
INT-08193,Admin,8,8.0,8.3,4.3,150000,No,Yes
INT-08194,IT,24,3.8,6.1,3.1,75000,No,No
INT-08195,Admin,6,7.0,9.9,5.3,75000,Yes,Yes
INT-08196,Admin,5,7.9,7.6,7.4,100000,No,Yes
INT-08197,Engineering,11,9.5,8.2,4.3,50000,Yes,Yes
INT-08198,IT,13,6.9,4.5,19.0,25000,No,No
INT-08199,Engineering,18,8.8,8.2,44.6,25000,No,Yes
INT-08200,IT,12,5.9,7.3,2.3,25000,Yes,Yes
INT-08201,IT,13,9.0,8.6,8.8,100000,No,Yes
INT-08202,Admin,14,9.4,8.8,2.3,100000,No,Yes
INT-08203,Marketing,12,8.5,5.2,6.7,100000,Yes,Yes
INT-08204,Admin,17,6.3,7.4,4.5,150000,Yes,Yes
INT-08205,Engineering,8,6.8,7.6,2.8,100000,Yes,Yes
INT-08206,IT,12,6.2,7.4,3.8,50000,Yes,Yes
INT-08207,IT,7,9.7,4.4,1.6,25000,No,Yes
INT-08208,IT,5,8.3,7.4,1.2,100000,No,Yes
INT-08209,Admin,22,7.1,9.3,5.3,50000,Yes,Yes
INT-08210,IT,4,8.9,9.6,14.0,50000,Yes,Yes
INT-08211,IT,24,8.9,9.4,9.7,0,No,Yes
INT-08212,Finance,4,7.9,6.5,7.7,100000,No,Yes
INT-08213,IT,15,6.9,5.9,4.9,100000,Yes,Yes
INT-08214,Engineering,14,8.5,4.9,5.6,75000,Yes,Yes
INT-08215,Admin,4,8.3,9.2,0.7,150000,No,Yes
INT-08216,Engineering,17,5.1,6.4,23.0,0,No,No
INT-08217,Engineering,14,6.4,3.6,3.5,0,Yes,No
INT-08218,Admin,10,8.0,7.0,20.2,25000,Yes,No
INT-08219,IT,5,7.9,8.6,10.6,50000,No,Yes
INT-08220,Engineering,18,8.3,8.0,7.1,50000,No,Yes
INT-08221,Finance,11,8.4,5.9,5.2,75000,Yes,Yes
INT-08222,IT,23,3.8,5.2,3.6,100000,No,No
INT-08223,IT,18,6.5,7.2,8.6,0,No,Yes
INT-08224,Finance,11,7.1,7.1,28.6,50000,No,No
INT-08225,Admin,13,7.6,8.2,13.6,0,No,Yes
INT-08226,Engineering,22,7.4,8.2,4.5,25000,No,Yes
INT-08227,Admin,6,7.1,7.6,5.8,100000,No,Yes
INT-08228,IT,23,8.1,7.0,5.6,75000,Yes,Yes
INT-08229,Engineering,17,8.6,7.7,2.9,25000,No,Yes
INT-08230,Engineering,12,5.3,6.8,15.5,50000,No,No
INT-08231,IT,12,7.4,5.0,9.9,50000,No,Yes
INT-08232,Admin,24,9.2,3.3,7.8,50000,Yes,No
INT-08233,Finance,9,9.3,9.1,5.0,0,No,Yes
INT-08234,Engineering,11,8.5,5.9,2.7,50000,No,Yes
INT-08235,IT,14,7.4,6.6,8.7,75000,No,Yes
INT-08236,Engineering,11,7.1,8.1,2.7,100000,No,Yes
INT-08237,Engineering,15,6.2,5.4,0.6,50000,Yes,Yes
INT-08238,Finance,13,9.5,7.0,1.1,25000,No,Yes
INT-08239,Engineering,7,6.0,7.1,10.0,50000,Yes,No
INT-08240,IT,19,8.8,4.8,4.3,50000,No,Yes
INT-08241,Engineering,23,6.1,4.2,2.3,75000,Yes,Yes
INT-08242,Engineering,9,9.7,8.2,2.7,100000,No,Yes
INT-08243,IT,12,4.9,5.6,6.0,25000,No,No
INT-08244,Admin,8,6.0,4.9,19.4,75000,Yes,No
INT-08245,Admin,24,9.0,6.6,3.0,100000,No,Yes
INT-08246,Engineering,9,9.5,7.0,9.0,75000,No,Yes
INT-08247,IT,20,9.2,5.9,14.5,150000,No,Yes
INT-08248,Engineering,20,5.5,9.2,5.9,100000,Yes,Yes
INT-08249,Marketing,16,5.9,8.3,0.7,150000,No,Yes
INT-08250,Finance,20,9.9,7.4,13.2,75000,No,Yes
INT-08251,Marketing,17,9.0,7.8,17.4,0,Yes,Yes
INT-08252,Marketing,5,8.3,9.1,0.8,100000,No,Yes
INT-08253,IT,22,8.7,7.3,1.5,75000,No,Yes
INT-08254,Engineering,6,6.4,3.8,1.2,50000,Yes,No
INT-08255,Admin,5,9.2,8.3,2.5,75000,Yes,Yes
INT-08256,Finance,5,6.6,8.2,6.0,75000,Yes,Yes
INT-08257,IT,10,6.3,6.5,0.8,25000,Yes,Yes
INT-08258,Marketing,7,7.1,4.1,2.0,100000,No,Yes
INT-08259,Engineering,20,8.1,4.1,4.7,25000,No,Yes
INT-08260,Finance,9,8.7,9.5,8.5,0,Yes,Yes
INT-08261,IT,10,5.8,6.4,19.7,25000,No,No
INT-08262,IT,23,4.2,8.1,14.7,25000,No,No
INT-08263,Finance,9,8.2,7.0,0.9,150000,Yes,Yes
INT-08264,IT,12,8.2,8.3,27.8,50000,Yes,No
INT-08265,Finance,23,9.0,5.6,3.0,75000,Yes,Yes
INT-08266,IT,7,9.5,7.3,4.1,150000,No,Yes
INT-08267,Engineering,8,8.3,6.6,1.1,50000,No,Yes
INT-08268,Admin,22,9.1,7.8,22.5,50000,No,No
INT-08269,Engineering,13,6.6,4.9,6.8,0,No,Yes
INT-08270,Engineering,21,6.7,6.5,6.3,75000,No,Yes
INT-08271,Admin,18,8.6,7.2,0.6,75000,No,Yes
INT-08272,IT,4,6.5,5.8,0.5,75000,No,Yes
INT-08273,IT,8,6.5,8.1,9.7,25000,Yes,No
INT-08274,Engineering,8,7.6,7.7,5.8,75000,No,Yes
INT-08275,Engineering,11,6.9,6.0,6.2,0,Yes,No
INT-08276,Engineering,23,6.5,5.1,8.9,50000,No,No
INT-08277,Engineering,18,9.4,4.1,1.8,75000,Yes,Yes
INT-08278,Admin,20,9.1,9.7,51.7,50000,No,No
INT-08279,Admin,22,8.1,7.9,1.2,100000,No,No
INT-08280,IT,16,7.2,5.0,3.0,25000,Yes,Yes
INT-08281,Admin,24,7.5,8.8,10.0,75000,No,No
INT-08282,Marketing,13,8.8,8.7,6.3,25000,Yes,Yes
INT-08283,Finance,20,9.1,7.2,1.3,150000,No,Yes
INT-08284,Admin,8,6.1,9.3,12.4,75000,No,No
INT-08285,Engineering,21,8.4,4.4,28.7,25000,No,No
INT-08286,Finance,20,9.6,6.0,5.6,25000,No,Yes
INT-08287,Admin,7,7.0,4.6,2.8,100000,No,Yes
INT-08288,IT,10,6.3,5.1,1.4,0,No,Yes
INT-08289,IT,8,7.9,6.3,2.3,50000,No,No
INT-08290,Engineering,11,8.0,6.7,3.5,0,No,No
INT-08291,Marketing,11,9.1,9.0,2.2,75000,No,Yes
INT-08292,Engineering,14,8.6,3.6,9.7,0,No,No
INT-08293,IT,12,9.0,8.9,0.7,75000,No,Yes
INT-08294,IT,22,8.3,8.9,4.7,100000,Yes,Yes
INT-08295,Finance,22,8.0,5.8,4.2,50000,No,Yes
INT-08296,Finance,12,9.8,9.6,17.3,25000,Yes,Yes
INT-08297,Engineering,23,2.6,8.2,3.0,75000,No,Yes
INT-08298,Engineering,20,8.9,7.1,7.5,0,No,Yes
INT-08299,IT,19,9.3,5.6,0.5,25000,No,Yes
INT-08300,Finance,10,8.3,9.2,20.4,0,No,No
INT-08301,Finance,6,8.9,7.6,8.6,100000,No,Yes
INT-08302,IT,24,8.8,5.8,13.1,75000,No,Yes
INT-08303,Engineering,22,5.7,4.9,7.2,100000,No,No
INT-08304,IT,11,8.4,8.8,14.0,25000,Yes,Yes
INT-08305,IT,8,7.8,6.9,1.2,50000,No,Yes
INT-08306,IT,9,7.4,8.4,10.4,0,Yes,Yes
INT-08307,IT,5,8.6,6.7,1.8,100000,No,Yes
INT-08308,Admin,22,6.1,9.6,7.4,25000,No,Yes
INT-08309,Admin,16,8.5,7.8,34.5,75000,Yes,No
INT-08310,Engineering,9,7.7,7.1,2.1,25000,Yes,Yes
INT-08311,Admin,9,9.0,5.9,2.9,0,Yes,Yes
INT-08312,IT,5,8.3,3.7,2.4,100000,Yes,Yes
INT-08313,IT,8,8.1,6.0,4.8,150000,Yes,Yes
INT-08314,Engineering,14,7.9,7.2,5.9,100000,No,Yes
INT-08315,Admin,14,9.3,5.9,1.9,25000,Yes,Yes
INT-08316,IT,17,4.8,5.1,0.7,100000,No,Yes
INT-08317,Finance,16,8.3,3.1,3.8,75000,No,No
INT-08318,Engineering,11,5.7,7.7,4.4,150000,No,Yes
INT-08319,Finance,18,8.9,9.4,4.4,25000,Yes,Yes
INT-08320,Admin,15,6.1,9.5,9.2,25000,No,Yes
INT-08321,IT,6,5.8,4.2,5.3,150000,No,Yes
INT-08322,Engineering,24,9.2,6.2,1.4,150000,No,Yes
INT-08323,IT,8,5.9,4.2,22.0,50000,No,No
INT-08324,Admin,9,8.4,6.2,10.1,150000,Yes,Yes
INT-08325,IT,5,9.0,5.4,2.4,0,No,No
INT-08326,Finance,11,7.2,8.7,22.4,75000,No,No
INT-08327,IT,8,5.5,9.9,38.7,100000,No,No
INT-08328,Marketing,20,6.3,6.1,2.3,100000,Yes,Yes
INT-08329,Finance,5,8.5,5.5,4.3,50000,No,Yes
INT-08330,Admin,14,7.6,6.4,1.1,75000,Yes,Yes
INT-08331,Engineering,7,8.8,8.0,5.8,150000,No,Yes
INT-08332,Engineering,14,8.5,7.1,12.9,150000,Yes,Yes
INT-08333,Finance,12,9.6,9.5,19.2,150000,Yes,Yes
INT-08334,Admin,9,8.4,6.6,6.8,75000,No,Yes
INT-08335,Finance,5,7.5,8.4,3.7,75000,No,No
INT-08336,Admin,18,6.1,7.4,7.3,75000,No,Yes
INT-08337,Marketing,8,6.5,6.8,1.5,50000,No,No
INT-08338,Admin,15,7.1,8.9,14.9,75000,Yes,Yes
INT-08339,Admin,16,6.5,8.5,6.4,0,No,Yes
INT-08340,Finance,20,8.1,9.3,32.8,150000,No,No
INT-08341,Finance,7,6.7,9.6,4.6,100000,No,No
INT-08342,Engineering,13,6.1,6.7,9.0,75000,No,No
INT-08343,IT,4,8.4,7.9,3.8,50000,No,Yes
INT-08344,Admin,14,7.9,6.4,1.8,0,No,No
INT-08345,Marketing,19,4.9,5.3,11.7,50000,Yes,No
INT-08346,Finance,14,8.2,7.0,9.4,100000,Yes,Yes
INT-08347,Finance,12,9.3,7.3,12.6,50000,No,Yes
INT-08348,IT,5,7.7,8.2,31.8,150000,No,No
INT-08349,Admin,10,6.9,6.4,40.7,50000,No,No
INT-08350,Engineering,22,8.3,6.7,21.7,100000,No,Yes
INT-08351,Finance,21,7.3,7.9,18.5,100000,Yes,Yes
INT-08352,IT,23,9.6,5.9,3.4,25000,No,Yes
INT-08353,Finance,10,6.7,8.4,5.6,50000,Yes,Yes
INT-08354,Engineering,12,7.6,6.3,0.9,25000,No,Yes
INT-08355,IT,15,8.7,5.9,9.7,25000,No,Yes
INT-08356,Admin,6,8.9,9.3,6.8,25000,No,Yes
INT-08357,IT,19,9.1,6.9,10.3,100000,No,Yes
INT-08358,Engineering,10,3.3,8.1,9.6,0,No,No
INT-08359,IT,8,9.7,6.0,3.0,75000,No,Yes
INT-08360,IT,10,4.8,6.8,5.4,25000,No,Yes
INT-08361,Finance,22,7.7,7.1,1.4,50000,No,Yes
INT-08362,IT,20,6.2,6.5,1.2,0,No,Yes
INT-08363,IT,19,7.1,7.1,5.4,75000,No,No
INT-08364,Admin,24,7.4,8.2,7.0,25000,No,Yes
INT-08365,Engineering,24,9.0,6.8,3.6,100000,Yes,Yes
INT-08366,Finance,22,9.0,8.2,1.0,25000,No,Yes
INT-08367,Admin,21,9.3,5.8,9.2,25000,Yes,Yes
INT-08368,Finance,22,8.4,6.0,9.6,150000,No,Yes
INT-08369,Engineering,7,8.4,4.9,3.6,75000,No,No
INT-08370,IT,4,7.5,7.2,0.5,0,No,No
INT-08371,IT,7,8.3,7.6,8.6,25000,Yes,No
INT-08372,Admin,7,8.2,5.5,1.1,75000,Yes,Yes
INT-08373,Admin,12,4.5,2.9,2.5,50000,No,No
INT-08374,Engineering,11,7.9,9.6,2.8,100000,Yes,Yes
INT-08375,Engineering,5,7.5,4.1,2.9,150000,No,Yes
INT-08376,Admin,9,6.9,5.5,8.2,75000,No,No
INT-08377,IT,14,9.3,7.5,1.2,75000,No,Yes
INT-08378,IT,7,7.0,8.7,8.8,25000,Yes,Yes
INT-08379,Engineering,17,7.4,6.2,5.8,100000,Yes,Yes
INT-08380,Admin,24,9.0,6.8,3.9,25000,No,Yes
INT-08381,Engineering,12,9.5,8.4,7.9,25000,Yes,Yes
INT-08382,IT,5,9.2,8.9,17.0,50000,Yes,Yes
INT-08383,Engineering,4,5.7,8.3,6.8,25000,Yes,No
INT-08384,Finance,7,7.6,8.2,1.9,25000,No,Yes
INT-08385,IT,15,6.5,8.4,7.0,50000,Yes,Yes
INT-08386,Admin,8,7.2,8.8,5.3,25000,No,No
INT-08387,Marketing,12,5.6,9.4,23.1,50000,Yes,No
INT-08388,Admin,7,6.0,7.5,7.7,150000,No,Yes
INT-08389,Engineering,19,8.8,6.4,0.8,50000,No,No
INT-08390,IT,5,7.9,7.3,1.5,75000,Yes,No
INT-08391,Engineering,19,8.3,7.5,6.6,25000,Yes,Yes
INT-08392,IT,19,6.5,8.5,13.2,100000,No,Yes
INT-08393,Marketing,24,8.1,9.3,1.3,75000,No,Yes
INT-08394,Engineering,14,6.9,3.5,7.2,150000,No,No
INT-08395,Finance,4,5.2,8.7,5.3,25000,No,No
INT-08396,Engineering,18,8.2,6.9,4.1,75000,No,Yes
INT-08397,Engineering,7,4.1,7.5,1.2,75000,No,Yes
INT-08398,Admin,21,8.3,6.6,17.4,100000,No,Yes
INT-08399,Finance,20,4.9,8.0,12.0,75000,No,Yes
INT-08400,Marketing,10,5.5,7.1,20.8,25000,No,No
INT-08401,Admin,21,7.9,6.4,2.0,100000,Yes,Yes
INT-08402,Marketing,16,6.6,7.2,7.3,100000,Yes,Yes
INT-08403,Engineering,23,8.9,5.3,0.7,50000,No,Yes
INT-08404,Engineering,23,7.1,5.2,2.1,50000,Yes,Yes
INT-08405,Admin,13,6.4,5.5,12.9,75000,No,No
INT-08406,IT,4,7.2,7.3,3.2,0,No,Yes
INT-08407,IT,5,6.6,8.8,2.3,75000,Yes,Yes
INT-08408,IT,20,8.8,4.6,6.8,0,Yes,Yes
INT-08409,Engineering,6,9.9,7.3,9.0,75000,No,Yes
INT-08410,Admin,20,6.6,8.1,8.0,150000,No,Yes
INT-08411,Admin,15,7.9,4.5,1.3,75000,Yes,Yes
INT-08412,Marketing,15,4.7,8.4,21.8,50000,Yes,Yes
INT-08413,Admin,23,6.8,8.0,2.1,75000,No,Yes
INT-08414,Admin,13,6.4,8.5,21.3,75000,No,No
INT-08415,IT,10,9.5,8.9,5.8,50000,No,Yes
INT-08416,IT,13,6.7,3.4,1.4,100000,No,Yes
INT-08417,Finance,21,7.6,8.2,1.8,150000,No,Yes
INT-08418,Engineering,9,8.8,7.9,5.0,0,No,Yes
INT-08419,Finance,10,7.5,7.5,50.4,150000,No,No
INT-08420,IT,20,8.3,8.6,17.9,50000,No,Yes
INT-08421,Engineering,15,8.4,7.8,31.9,25000,Yes,No
INT-08422,IT,20,7.7,8.2,5.4,0,No,Yes
INT-08423,IT,21,8.1,8.2,9.6,100000,No,Yes
INT-08424,IT,17,6.6,9.7,6.4,100000,No,Yes
INT-08425,IT,14,7.5,8.8,0.7,150000,No,Yes
INT-08426,Admin,5,4.7,8.8,1.7,75000,No,No
INT-08427,IT,24,8.9,7.3,3.2,0,No,Yes
INT-08428,Marketing,4,4.4,4.5,3.5,50000,No,Yes
INT-08429,Admin,14,6.0,6.8,10.0,25000,No,No
INT-08430,IT,5,6.7,7.8,10.7,100000,No,No
INT-08431,IT,19,4.3,5.8,5.3,100000,No,Yes
INT-08432,Engineering,6,9.6,7.9,4.3,25000,No,Yes
INT-08433,IT,23,7.1,5.6,2.1,0,No,No
INT-08434,Finance,4,8.6,8.5,0.8,75000,No,Yes
INT-08435,Marketing,24,8.8,7.6,7.5,25000,No,Yes
INT-08436,IT,23,6.8,7.3,3.9,50000,Yes,Yes
INT-08437,Admin,11,7.7,5.8,5.7,150000,Yes,Yes
INT-08438,IT,22,7.5,4.0,19.0,50000,No,Yes
INT-08439,Engineering,4,7.9,4.7,9.3,0,No,Yes
INT-08440,Admin,8,5.6,9.0,12.6,75000,No,No
INT-08441,IT,4,4.0,8.6,2.1,150000,Yes,Yes
INT-08442,IT,14,8.5,7.7,0.5,150000,No,Yes
INT-08443,Engineering,24,8.3,8.1,1.7,150000,No,Yes
INT-08444,Admin,12,6.1,5.5,12.2,0,No,No
INT-08445,IT,8,8.5,6.8,5.2,150000,Yes,Yes
INT-08446,Engineering,5,8.2,6.6,2.4,100000,No,Yes
INT-08447,Engineering,16,5.8,3.7,26.6,25000,No,No
INT-08448,Finance,21,5.9,5.6,5.8,0,No,No
INT-08449,IT,15,7.4,2.7,4.2,150000,Yes,Yes
INT-08450,Finance,17,8.0,7.5,30.7,25000,No,No
INT-08451,Engineering,8,7.3,8.6,1.6,75000,Yes,Yes
INT-08452,IT,13,6.8,7.9,7.8,50000,No,Yes
INT-08453,Engineering,23,7.8,8.9,11.6,50000,No,Yes
INT-08454,Admin,5,7.0,4.2,23.1,75000,Yes,No
INT-08455,Marketing,7,9.2,5.6,14.9,25000,Yes,No
INT-08456,IT,15,7.8,8.1,3.2,25000,Yes,No
INT-08457,Engineering,14,5.8,8.1,2.9,25000,Yes,Yes
INT-08458,Admin,7,8.7,4.0,1.3,150000,Yes,Yes
INT-08459,Marketing,14,7.9,8.6,2.0,0,No,Yes
INT-08460,Admin,12,8.1,7.8,11.0,150000,No,Yes
INT-08461,Marketing,13,5.4,9.1,3.2,75000,Yes,No
INT-08462,Marketing,9,5.2,7.9,5.2,75000,No,Yes
INT-08463,IT,18,7.4,6.6,9.9,75000,No,Yes
INT-08464,Finance,13,6.2,7.8,9.2,150000,Yes,Yes
INT-08465,Marketing,24,7.7,5.0,13.1,25000,No,No
INT-08466,IT,9,9.6,8.0,1.0,150000,No,Yes
INT-08467,Admin,4,9.5,7.2,7.3,50000,No,Yes
INT-08468,Engineering,24,4.4,7.1,18.3,50000,No,No
INT-08469,IT,23,7.7,7.7,4.2,25000,No,Yes
INT-08470,IT,24,9.3,8.0,2.2,50000,Yes,Yes
INT-08471,IT,7,8.3,8.6,1.1,25000,No,Yes
INT-08472,IT,17,4.6,4.2,23.0,75000,Yes,No
INT-08473,Admin,23,7.9,7.4,0.5,150000,No,Yes
INT-08474,IT,23,6.4,5.7,13.1,100000,Yes,Yes
INT-08475,Finance,11,7.4,9.5,3.0,50000,No,Yes
INT-08476,Engineering,14,4.8,8.0,2.7,50000,Yes,Yes
INT-08477,IT,18,7.3,8.3,1.9,75000,No,Yes
INT-08478,Engineering,22,5.7,8.8,2.2,75000,No,Yes
INT-08479,Engineering,11,7.9,8.8,6.3,75000,No,Yes
INT-08480,Marketing,16,5.7,7.8,17.2,0,No,No
INT-08481,IT,21,7.3,8.1,4.2,25000,Yes,Yes
INT-08482,IT,20,9.3,8.9,11.4,0,No,Yes
INT-08483,Marketing,9,6.2,4.2,2.8,75000,Yes,Yes
INT-08484,Marketing,18,7.1,6.9,19.3,50000,No,Yes
INT-08485,Engineering,16,8.4,6.7,20.1,0,No,Yes
INT-08486,Finance,21,5.0,2.8,1.4,100000,No,No
INT-08487,IT,14,8.7,4.3,15.1,25000,No,Yes
INT-08488,Engineering,16,9.3,8.8,10.2,25000,No,Yes
INT-08489,IT,4,8.5,7.3,4.5,25000,Yes,Yes
INT-08490,IT,21,4.9,3.8,14.9,50000,Yes,Yes
INT-08491,Finance,8,7.8,6.8,19.2,50000,No,Yes
INT-08492,IT,9,7.9,6.7,6.0,75000,No,No
INT-08493,Admin,4,7.4,8.9,6.2,100000,No,Yes
INT-08494,Marketing,10,8.8,5.7,10.2,25000,No,Yes
INT-08495,IT,7,7.8,8.1,2.7,50000,No,No
INT-08496,Marketing,12,5.1,8.5,1.1,150000,Yes,Yes
INT-08497,Marketing,18,6.3,4.5,6.5,25000,No,Yes
INT-08498,Engineering,9,6.6,8.7,3.6,100000,No,Yes
INT-08499,IT,20,6.6,4.1,1.5,100000,Yes,Yes
INT-08500,Admin,23,6.1,6.6,1.7,0,No,Yes
INT-08501,Admin,21,6.7,8.2,2.4,50000,Yes,Yes
INT-08502,Admin,7,6.5,7.7,3.8,0,Yes,No
INT-08503,IT,12,5.9,5.8,5.1,150000,No,Yes
INT-08504,Marketing,17,9.1,7.0,25.6,50000,No,Yes
INT-08505,IT,6,8.8,6.4,5.8,0,Yes,Yes
INT-08506,Engineering,4,7.2,5.4,20.1,0,Yes,No
INT-08507,IT,14,6.6,8.2,6.8,75000,No,No
INT-08508,Engineering,4,8.3,8.7,1.9,150000,Yes,Yes
INT-08509,Marketing,15,6.4,5.2,15.3,75000,No,No
INT-08510,IT,12,7.8,8.6,0.6,0,No,Yes
INT-08511,IT,8,8.4,7.7,7.1,25000,No,Yes
INT-08512,Engineering,18,7.7,7.4,3.8,0,No,Yes
INT-08513,Engineering,21,7.9,8.0,5.1,25000,No,Yes
INT-08514,Engineering,12,5.9,2.5,13.3,75000,No,No
INT-08515,Admin,16,8.3,7.8,0.5,50000,No,Yes
INT-08516,IT,16,6.4,7.9,2.1,25000,No,No
INT-08517,Marketing,16,7.7,6.3,13.9,50000,No,No
INT-08518,Marketing,13,6.8,8.6,6.8,50000,No,No
INT-08519,Admin,13,7.0,9.2,2.9,25000,No,Yes
INT-08520,Finance,10,6.6,5.6,6.0,25000,Yes,Yes
INT-08521,Admin,8,9.9,5.9,4.6,100000,No,Yes
INT-08522,Admin,23,7.5,6.0,12.2,75000,No,No
INT-08523,IT,10,6.1,9.2,11.8,25000,Yes,No
INT-08524,Admin,23,8.8,6.7,5.5,0,Yes,Yes
INT-08525,Engineering,13,8.9,3.2,3.1,75000,Yes,Yes
INT-08526,IT,13,7.0,7.7,0.6,25000,No,Yes
INT-08527,Admin,24,7.6,5.0,5.6,75000,No,No
INT-08528,Finance,16,7.8,7.3,7.7,50000,No,Yes
INT-08529,Engineering,18,6.5,6.9,7.9,50000,No,No
INT-08530,Engineering,9,5.9,3.9,16.7,25000,Yes,No
INT-08531,Marketing,23,6.6,3.1,5.5,25000,Yes,No
INT-08532,IT,15,6.5,7.7,10.7,25000,Yes,Yes
INT-08533,Engineering,22,8.7,6.2,1.6,150000,No,Yes
INT-08534,Finance,14,7.5,6.6,12.1,50000,No,Yes
INT-08535,Engineering,9,7.3,7.9,5.2,150000,Yes,Yes
INT-08536,Admin,4,9.6,7.6,10.0,50000,Yes,Yes
INT-08537,IT,5,7.8,7.3,14.9,150000,Yes,Yes
INT-08538,Finance,18,7.0,6.5,2.8,50000,No,Yes
INT-08539,Admin,7,6.4,8.0,9.3,0,No,No
INT-08540,Finance,8,6.4,8.3,1.6,50000,No,No
INT-08541,Engineering,18,7.8,4.3,1.4,100000,No,Yes
INT-08542,Engineering,14,6.2,7.2,3.2,25000,No,Yes
INT-08543,Finance,13,8.8,6.3,1.6,50000,No,No
INT-08544,Engineering,20,6.4,5.6,5.3,100000,Yes,Yes
INT-08545,Admin,5,5.6,6.9,16.7,100000,No,No
INT-08546,Engineering,23,7.0,4.6,1.1,25000,Yes,Yes
INT-08547,Finance,13,8.0,8.6,4.1,0,No,Yes
INT-08548,Admin,23,6.7,4.3,2.4,50000,No,No
INT-08549,Admin,6,5.8,4.1,5.4,100000,No,No
INT-08550,IT,22,7.1,8.7,8.5,25000,No,Yes
INT-08551,Marketing,8,8.5,9.5,15.8,25000,Yes,No
INT-08552,IT,6,7.4,8.5,0.7,50000,Yes,Yes
INT-08553,Engineering,11,8.2,5.5,7.2,25000,No,No
INT-08554,Admin,8,6.8,7.8,9.9,25000,No,No
INT-08555,Admin,15,8.2,7.9,1.7,100000,No,No
INT-08556,Engineering,17,9.4,4.3,22.7,25000,No,No
INT-08557,IT,10,6.2,6.0,1.2,0,No,Yes
INT-08558,Engineering,14,7.1,4.7,3.6,25000,No,Yes
INT-08559,Finance,11,8.7,6.2,2.7,50000,No,Yes
INT-08560,Finance,8,6.3,8.5,1.1,150000,Yes,Yes
INT-08561,IT,11,8.1,4.8,10.1,25000,No,Yes
INT-08562,Finance,15,4.1,6.7,6.2,150000,No,Yes
INT-08563,Engineering,18,9.3,8.5,5.0,100000,No,Yes
INT-08564,Finance,22,7.5,8.7,2.3,50000,Yes,Yes
INT-08565,Admin,19,8.3,5.2,5.2,150000,No,Yes
INT-08566,Engineering,17,7.5,5.0,19.0,50000,Yes,Yes
INT-08567,Marketing,10,8.1,9.2,4.0,25000,Yes,Yes
INT-08568,Finance,11,7.3,8.4,6.2,100000,Yes,No
INT-08569,Admin,10,5.7,5.1,21.6,50000,No,Yes
INT-08570,IT,21,6.6,3.4,9.9,50000,No,No
INT-08571,Admin,9,8.9,8.4,0.8,75000,Yes,Yes
INT-08572,Admin,22,8.9,8.3,3.7,0,No,Yes
INT-08573,IT,7,7.2,6.5,30.5,0,No,No
INT-08574,IT,6,8.7,5.4,16.5,0,No,No
INT-08575,Finance,20,8.1,5.0,17.6,50000,Yes,No
INT-08576,IT,22,9.1,5.4,22.3,50000,No,Yes
INT-08577,Engineering,18,9.2,8.1,8.5,150000,Yes,Yes
INT-08578,IT,9,8.7,8.7,12.6,75000,Yes,Yes
INT-08579,Admin,15,9.6,6.5,9.0,75000,No,Yes
INT-08580,IT,22,8.8,8.4,6.5,25000,Yes,Yes
INT-08581,IT,9,7.8,7.1,6.4,75000,No,Yes
INT-08582,Finance,14,3.8,5.4,0.6,25000,Yes,No
INT-08583,Finance,23,7.3,7.1,2.6,50000,No,Yes
INT-08584,IT,23,9.2,8.1,0.7,75000,No,Yes
INT-08585,Admin,13,7.8,6.4,5.3,100000,No,Yes
INT-08586,Admin,19,7.7,9.9,10.7,100000,No,Yes
INT-08587,Finance,21,6.2,4.9,22.8,25000,No,Yes
INT-08588,Finance,17,7.0,4.2,0.6,50000,No,No
INT-08589,Engineering,7,9.3,5.5,5.9,50000,No,Yes
INT-08590,Engineering,15,5.9,8.1,10.1,50000,No,Yes
INT-08591,Finance,23,9.3,7.0,9.3,50000,No,Yes
INT-08592,IT,24,6.5,4.5,11.7,50000,No,Yes
INT-08593,Admin,11,7.6,8.8,15.4,50000,No,Yes
INT-08594,Marketing,10,6.8,8.4,20.1,25000,No,No
INT-08595,Engineering,12,7.5,5.8,2.1,25000,No,Yes
INT-08596,Engineering,20,9.3,5.5,25.3,50000,Yes,No
INT-08597,Engineering,13,8.0,3.7,13.6,25000,No,No
INT-08598,Admin,6,6.2,6.1,18.9,50000,No,No
INT-08599,Engineering,24,8.7,7.9,3.9,50000,Yes,Yes
INT-08600,Engineering,11,9.4,9.5,52.9,0,No,No
INT-08601,Admin,17,7.0,6.6,0.6,25000,Yes,Yes
INT-08602,Engineering,10,7.1,3.9,16.9,25000,No,No
INT-08603,Finance,19,6.5,5.6,9.6,75000,Yes,Yes
INT-08604,IT,21,6.1,7.1,1.7,50000,No,Yes
INT-08605,Admin,14,6.3,8.5,14.7,0,No,No
INT-08606,Admin,9,7.9,9.4,13.1,150000,Yes,Yes
INT-08607,Engineering,23,9.8,9.3,6.7,50000,No,Yes
INT-08608,IT,24,5.7,3.2,8.5,50000,Yes,Yes
INT-08609,Engineering,17,9.5,3.1,1.6,25000,Yes,Yes
INT-08610,Finance,24,9.4,9.3,5.4,50000,Yes,Yes
INT-08611,Admin,16,6.9,6.6,0.8,50000,Yes,Yes
INT-08612,Marketing,7,9.7,5.3,7.4,50000,Yes,Yes
INT-08613,Marketing,23,7.8,7.1,5.3,0,Yes,Yes
INT-08614,IT,23,8.7,6.8,1.2,100000,No,Yes
INT-08615,IT,14,8.5,8.4,4.7,0,Yes,Yes
INT-08616,Marketing,21,6.8,5.9,5.1,75000,No,Yes
INT-08617,Marketing,4,7.0,4.5,11.2,25000,No,No
INT-08618,IT,15,9.0,5.9,0.9,150000,No,Yes
INT-08619,IT,21,4.5,7.2,8.1,25000,No,No
INT-08620,IT,10,8.9,7.9,6.3,50000,No,Yes
INT-08621,Marketing,15,7.9,6.0,3.1,50000,No,Yes
INT-08622,IT,4,7.0,7.0,11.4,75000,No,No
INT-08623,Engineering,7,7.1,8.1,7.1,50000,No,Yes
INT-08624,Finance,21,7.8,9.2,6.4,25000,No,Yes
INT-08625,IT,18,7.1,7.7,24.9,50000,No,No
INT-08626,Engineering,6,6.0,6.5,14.0,25000,No,No
INT-08627,IT,10,9.3,8.0,2.3,0,No,Yes
INT-08628,Finance,9,8.2,6.0,4.4,25000,Yes,No
INT-08629,IT,18,7.5,6.6,9.2,75000,No,Yes
INT-08630,Engineering,18,9.8,3.1,6.9,50000,No,No
INT-08631,Engineering,9,6.9,5.8,5.0,150000,Yes,Yes
INT-08632,IT,11,8.8,8.2,32.3,75000,Yes,Yes
INT-08633,IT,11,7.3,7.6,2.0,50000,Yes,Yes
INT-08634,Admin,4,7.5,8.8,3.8,150000,Yes,Yes
INT-08635,IT,16,9.3,7.9,4.5,100000,No,Yes
INT-08636,Finance,24,6.3,4.4,1.1,50000,No,No
INT-08637,Finance,16,9.1,6.2,5.5,100000,Yes,Yes
INT-08638,Admin,14,7.0,6.3,6.4,75000,No,No
INT-08639,Engineering,7,4.9,6.8,3.0,50000,Yes,Yes
INT-08640,Engineering,10,5.2,8.4,26.6,75000,No,No
INT-08641,Finance,15,8.1,8.1,6.6,75000,No,Yes
INT-08642,Admin,16,6.5,7.0,7.5,25000,Yes,No
INT-08643,IT,15,8.8,6.2,18.4,25000,Yes,Yes
INT-08644,IT,19,7.9,8.2,3.1,75000,No,Yes
INT-08645,Engineering,9,6.8,4.7,8.5,50000,No,No
INT-08646,Admin,17,9.2,8.9,5.3,0,No,Yes
INT-08647,Admin,22,9.6,9.0,4.2,100000,Yes,Yes
INT-08648,IT,19,6.1,3.0,4.3,25000,Yes,Yes
INT-08649,Engineering,7,7.4,7.3,0.7,100000,No,Yes
INT-08650,IT,8,7.0,6.4,14.3,0,No,No
INT-08651,IT,12,7.5,7.8,7.5,50000,No,Yes
INT-08652,Admin,6,7.5,6.3,22.1,25000,Yes,No
INT-08653,IT,13,6.0,8.8,15.4,50000,Yes,Yes
INT-08654,Engineering,20,8.2,5.7,34.0,50000,No,No
INT-08655,Admin,22,9.5,6.3,0.8,50000,No,Yes
INT-08656,Admin,13,8.5,8.7,8.9,75000,Yes,Yes
INT-08657,Engineering,15,4.9,7.9,25.2,50000,Yes,No
INT-08658,IT,10,3.7,7.3,12.2,75000,No,Yes
INT-08659,IT,21,5.6,5.5,3.6,25000,Yes,Yes
INT-08660,Finance,22,8.9,7.9,1.5,50000,No,Yes
INT-08661,Admin,18,9.0,7.4,9.3,0,No,Yes
INT-08662,Admin,10,8.5,4.8,9.1,50000,No,Yes
INT-08663,IT,15,8.8,5.1,3.3,50000,No,Yes
INT-08664,Admin,10,7.4,8.1,13.6,75000,No,Yes
INT-08665,Engineering,13,8.2,5.5,8.5,25000,Yes,Yes
INT-08666,Engineering,23,4.6,6.1,4.8,25000,No,Yes
INT-08667,Engineering,13,8.3,8.1,5.5,75000,Yes,Yes
INT-08668,IT,8,7.6,7.7,2.8,50000,Yes,Yes
INT-08669,IT,21,3.0,6.6,6.7,100000,No,Yes
INT-08670,Finance,12,4.0,5.6,6.1,25000,Yes,No
INT-08671,Marketing,19,8.5,6.9,23.5,75000,No,No
INT-08672,IT,10,9.0,2.7,6.2,25000,No,Yes
INT-08673,Admin,13,8.3,6.9,12.5,50000,Yes,Yes
INT-08674,IT,8,7.3,6.7,8.1,25000,No,No
INT-08675,IT,10,8.1,6.0,2.5,50000,Yes,Yes
INT-08676,Admin,8,6.3,6.1,0.9,75000,No,Yes
INT-08677,IT,18,8.3,4.0,10.2,25000,No,Yes
INT-08678,Engineering,22,5.3,6.1,13.5,150000,Yes,No
INT-08679,Engineering,13,8.8,4.6,17.1,25000,Yes,Yes
INT-08680,IT,11,9.2,5.2,9.7,75000,Yes,Yes
INT-08681,IT,12,4.9,7.7,5.1,50000,No,No
INT-08682,Finance,14,7.6,7.4,5.9,25000,No,Yes
INT-08683,IT,5,4.7,8.8,11.9,25000,No,No
INT-08684,Engineering,6,6.8,4.6,2.1,50000,No,Yes
INT-08685,Admin,16,9.0,6.4,5.3,150000,Yes,Yes
INT-08686,Engineering,14,5.9,6.5,0.9,50000,Yes,Yes
INT-08687,Admin,13,4.8,8.0,1.4,75000,No,No
INT-08688,IT,18,7.4,8.1,2.6,50000,No,Yes
INT-08689,IT,9,7.4,7.5,8.5,75000,Yes,Yes
INT-08690,IT,4,8.4,5.7,20.7,25000,Yes,No
INT-08691,Admin,17,8.1,5.0,4.1,150000,Yes,Yes
INT-08692,Engineering,21,8.3,7.5,6.1,150000,No,Yes
INT-08693,IT,14,7.4,7.1,7.3,75000,Yes,Yes
INT-08694,IT,11,7.1,8.9,3.2,25000,No,Yes
INT-08695,Engineering,6,4.7,5.4,9.9,25000,No,No
INT-08696,Engineering,17,8.6,8.8,2.4,75000,No,Yes
INT-08697,Marketing,5,8.4,9.4,2.2,0,Yes,Yes
INT-08698,Engineering,19,4.2,8.4,2.3,25000,No,Yes
INT-08699,Admin,9,8.4,5.5,5.7,75000,Yes,No
INT-08700,Engineering,4,7.1,6.1,2.8,100000,No,No
INT-08701,Marketing,17,7.7,7.0,5.0,25000,No,Yes
INT-08702,Finance,13,9.6,5.3,4.3,75000,Yes,Yes
INT-08703,Admin,9,8.8,7.6,14.7,50000,No,No
INT-08704,IT,12,9.2,6.6,2.5,50000,No,Yes
INT-08705,IT,10,8.7,8.2,3.4,0,No,Yes
INT-08706,Engineering,5,7.7,3.6,24.9,100000,No,No
INT-08707,Engineering,14,7.0,7.8,2.7,150000,Yes,Yes
INT-08708,Engineering,17,6.0,8.9,13.3,50000,Yes,No
INT-08709,IT,8,6.8,7.9,1.7,100000,No,Yes
INT-08710,Engineering,12,8.0,5.2,7.6,25000,Yes,Yes
INT-08711,Finance,10,8.4,8.0,1.3,150000,Yes,Yes
INT-08712,IT,17,7.8,7.5,4.7,150000,No,Yes
INT-08713,Engineering,19,8.6,6.5,25.4,0,No,Yes
INT-08714,Admin,19,5.6,7.6,8.7,25000,No,Yes
INT-08715,Finance,10,7.1,8.7,2.4,50000,No,Yes
INT-08716,Finance,13,6.0,7.6,13.7,75000,No,Yes
INT-08717,Engineering,24,6.6,6.1,9.0,75000,Yes,No
INT-08718,Engineering,9,9.0,4.3,21.5,0,Yes,No
INT-08719,Finance,20,9.2,8.9,2.6,100000,Yes,Yes
INT-08720,Admin,4,7.0,7.5,1.5,100000,No,Yes
INT-08721,Admin,5,7.3,5.0,8.6,100000,No,No
INT-08722,Finance,17,8.1,6.0,20.1,75000,No,No
INT-08723,IT,7,8.4,9.6,12.5,0,No,Yes
INT-08724,Admin,12,6.9,8.6,4.7,100000,No,Yes
INT-08725,Finance,9,7.3,4.0,5.0,0,Yes,No
INT-08726,Engineering,20,8.2,8.5,3.7,25000,No,Yes
INT-08727,Admin,24,6.0,4.7,20.4,25000,Yes,No
INT-08728,IT,14,7.7,7.0,13.9,75000,Yes,Yes
INT-08729,Admin,7,7.9,4.2,3.0,25000,Yes,Yes
INT-08730,IT,24,9.2,6.1,3.6,75000,Yes,Yes
INT-08731,IT,12,8.4,6.3,11.3,25000,No,Yes
INT-08732,Engineering,19,6.9,5.0,4.9,75000,No,No
INT-08733,IT,6,6.9,8.9,8.0,100000,No,Yes
INT-08734,Admin,7,8.6,8.1,1.9,100000,No,Yes
INT-08735,Admin,6,5.9,5.0,14.5,25000,No,No
INT-08736,Marketing,16,7.7,8.9,7.0,75000,No,No
INT-08737,Admin,22,7.0,7.9,14.5,150000,Yes,Yes
INT-08738,IT,24,8.9,8.5,10.5,75000,Yes,Yes
INT-08739,IT,4,7.3,9.1,5.0,25000,No,Yes
INT-08740,Engineering,9,8.1,8.6,9.6,75000,No,Yes
INT-08741,Engineering,6,5.9,5.6,1.0,50000,Yes,Yes
INT-08742,Admin,6,5.9,4.1,5.1,25000,No,No
INT-08743,Admin,19,8.7,7.4,5.1,25000,Yes,Yes
INT-08744,IT,13,7.3,7.3,4.9,100000,Yes,Yes
INT-08745,Engineering,20,8.4,5.2,1.5,25000,No,Yes
INT-08746,Engineering,10,9.6,7.8,5.8,150000,Yes,Yes
INT-08747,IT,16,7.1,9.0,12.0,150000,Yes,Yes
INT-08748,IT,14,5.3,7.8,3.6,100000,No,Yes
INT-08749,IT,13,5.2,7.9,14.2,25000,No,No
INT-08750,IT,10,4.7,8.2,7.5,50000,No,Yes
INT-08751,Engineering,9,8.1,8.3,10.8,50000,Yes,Yes
INT-08752,IT,4,7.1,6.9,18.7,75000,No,Yes
INT-08753,IT,20,8.7,7.9,5.8,25000,Yes,Yes
INT-08754,IT,15,7.9,6.7,15.4,25000,Yes,Yes
INT-08755,Marketing,7,7.5,8.6,1.7,75000,No,Yes
INT-08756,Finance,6,6.2,6.3,12.6,50000,Yes,No
INT-08757,IT,9,6.4,6.8,14.9,50000,No,No
INT-08758,Admin,19,7.0,5.8,19.2,0,No,No
INT-08759,IT,16,7.0,8.2,1.2,75000,No,Yes
INT-08760,Admin,12,6.9,5.8,1.5,25000,No,No
INT-08761,IT,14,7.0,6.3,0.7,50000,Yes,Yes
INT-08762,Engineering,23,4.8,7.5,6.1,50000,No,Yes
INT-08763,Engineering,24,9.1,6.8,2.2,75000,No,Yes
INT-08764,Finance,16,7.6,3.8,7.2,50000,No,Yes
INT-08765,IT,22,8.5,7.4,18.3,50000,No,Yes
INT-08766,Finance,6,8.1,9.4,3.7,100000,No,Yes
INT-08767,Finance,15,7.8,6.7,0.5,100000,Yes,Yes
INT-08768,IT,22,7.3,8.5,18.1,100000,No,No
INT-08769,Admin,11,5.8,8.2,8.3,100000,No,Yes
INT-08770,IT,17,7.2,7.3,2.3,50000,No,Yes
INT-08771,IT,12,6.4,7.2,9.9,75000,No,No
INT-08772,IT,20,5.2,4.9,8.5,75000,Yes,No
INT-08773,Engineering,9,7.1,8.0,4.3,75000,No,No
INT-08774,Admin,7,9.2,8.2,2.4,75000,No,Yes
INT-08775,Marketing,7,7.9,9.0,39.6,75000,No,No
INT-08776,IT,22,8.6,7.5,8.7,75000,No,Yes
INT-08777,Marketing,15,7.7,5.7,0.5,75000,No,Yes
INT-08778,IT,5,4.9,4.9,1.6,75000,Yes,No
INT-08779,Finance,20,9.2,7.0,2.8,25000,Yes,Yes
INT-08780,Admin,18,6.8,4.9,13.9,50000,No,No
INT-08781,IT,13,5.7,8.2,5.6,50000,No,Yes
INT-08782,Finance,6,9.3,9.1,1.0,75000,Yes,Yes
INT-08783,Admin,23,6.8,6.0,3.0,100000,Yes,Yes
INT-08784,Engineering,7,5.8,5.5,32.1,100000,No,No
INT-08785,Engineering,4,7.8,5.3,12.2,25000,Yes,No
INT-08786,Admin,4,9.2,6.2,0.5,50000,No,Yes
INT-08787,Admin,21,9.3,7.1,15.1,100000,No,Yes
INT-08788,Engineering,7,8.1,7.3,2.2,75000,No,Yes
INT-08789,IT,18,7.4,8.1,3.7,75000,Yes,Yes
INT-08790,Engineering,24,9.0,9.9,1.5,75000,Yes,Yes
INT-08791,Finance,13,8.3,5.5,0.6,0,No,Yes
INT-08792,IT,20,9.0,5.1,6.1,50000,No,Yes
INT-08793,IT,15,8.2,4.1,3.2,50000,No,Yes
INT-08794,Engineering,23,5.2,6.3,4.1,150000,No,No
INT-08795,Admin,15,7.5,7.0,2.0,100000,No,Yes
INT-08796,Admin,19,4.3,9.0,13.6,150000,No,No
INT-08797,IT,8,5.4,6.1,2.0,75000,Yes,No
INT-08798,Engineering,19,5.8,8.8,6.3,50000,Yes,Yes
INT-08799,IT,20,6.8,7.9,5.6,150000,Yes,No
INT-08800,Admin,18,8.8,5.2,20.7,75000,No,No
INT-08801,Finance,16,8.6,8.1,35.7,50000,No,Yes
INT-08802,IT,11,4.3,5.9,19.4,150000,No,No
INT-08803,Admin,24,8.0,8.2,11.1,75000,No,No
INT-08804,Marketing,5,7.0,5.5,5.0,25000,No,No
INT-08805,Engineering,11,9.4,9.0,1.6,50000,No,Yes
INT-08806,Finance,13,7.8,6.5,16.8,50000,Yes,Yes
INT-08807,Admin,10,8.4,6.5,10.6,100000,No,Yes
INT-08808,Finance,13,8.4,7.1,1.6,50000,Yes,Yes
INT-08809,IT,7,7.6,6.0,1.2,75000,No,No
INT-08810,IT,14,4.7,4.7,9.5,150000,No,No
INT-08811,IT,12,7.6,3.7,19.4,100000,Yes,No
INT-08812,Admin,7,7.8,2.6,2.4,50000,Yes,Yes
INT-08813,Finance,6,8.2,2.5,4.7,50000,No,No
INT-08814,Admin,14,8.0,5.3,27.2,75000,No,No
INT-08815,Engineering,6,7.8,8.2,23.8,150000,No,No
INT-08816,Engineering,21,8.1,7.7,10.1,75000,No,Yes
INT-08817,Engineering,22,9.2,4.7,5.6,25000,Yes,Yes
INT-08818,Admin,17,6.4,5.4,4.2,25000,No,No
INT-08819,Engineering,14,6.1,8.0,4.5,0,Yes,Yes
INT-08820,Admin,5,5.2,9.6,6.1,25000,No,No
INT-08821,IT,5,6.6,4.6,9.8,100000,No,No
INT-08822,Marketing,5,9.5,7.2,6.2,50000,No,Yes
INT-08823,IT,13,6.1,7.1,2.6,0,Yes,No
INT-08824,IT,18,7.4,5.1,11.7,75000,No,Yes
INT-08825,Finance,15,8.8,5.3,5.3,0,No,Yes
INT-08826,Admin,14,8.3,5.9,7.3,0,No,Yes
INT-08827,Engineering,20,6.5,8.7,12.5,50000,Yes,Yes
INT-08828,Admin,21,9.2,4.5,4.4,0,Yes,Yes
INT-08829,Admin,17,8.4,6.5,21.8,50000,Yes,Yes
INT-08830,IT,20,7.9,8.7,6.2,75000,No,Yes
INT-08831,Admin,18,8.4,7.7,10.2,25000,Yes,No
INT-08832,Admin,15,7.8,7.6,11.8,75000,No,Yes
INT-08833,Engineering,19,8.8,9.0,4.1,50000,No,Yes
INT-08834,Engineering,9,8.5,9.2,2.9,100000,No,Yes
INT-08835,Marketing,5,6.3,7.8,21.0,50000,No,No
INT-08836,IT,5,7.1,8.8,3.5,50000,No,Yes
INT-08837,Engineering,19,9.4,7.6,1.4,50000,Yes,Yes
INT-08838,Engineering,5,7.0,6.6,6.0,25000,No,No
INT-08839,Marketing,11,7.1,2.7,14.4,50000,No,No
INT-08840,IT,10,9.1,4.6,3.2,50000,No,Yes
INT-08841,Engineering,4,7.4,9.4,5.9,75000,No,Yes
INT-08842,Finance,7,7.2,5.1,4.1,25000,Yes,Yes
INT-08843,IT,14,7.8,7.2,0.7,100000,No,Yes
INT-08844,Finance,23,8.0,4.7,1.7,0,No,Yes
INT-08845,IT,10,9.0,6.9,13.3,0,No,No
INT-08846,Engineering,21,6.6,4.9,22.3,100000,No,Yes
INT-08847,Marketing,7,5.9,5.5,0.5,0,No,No
INT-08848,Engineering,20,8.8,6.8,16.3,100000,No,Yes
INT-08849,Admin,14,8.4,7.4,10.8,150000,Yes,Yes
INT-08850,IT,14,6.0,7.6,9.7,75000,Yes,No
INT-08851,Marketing,23,7.2,7.7,5.0,50000,No,No
INT-08852,Admin,14,5.4,3.3,3.7,50000,Yes,No
INT-08853,IT,18,6.5,7.7,4.7,50000,Yes,Yes
INT-08854,Engineering,17,8.8,8.6,7.9,50000,Yes,Yes
INT-08855,Admin,20,9.2,9.1,24.0,50000,No,No
INT-08856,IT,5,6.9,4.9,2.4,25000,No,Yes
INT-08857,IT,21,8.0,7.8,29.6,25000,Yes,Yes
INT-08858,IT,19,4.3,8.2,2.6,50000,No,No
INT-08859,Engineering,15,6.6,6.9,15.5,0,No,Yes
INT-08860,Engineering,13,8.7,4.5,9.1,50000,No,No
INT-08861,Engineering,19,7.9,8.4,11.4,0,No,Yes
INT-08862,Finance,6,6.0,8.9,14.8,25000,No,No
INT-08863,Finance,11,7.7,9.7,0.6,50000,Yes,Yes
INT-08864,Engineering,5,7.6,8.5,10.8,75000,No,No
INT-08865,IT,4,7.9,6.4,44.1,50000,No,No
INT-08866,Engineering,17,7.2,8.9,6.0,50000,Yes,No
INT-08867,Admin,7,6.3,7.1,6.7,0,Yes,Yes
INT-08868,Engineering,7,3.9,9.9,1.4,50000,No,Yes
INT-08869,Engineering,12,9.3,5.5,3.8,150000,No,Yes
INT-08870,Admin,6,8.3,6.5,8.1,25000,Yes,No
INT-08871,Marketing,8,6.5,6.3,1.5,100000,No,Yes
INT-08872,IT,4,8.3,7.6,3.7,100000,Yes,Yes
INT-08873,Engineering,22,7.1,5.0,3.9,75000,No,Yes
INT-08874,IT,4,5.1,7.4,13.9,50000,No,Yes
INT-08875,Marketing,13,7.7,7.3,6.7,75000,No,Yes
INT-08876,IT,15,7.4,7.8,7.0,100000,No,Yes
INT-08877,IT,13,8.0,6.6,3.2,100000,No,Yes
INT-08878,Admin,5,8.5,3.5,3.5,75000,No,No
INT-08879,Admin,19,5.1,7.3,5.3,50000,No,No
INT-08880,IT,11,9.7,6.8,14.1,0,Yes,Yes
INT-08881,Engineering,17,7.9,6.9,3.5,50000,Yes,Yes
INT-08882,Admin,18,4.5,5.0,3.6,25000,No,No
INT-08883,IT,19,7.9,8.8,7.2,50000,Yes,Yes
INT-08884,Admin,14,7.6,6.1,15.1,50000,No,No
INT-08885,Finance,15,6.1,8.4,6.1,50000,No,Yes
INT-08886,Engineering,5,7.9,6.7,1.6,150000,No,Yes
INT-08887,Engineering,7,5.8,7.4,20.3,75000,No,Yes
INT-08888,Engineering,6,9.2,7.0,5.6,0,No,Yes
INT-08889,Admin,12,8.4,5.6,12.4,75000,Yes,Yes
INT-08890,IT,21,5.5,8.9,0.9,75000,Yes,Yes
INT-08891,IT,22,7.3,7.8,15.0,100000,No,Yes
INT-08892,Finance,10,2.8,9.4,1.0,50000,Yes,No
INT-08893,Marketing,7,9.8,6.9,27.9,150000,No,Yes
INT-08894,Admin,9,6.5,4.8,18.2,75000,Yes,No
INT-08895,IT,22,6.2,9.1,3.0,25000,Yes,Yes
INT-08896,IT,4,7.3,8.1,2.5,75000,Yes,Yes
INT-08897,Admin,19,6.4,6.4,12.7,50000,No,Yes
INT-08898,Engineering,14,7.9,6.7,1.8,50000,Yes,Yes
INT-08899,IT,7,8.2,4.0,16.7,0,Yes,No
INT-08900,Marketing,21,5.9,4.0,0.8,75000,No,Yes
INT-08901,Admin,8,5.6,7.1,8.9,50000,No,No
INT-08902,Marketing,9,6.6,3.4,2.9,75000,Yes,No
INT-08903,Finance,5,8.6,8.8,15.3,100000,Yes,Yes
INT-08904,Finance,15,8.3,5.5,4.3,50000,Yes,Yes
INT-08905,Engineering,12,7.8,2.9,5.0,25000,No,No
INT-08906,Engineering,23,5.2,7.1,1.8,50000,No,Yes
INT-08907,Engineering,15,9.0,4.0,8.4,150000,No,Yes
INT-08908,Engineering,16,7.8,7.9,5.6,50000,Yes,Yes
INT-08909,Engineering,20,7.8,1.9,0.6,50000,Yes,No
INT-08910,Marketing,8,7.3,7.9,11.0,0,Yes,Yes
INT-08911,Engineering,23,8.1,5.5,1.6,50000,Yes,Yes
INT-08912,Finance,16,9.3,6.6,6.5,150000,No,Yes
INT-08913,Finance,16,6.3,4.7,6.7,50000,No,Yes
INT-08914,IT,13,8.1,7.7,3.3,0,Yes,Yes
INT-08915,IT,18,7.4,6.8,2.6,100000,Yes,Yes
INT-08916,Admin,18,6.0,9.8,3.5,100000,No,Yes
INT-08917,Engineering,21,8.5,7.2,4.6,75000,No,Yes
INT-08918,Finance,21,7.4,6.6,22.3,25000,Yes,No
INT-08919,Admin,5,5.4,8.0,9.3,50000,Yes,No
INT-08920,Engineering,14,7.1,7.0,27.4,75000,No,No
INT-08921,Engineering,16,6.6,6.1,1.2,75000,No,Yes
INT-08922,IT,14,7.5,6.2,0.9,75000,No,Yes
INT-08923,Engineering,7,6.4,8.1,1.0,100000,Yes,Yes
INT-08924,Finance,18,6.1,7.1,16.2,75000,No,No
INT-08925,IT,14,5.2,6.5,14.9,75000,No,Yes
INT-08926,Engineering,21,8.4,4.4,5.1,50000,No,Yes
INT-08927,Engineering,19,7.7,4.6,5.1,100000,No,Yes
INT-08928,IT,13,5.3,9.4,5.0,50000,Yes,Yes
INT-08929,IT,15,6.9,6.6,23.6,25000,Yes,No
INT-08930,Marketing,16,8.4,4.8,2.9,100000,Yes,Yes
INT-08931,Admin,12,8.4,4.6,10.6,50000,No,No
INT-08932,IT,24,6.6,5.8,1.4,100000,No,Yes
INT-08933,IT,16,8.0,5.6,2.9,75000,No,Yes
INT-08934,Engineering,9,7.4,7.5,7.8,150000,No,Yes
INT-08935,Engineering,9,9.2,5.8,7.8,25000,Yes,Yes
INT-08936,Engineering,14,8.2,8.7,7.0,25000,Yes,Yes
INT-08937,IT,22,8.6,6.9,1.6,150000,No,Yes
INT-08938,Finance,14,5.0,8.8,11.7,100000,Yes,Yes
INT-08939,Admin,13,6.9,5.4,10.4,75000,No,Yes
INT-08940,Admin,18,4.4,6.6,9.6,100000,No,Yes
INT-08941,Admin,16,5.9,7.2,1.6,75000,No,No
INT-08942,Admin,11,8.6,8.2,2.5,50000,Yes,Yes
INT-08943,Finance,8,6.8,7.3,19.8,75000,Yes,Yes
INT-08944,Marketing,5,8.1,7.1,5.8,50000,No,Yes
INT-08945,Admin,19,6.0,6.7,4.8,150000,Yes,Yes
INT-08946,Finance,16,7.4,8.4,17.0,50000,No,No
INT-08947,Finance,22,5.6,5.9,3.3,25000,No,Yes
INT-08948,Marketing,12,8.9,8.0,14.5,50000,No,Yes
INT-08949,IT,18,6.3,7.8,5.2,75000,No,Yes
INT-08950,Engineering,9,5.4,8.1,8.3,50000,No,No
INT-08951,IT,11,7.7,6.7,4.1,150000,No,Yes
INT-08952,Finance,17,9.7,6.5,20.4,150000,Yes,Yes
INT-08953,IT,8,7.8,7.9,1.4,75000,No,Yes
INT-08954,Engineering,20,5.7,8.3,2.5,0,No,Yes
INT-08955,Admin,10,9.4,8.9,2.3,50000,No,Yes
INT-08956,Admin,12,7.0,7.4,2.9,75000,No,No
INT-08957,Engineering,19,5.8,6.2,5.3,150000,No,Yes
INT-08958,Finance,21,8.4,3.9,1.5,25000,No,Yes
INT-08959,Engineering,16,8.4,6.3,0.8,0,No,Yes
INT-08960,Finance,21,8.1,2.5,7.2,75000,No,No
INT-08961,IT,13,8.3,6.0,6.1,25000,No,Yes
INT-08962,Engineering,4,7.1,7.8,3.8,100000,No,Yes
INT-08963,Admin,24,2.6,4.0,2.0,100000,No,No
INT-08964,IT,21,6.3,6.7,1.5,75000,Yes,No
INT-08965,Engineering,22,8.2,7.7,18.1,50000,No,Yes
INT-08966,Engineering,5,8.6,7.3,5.1,0,No,Yes
INT-08967,Engineering,7,6.3,3.5,24.9,150000,No,No
INT-08968,Engineering,14,9.2,6.2,3.6,25000,Yes,Yes
INT-08969,Engineering,6,7.8,8.9,8.1,50000,No,Yes
INT-08970,IT,12,8.8,7.5,7.2,75000,No,Yes
INT-08971,IT,13,5.2,6.5,1.9,50000,Yes,Yes
INT-08972,Engineering,5,9.1,8.9,5.9,100000,No,Yes
INT-08973,IT,10,6.3,8.0,5.8,0,No,Yes
INT-08974,IT,18,9.2,8.4,6.1,100000,Yes,Yes
INT-08975,Admin,22,7.9,7.2,3.4,25000,No,Yes
INT-08976,Engineering,13,4.2,6.7,2.7,75000,No,No
INT-08977,Admin,23,6.2,4.2,4.7,100000,Yes,No
INT-08978,Engineering,17,7.2,9.2,21.0,100000,No,Yes
INT-08979,Engineering,7,7.3,3.7,7.2,75000,No,Yes
INT-08980,Admin,14,7.9,5.8,5.6,75000,Yes,Yes
INT-08981,Finance,6,8.2,6.2,2.2,75000,Yes,Yes
INT-08982,Engineering,20,8.8,6.9,21.3,0,No,No
INT-08983,Engineering,10,7.0,9.5,9.1,75000,Yes,Yes
INT-08984,Engineering,14,6.9,5.1,36.3,50000,No,No
INT-08985,IT,21,3.3,4.1,2.0,50000,No,No
INT-08986,Engineering,17,6.8,7.9,4.5,75000,No,Yes
INT-08987,Admin,17,9.4,2.7,3.7,150000,Yes,Yes
INT-08988,Marketing,9,4.9,9.0,3.7,75000,No,Yes
INT-08989,Finance,12,8.7,9.3,0.8,50000,Yes,Yes
INT-08990,Engineering,6,8.4,7.6,6.7,50000,No,Yes
INT-08991,IT,20,7.3,6.1,8.0,50000,Yes,Yes
INT-08992,IT,15,7.2,8.2,0.9,75000,No,Yes
INT-08993,Admin,7,8.0,4.9,17.5,75000,Yes,No
INT-08994,Admin,23,7.3,8.5,2.3,150000,No,Yes
INT-08995,IT,19,8.2,6.3,1.8,25000,No,Yes
INT-08996,Engineering,13,5.0,9.3,2.1,150000,No,Yes
INT-08997,IT,10,8.2,5.7,4.9,50000,No,Yes
INT-08998,Marketing,13,4.3,9.0,1.2,75000,Yes,Yes
INT-08999,IT,10,8.4,7.0,14.4,75000,No,Yes
INT-09000,Marketing,21,7.9,6.7,9.6,25000,Yes,No
INT-09001,Marketing,12,7.4,4.7,5.6,75000,No,Yes
INT-09002,Engineering,21,5.9,8.9,6.1,25000,No,Yes
INT-09003,Engineering,20,6.7,8.0,4.7,50000,No,Yes
INT-09004,Admin,14,8.0,5.0,10.6,100000,Yes,No
INT-09005,Engineering,4,6.5,7.3,25.0,100000,Yes,No
INT-09006,Admin,20,7.6,8.5,7.0,75000,No,Yes
INT-09007,Admin,7,8.1,5.8,7.1,25000,No,No
INT-09008,Engineering,7,8.3,7.5,6.4,25000,No,Yes
INT-09009,Admin,17,7.3,5.5,19.8,75000,No,No
INT-09010,Engineering,12,9.2,9.4,8.6,25000,Yes,Yes
INT-09011,IT,16,6.5,5.9,17.1,25000,Yes,No
INT-09012,Admin,19,7.8,7.0,7.5,25000,Yes,No
INT-09013,IT,4,7.6,4.7,10.1,50000,No,Yes
INT-09014,IT,6,8.4,5.7,9.0,25000,No,Yes
INT-09015,IT,22,7.3,4.0,5.1,75000,No,Yes
INT-09016,IT,11,6.7,8.3,1.7,0,No,Yes
INT-09017,IT,21,8.2,7.5,4.9,0,No,Yes
INT-09018,Finance,9,7.6,7.8,16.9,100000,No,Yes
INT-09019,IT,23,6.1,3.1,9.0,25000,No,No
INT-09020,Engineering,9,7.9,8.3,23.5,100000,Yes,No
INT-09021,IT,8,5.7,8.1,3.1,0,No,No
INT-09022,Finance,15,6.0,8.0,5.6,25000,No,No
INT-09023,Admin,12,9.9,6.0,11.4,50000,No,Yes
INT-09024,Admin,12,5.1,6.4,1.6,50000,Yes,Yes
INT-09025,Engineering,20,8.5,6.1,1.3,50000,Yes,Yes
INT-09026,Admin,22,6.9,6.4,11.7,150000,No,Yes
INT-09027,Engineering,20,4.8,5.5,9.3,75000,No,No
INT-09028,IT,19,8.4,6.3,5.7,25000,Yes,No
INT-09029,Marketing,15,6.2,8.5,1.1,25000,Yes,Yes
INT-09030,Admin,6,6.6,9.0,8.4,100000,No,Yes
INT-09031,Admin,17,5.2,7.1,9.3,50000,No,No
INT-09032,Engineering,20,8.3,9.1,3.4,75000,No,No
INT-09033,Admin,19,8.2,8.5,1.3,50000,Yes,Yes
INT-09034,Finance,24,4.0,8.6,6.1,0,No,Yes
INT-09035,Admin,15,9.3,6.0,5.8,150000,Yes,Yes
INT-09036,Engineering,5,5.5,6.5,3.3,50000,No,Yes
INT-09037,IT,11,6.8,8.9,7.1,25000,No,No
INT-09038,Finance,15,7.8,7.1,8.0,100000,Yes,Yes
INT-09039,Engineering,24,5.5,6.4,21.0,50000,No,No
INT-09040,IT,19,4.1,5.8,12.4,25000,Yes,Yes
INT-09041,IT,11,8.3,4.5,13.7,75000,No,Yes
INT-09042,Admin,19,7.9,5.3,2.1,75000,No,Yes
INT-09043,Marketing,13,8.9,8.5,5.4,50000,No,Yes
INT-09044,IT,23,9.8,5.4,2.4,50000,No,Yes
INT-09045,Admin,18,6.1,5.9,2.2,100000,No,Yes
INT-09046,IT,7,7.8,9.2,6.1,50000,No,Yes
INT-09047,Admin,18,5.8,4.4,3.1,150000,No,Yes
INT-09048,Engineering,7,7.0,5.6,2.4,25000,No,Yes
INT-09049,Marketing,14,8.5,9.3,10.8,50000,No,Yes
INT-09050,Engineering,9,8.8,7.3,0.8,100000,No,Yes
INT-09051,Finance,7,6.8,5.3,11.7,50000,Yes,No
INT-09052,Engineering,12,9.7,7.3,18.8,50000,No,Yes
INT-09053,IT,12,8.6,3.3,10.3,75000,No,No
INT-09054,Admin,6,9.4,7.3,2.2,50000,No,Yes
INT-09055,Engineering,8,5.9,7.4,11.2,50000,No,No
INT-09056,Marketing,18,6.9,8.6,6.1,50000,No,No
INT-09057,Finance,12,7.4,7.5,8.6,25000,No,No
INT-09058,IT,5,3.5,7.2,4.5,50000,No,No
INT-09059,IT,6,5.4,5.5,2.2,100000,No,Yes
INT-09060,IT,24,9.2,8.0,0.7,50000,Yes,Yes
INT-09061,Marketing,15,5.6,8.8,11.3,50000,No,No
INT-09062,Finance,19,8.9,9.8,5.0,50000,No,Yes
INT-09063,Finance,8,7.6,5.9,2.7,100000,No,No
INT-09064,Admin,13,5.3,9.6,8.3,100000,Yes,Yes
INT-09065,Engineering,18,6.6,6.7,13.1,25000,No,Yes
INT-09066,Admin,17,5.9,9.0,6.5,150000,Yes,Yes
INT-09067,IT,17,8.5,6.3,12.0,75000,No,Yes
INT-09068,Engineering,16,8.0,6.5,3.8,100000,No,Yes
INT-09069,IT,19,7.7,7.9,9.0,50000,Yes,Yes
INT-09070,IT,11,8.1,6.3,8.2,75000,No,Yes
INT-09071,Finance,11,9.0,7.4,2.0,150000,No,Yes
INT-09072,Finance,20,8.8,9.0,11.2,150000,Yes,Yes
INT-09073,Admin,20,7.3,7.1,11.9,25000,No,No
INT-09074,Engineering,6,9.9,7.0,9.1,75000,Yes,Yes
INT-09075,Admin,4,7.1,9.2,4.3,25000,No,Yes
INT-09076,Engineering,20,6.2,4.8,6.8,150000,No,Yes
INT-09077,Finance,19,7.2,9.8,5.1,100000,Yes,Yes
INT-09078,Finance,20,6.7,8.3,0.5,100000,No,Yes
INT-09079,Engineering,5,7.0,5.6,0.6,150000,Yes,Yes
INT-09080,IT,17,3.9,9.2,2.3,75000,No,Yes
INT-09081,Admin,10,6.3,8.1,20.0,50000,No,No
INT-09082,Admin,22,5.5,8.2,8.5,75000,No,Yes
INT-09083,Admin,4,8.7,9.6,4.5,50000,No,Yes
INT-09084,Finance,20,6.5,8.6,8.0,75000,No,Yes
INT-09085,Admin,13,8.6,6.8,1.0,25000,No,Yes
INT-09086,IT,9,9.0,6.9,1.4,50000,Yes,Yes
INT-09087,Admin,10,9.4,3.2,1.2,25000,No,Yes
INT-09088,Marketing,9,4.9,5.3,14.1,75000,Yes,No
INT-09089,IT,8,7.8,6.7,60.0,100000,No,No
INT-09090,Engineering,5,7.4,7.9,2.5,25000,No,Yes
INT-09091,Admin,21,8.4,7.2,5.8,150000,No,Yes
INT-09092,IT,20,6.7,8.9,1.6,50000,No,Yes
INT-09093,Admin,10,5.1,8.6,17.6,100000,No,No
INT-09094,Engineering,24,4.4,9.8,1.9,25000,Yes,Yes
INT-09095,Engineering,22,9.6,4.8,6.5,25000,No,Yes
INT-09096,Finance,10,8.0,6.5,7.5,150000,No,Yes
INT-09097,IT,10,7.1,6.2,5.7,150000,Yes,No
INT-09098,IT,19,7.2,8.1,1.0,25000,No,Yes
INT-09099,Marketing,15,9.7,9.1,9.8,75000,No,Yes
INT-09100,Admin,18,6.5,7.5,17.9,75000,No,Yes
INT-09101,Engineering,18,8.0,9.6,1.3,50000,Yes,Yes
INT-09102,Finance,14,7.2,8.9,10.9,50000,No,Yes
INT-09103,Admin,5,6.8,5.9,14.3,50000,Yes,No
INT-09104,Engineering,6,8.3,9.2,1.9,0,Yes,Yes
INT-09105,IT,22,7.2,8.0,41.5,75000,Yes,No
INT-09106,IT,23,7.8,8.4,3.3,50000,No,Yes
INT-09107,IT,18,4.8,3.9,3.5,75000,No,No
INT-09108,Finance,19,9.2,6.0,7.2,25000,No,Yes
INT-09109,IT,4,7.7,6.4,14.2,100000,No,Yes
INT-09110,Engineering,18,4.9,6.0,5.4,0,No,No
INT-09111,Marketing,15,7.8,8.1,6.8,50000,Yes,Yes
INT-09112,Engineering,10,6.4,8.5,8.2,75000,Yes,Yes
INT-09113,Engineering,10,7.2,5.0,13.1,25000,No,No
INT-09114,Admin,14,8.9,9.1,8.8,25000,No,Yes
INT-09115,Admin,23,7.6,4.4,2.0,25000,No,No
INT-09116,Admin,14,7.5,6.3,7.8,100000,No,Yes
INT-09117,Engineering,20,7.3,6.0,2.4,50000,No,Yes
INT-09118,Marketing,6,9.5,2.8,5.1,75000,Yes,No
INT-09119,Marketing,19,8.2,5.7,16.6,75000,Yes,Yes
INT-09120,Finance,8,7.1,3.5,1.6,75000,Yes,Yes
INT-09121,Finance,5,9.5,4.5,4.1,150000,No,Yes
INT-09122,Admin,10,6.8,7.3,7.1,50000,No,Yes
INT-09123,Engineering,13,9.4,8.2,16.9,25000,Yes,No
INT-09124,Finance,8,6.0,6.6,12.6,50000,No,No
INT-09125,Admin,18,7.8,9.3,4.9,50000,Yes,No
INT-09126,Marketing,15,9.1,9.3,6.0,150000,No,Yes
INT-09127,Admin,13,7.7,4.7,15.5,100000,No,No
INT-09128,Engineering,20,5.5,5.0,17.3,50000,Yes,No
INT-09129,Engineering,23,7.3,6.0,6.5,100000,No,Yes
INT-09130,Marketing,23,7.2,3.2,2.3,50000,No,Yes
INT-09131,IT,14,6.7,8.1,6.0,100000,Yes,Yes
INT-09132,Engineering,11,7.5,3.7,21.4,25000,No,No
INT-09133,Engineering,18,8.1,7.2,8.0,150000,No,No
INT-09134,IT,5,5.0,8.0,12.4,25000,No,No
INT-09135,Finance,20,8.2,8.1,0.7,25000,No,Yes
INT-09136,Engineering,9,7.4,5.6,8.5,0,Yes,No
INT-09137,Engineering,24,7.9,5.6,7.8,50000,No,No
INT-09138,Admin,16,6.6,5.5,5.6,100000,No,No
INT-09139,Admin,11,7.4,7.8,9.6,75000,Yes,No
INT-09140,Engineering,14,6.8,7.1,16.4,150000,No,Yes
INT-09141,Admin,18,5.3,8.1,21.7,100000,Yes,Yes
INT-09142,IT,16,6.7,3.7,2.9,25000,No,No
INT-09143,Marketing,21,8.8,6.6,6.1,100000,No,Yes
INT-09144,Engineering,21,6.8,7.9,3.4,50000,Yes,Yes
INT-09145,Engineering,20,9.1,6.2,4.8,50000,No,Yes
INT-09146,Admin,16,7.5,8.2,6.0,150000,Yes,No
INT-09147,Admin,6,8.7,8.1,12.8,0,No,No
INT-09148,Admin,24,8.0,5.7,20.3,50000,Yes,Yes
INT-09149,Admin,10,7.0,8.8,7.6,0,No,No
INT-09150,Engineering,15,8.2,9.6,39.4,25000,No,No
INT-09151,Engineering,7,5.7,5.5,7.2,100000,No,No
INT-09152,Admin,14,8.1,6.4,13.6,50000,No,No
INT-09153,IT,17,7.2,8.9,1.7,100000,Yes,Yes
INT-09154,Admin,21,8.8,9.4,0.6,0,Yes,Yes
INT-09155,IT,10,6.5,7.8,0.7,25000,Yes,Yes
INT-09156,IT,8,6.8,4.7,18.3,100000,No,Yes
INT-09157,Marketing,19,9.1,6.4,1.1,100000,No,Yes
INT-09158,Engineering,14,7.9,8.8,8.1,75000,No,Yes
INT-09159,Engineering,6,8.5,4.0,7.4,0,No,No
INT-09160,Admin,19,8.7,8.2,12.6,75000,No,No
INT-09161,Marketing,14,8.6,3.4,3.5,100000,No,Yes
INT-09162,Engineering,13,6.5,8.9,4.0,50000,Yes,Yes
INT-09163,Finance,5,6.5,6.9,4.0,25000,No,No
INT-09164,Admin,19,9.4,9.0,2.0,50000,No,Yes
INT-09165,Marketing,20,6.7,5.4,2.4,75000,No,No
INT-09166,Finance,13,5.4,6.5,2.3,100000,No,Yes
INT-09167,Finance,21,9.7,6.7,1.8,100000,Yes,Yes
INT-09168,IT,15,6.7,4.3,12.3,75000,Yes,No
INT-09169,IT,11,9.1,9.3,8.0,0,No,Yes
INT-09170,IT,6,5.9,7.9,7.2,100000,Yes,Yes
INT-09171,IT,23,8.3,6.6,9.5,75000,No,Yes
INT-09172,Finance,6,7.4,9.6,3.9,50000,No,Yes
INT-09173,IT,9,9.1,7.3,11.0,25000,No,Yes
INT-09174,IT,5,6.1,5.0,3.1,50000,No,Yes
INT-09175,IT,6,6.5,6.2,14.1,50000,No,No
INT-09176,IT,20,9.3,7.8,8.1,75000,Yes,Yes
INT-09177,IT,12,8.5,9.5,14.3,50000,No,Yes
INT-09178,Finance,7,7.4,9.5,0.9,75000,Yes,Yes
INT-09179,Engineering,5,6.9,6.9,15.3,50000,No,No
INT-09180,IT,12,6.8,8.3,1.4,50000,Yes,Yes
INT-09181,Admin,17,5.5,5.9,9.3,100000,No,No
INT-09182,Admin,14,3.8,6.6,2.6,50000,Yes,No
INT-09183,IT,5,6.3,8.0,0.9,150000,No,Yes
INT-09184,Engineering,24,6.1,7.6,2.9,50000,Yes,No
INT-09185,Engineering,5,7.2,7.6,4.6,150000,No,Yes
INT-09186,Engineering,8,7.2,5.3,1.7,25000,Yes,Yes
INT-09187,Engineering,10,5.8,7.8,1.3,75000,No,No
INT-09188,IT,7,4.7,9.5,41.1,0,Yes,No
INT-09189,Marketing,17,7.2,6.6,1.2,50000,Yes,Yes
INT-09190,Finance,5,7.7,8.6,2.2,50000,Yes,Yes
INT-09191,Marketing,15,8.0,5.9,2.8,100000,Yes,Yes
INT-09192,IT,13,6.5,6.6,3.6,150000,No,Yes
INT-09193,Marketing,4,6.4,7.8,1.6,100000,No,Yes
INT-09194,Finance,22,5.9,8.1,15.1,25000,Yes,Yes
INT-09195,Finance,19,6.0,7.9,21.2,75000,Yes,No
INT-09196,IT,18,7.2,5.4,6.9,50000,No,No
INT-09197,Engineering,17,6.4,7.4,7.2,0,Yes,Yes
INT-09198,Marketing,12,9.3,6.7,41.1,75000,No,No
INT-09199,Engineering,24,7.4,6.2,17.7,50000,No,Yes
INT-09200,Engineering,18,9.5,7.6,4.7,100000,No,Yes
INT-09201,Marketing,10,7.8,7.3,11.9,50000,No,Yes
INT-09202,Admin,7,5.9,6.9,3.0,150000,Yes,Yes
INT-09203,Engineering,24,8.9,7.4,0.9,0,No,Yes
INT-09204,Admin,21,8.3,5.3,0.7,0,Yes,Yes
INT-09205,Marketing,11,8.7,5.3,6.7,50000,Yes,Yes
INT-09206,IT,15,7.9,9.7,6.0,25000,No,Yes
INT-09207,Engineering,18,9.1,4.8,1.8,75000,Yes,Yes
INT-09208,Engineering,18,6.8,6.6,15.8,150000,No,Yes
INT-09209,Finance,20,7.3,2.3,7.5,50000,No,No
INT-09210,Engineering,5,9.7,3.8,4.3,25000,No,Yes
INT-09211,Marketing,15,7.0,7.4,6.1,50000,No,Yes
INT-09212,Marketing,6,6.6,8.4,1.3,50000,No,Yes
INT-09213,IT,10,6.0,8.4,18.9,25000,No,No
INT-09214,Admin,9,8.5,8.0,3.2,0,Yes,Yes
INT-09215,IT,17,7.8,6.3,2.0,50000,Yes,Yes
INT-09216,Admin,8,7.2,9.1,4.9,150000,Yes,Yes
INT-09217,Engineering,7,6.3,6.1,3.1,100000,No,Yes
INT-09218,Marketing,18,7.9,6.5,3.4,150000,No,Yes
INT-09219,Finance,10,7.9,7.8,14.4,25000,No,Yes
INT-09220,IT,6,5.9,8.4,6.8,100000,No,Yes
INT-09221,IT,16,7.5,6.7,22.0,50000,Yes,No
INT-09222,Engineering,13,7.7,6.9,24.5,150000,Yes,No
INT-09223,Engineering,5,6.5,7.4,38.7,25000,Yes,No
INT-09224,IT,15,5.5,7.7,1.6,50000,No,Yes
INT-09225,Finance,15,9.0,5.2,18.7,25000,No,Yes
INT-09226,Marketing,22,9.8,7.2,3.3,0,No,Yes
INT-09227,Admin,22,9.3,5.3,8.4,50000,No,Yes
INT-09228,Finance,24,7.8,8.9,17.3,0,No,Yes
INT-09229,Admin,6,8.9,8.0,1.3,75000,No,Yes
INT-09230,Engineering,9,8.5,9.0,1.8,50000,No,Yes
INT-09231,Admin,5,9.3,5.6,11.1,75000,No,Yes
INT-09232,IT,16,7.0,7.8,3.9,75000,Yes,Yes
INT-09233,Marketing,12,8.0,5.5,9.0,75000,No,Yes
INT-09234,Admin,16,8.2,6.4,1.5,150000,No,Yes
INT-09235,Engineering,17,7.2,7.6,29.2,25000,No,No
INT-09236,Admin,22,5.8,5.9,6.1,100000,No,Yes
INT-09237,IT,14,7.0,5.0,16.9,100000,No,No
INT-09238,IT,17,9.5,6.7,9.5,50000,No,Yes
INT-09239,Admin,19,8.3,6.8,24.7,25000,No,No
INT-09240,Engineering,13,6.4,6.7,7.3,25000,No,Yes
INT-09241,Admin,23,6.9,7.5,3.4,25000,No,Yes
INT-09242,Engineering,19,9.2,7.3,8.1,50000,No,Yes
INT-09243,Engineering,5,7.7,7.9,46.7,75000,Yes,No
INT-09244,Engineering,19,6.2,8.5,14.0,150000,Yes,Yes
INT-09245,Admin,17,4.5,6.2,5.4,75000,No,No
INT-09246,Marketing,24,8.7,4.9,14.1,100000,No,Yes
INT-09247,Admin,21,6.0,3.2,10.2,150000,No,Yes
INT-09248,Admin,9,9.3,8.1,22.8,150000,No,Yes
INT-09249,IT,10,9.0,8.6,4.1,150000,No,Yes
INT-09250,Admin,16,7.4,5.5,0.8,50000,No,Yes
INT-09251,IT,5,6.2,5.7,1.2,25000,No,Yes
INT-09252,Engineering,18,8.3,9.4,12.2,100000,No,Yes
INT-09253,IT,20,5.7,6.2,9.9,0,No,Yes
INT-09254,Admin,16,9.4,6.6,11.1,25000,No,Yes
INT-09255,Finance,10,8.5,5.6,9.3,50000,No,No
INT-09256,Admin,4,7.4,9.4,5.4,25000,Yes,Yes
INT-09257,IT,6,5.3,4.6,1.1,50000,No,No
INT-09258,IT,23,8.0,4.6,14.9,25000,Yes,Yes
INT-09259,Finance,21,6.6,5.5,2.1,150000,No,Yes
INT-09260,IT,10,8.4,7.1,37.2,150000,No,No
INT-09261,Admin,24,8.5,9.0,2.3,25000,No,Yes
INT-09262,Engineering,20,8.9,8.8,1.2,0,Yes,Yes
INT-09263,Engineering,15,5.7,6.7,4.3,50000,Yes,Yes
INT-09264,Engineering,19,6.3,7.3,3.6,50000,No,Yes
INT-09265,Finance,13,6.5,6.3,30.5,25000,No,No
INT-09266,IT,19,4.0,8.0,4.5,100000,No,Yes
INT-09267,IT,23,8.2,5.0,0.9,50000,Yes,Yes
INT-09268,IT,21,6.7,6.4,35.3,100000,No,No
INT-09269,IT,18,7.0,7.5,12.9,75000,No,No
INT-09270,IT,14,8.2,7.6,50.0,50000,No,No
INT-09271,Admin,21,8.5,4.9,3.6,50000,No,Yes
INT-09272,Engineering,9,7.8,5.9,1.5,50000,No,Yes
INT-09273,Engineering,4,8.5,8.8,4.6,25000,Yes,Yes
INT-09274,Admin,10,6.5,5.9,1.7,50000,Yes,No
INT-09275,Engineering,15,6.1,6.8,1.8,25000,No,No
INT-09276,Admin,23,7.4,6.4,19.1,75000,No,No
INT-09277,IT,7,8.9,8.4,41.3,25000,No,No
INT-09278,Engineering,13,7.9,6.0,42.0,150000,No,No
INT-09279,IT,24,8.9,9.0,5.1,50000,No,Yes
INT-09280,IT,5,8.6,7.2,2.7,75000,Yes,Yes
INT-09281,Admin,12,8.4,4.9,2.0,100000,No,Yes
INT-09282,Marketing,13,8.0,6.6,4.4,25000,No,Yes
INT-09283,Engineering,23,4.9,8.9,7.8,75000,No,No
INT-09284,IT,14,8.0,6.6,11.4,75000,No,Yes
INT-09285,Finance,17,8.5,8.1,6.3,100000,Yes,Yes
INT-09286,Engineering,6,7.6,8.6,15.3,75000,Yes,Yes
INT-09287,Engineering,4,8.0,5.9,20.7,75000,Yes,Yes
INT-09288,Finance,10,4.4,4.5,17.8,150000,No,No
INT-09289,Admin,7,8.9,8.1,4.2,75000,No,No
INT-09290,IT,10,5.7,6.3,24.6,75000,No,No
INT-09291,Engineering,19,5.7,7.8,21.0,25000,Yes,No
INT-09292,Engineering,13,5.1,5.6,4.7,25000,Yes,No
INT-09293,Engineering,18,8.5,7.9,4.9,75000,No,Yes
INT-09294,Engineering,19,9.3,9.3,1.2,100000,No,No
INT-09295,Marketing,9,7.8,6.2,22.6,100000,Yes,No
INT-09296,Marketing,7,8.8,4.7,1.2,150000,No,Yes
INT-09297,Finance,7,8.1,7.3,5.9,25000,No,No
INT-09298,Finance,7,7.4,3.0,10.7,100000,No,Yes
INT-09299,Marketing,20,8.5,3.5,17.4,75000,Yes,No
INT-09300,IT,16,6.5,6.7,7.3,75000,No,Yes
INT-09301,IT,5,8.9,9.6,9.7,25000,No,Yes
INT-09302,Admin,23,5.9,7.8,10.4,0,No,No
INT-09303,Finance,9,9.4,8.3,0.6,0,No,Yes
INT-09304,Engineering,4,7.4,9.2,23.3,25000,No,No
INT-09305,Engineering,11,7.4,5.6,4.1,25000,Yes,No
INT-09306,IT,21,9.2,3.9,2.1,75000,Yes,Yes
INT-09307,IT,24,7.0,9.7,5.6,100000,Yes,Yes
INT-09308,Engineering,7,7.9,8.1,11.1,50000,Yes,Yes
INT-09309,IT,8,7.4,6.2,14.6,100000,Yes,Yes
INT-09310,Admin,8,8.6,6.2,10.7,25000,No,Yes
INT-09311,IT,18,8.5,8.2,4.6,50000,No,Yes
INT-09312,Admin,13,9.1,6.8,9.7,0,No,Yes
INT-09313,Engineering,11,9.1,6.6,5.0,50000,No,Yes
INT-09314,Admin,10,3.8,6.2,35.2,75000,No,No
INT-09315,Engineering,15,7.1,8.9,45.7,100000,Yes,No
INT-09316,IT,14,7.7,6.9,2.8,50000,Yes,Yes
INT-09317,Finance,16,8.8,8.9,5.8,25000,Yes,Yes
INT-09318,Admin,18,9.2,4.7,7.4,0,No,Yes
INT-09319,Engineering,20,8.7,7.5,8.6,75000,Yes,Yes
INT-09320,Engineering,21,7.5,7.0,5.1,50000,Yes,Yes
INT-09321,IT,11,8.5,7.4,6.4,75000,Yes,Yes
INT-09322,Finance,9,9.0,8.7,7.0,75000,No,Yes
INT-09323,Engineering,14,7.9,9.2,4.4,25000,No,Yes
INT-09324,Admin,12,4.3,8.6,3.6,100000,Yes,No
INT-09325,IT,8,7.5,3.9,8.6,25000,No,No
INT-09326,Marketing,10,8.4,8.5,5.2,75000,Yes,Yes
INT-09327,Finance,18,6.7,4.5,29.1,50000,No,No
INT-09328,IT,24,8.7,5.8,4.3,75000,No,Yes
INT-09329,Admin,7,5.4,9.0,2.2,50000,Yes,No
INT-09330,Finance,22,7.3,7.7,4.9,50000,No,No
INT-09331,Engineering,16,6.8,6.5,9.1,100000,Yes,Yes
INT-09332,Finance,4,8.7,5.7,5.2,50000,No,Yes
INT-09333,Admin,4,8.4,6.8,3.2,75000,Yes,Yes
INT-09334,Engineering,17,8.4,8.1,6.0,25000,No,Yes
INT-09335,Admin,12,9.7,2.2,5.2,75000,No,Yes
INT-09336,IT,15,8.2,8.5,23.6,50000,No,Yes
INT-09337,Engineering,21,7.6,7.9,0.7,75000,No,Yes
INT-09338,Marketing,12,7.2,7.1,4.5,50000,No,Yes
INT-09339,Admin,11,7.4,7.9,3.8,75000,Yes,Yes
INT-09340,Admin,17,4.1,7.9,2.5,100000,No,No
INT-09341,Engineering,12,8.7,9.5,6.8,25000,Yes,Yes
INT-09342,Engineering,23,8.8,9.6,8.1,50000,No,Yes
INT-09343,Finance,5,5.4,7.0,0.6,25000,No,Yes
INT-09344,Finance,4,4.6,8.7,9.5,25000,No,No
INT-09345,IT,16,6.8,4.3,4.4,75000,No,No
INT-09346,Marketing,13,9.2,9.1,21.0,150000,Yes,Yes
INT-09347,Finance,11,5.9,6.3,11.4,0,Yes,No
INT-09348,Finance,10,8.1,9.3,6.3,25000,No,Yes
INT-09349,Engineering,15,7.2,8.9,24.7,150000,Yes,Yes
INT-09350,Finance,20,6.4,9.0,9.8,50000,Yes,Yes
INT-09351,IT,15,9.1,6.3,13.7,0,Yes,Yes
INT-09352,Admin,19,8.8,8.7,25.6,150000,Yes,Yes
INT-09353,Finance,13,6.2,9.4,18.2,100000,No,No
INT-09354,IT,15,8.2,7.5,1.1,25000,No,Yes
INT-09355,IT,14,6.2,8.2,2.4,25000,Yes,Yes
INT-09356,Finance,17,6.1,6.9,8.4,50000,Yes,Yes
INT-09357,Finance,23,7.4,8.6,1.9,0,No,Yes
INT-09358,IT,16,5.4,9.1,5.5,100000,No,Yes
INT-09359,Finance,5,6.8,6.8,5.7,50000,Yes,Yes
INT-09360,Engineering,23,8.5,9.3,5.5,150000,No,Yes
INT-09361,Engineering,10,7.9,7.5,14.3,0,No,Yes
INT-09362,Finance,4,6.1,3.0,5.9,100000,No,No
INT-09363,Admin,6,6.9,8.5,16.7,50000,No,Yes
INT-09364,IT,23,8.1,9.6,12.4,75000,Yes,Yes
INT-09365,IT,15,6.7,3.9,8.7,150000,Yes,Yes
INT-09366,Engineering,8,9.2,7.2,7.4,100000,Yes,Yes
INT-09367,Engineering,15,6.4,5.8,2.6,75000,No,Yes
INT-09368,Finance,6,9.6,7.8,12.2,50000,No,Yes
INT-09369,Finance,23,6.5,7.9,13.6,50000,No,No
INT-09370,Engineering,8,7.9,2.4,5.9,50000,Yes,Yes
INT-09371,Finance,4,8.7,6.6,2.5,75000,No,Yes
INT-09372,IT,19,8.8,3.9,11.9,100000,Yes,Yes
INT-09373,IT,12,9.0,6.9,13.4,100000,Yes,Yes
INT-09374,Finance,13,8.6,6.5,7.2,75000,No,Yes
INT-09375,IT,13,8.6,9.4,10.1,50000,No,No
INT-09376,IT,16,8.0,7.6,12.4,100000,Yes,Yes
INT-09377,Engineering,19,6.1,6.3,3.3,75000,Yes,Yes
INT-09378,Admin,23,8.7,4.4,3.2,25000,No,Yes
INT-09379,Finance,7,9.1,8.1,10.3,0,No,Yes
INT-09380,IT,17,8.7,7.0,6.2,25000,No,Yes
INT-09381,IT,20,9.0,8.8,6.2,100000,No,Yes
INT-09382,Admin,8,8.5,8.2,26.0,150000,Yes,Yes
INT-09383,Engineering,16,9.3,7.2,13.3,75000,No,Yes
INT-09384,Admin,6,4.3,8.5,2.9,0,No,No
INT-09385,Engineering,8,7.9,8.3,4.7,75000,Yes,Yes
INT-09386,Finance,19,9.7,8.5,14.7,25000,No,Yes
INT-09387,Marketing,22,7.7,7.9,1.1,50000,No,Yes
INT-09388,IT,22,8.9,7.9,3.6,25000,Yes,Yes
INT-09389,Admin,20,4.4,6.5,3.8,75000,No,No
INT-09390,Engineering,21,8.2,9.9,4.5,75000,Yes,Yes
INT-09391,Marketing,21,9.2,8.0,2.9,150000,Yes,Yes
INT-09392,Marketing,11,6.7,7.3,8.7,25000,No,Yes
INT-09393,IT,21,5.9,5.7,4.5,150000,No,Yes
INT-09394,Engineering,12,9.9,9.3,6.8,100000,Yes,Yes
INT-09395,Admin,22,5.7,8.7,3.0,25000,No,Yes
INT-09396,IT,13,8.0,5.8,16.3,50000,No,Yes
INT-09397,IT,5,6.5,6.2,2.3,100000,Yes,Yes
INT-09398,Admin,20,9.0,9.0,17.3,25000,No,Yes
INT-09399,Admin,16,7.7,6.7,2.1,25000,No,Yes
INT-09400,IT,14,8.0,8.2,4.2,100000,Yes,Yes
INT-09401,Engineering,19,5.8,5.7,12.6,50000,No,Yes
INT-09402,IT,23,9.1,7.7,5.9,75000,No,Yes
INT-09403,Engineering,10,7.7,5.1,2.7,75000,Yes,Yes
INT-09404,Admin,6,5.9,9.6,9.2,25000,No,No
INT-09405,IT,19,8.2,6.3,1.6,150000,No,Yes
INT-09406,Admin,22,7.6,9.3,2.4,100000,No,Yes
INT-09407,IT,23,7.6,7.8,2.9,25000,No,Yes
INT-09408,Engineering,19,7.9,6.8,7.5,75000,No,No
INT-09409,IT,5,6.9,6.0,6.9,0,Yes,Yes
INT-09410,Engineering,17,4.5,5.9,6.4,0,No,No
INT-09411,IT,23,7.5,8.8,1.3,0,No,Yes
INT-09412,Engineering,13,8.0,6.4,12.6,50000,Yes,Yes
INT-09413,Finance,22,9.0,4.5,1.6,75000,No,Yes
INT-09414,IT,14,7.8,7.1,22.8,25000,No,No
INT-09415,Admin,21,6.4,5.2,1.0,50000,No,Yes
INT-09416,IT,14,8.6,9.6,17.5,75000,No,No
INT-09417,Engineering,12,9.4,7.0,3.3,75000,No,Yes
INT-09418,IT,22,6.6,8.3,10.1,100000,Yes,Yes
INT-09419,Engineering,23,8.3,7.6,3.7,50000,No,Yes
INT-09420,Engineering,13,8.5,7.9,10.7,150000,No,Yes
INT-09421,Marketing,6,9.1,7.8,5.7,150000,Yes,Yes
INT-09422,Engineering,6,9.2,5.9,6.5,150000,No,Yes
INT-09423,Engineering,11,7.1,7.3,10.6,150000,Yes,Yes
INT-09424,Admin,9,5.8,5.8,1.6,75000,No,No
INT-09425,Marketing,23,8.6,9.2,3.0,50000,No,Yes
INT-09426,Finance,4,8.9,9.0,15.2,50000,No,Yes
INT-09427,IT,23,8.0,7.7,13.0,50000,Yes,Yes
INT-09428,Finance,9,7.5,7.5,37.6,50000,No,No
INT-09429,Admin,5,5.2,7.5,0.7,75000,No,Yes
INT-09430,Finance,22,6.7,4.8,1.7,50000,Yes,No
INT-09431,Finance,10,9.2,4.3,3.8,50000,No,Yes
INT-09432,IT,14,8.5,7.3,10.0,50000,No,Yes
INT-09433,Engineering,14,7.8,9.4,3.5,50000,No,Yes
INT-09434,IT,7,7.3,9.5,3.9,50000,No,Yes
INT-09435,IT,23,8.5,5.3,2.6,50000,Yes,Yes
INT-09436,IT,19,9.3,8.0,19.7,75000,No,Yes
INT-09437,Engineering,8,8.0,4.2,6.8,50000,No,No
INT-09438,IT,10,6.3,8.1,1.9,75000,Yes,Yes
INT-09439,IT,19,7.4,8.4,7.5,75000,No,Yes
INT-09440,Engineering,18,8.2,4.5,1.9,25000,No,Yes
INT-09441,IT,8,7.6,5.5,3.0,50000,Yes,Yes
INT-09442,IT,4,8.1,5.7,10.0,50000,No,Yes
INT-09443,IT,23,8.7,3.5,11.9,25000,No,Yes
INT-09444,Admin,12,7.9,8.8,5.0,25000,No,Yes
INT-09445,Admin,24,6.8,6.6,2.0,50000,No,Yes
INT-09446,IT,8,8.0,6.6,2.4,25000,No,Yes
INT-09447,Marketing,9,8.9,7.1,6.7,25000,Yes,Yes
INT-09448,Engineering,6,5.1,5.8,7.6,150000,No,Yes
INT-09449,Admin,9,6.5,7.2,16.7,0,No,No
INT-09450,Admin,11,8.7,7.4,3.0,50000,Yes,Yes
INT-09451,Admin,9,7.1,6.6,8.1,25000,No,No
INT-09452,Engineering,19,8.7,8.2,0.5,25000,No,Yes
INT-09453,IT,19,8.3,6.1,5.6,100000,No,Yes
INT-09454,IT,24,9.3,6.3,4.6,50000,No,Yes
INT-09455,Finance,6,7.8,7.8,1.5,0,No,Yes
INT-09456,IT,20,7.9,8.6,18.2,50000,Yes,Yes
INT-09457,Admin,24,8.2,4.0,1.4,25000,No,Yes
INT-09458,Finance,9,5.9,8.2,3.0,75000,No,Yes
INT-09459,Engineering,9,9.4,9.5,11.1,25000,No,Yes
INT-09460,Admin,22,6.5,7.1,2.1,150000,Yes,Yes
INT-09461,Engineering,23,3.0,6.6,1.1,25000,No,Yes
INT-09462,IT,18,2.8,7.7,28.4,75000,No,No
INT-09463,Engineering,22,6.2,7.6,3.3,50000,Yes,Yes
INT-09464,Admin,5,7.1,7.9,1.0,50000,Yes,Yes
INT-09465,Finance,11,8.8,6.6,1.7,50000,No,Yes
INT-09466,Marketing,10,7.2,6.3,2.5,100000,Yes,Yes
INT-09467,Marketing,11,7.3,5.7,25.9,50000,No,No
INT-09468,Marketing,16,7.6,7.4,0.6,50000,No,Yes
INT-09469,Engineering,18,6.1,7.2,13.1,50000,Yes,Yes
INT-09470,Admin,15,6.7,8.2,12.6,50000,No,No
INT-09471,Admin,18,5.6,7.6,6.0,25000,Yes,Yes
INT-09472,Engineering,17,7.8,5.4,22.1,50000,Yes,No
INT-09473,Finance,10,8.0,5.8,0.6,25000,No,Yes
INT-09474,IT,20,8.8,9.6,6.0,25000,No,Yes
INT-09475,Marketing,8,6.9,8.6,2.8,100000,No,Yes
INT-09476,Finance,23,6.9,3.0,12.0,25000,No,No
INT-09477,Marketing,13,5.8,8.2,2.0,0,Yes,No
INT-09478,Finance,22,7.7,9.2,17.1,75000,No,Yes
INT-09479,IT,21,7.7,6.6,4.7,150000,Yes,Yes
INT-09480,IT,13,6.8,8.9,1.7,25000,No,Yes
INT-09481,IT,5,8.5,6.3,0.8,100000,No,Yes
INT-09482,IT,9,8.7,4.4,9.9,100000,No,Yes
INT-09483,Engineering,6,7.1,8.4,21.6,100000,Yes,No
INT-09484,Finance,22,8.9,6.8,28.5,100000,Yes,Yes
INT-09485,Finance,8,8.7,7.1,17.1,75000,No,Yes
INT-09486,Engineering,10,9.0,6.2,4.4,0,Yes,Yes
INT-09487,IT,10,4.1,8.2,19.4,50000,No,Yes
INT-09488,IT,13,8.4,7.4,8.8,25000,No,Yes
INT-09489,IT,4,8.2,8.2,1.0,75000,Yes,Yes
INT-09490,Admin,14,5.9,7.6,2.0,75000,No,No
INT-09491,Engineering,10,9.1,8.5,4.4,150000,Yes,Yes
INT-09492,IT,9,4.3,9.4,3.4,75000,No,Yes
INT-09493,Admin,9,6.9,7.4,3.8,50000,Yes,No
INT-09494,IT,16,8.8,7.8,11.1,100000,Yes,Yes
INT-09495,Engineering,19,6.5,7.4,1.0,25000,Yes,Yes
INT-09496,Admin,16,8.6,4.2,7.9,25000,No,Yes
INT-09497,Admin,5,8.0,7.2,3.8,25000,No,Yes
INT-09498,Admin,22,8.4,8.2,17.6,25000,No,No
INT-09499,Marketing,22,7.1,7.4,1.0,50000,No,Yes
INT-09500,IT,22,8.7,7.9,29.0,75000,No,No
INT-09501,Engineering,21,7.8,5.9,1.2,150000,No,Yes
INT-09502,Engineering,9,4.6,8.3,5.1,25000,Yes,Yes
INT-09503,Engineering,5,9.3,6.6,16.1,25000,No,Yes
INT-09504,Marketing,22,6.7,8.1,3.6,150000,No,Yes
INT-09505,Admin,9,7.8,7.6,15.7,75000,No,Yes
INT-09506,Admin,23,7.0,3.6,26.9,25000,No,No
INT-09507,IT,18,7.9,6.3,1.5,100000,Yes,Yes
INT-09508,Engineering,9,7.8,9.2,5.7,50000,Yes,Yes
INT-09509,IT,6,8.9,4.3,2.6,75000,No,Yes
INT-09510,IT,14,7.3,4.6,12.2,100000,Yes,Yes
INT-09511,Engineering,11,8.1,7.1,1.4,25000,No,Yes
INT-09512,Engineering,21,9.3,8.1,12.4,50000,No,Yes
INT-09513,IT,20,6.8,6.8,9.5,0,No,No
INT-09514,Engineering,22,7.2,5.8,8.5,75000,No,Yes
INT-09515,Engineering,22,9.2,7.3,5.1,25000,Yes,Yes
INT-09516,IT,24,9.8,7.7,6.1,100000,No,Yes
INT-09517,Admin,20,7.3,6.4,1.3,50000,No,Yes
INT-09518,Engineering,7,7.5,7.7,3.0,50000,No,Yes
INT-09519,Engineering,10,8.2,8.3,20.1,25000,No,No
INT-09520,Admin,8,9.5,9.5,5.2,25000,No,Yes
INT-09521,Admin,19,8.2,7.0,4.6,50000,Yes,Yes
INT-09522,Engineering,9,7.5,8.4,0.9,0,No,Yes
INT-09523,Marketing,17,8.9,5.0,17.8,25000,Yes,Yes
INT-09524,Engineering,23,7.3,4.2,11.7,75000,No,No
INT-09525,IT,5,6.3,8.4,1.3,75000,No,Yes
INT-09526,Admin,21,7.7,8.2,1.8,50000,Yes,Yes
INT-09527,Finance,21,5.9,2.9,1.6,0,No,Yes
INT-09528,IT,16,8.4,7.3,9.0,50000,No,Yes
INT-09529,Marketing,21,7.9,7.2,1.9,150000,No,Yes
INT-09530,Marketing,20,6.0,7.2,43.0,50000,No,No
INT-09531,IT,16,8.6,6.6,7.3,0,No,Yes
INT-09532,Marketing,15,6.3,6.7,16.8,75000,No,Yes
INT-09533,Admin,6,6.7,7.0,11.0,75000,No,No
INT-09534,Finance,10,7.6,6.8,0.7,50000,No,No
INT-09535,Admin,4,8.0,6.9,4.9,50000,No,Yes
INT-09536,Admin,8,9.2,6.2,4.1,100000,No,Yes
INT-09537,Engineering,24,6.5,7.8,24.8,100000,Yes,No
INT-09538,Finance,4,5.9,6.1,3.8,75000,Yes,Yes
INT-09539,IT,7,8.1,8.5,9.8,50000,Yes,Yes
INT-09540,Engineering,4,8.5,7.7,7.6,50000,No,Yes
INT-09541,IT,16,8.6,8.8,11.2,50000,Yes,Yes
INT-09542,Admin,17,8.2,7.1,1.0,100000,No,Yes
INT-09543,Admin,18,5.2,4.7,21.9,100000,Yes,No
INT-09544,Admin,20,9.1,6.5,40.2,25000,Yes,No
INT-09545,Admin,15,5.6,5.3,7.0,75000,No,No
INT-09546,IT,10,7.3,7.6,1.9,100000,No,Yes
INT-09547,IT,22,6.2,7.5,16.8,75000,No,Yes
INT-09548,IT,6,5.7,8.3,8.8,0,Yes,Yes
INT-09549,Admin,21,6.8,6.8,8.3,75000,Yes,Yes
INT-09550,Marketing,7,9.5,7.1,17.8,0,Yes,No
INT-09551,IT,6,8.9,6.6,11.0,100000,No,Yes
INT-09552,Marketing,15,7.9,6.7,20.7,50000,Yes,Yes
INT-09553,Engineering,15,7.2,8.8,25.8,25000,No,No
INT-09554,Engineering,20,6.5,6.5,3.9,75000,Yes,Yes
INT-09555,Engineering,9,9.6,4.1,2.3,50000,Yes,Yes
INT-09556,Finance,18,9.0,5.2,4.4,25000,No,Yes
INT-09557,IT,5,5.8,9.6,27.9,50000,No,No
INT-09558,Engineering,11,8.6,6.4,2.2,25000,No,Yes
INT-09559,Engineering,17,6.6,8.9,7.7,0,Yes,Yes
INT-09560,Engineering,8,9.1,7.8,1.2,75000,No,No
INT-09561,Finance,6,7.4,8.2,14.8,0,No,Yes
INT-09562,IT,13,6.2,7.4,9.3,50000,Yes,Yes
INT-09563,Engineering,10,7.9,4.2,6.4,75000,No,Yes
INT-09564,Engineering,14,7.6,3.8,8.5,25000,No,No
INT-09565,Admin,18,8.7,7.7,1.5,25000,No,No
INT-09566,Admin,5,8.4,8.7,16.3,150000,No,No
INT-09567,Engineering,8,9.5,5.9,3.8,50000,No,Yes
INT-09568,Finance,14,9.8,6.2,2.0,100000,No,Yes
INT-09569,Admin,11,5.5,4.5,0.6,150000,Yes,Yes
INT-09570,Finance,16,7.8,4.8,1.0,100000,No,Yes
INT-09571,Admin,14,7.1,6.7,9.4,150000,Yes,Yes
INT-09572,IT,20,8.7,7.0,10.6,100000,No,Yes
INT-09573,IT,18,4.4,6.4,1.8,75000,No,Yes
INT-09574,IT,4,7.9,5.4,7.9,50000,No,Yes
INT-09575,Admin,22,5.8,6.1,5.8,100000,No,No
INT-09576,Admin,19,8.2,7.5,22.6,100000,No,No
INT-09577,Engineering,22,9.1,6.8,9.3,150000,Yes,No
INT-09578,Engineering,16,7.2,7.3,6.4,25000,No,Yes
INT-09579,IT,7,8.2,7.2,3.2,75000,Yes,Yes
INT-09580,IT,14,8.8,6.4,5.5,150000,No,Yes
INT-09581,IT,21,5.9,7.0,2.8,50000,No,Yes
INT-09582,Engineering,21,5.1,4.0,9.6,100000,No,No
INT-09583,IT,13,9.9,5.8,7.7,50000,No,Yes
INT-09584,IT,20,8.4,5.4,3.3,75000,No,Yes
INT-09585,Marketing,16,9.5,6.3,0.6,50000,Yes,Yes
INT-09586,Finance,17,8.4,5.8,33.0,25000,No,No
INT-09587,IT,10,9.0,7.2,0.9,100000,Yes,Yes
INT-09588,Admin,13,5.2,5.8,6.8,50000,No,No
INT-09589,Admin,6,7.1,9.6,15.8,100000,No,No
INT-09590,Finance,5,7.8,8.8,8.3,100000,Yes,No
INT-09591,Engineering,22,5.5,7.3,7.6,50000,No,Yes
INT-09592,IT,10,7.8,4.5,10.5,25000,Yes,No
INT-09593,Engineering,8,4.7,8.0,3.4,50000,Yes,No
INT-09594,Admin,6,5.7,5.8,4.4,25000,No,No
INT-09595,IT,5,8.7,7.4,1.2,75000,Yes,Yes
INT-09596,Admin,9,8.0,3.7,0.5,50000,No,Yes
INT-09597,Admin,17,7.9,6.3,3.0,100000,Yes,Yes
INT-09598,Admin,10,8.3,9.0,14.0,50000,No,No
INT-09599,IT,5,8.4,6.2,8.1,0,No,Yes
INT-09600,Admin,14,8.8,8.4,1.7,25000,No,Yes
INT-09601,IT,24,7.0,4.2,4.9,150000,No,Yes
INT-09602,Finance,6,7.7,7.8,0.7,50000,No,Yes
INT-09603,IT,12,6.9,5.4,13.5,50000,Yes,Yes
INT-09604,IT,11,7.1,9.4,5.4,25000,No,Yes
INT-09605,Engineering,14,7.2,9.7,3.1,50000,Yes,Yes
INT-09606,Finance,21,6.8,4.0,12.2,50000,No,No
INT-09607,Finance,4,8.1,8.1,28.6,25000,No,No
INT-09608,Admin,18,5.0,7.9,4.6,100000,No,Yes
INT-09609,IT,7,5.7,6.6,12.1,100000,No,No
INT-09610,Engineering,7,5.2,7.3,3.6,75000,Yes,Yes
INT-09611,Engineering,13,6.0,9.6,11.9,150000,No,Yes
INT-09612,IT,14,4.7,8.1,27.3,75000,No,No
INT-09613,Marketing,21,7.8,4.8,8.9,50000,No,Yes
INT-09614,IT,18,8.7,8.0,2.7,0,No,Yes
INT-09615,Marketing,6,7.9,3.3,9.9,50000,No,No
INT-09616,Finance,10,7.0,8.8,15.4,50000,No,Yes
INT-09617,Engineering,10,7.8,7.0,4.6,75000,No,Yes
INT-09618,Marketing,20,7.8,7.4,8.3,50000,No,No
INT-09619,Engineering,23,6.2,8.6,2.8,50000,No,No
INT-09620,IT,19,6.3,5.0,5.3,50000,Yes,No
INT-09621,Admin,19,6.3,6.6,2.0,50000,Yes,Yes
INT-09622,IT,11,7.5,9.6,14.9,100000,No,Yes
INT-09623,Admin,6,7.1,7.7,1.3,25000,No,No
INT-09624,Engineering,23,5.6,5.1,1.0,75000,No,Yes
INT-09625,Admin,18,7.8,3.5,6.6,150000,No,No
INT-09626,Admin,4,7.9,8.7,7.5,100000,No,Yes
INT-09627,Engineering,13,7.5,8.7,20.5,50000,Yes,No
INT-09628,Finance,5,7.8,3.3,2.3,25000,Yes,No
INT-09629,IT,10,9.2,5.4,12.5,50000,Yes,Yes
INT-09630,Admin,17,6.8,7.0,8.8,50000,Yes,No
INT-09631,IT,19,8.4,7.3,11.3,25000,No,Yes
INT-09632,Engineering,18,8.2,8.6,1.9,50000,Yes,Yes
INT-09633,IT,10,6.8,5.5,5.2,50000,Yes,Yes
INT-09634,Engineering,16,9.0,9.1,4.0,50000,No,Yes
INT-09635,IT,13,5.1,8.6,10.1,50000,No,Yes
INT-09636,IT,12,8.3,4.3,7.7,25000,No,Yes
INT-09637,Marketing,12,3.7,6.9,27.9,25000,No,No
INT-09638,IT,9,8.8,6.2,1.7,25000,No,Yes
INT-09639,Admin,15,7.7,8.1,5.6,75000,No,Yes
INT-09640,IT,23,7.9,9.5,10.0,25000,No,Yes
INT-09641,Admin,23,8.8,7.0,4.2,0,Yes,Yes
INT-09642,Engineering,17,7.6,8.3,21.0,50000,No,Yes
INT-09643,Admin,23,5.4,5.7,15.8,150000,No,No
INT-09644,IT,10,7.6,5.5,17.0,100000,Yes,Yes
INT-09645,Admin,11,9.2,6.7,8.0,100000,Yes,Yes
INT-09646,Engineering,11,8.0,8.3,5.6,25000,No,Yes
INT-09647,Finance,11,8.3,7.0,4.2,50000,No,Yes
INT-09648,Engineering,5,7.7,5.4,1.5,75000,Yes,Yes
INT-09649,Engineering,17,7.6,6.6,24.2,25000,No,No
INT-09650,IT,13,7.3,4.8,2.9,75000,No,Yes
INT-09651,IT,21,6.3,7.2,13.5,25000,No,No
INT-09652,IT,21,7.9,9.3,0.6,0,No,Yes
INT-09653,IT,21,9.1,3.6,4.3,25000,No,Yes
INT-09654,IT,19,6.6,8.0,7.3,75000,No,Yes
INT-09655,Engineering,23,5.8,7.3,3.5,50000,No,No
INT-09656,Engineering,8,8.3,6.0,2.2,50000,No,Yes
INT-09657,Marketing,23,9.7,9.3,1.1,75000,No,Yes
INT-09658,IT,8,6.6,4.7,36.7,100000,No,No
INT-09659,Engineering,23,7.5,4.3,17.9,0,No,No
INT-09660,Finance,13,9.4,9.2,3.5,150000,No,Yes
INT-09661,Engineering,20,9.4,5.0,0.6,100000,No,Yes
INT-09662,IT,16,8.7,5.0,6.7,50000,No,No
INT-09663,IT,20,8.0,7.7,3.6,25000,No,Yes
INT-09664,IT,21,8.5,6.5,1.5,150000,No,Yes
INT-09665,Admin,16,7.6,7.1,13.0,75000,No,Yes
INT-09666,Engineering,20,7.0,5.8,3.8,0,No,Yes
INT-09667,IT,18,7.5,9.4,29.4,50000,Yes,Yes
INT-09668,IT,15,5.8,3.5,10.3,75000,No,No
INT-09669,Engineering,13,6.5,8.1,15.1,100000,No,No
INT-09670,Finance,16,7.1,8.1,8.3,100000,No,Yes
INT-09671,Admin,14,7.0,7.6,7.1,100000,No,No
INT-09672,Engineering,6,9.2,3.4,5.0,100000,Yes,Yes
INT-09673,Admin,13,7.2,7.2,1.2,50000,No,Yes
INT-09674,IT,14,8.8,8.1,11.2,100000,No,Yes
INT-09675,Admin,9,9.4,7.6,3.8,50000,Yes,Yes
INT-09676,Engineering,4,7.9,6.3,2.3,25000,No,Yes
INT-09677,Marketing,9,9.1,8.1,1.5,25000,Yes,Yes
INT-09678,IT,8,5.3,4.9,1.2,100000,No,No
INT-09679,Engineering,10,7.5,5.1,5.7,75000,No,Yes
INT-09680,Admin,15,6.8,6.2,15.0,50000,No,No
INT-09681,Engineering,15,7.0,7.0,1.6,50000,Yes,Yes
INT-09682,IT,10,8.0,5.8,6.3,25000,Yes,Yes
INT-09683,Admin,5,7.4,8.0,4.3,50000,No,Yes
INT-09684,Finance,4,8.3,9.5,6.7,0,No,Yes
INT-09685,Engineering,21,9.7,9.2,1.0,150000,Yes,Yes
INT-09686,Admin,15,8.2,6.8,6.6,50000,No,Yes
INT-09687,IT,10,6.0,9.3,6.9,50000,No,Yes
INT-09688,IT,22,6.9,5.1,16.8,100000,No,No
INT-09689,Admin,6,8.7,6.8,2.3,100000,No,Yes
INT-09690,Finance,13,7.2,9.3,14.0,50000,Yes,Yes
INT-09691,Marketing,14,8.6,8.0,11.6,75000,Yes,Yes
INT-09692,Admin,8,6.7,8.2,20.2,0,No,No
INT-09693,Admin,5,8.1,3.7,20.0,75000,No,No
INT-09694,Finance,11,9.2,7.6,12.1,25000,Yes,Yes
INT-09695,Admin,17,6.6,6.6,21.2,100000,Yes,No
INT-09696,Engineering,11,8.9,4.5,2.9,50000,Yes,Yes
INT-09697,IT,9,9.3,8.3,1.9,25000,Yes,Yes
INT-09698,Engineering,4,9.3,6.0,3.1,75000,No,Yes
INT-09699,Engineering,4,6.6,6.7,15.2,25000,No,No
INT-09700,Finance,11,6.8,6.0,3.5,150000,No,Yes
INT-09701,Finance,14,6.1,9.2,14.2,100000,Yes,Yes
INT-09702,IT,21,8.8,8.7,4.2,50000,No,Yes
INT-09703,Engineering,13,6.9,7.1,13.4,25000,No,Yes
INT-09704,Finance,15,6.1,6.0,15.5,150000,No,No
INT-09705,Admin,23,9.3,6.2,9.6,50000,No,Yes
INT-09706,IT,19,7.9,4.9,31.6,50000,No,No
INT-09707,IT,8,8.3,5.9,11.0,50000,No,Yes
INT-09708,Admin,19,5.8,8.7,2.7,50000,No,Yes
INT-09709,Admin,15,8.4,5.9,33.8,75000,No,Yes
INT-09710,Engineering,9,8.3,9.7,9.7,75000,No,Yes
INT-09711,IT,8,7.3,9.1,5.1,50000,No,No
INT-09712,Finance,4,7.9,8.2,5.9,75000,No,Yes
INT-09713,IT,22,5.9,9.1,12.1,50000,No,Yes
INT-09714,IT,13,8.0,7.2,11.7,50000,Yes,Yes
INT-09715,Admin,17,9.1,7.1,15.2,25000,No,Yes
INT-09716,Admin,24,9.0,7.0,2.7,50000,Yes,Yes
INT-09717,IT,6,8.8,5.9,24.2,75000,No,No
INT-09718,IT,9,6.1,5.3,2.9,150000,No,No
INT-09719,IT,8,8.7,5.9,5.7,100000,No,Yes
INT-09720,Engineering,20,5.8,9.1,2.4,50000,No,Yes
INT-09721,Finance,21,7.7,6.6,5.1,100000,No,Yes
INT-09722,Admin,15,9.9,8.0,8.9,100000,No,Yes
INT-09723,Engineering,8,8.9,8.7,5.9,50000,No,Yes
INT-09724,Engineering,12,8.3,6.5,2.8,150000,Yes,Yes
INT-09725,IT,15,8.0,8.1,4.4,50000,No,Yes
INT-09726,Marketing,23,6.1,8.0,7.7,150000,No,Yes
INT-09727,Finance,12,7.3,5.2,18.7,50000,No,Yes
INT-09728,IT,6,5.5,7.1,4.9,150000,No,No
INT-09729,IT,4,8.7,6.5,7.3,0,No,Yes
INT-09730,IT,18,3.9,7.5,19.8,50000,No,No
INT-09731,IT,13,8.2,7.3,15.2,50000,No,Yes
INT-09732,Engineering,17,7.3,5.2,2.1,150000,No,No
INT-09733,Admin,10,9.7,6.8,4.1,25000,No,Yes
INT-09734,Finance,7,7.7,9.2,12.9,50000,Yes,Yes
INT-09735,Engineering,8,6.4,7.0,11.0,75000,No,No
INT-09736,Engineering,23,9.0,7.0,12.2,50000,Yes,Yes
INT-09737,Engineering,19,7.3,4.3,1.9,25000,No,Yes
INT-09738,IT,6,8.0,3.8,5.4,100000,No,Yes
INT-09739,Admin,20,4.7,5.7,10.0,75000,Yes,No
INT-09740,Engineering,16,9.1,7.6,4.7,25000,No,Yes
INT-09741,IT,9,7.1,8.6,7.1,25000,No,No
INT-09742,IT,8,6.7,8.6,11.9,25000,No,Yes
INT-09743,Finance,19,7.6,7.9,6.1,25000,No,Yes
INT-09744,Engineering,14,6.9,7.5,8.0,50000,No,Yes
INT-09745,IT,20,9.7,9.4,3.9,50000,No,No
INT-09746,Engineering,8,7.0,8.2,4.1,150000,Yes,No
INT-09747,Finance,9,7.4,5.3,2.2,50000,No,Yes
INT-09748,Admin,13,8.1,9.3,39.0,50000,No,No
INT-09749,IT,24,6.4,7.1,8.0,150000,No,Yes
INT-09750,Marketing,4,9.3,3.7,2.2,0,No,Yes
INT-09751,Admin,24,9.1,6.9,1.9,25000,No,Yes
INT-09752,IT,13,7.5,5.1,2.6,100000,Yes,Yes
INT-09753,Admin,20,8.6,7.4,10.6,25000,No,Yes
INT-09754,Finance,6,6.8,7.0,6.0,50000,No,Yes
INT-09755,IT,5,6.2,8.6,6.6,75000,No,No
INT-09756,IT,20,5.6,5.6,10.0,100000,No,No
INT-09757,IT,7,8.4,5.7,10.9,150000,Yes,Yes
INT-09758,Marketing,5,6.6,4.6,11.5,50000,No,No
INT-09759,IT,8,7.5,9.1,1.2,75000,No,Yes
INT-09760,Engineering,13,7.0,6.3,14.8,50000,No,Yes
INT-09761,Marketing,4,7.2,7.5,2.0,25000,No,No
INT-09762,IT,4,7.3,6.0,8.6,150000,No,Yes
INT-09763,Marketing,7,8.1,6.7,2.5,25000,Yes,Yes
INT-09764,Marketing,10,8.2,7.4,14.5,50000,No,Yes
INT-09765,Finance,17,7.4,2.9,12.1,75000,Yes,No
INT-09766,IT,17,9.1,6.7,2.0,50000,No,Yes
INT-09767,Engineering,21,6.7,7.0,6.9,100000,No,Yes
INT-09768,Finance,5,6.5,7.0,10.7,75000,No,No
INT-09769,Marketing,4,7.4,7.3,2.0,25000,No,No
INT-09770,IT,24,8.0,4.8,1.8,50000,Yes,Yes
INT-09771,Finance,19,6.6,6.0,4.3,100000,No,Yes
INT-09772,Admin,21,8.1,7.2,20.6,75000,Yes,Yes
INT-09773,IT,19,9.5,5.6,1.1,25000,No,Yes
INT-09774,Admin,9,7.2,8.4,4.1,25000,Yes,Yes
INT-09775,Finance,13,8.6,7.3,13.6,50000,No,Yes
INT-09776,Admin,5,9.1,8.3,3.9,100000,No,Yes
INT-09777,Engineering,10,7.1,6.4,1.0,25000,Yes,No
INT-09778,Marketing,24,8.7,4.4,8.5,25000,Yes,Yes
INT-09779,Admin,20,7.2,8.9,25.8,50000,No,No
INT-09780,Engineering,6,8.5,7.0,7.4,0,No,Yes
INT-09781,Admin,23,6.6,6.6,14.0,100000,Yes,Yes
INT-09782,Admin,15,7.5,8.7,0.6,50000,No,Yes
INT-09783,Engineering,5,8.4,8.4,9.1,100000,No,Yes
INT-09784,Marketing,10,9.0,8.4,1.8,75000,No,Yes
INT-09785,Engineering,20,7.3,5.0,10.1,100000,No,Yes
INT-09786,Finance,22,9.3,7.0,7.3,25000,No,Yes
INT-09787,IT,15,6.3,7.5,2.5,0,No,Yes
INT-09788,IT,12,8.8,3.8,7.5,50000,No,Yes
INT-09789,Engineering,17,7.6,9.3,9.5,75000,No,Yes
INT-09790,IT,5,4.4,9.3,19.1,25000,Yes,No
INT-09791,IT,24,7.8,5.2,18.1,25000,Yes,No
INT-09792,Engineering,7,7.8,3.5,22.5,75000,No,No
INT-09793,IT,22,5.7,7.2,15.2,25000,No,No
INT-09794,IT,24,6.5,6.7,6.7,50000,No,No
INT-09795,Engineering,19,8.8,7.3,15.6,0,No,No
INT-09796,Engineering,20,5.2,6.1,10.7,0,Yes,No
INT-09797,Marketing,5,6.7,8.7,11.2,100000,Yes,Yes
INT-09798,Engineering,20,8.5,7.8,1.8,75000,No,Yes
INT-09799,Admin,22,9.5,5.7,2.1,25000,Yes,Yes
INT-09800,Marketing,11,9.0,7.4,2.1,0,No,Yes
INT-09801,Finance,23,7.7,4.7,2.4,50000,No,Yes
INT-09802,IT,9,7.9,6.7,4.8,25000,No,Yes
INT-09803,IT,15,4.9,9.4,3.5,50000,Yes,No
INT-09804,Engineering,21,7.7,2.3,0.9,75000,Yes,Yes
INT-09805,Engineering,5,5.6,8.4,10.8,25000,No,No
INT-09806,Finance,22,9.4,7.4,4.6,150000,Yes,Yes
INT-09807,Engineering,13,7.3,9.3,1.1,150000,Yes,Yes
INT-09808,Engineering,6,5.9,8.5,12.9,0,Yes,Yes
INT-09809,Marketing,15,8.5,9.3,0.7,50000,No,Yes
INT-09810,Engineering,19,7.5,7.1,7.1,75000,No,Yes
INT-09811,IT,15,8.4,5.9,11.8,25000,Yes,No
INT-09812,Finance,11,5.5,7.8,4.2,25000,No,Yes
INT-09813,IT,8,7.4,5.9,7.3,50000,No,Yes
INT-09814,Finance,14,7.9,4.6,0.9,50000,No,No
INT-09815,Marketing,13,6.0,9.0,2.7,25000,Yes,Yes
INT-09816,Engineering,6,6.3,8.3,9.2,75000,No,Yes
INT-09817,Engineering,12,6.2,7.7,13.0,150000,Yes,Yes
INT-09818,Admin,15,7.8,5.9,1.5,75000,Yes,No
INT-09819,Admin,9,8.4,7.3,27.6,25000,No,No
INT-09820,Admin,22,7.2,8.2,4.5,0,Yes,Yes
INT-09821,Engineering,19,7.0,7.8,21.2,75000,Yes,No
INT-09822,Finance,24,8.9,7.0,6.7,75000,No,Yes
INT-09823,Engineering,17,6.0,7.5,8.8,75000,No,No
INT-09824,IT,7,6.5,7.5,2.0,25000,No,No
INT-09825,Admin,21,5.5,6.8,17.8,50000,No,No
INT-09826,Finance,13,7.3,4.8,1.2,25000,No,Yes
INT-09827,Admin,21,4.2,5.4,35.5,50000,No,No
INT-09828,Engineering,15,8.8,5.9,4.5,50000,No,Yes
INT-09829,Finance,22,8.2,8.4,1.9,0,Yes,Yes
INT-09830,Engineering,11,6.5,8.5,7.9,100000,No,Yes
INT-09831,Admin,4,8.3,8.9,16.6,25000,No,Yes
INT-09832,Finance,17,3.9,8.7,4.5,150000,Yes,No
INT-09833,IT,9,6.6,7.6,0.6,75000,No,Yes
INT-09834,Marketing,17,8.5,9.1,17.0,150000,No,Yes
INT-09835,IT,5,8.2,8.2,7.5,100000,No,Yes
INT-09836,IT,12,9.3,7.1,1.3,50000,Yes,Yes
INT-09837,Finance,15,9.0,7.2,19.4,75000,No,No
INT-09838,IT,8,7.3,8.9,12.4,50000,Yes,Yes
INT-09839,Engineering,5,8.9,7.9,6.6,50000,No,Yes
INT-09840,Finance,22,6.1,4.0,5.2,25000,No,No
INT-09841,Finance,10,7.2,8.5,10.3,25000,No,Yes
INT-09842,Marketing,10,8.3,7.0,4.1,0,No,Yes
INT-09843,IT,13,9.7,6.1,9.0,75000,No,Yes
INT-09844,Engineering,20,8.7,7.9,1.8,75000,No,Yes
INT-09845,IT,17,7.8,9.7,1.7,25000,No,Yes
INT-09846,Admin,14,9.3,8.3,3.5,50000,No,Yes
INT-09847,Finance,23,6.6,7.2,17.9,50000,No,No
INT-09848,Admin,9,6.4,5.9,15.7,25000,Yes,No
INT-09849,Engineering,11,8.5,7.6,5.9,75000,No,Yes
INT-09850,Engineering,22,9.2,7.8,7.5,75000,Yes,Yes
INT-09851,Engineering,22,9.7,8.9,8.4,25000,No,No
INT-09852,Marketing,20,7.5,7.8,4.2,75000,No,Yes
INT-09853,IT,21,8.3,6.5,10.2,50000,Yes,No
INT-09854,Engineering,15,7.5,9.8,8.0,50000,Yes,Yes
INT-09855,Finance,12,9.1,6.5,4.0,75000,Yes,Yes
INT-09856,Admin,19,8.4,6.5,3.2,25000,No,Yes
INT-09857,IT,21,4.4,7.0,32.1,25000,No,No
INT-09858,Engineering,19,9.4,9.0,3.2,100000,Yes,Yes
INT-09859,Admin,19,6.4,9.3,2.0,50000,No,Yes
INT-09860,IT,7,7.9,6.0,14.9,50000,No,No
INT-09861,Finance,10,9.1,8.3,13.8,100000,No,Yes
INT-09862,Engineering,4,9.0,6.2,2.7,0,No,Yes
INT-09863,Marketing,23,9.2,6.5,15.6,100000,No,Yes
INT-09864,Finance,4,6.9,8.0,19.9,0,No,No
INT-09865,Engineering,11,9.2,8.8,3.7,75000,Yes,No
INT-09866,IT,11,7.1,7.0,3.7,50000,Yes,Yes
INT-09867,Admin,13,7.4,3.9,1.6,150000,Yes,Yes
INT-09868,IT,4,8.0,7.3,8.0,150000,No,Yes
INT-09869,Marketing,24,8.6,9.0,10.0,100000,Yes,Yes
INT-09870,IT,24,9.2,8.1,1.1,75000,Yes,Yes
INT-09871,IT,17,8.5,4.0,2.4,25000,No,Yes
INT-09872,Engineering,17,7.3,7.9,3.0,100000,Yes,Yes
INT-09873,IT,13,4.6,8.1,5.2,0,No,No
INT-09874,IT,22,8.3,8.4,14.4,25000,No,Yes
INT-09875,Engineering,19,8.3,3.1,2.5,25000,No,No
INT-09876,IT,12,7.1,7.1,13.7,75000,Yes,Yes
INT-09877,IT,23,4.2,6.0,18.1,50000,Yes,No
INT-09878,Admin,19,9.2,6.7,2.3,150000,Yes,Yes
INT-09879,Engineering,23,7.2,9.1,40.1,50000,Yes,No
INT-09880,Engineering,11,7.0,8.0,6.3,75000,Yes,Yes
INT-09881,Admin,10,9.0,8.2,6.9,0,Yes,Yes
INT-09882,Engineering,14,7.5,5.9,8.2,75000,Yes,Yes
INT-09883,Admin,24,4.8,7.7,13.5,50000,Yes,No
INT-09884,Marketing,9,5.2,7.1,9.0,100000,Yes,Yes
INT-09885,IT,18,3.8,4.8,11.1,75000,Yes,No
INT-09886,Engineering,22,7.9,7.0,5.1,75000,No,Yes
INT-09887,Finance,17,9.3,8.0,7.6,100000,No,Yes
INT-09888,Finance,18,6.6,8.2,2.8,0,Yes,Yes
INT-09889,IT,9,5.2,7.6,4.1,150000,Yes,Yes
INT-09890,IT,13,8.6,7.3,8.5,25000,Yes,Yes
INT-09891,Engineering,17,6.4,5.6,0.8,25000,No,Yes
INT-09892,IT,19,8.2,8.2,7.4,100000,No,Yes
INT-09893,Finance,16,6.3,6.1,6.9,50000,Yes,No
INT-09894,Engineering,14,5.8,4.8,2.2,25000,No,Yes
INT-09895,Engineering,6,9.8,7.5,22.2,25000,No,Yes
INT-09896,IT,11,8.7,9.6,1.2,25000,Yes,Yes
INT-09897,Engineering,6,8.1,7.1,0.9,50000,No,Yes
INT-09898,Engineering,5,8.1,8.5,16.3,0,No,Yes
INT-09899,Finance,24,9.1,7.2,15.2,0,No,No
INT-09900,IT,17,7.2,9.1,4.5,100000,No,Yes
INT-09901,IT,23,9.6,6.1,30.1,75000,Yes,No
INT-09902,Admin,24,8.7,8.3,30.2,25000,No,Yes
INT-09903,IT,18,6.8,8.0,1.6,0,No,Yes
INT-09904,Engineering,6,4.5,4.8,5.7,75000,Yes,No
INT-09905,Marketing,4,5.1,9.3,0.9,100000,No,Yes
INT-09906,Admin,18,7.9,8.6,4.0,50000,No,Yes
INT-09907,Finance,23,8.6,10.0,1.1,100000,No,Yes
INT-09908,IT,5,6.5,8.6,1.9,100000,No,Yes
INT-09909,IT,21,9.5,8.1,18.4,50000,Yes,Yes
INT-09910,IT,4,5.7,4.5,15.4,150000,No,No
INT-09911,Admin,12,9.5,6.7,16.1,25000,No,No
INT-09912,Marketing,6,9.5,6.9,0.8,75000,No,Yes
INT-09913,IT,5,6.9,7.1,7.2,50000,No,No
INT-09914,Engineering,7,8.3,7.0,12.4,0,No,Yes
INT-09915,Admin,19,8.2,7.2,9.9,150000,Yes,No
INT-09916,Marketing,4,6.1,8.4,6.1,100000,Yes,Yes
INT-09917,IT,12,8.8,7.0,1.5,50000,Yes,Yes
INT-09918,IT,11,8.2,7.8,12.4,75000,No,No
INT-09919,IT,9,9.1,5.0,18.2,50000,Yes,No
INT-09920,Admin,23,5.6,7.8,3.0,75000,No,Yes
INT-09921,IT,21,4.9,7.7,6.7,25000,No,No
INT-09922,Finance,19,6.7,7.6,5.9,50000,Yes,Yes
INT-09923,Engineering,11,5.0,5.8,11.1,25000,No,No
INT-09924,Engineering,7,7.0,7.9,21.3,150000,Yes,Yes
INT-09925,Engineering,6,8.5,6.7,5.3,50000,Yes,Yes
INT-09926,IT,18,8.5,7.5,5.5,50000,No,Yes
INT-09927,Admin,9,7.5,8.3,2.6,150000,Yes,Yes
INT-09928,Marketing,4,6.3,6.9,2.1,150000,Yes,Yes
INT-09929,Finance,21,8.2,8.7,0.8,75000,No,Yes
INT-09930,Finance,14,6.7,5.9,14.1,75000,No,No
INT-09931,Finance,6,6.4,7.9,4.6,100000,Yes,Yes
INT-09932,IT,16,8.8,6.7,1.1,150000,No,Yes
INT-09933,IT,20,9.1,5.8,6.9,100000,Yes,Yes
INT-09934,IT,21,9.3,9.1,3.8,0,No,Yes
INT-09935,Admin,17,6.0,7.9,29.0,75000,Yes,No
INT-09936,IT,10,6.5,9.5,5.3,150000,No,Yes
INT-09937,Admin,10,9.7,9.4,1.4,25000,No,Yes
INT-09938,Engineering,17,7.9,5.9,8.6,50000,No,No
INT-09939,Finance,18,8.0,7.8,13.1,150000,No,Yes
INT-09940,Engineering,15,5.6,7.2,7.5,75000,Yes,No
INT-09941,Marketing,15,9.3,8.0,12.4,50000,No,Yes
INT-09942,IT,11,8.0,7.7,3.4,100000,No,No
INT-09943,IT,19,8.5,8.6,6.6,150000,No,Yes
INT-09944,Engineering,12,8.1,6.1,14.5,0,Yes,No
INT-09945,IT,5,7.7,6.6,1.1,25000,No,Yes
INT-09946,IT,17,6.4,6.0,2.9,75000,Yes,Yes
INT-09947,Admin,19,7.3,7.9,8.4,100000,No,Yes
INT-09948,IT,8,9.0,3.4,6.1,100000,No,No
INT-09949,Engineering,8,9.2,4.2,12.2,50000,Yes,Yes
INT-09950,Admin,23,7.7,9.4,2.1,150000,Yes,Yes
INT-09951,Engineering,24,5.9,5.8,15.5,75000,No,Yes
INT-09952,Engineering,21,4.8,8.0,8.2,50000,No,Yes
INT-09953,Admin,21,6.3,7.4,2.3,75000,No,Yes
INT-09954,IT,8,9.1,7.3,1.0,100000,No,Yes
INT-09955,IT,14,7.3,8.0,32.6,150000,Yes,No
INT-09956,Admin,16,9.0,7.0,5.2,100000,Yes,Yes
INT-09957,Engineering,6,6.9,8.2,3.0,75000,No,Yes
INT-09958,Finance,20,7.9,3.6,2.1,0,No,Yes
INT-09959,Engineering,21,8.7,6.5,2.7,75000,No,Yes
INT-09960,IT,17,7.3,5.7,5.9,100000,No,Yes
INT-09961,Engineering,15,6.7,5.7,15.8,0,Yes,No
INT-09962,Engineering,17,3.1,7.3,2.4,50000,No,No
INT-09963,Admin,21,8.5,7.4,4.2,0,No,Yes
INT-09964,Engineering,23,7.0,5.3,13.3,50000,No,Yes
INT-09965,Admin,5,5.1,9.3,9.2,50000,No,No
INT-09966,Engineering,10,5.9,6.4,0.7,25000,No,No
INT-09967,Engineering,18,7.8,7.9,2.8,75000,No,Yes
INT-09968,IT,13,7.1,4.3,1.6,100000,Yes,Yes
INT-09969,Engineering,18,8.7,5.9,0.8,100000,Yes,Yes
INT-09970,IT,20,9.4,9.1,24.0,100000,Yes,Yes
INT-09971,IT,14,6.4,4.8,8.3,75000,No,No
INT-09972,Marketing,5,5.3,7.4,6.7,75000,Yes,No
INT-09973,Marketing,24,8.2,8.2,16.2,25000,No,No
INT-09974,IT,21,7.1,5.6,7.7,25000,No,Yes
INT-09975,Admin,7,7.8,7.8,7.4,150000,No,Yes
INT-09976,IT,12,8.8,7.4,2.3,150000,Yes,Yes
INT-09977,Admin,20,7.6,4.2,8.2,0,No,Yes
INT-09978,Finance,20,5.6,9.6,9.3,100000,No,Yes
INT-09979,Marketing,20,8.1,7.8,17.6,75000,No,No
INT-09980,Engineering,19,7.5,8.1,4.9,0,Yes,Yes
INT-09981,Admin,23,8.0,7.7,2.3,75000,No,Yes
INT-09982,Engineering,11,8.3,6.9,7.2,75000,No,Yes
INT-09983,Admin,18,8.5,7.3,29.3,50000,No,No
INT-09984,Marketing,4,9.0,7.5,1.1,150000,No,Yes
INT-09985,Finance,22,5.9,8.7,0.5,150000,No,Yes
INT-09986,Engineering,18,8.9,4.7,0.8,150000,No,Yes
INT-09987,Admin,12,9.4,5.2,14.7,0,Yes,Yes
INT-09988,IT,8,7.0,9.0,0.5,25000,No,Yes
INT-09989,IT,19,8.8,5.1,2.5,50000,Yes,Yes
INT-09990,Finance,16,7.4,9.1,32.4,100000,Yes,Yes
INT-09991,Admin,19,6.5,4.1,11.5,25000,No,No
INT-09992,Admin,14,7.8,9.1,2.5,75000,No,Yes
INT-09993,Admin,16,7.7,7.9,2.5,25000,No,Yes
INT-09994,Finance,9,8.3,3.4,5.4,50000,No,No
INT-09995,IT,23,5.0,5.0,1.1,150000,Yes,Yes
INT-09996,Finance,20,8.7,5.7,9.0,50000,Yes,Yes
INT-09997,Finance,8,5.2,5.0,6.0,75000,Yes,No
INT-09998,Marketing,20,8.0,8.1,4.8,25000,Yes,Yes
INT-09999,Admin,4,9.3,6.7,5.9,0,No,Yes
INT-10000,IT,8,6.2,4.5,3.0,150000,Yes,No
